창고별 시즌재고조회_ajl,,,,,,,,,,,,,,,,,,,,,,,,,,,,
브랜드,품목소분류,품명,품번,카테고리2,규격,품번(규격),상품번호(샵바이),성별,시즌,최초입고일,입고일,소비자가,품목내부코드,WMS 현재고,소진율,가용재고,POS연동바코드,대기,대기(부산),대기(신사),매장 (부산),매장 (신사동),물류센터,반품,불량창고(물류센터),오픈임시분류,포이즌,B2B 창고
,,,,,,,,,,,,"988,638,512.00",,"14,943",,,,569,248,106,"6,077","8,987","14,291",374,83,4,273,963
노다,신발(노다),001A,001A-ALMOND-M,신발,260,001A-ALMOND-M(260),136518502,남성,26FW,2026-07-28,2026-07-28,"399,000.00",40193,3,0.0,4,990497804277,0,0,0,1,1,3,0,0,0,0,0
노다,신발(노다),001A,001A-ALMOND-M,신발,265,001A-ALMOND-M(265),136518502,남성,26FW,2026-07-28,2026-07-28,"399,000.00",40194,3,0.0,4,990497804284,0,0,0,1,1,3,0,0,0,0,0
노다,신발(노다),001A,001A-ALMOND-M,신발,270,001A-ALMOND-M(270),136518502,남성,26FW,2026-07-28,2026-07-28,"399,000.00",40195,8,0.0,11,990497804291,0,0,0,1,2,8,0,0,0,0,0
노다,신발(노다),001A,001A-ALMOND-M,신발,275,001A-ALMOND-M(275),136518502,남성,26FW,2026-07-28,2026-07-28,"399,000.00",40196,7,0.0,10,990497804307,0,0,0,2,1,7,0,0,0,0,0
노다,신발(노다),001A,001A-ALMOND-M,신발,280,001A-ALMOND-M(280),136518502,남성,26FW,2026-07-28,2026-07-28,"399,000.00",40197,6,0.0,10,990497804314,0,0,0,2,2,6,0,0,0,0,0
노다,신발(노다),001A,001A-ALMOND-M,신발,285,001A-ALMOND-M(285),136518502,남성,26FW,2026-07-28,2026-07-28,"399,000.00",40198,5,0.0,7,990497804321,0,0,0,1,1,5,0,0,0,0,0
노다,신발(노다),001A,001A-ALMOND-W,신발,235,001A-ALMOND-W(235),136518501,여성,26FW,2026-07-28,2026-07-28,0.00,40209,0,0.0,1,990497804192,0,0,1,0,0,0,0,0,0,0,0
노다,신발(노다),001A,001A-ALMOND-W,신발,240,001A-ALMOND-W(240),136518501,여성,26FW,2026-07-28,2026-07-28,"399,000.00",40210,2,0.0,4,990497804208,0,0,0,1,1,2,0,0,0,0,0
노다,신발(노다),001A,001A-ALMOND-W,신발,245,001A-ALMOND-W(245),136518501,여성,26FW,2026-07-28,2026-07-28,"399,000.00",40211,4,0.0,6,990497804215,0,0,0,1,1,4,0,0,0,0,0
노다,신발(노다),001A,001A-ALMOND-W,신발,250,001A-ALMOND-W(250),136518501,여성,26FW,2026-07-28,2026-07-28,"399,000.00",40212,3,0.0,4,990497804222,0,0,0,1,0,3,0,0,0,0,0
노다,신발(노다),001A,001A-ALMOND-W,신발,255,001A-ALMOND-W(255),136518501,여성,26FW,2026-07-28,2026-07-28,"399,000.00",40213,1,0.0,3,990497804239,0,0,0,1,1,1,0,0,0,0,0
노다,신발(노다),001A,001A-ASTRAL-M,신발,260,001A-ASTRAL-M(260),132872637,"남,여",26SS,2026-02-09,2026-02-09,"399,000.00",31888,0,0.0,1,990497801085,0,0,0,0,1,0,0,0,0,0,0
노다,신발(노다),001A,001A-ASTRAL-M,신발,265,001A-ASTRAL-M(265),132872637,"남,여",26SS,2026-02-09,2026-02-09,"399,000.00",31889,0,0.0,2,990497801092,0,0,0,2,0,0,0,0,0,0,0
노다,신발(노다),001A,001A-ASTRAL-M,신발,270,001A-ASTRAL-M(270),132872637,"남,여",26SS,2026-02-09,2026-02-09,"399,000.00",31890,0,0.0,3,990497801108,0,0,0,2,1,0,0,0,0,0,0
노다,신발(노다),001A,001A-ASTRAL-M,신발,275,001A-ASTRAL-M(275),132872637,"남,여",26SS,2026-02-09,2026-02-09,"399,000.00",31891,0,0.0,1,990497801115,0,0,0,1,0,0,0,0,0,0,0
노다,신발(노다),001A,001A-ASTRAL-M,신발,280,001A-ASTRAL-M(280),132872637,"남,여",26SS,2026-02-09,2026-02-09,"399,000.00",31892,0,0.0,1,990497801122,0,0,0,1,0,0,0,0,0,0,0
노다,신발(노다),001A,001A-ASTRAL-M,신발,285,001A-ASTRAL-M(285),132872637,"남,여",26SS,2026-02-09,2026-02-09,"399,000.00",31893,0,0.0,1,990497801139,0,0,0,0,1,0,0,0,0,0,0
노다,신발(노다),001A,001A-HORIZON-M,신발,260,001A-HORIZON-M(260),132872635,"남,여",26SS,2026-02-09,2026-02-09,"399,000.00",31867,0,0.0,3,990497800873,0,0,0,3,0,0,0,0,0,0,0
노다,신발(노다),001A,001A-HORIZON-M,신발,265,001A-HORIZON-M(265),132872635,"남,여",26SS,2026-02-09,2026-02-09,"399,000.00",31868,1,0.0,2,990497800880,0,0,0,1,0,1,0,0,0,0,0
노다,신발(노다),001A,001A-HORIZON-M,신발,270,001A-HORIZON-M(270),132872635,"남,여",26SS,2026-02-09,2026-02-09,"399,000.00",31869,2,0.0,5,990497800897,0,0,0,2,1,2,0,0,0,0,0
노다,신발(노다),001A,001A-HORIZON-M,신발,275,001A-HORIZON-M(275),132872635,"남,여",26SS,2026-02-09,2026-02-09,"399,000.00",31870,0,0.0,2,990497800903,0,0,0,1,1,0,0,0,0,0,0
노다,신발(노다),001A,001A-HORIZON-M,신발,280,001A-HORIZON-M(280),132872635,"남,여",26SS,2026-02-09,2026-02-09,"399,000.00",31871,0,0.0,1,990497800910,0,0,0,1,0,0,0,0,0,0,0
노다,신발(노다),001A,001A-HORIZON-M,신발,285,001A-HORIZON-M(285),132872635,"남,여",26SS,2026-02-09,2026-02-09,"399,000.00",31872,0,0.0,2,990497800927,0,0,0,1,1,0,0,0,0,0,0
노다,신발(노다),001A,001A-SCORIA-M,신발,260,001A-SCORIA-M(260),,남성,26FW,2026-08-28,2026-08-28,"399,000.00",41037,1,0.0,3,990497804710,0,1,0,0,1,1,0,0,0,0,0
노다,신발(노다),001A,001A-SCORIA-M,신발,265,001A-SCORIA-M(265),,남성,26FW,2026-08-28,2026-08-28,"399,000.00",41038,2,0.0,4,990497804727,0,1,0,0,1,2,0,0,0,0,0
노다,신발(노다),001A,001A-SCORIA-M,신발,270,001A-SCORIA-M(270),,남성,26FW,2026-08-28,2026-08-28,"399,000.00",41039,4,0.0,8,990497804734,0,2,0,0,2,4,0,0,0,0,0
노다,신발(노다),001A,001A-SCORIA-M,신발,275,001A-SCORIA-M(275),,남성,26FW,2026-08-28,2026-08-28,"399,000.00",41040,4,0.0,8,990497804741,0,2,0,0,2,4,0,0,0,0,0
노다,신발(노다),001A,001A-SCORIA-M,신발,280,001A-SCORIA-M(280),,남성,26FW,2026-08-28,2026-08-28,"399,000.00",41041,3,0.0,7,990497804758,0,2,0,0,2,3,0,0,0,0,0
노다,신발(노다),001A,001A-SCORIA-M,신발,285,001A-SCORIA-M(285),,남성,26FW,2026-08-28,2026-08-28,"399,000.00",41042,3,0.0,5,990497804765,0,1,0,0,1,3,0,0,0,0,0
노다,신발(노다),001A,001A-SCORIA-W,신발,235,001A-SCORIA-W(235),,여성,26FW,2026-08-28,2026-08-28,"399,000.00",41053,1,0.0,1,,0,0,0,0,0,1,0,0,0,0,0
노다,신발(노다),001A,001A-SCORIA-W,신발,240,001A-SCORIA-W(240),,여성,26FW,2026-08-28,2026-08-28,"399,000.00",41054,1,0.0,3,990497804642,0,1,0,0,1,1,0,0,0,0,0
노다,신발(노다),001A,001A-SCORIA-W,신발,245,001A-SCORIA-W(245),,여성,26FW,2026-08-28,2026-08-28,"399,000.00",41055,3,0.0,5,990497804659,0,1,0,0,1,3,0,0,0,0,0
노다,신발(노다),001A,001A-SCORIA-W,신발,250,001A-SCORIA-W(250),,여성,26FW,2026-08-28,2026-08-28,"399,000.00",41056,2,0.0,4,990497804666,0,1,0,0,1,2,0,0,0,0,0
노다,신발(노다),001A,001A-SCORIA-W,신발,255,001A-SCORIA-W(255),,여성,26FW,2026-08-28,2026-08-28,"399,000.00",41057,1,0.0,2,,0,1,0,0,0,1,0,0,0,0,0
노다,신발(노다),001A,001A-SKY-M,신발,260,001A-SKY-M(260),132872626,"남,여",26SS,2026-02-09,2026-02-09,"399,000.00",31846,0,0.0,2,990497800668,0,0,0,1,1,0,0,0,0,0,0
노다,신발(노다),001A,001A-SKY-M,신발,265,001A-SKY-M(265),132872626,"남,여",26SS,2026-02-09,2026-02-09,"399,000.00",31847,0,0.0,1,990497800675,0,0,0,0,1,0,0,0,0,0,0
노다,신발(노다),001A,001A-SKY-M,신발,270,001A-SKY-M(270),132872626,"남,여",26SS,2026-02-09,2026-02-09,"399,000.00",31848,0,0.0,2,990497800682,0,0,0,1,1,0,0,0,0,0,0
노다,신발(노다),001A,001A-SKY-M,신발,280,001A-SKY-M(280),132872626,"남,여",26SS,2026-02-09,2026-02-09,"399,000.00",31850,0,0.0,1,990497800705,0,0,0,0,1,0,0,0,0,0,0
노다,신발(노다),001A,001A-SKY-M,신발,285,001A-SKY-M(285),132872626,"남,여",26SS,2026-02-09,2026-02-09,"399,000.00",31851,0,0.0,2,990497800712,0,0,0,1,1,0,0,0,0,0,0
노다,신발(노다),001A,001A-SKY-W,신발,250,001A-SKY-W(250),132872624,"남,여",26SS,2026-02-09,2026-02-09,"399,000.00",31781,0,0.0,1,990497800613,0,0,0,0,1,0,0,0,0,0,0
노다,신발(노다),001A,001-CALCITE-M,신발,265,001-CALCITE-M(265),131491123,남성,25FW,2025-08-26,2025-08-26,"399,000.00",21635,0,0.0,1,872236014423,0,0,0,0,0,1,0,0,0,0,0
노다,신발(노다),001A,001-LOAM-M,신발,260,001-LOAM-M(260),131491124,남성,25FW,2025-08-26,2025-08-26,"399,000.00",21655,0,0.0,1,872236014621,0,0,0,0,1,0,0,0,0,0,0
노다,신발(노다),001A,001-LOAM-M,신발,290,001-LOAM-M(290),131491124,남성,25FW,2025-08-26,2025-08-26,"399,000.00",21661,0,0.0,1,872236014683,0,0,0,0,1,0,0,0,0,0,0
노다,신발(노다),002,002-CINDER-M,신발,285,002-CINDER-M(285),131750751,남성,25FW,2025-09-24,2025-09-24,"399,000.00",21702,0,0.0,1,872236008392,0,0,0,0,1,0,0,0,0,0,0
노다,신발(노다),005,005-COMET-M,신발,260,005-COMET-M(260),133217923,남성,26SS,2026-03-16,2026-03-16,"429,000.00",31930,0,0.0,2,990497802136,0,0,0,1,1,0,0,0,0,0,0
노다,신발(노다),005,005-COMET-M,신발,265,005-COMET-M(265),133217923,남성,26SS,2026-03-16,2026-03-16,"429,000.00",31931,0,0.0,2,990497802143,0,0,0,1,1,0,0,0,0,0,0
노다,신발(노다),005,005-COMET-M,신발,270,005-COMET-M(270),133217923,남성,26SS,2026-03-16,2026-03-16,"429,000.00",31932,0,0.0,2,990497802150,0,0,0,1,1,0,0,0,0,0,0
노다,신발(노다),005,005-COMET-M,신발,275,005-COMET-M(275),133217923,남성,26SS,2026-03-16,2026-03-16,"429,000.00",31933,0,0.0,1,990497802167,0,0,0,0,1,0,0,0,0,0,0
노다,신발(노다),005,005-COMET-M,신발,280,005-COMET-M(280),133217923,남성,26SS,2026-03-16,2026-03-16,"429,000.00",31934,0,0.0,1,990497802174,0,0,0,0,1,0,0,0,0,0,0
노다,신발(노다),005,005-COMET-M,신발,285,005-COMET-M(285),133217923,남성,26SS,2026-03-16,2026-03-16,"429,000.00",31935,0,0.0,1,990497802181,0,0,0,1,0,0,0,0,0,0,0
노다,신발(노다),005,005-LASER-M,신발,260,005-LASER-M(260),133217787,남성,26SS,2026-03-16,2026-03-16,"429,000.00",31909,0,0.0,1,990497801924,0,0,0,0,1,0,0,0,0,0,0
노다,신발(노다),005,005-LASER-M,신발,270,005-LASER-M(270),133217787,남성,26SS,2026-03-16,2026-03-16,"429,000.00",31911,0,0.0,1,990497801948,0,0,0,0,1,0,0,0,0,0,0
노다,신발(노다),005,005-LASER-M,신발,275,005-LASER-M(275),133217787,남성,26SS,2026-03-16,2026-03-16,"429,000.00",31912,0,0.0,1,990497801955,0,0,0,0,1,0,0,0,0,0,0
노다,신발(노다),005,005-LASER-M,신발,280,005-LASER-M(280),133217787,남성,26SS,2026-03-16,2026-03-16,"429,000.00",31913,0,0.0,1,990497801962,0,0,0,1,0,0,0,0,0,0,0
노다,신발(노다),005,005-STBLACK-M,신발,260,005-STBLACK-M(260),,남성,26FW,2026-08-28,2026-08-28,"429,000.00",41121,1,0.0,3,990497806257,0,1,0,0,1,1,0,0,0,0,0
노다,신발(노다),005,005-STBLACK-M,신발,265,005-STBLACK-M(265),,남성,26FW,2026-08-28,2026-08-28,"429,000.00",41122,2,0.0,4,990497806264,0,1,0,0,1,2,0,0,0,0,0
노다,신발(노다),005,005-STBLACK-M,신발,270,005-STBLACK-M(270),,남성,26FW,2026-08-28,2026-08-28,"429,000.00",41123,4,0.0,10,990497806271,0,3,0,0,3,4,0,0,0,0,0
노다,신발(노다),005,005-STBLACK-M,신발,275,005-STBLACK-M(275),,남성,26FW,2026-08-28,2026-08-28,"429,000.00",41124,6,0.0,12,990497806288,0,3,0,0,3,6,0,0,0,0,0
노다,신발(노다),005,005-STBLACK-M,신발,280,005-STBLACK-M(280),,남성,26FW,2026-08-28,2026-08-28,"429,000.00",41125,6,0.0,12,990497806295,0,3,0,0,3,6,0,0,0,0,0
노다,신발(노다),005,005-STBLACK-M,신발,285,005-STBLACK-M(285),,남성,26FW,2026-08-28,2026-08-28,"429,000.00",41126,1,0.0,3,990497806301,0,1,0,0,1,1,0,0,0,0,0
노다,신발(노다),005,005-STBLACK-W,신발,235,005-STBLACK-W(235),,여성,26FW,2026-08-28,2026-08-28,"429,000.00",41137,0,0.0,2,990497806172,0,1,0,0,1,0,0,0,0,0,0
노다,신발(노다),005,005-STBLACK-W,신발,240,005-STBLACK-W(240),,여성,26FW,2026-08-28,2026-08-28,"429,000.00",41138,1,0.0,5,990497806189,0,2,0,0,2,1,0,0,0,0,0
노다,신발(노다),005,005-STBLACK-W,신발,245,005-STBLACK-W(245),,여성,26FW,2026-08-28,2026-08-28,"429,000.00",41139,2,0.0,6,990497806196,0,2,0,0,2,2,0,0,0,0,0
노다,신발(노다),005,005-STBLACK-W,신발,250,005-STBLACK-W(250),,여성,26FW,2026-08-28,2026-08-28,"429,000.00",41140,2,0.0,4,990497806202,0,1,0,0,1,2,0,0,0,0,0
노다,신발(노다),005,005-STBLACK-W,신발,255,005-STBLACK-W(255),,여성,26FW,2026-08-28,2026-08-28,"429,000.00",41141,1,0.0,3,990497806219,0,1,0,0,1,1,0,0,0,0,0
노다,신발(노다),005,005-ZEPHYR-M,신발,260,005-ZEPHYR-M(260),,남성,26FW,2026-08-28,2026-08-28,"429,000.00",41079,1,0.0,3,990497805816,0,1,0,0,1,1,0,0,0,0,0
노다,신발(노다),005,005-ZEPHYR-M,신발,265,005-ZEPHYR-M(265),,남성,26FW,2026-08-28,2026-08-28,"429,000.00",41080,1,0.0,3,990497805823,0,1,0,0,1,1,0,0,0,0,0
노다,신발(노다),005,005-ZEPHYR-M,신발,270,005-ZEPHYR-M(270),,남성,26FW,2026-08-28,2026-08-28,"429,000.00",41081,4,0.0,8,990497805830,0,2,0,0,2,4,0,0,0,0,0
노다,신발(노다),005,005-ZEPHYR-M,신발,275,005-ZEPHYR-M(275),,남성,26FW,2026-08-28,2026-08-28,"429,000.00",41082,5,0.0,8,990497805847,0,2,0,0,1,5,0,0,0,0,0
노다,신발(노다),005,005-ZEPHYR-M,신발,280,005-ZEPHYR-M(280),,남성,26FW,2026-08-28,2026-08-28,"429,000.00",41083,5,0.0,9,990497805854,0,2,0,0,2,5,0,0,0,0,0
노다,신발(노다),005,005-ZEPHYR-M,신발,285,005-ZEPHYR-M(285),,남성,26FW,2026-08-28,2026-08-28,"429,000.00",41084,1,0.0,3,990497805861,0,1,0,0,1,1,0,0,0,0,0
노다,신발(노다),005,005-ZEPHYR-W,신발,235,005-ZEPHYR-W(235),,여성,26FW,2026-08-28,2026-08-28,"429,000.00",41095,1,0.0,1,,0,0,0,0,0,1,0,0,0,0,0
노다,신발(노다),005,005-ZEPHYR-W,신발,240,005-ZEPHYR-W(240),,여성,26FW,2026-08-28,2026-08-28,"429,000.00",41096,2,0.0,4,990497805748,0,1,0,0,1,2,0,0,0,0,0
노다,신발(노다),005,005-ZEPHYR-W,신발,245,005-ZEPHYR-W(245),,여성,26FW,2026-08-28,2026-08-28,"429,000.00",41097,3,0.0,5,990497805755,0,1,0,0,1,3,0,0,0,0,0
노다,신발(노다),005,005-ZEPHYR-W,신발,250,005-ZEPHYR-W(250),,여성,26FW,2026-08-28,2026-08-28,"429,000.00",41098,1,0.0,3,990497805762,0,1,0,0,1,1,0,0,0,0,0
노다,신발(노다),005,005-ZEPHYR-W,신발,255,005-ZEPHYR-W(255),,여성,26FW,2026-08-28,2026-08-28,"429,000.00",41099,0,0.0,2,990497805779,0,1,0,0,1,0,0,0,0,0,0
노다,용품(노다),008,008-NEVE-U,용품,280,008-NEVE-U(280),131038554,공용,25FW,2025-06-27,2025-06-27,"179,000.00",21756,0,0.0,3,872236015390,0,0,0,0,3,0,0,0,0,0,0
가민,용품(가민),포러너 55,010-02562-50,용품,1SIZE,010-02562-50(1SIZE),123228485,공용,24FW,2024-08-29,2024-10-21,"169,000.00",10140,0,0.0,2,753759283322,0,0,0,0,2,0,0,0,0,0,0
가민,용품(가민),포러너 55,010-02562-51,용품,1SIZE,010-02562-51(1SIZE),123228492,공용,24FW,2024-08-29,2024-10-21,"169,000.00",10141,0,0.0,1,753759283339,0,0,0,0,1,0,0,0,0,0,0
가민,용품(가민),포러너 55,010-02562-53,용품,1SIZE,010-02562-53(1SIZE),123228488,공용,24FW,2024-08-29,2024-10-21,"169,000.00",10157,0,0.0,1,753759283353,0,0,0,0,1,0,0,0,0,0,0
가민,용품(가민),인스팅트 2,010-02626-50,용품,1SIZE,010-02626-50(1SIZE),123235580,공용,24FW,2024-08-29,2024-10-21,"229,000.00",10142,0,0.0,2,753759293888,0,0,0,0,1,1,0,0,0,0,0
가민,용품(가민),인스팅트 2 카모 에디션,010-02626-53,용품,1SIZE,010-02626-53(1SIZE),123235581,공용,24FW,2024-08-29,2024-10-21,"229,000.00",10143,0,0.0,1,753759293918,0,0,0,0,1,0,0,0,0,0,0
가민,용품(가민),포러너 965,010-02809-70,용품,1SIZE,010-02809-70(1SIZE),123228174,공용,25SS,2025-05-08,2025-05-08,"819,000.00",10148,0,0.0,3,753759318390,0,0,0,0,3,0,0,0,0,0,0
가민,용품(가민),포러너 965,010-02809-71,용품,1SIZE,010-02809-71(1SIZE),123228293,공용,25SS,2025-05-08,2025-05-08,"819,000.00",10149,0,0.0,1,753759318406,0,0,0,0,1,0,0,0,0,0,0
가민,용품(가민),포러너 965,010-02809-72,용품,1SIZE,010-02809-72(1SIZE),123228175,공용,25SS,2025-05-08,2025-05-08,"819,000.00",10150,0,0.0,1,753759318413,0,0,0,0,1,0,0,0,0,0,0
가민,용품(가민),포러너 265 뮤직,010-02810-50,용품,1SIZE,010-02810-50(1SIZE),123228295,공용,25SS,2025-10-10,2025-10-10,"589,000.00",10151,0,0.0,1,753759318635,0,0,0,0,1,0,0,0,0,0,0
가민,용품(가민),포러너 265S 뮤직,010-02810-53,용품,1SIZE,010-02810-53(1SIZE),133394587,공용,26SS,2026-04-10,2026-04-10,"589,000.00",34230,0,0.0,1,753759318666,0,0,0,0,1,0,0,0,0,0,0
가민,용품(가민),포러너 265S 뮤직 (DEMO),010-02810-53-demo,용품,1SIZE,010-02810-53-demo(1SIZE),,공용,26SS,2026-04-10,2026-04-10,"589,000.00",34237,0,0.0,1,,0,0,0,1,0,0,0,0,0,0,0
가민,용품(가민),포러너 165,010-02863-AC,용품,1SIZE,010-02863-AC(1SIZE),133394582,공용,26SS,2026-04-10,2026-05-20,"399,000.00",34232,0,0.0,1,,0,0,0,0,1,0,0,0,0,0,0
가민,용품(가민),포러너 165,010-02863-AD,용품,1SIZE,010-02863-AD(1SIZE),133394581,공용,26SS,2026-04-10,2026-05-20,"399,000.00",34233,0,0.0,3,,0,0,0,1,2,0,0,0,0,0,0
가민,용품(가민),포러너 165 뮤직,010-02863-B0,용품,1SIZE,010-02863-B0(1SIZE),123228303,공용,24FW,2024-08-29,2024-10-21,"459,000.00",10155,0,0.0,1,753759336813,0,0,0,0,1,0,0,0,0,0,0
가민,용품(가민),포러너 165 뮤직,010-02863-B1,용품,1SIZE,010-02863-B1(1SIZE),123228298,공용,24FW,2024-08-29,2024-10-21,"459,000.00",10156,0,0.0,7,753759336820,0,0,0,0,7,0,0,0,0,0,0
가민,용품(가민),피닉스 8 43mm,010-02903-17,용품,1SIZE,010-02903-17(1SIZE),129512897,공용,24FW,2024-09-11,2024-10-21,"1,690,000.00",10323,1,0.0,2,,0,0,0,0,1,1,0,0,0,0,0
가민,용품(가민),피닉스 8 47mm,010-02904-18,용품,1SIZE,010-02904-18(1SIZE),129512898,공용,24FW,2024-09-11,2024-10-21,"1,690,000.00",10324,0,0.0,1,,0,0,0,0,1,0,0,0,0,0,0
가민,용품(가민),피닉스 8 47mm,010-02904-28,용품,1SIZE,010-02904-28(1SIZE),129512899,공용,24FW,2024-09-11,2024-10-21,"1,690,000.00",10325,0,0.0,1,,0,0,0,0,1,0,0,0,0,0,0
가민,용품(가민),피닉스 8 51mm,010-02905-64,용품,1SIZE,010-02905-64(1SIZE),129512902,공용,24FW,2024-09-11,2024-10-21,"1,890,000.00",10326,1,0.0,3,,0,0,0,0,2,1,0,0,0,0,0
가민,용품(가민),인스팅트 3 45mm,010-02936-40,용품,1SIZE,010-02936-40(1SIZE),132872590,공용,25SS,2025-02-20,2025-02-20,"669,000.00",17450,0,0.0,1,,0,0,0,0,1,0,0,0,0,0,0
가민,용품(가민),인스팅트 3 45mm (DEMO),010-02936-40DEMO,용품,1SIZE,010-02936-40DEMO(1SIZE),,공용,25SS,2025-02-20,2025-02-20,"669,000.00",17451,0,0.0,1,,0,0,0,0,1,0,0,0,0,0,0
가민,용품(가민),포러너 970,010-02969-60,용품,1SIZE,010-02969-60(1SIZE),130429700,공용,25FW,2025-10-17,2025-10-17,"1,089,000.00",19728,0,0.0,1,753759354695,0,0,0,1,0,0,0,0,0,0,0
가민,용품(가민),포러너 970,010-02969-60-DEMO,용품,1SIZE,010-02969-60-DEMO(1SIZE),,공용,25SS,2025-05-26,2025-05-26,"1,089,000.00",19740,0,0.0,1,,0,0,0,0,1,0,0,0,0,0,0
가민,용품(가민),포러너 970 (DEMO),010-02969-61-DEMO,용품,1SIZE,010-02969-61-DEMO(1SIZE),,공용,25SS,2025-05-26,2025-05-26,"1,089,000.00",19741,0,0.0,1,,0,0,0,0,1,0,0,0,0,0,0
가민,용품(가민),포러너 970,010-02969-62,용품,1SIZE,010-02969-62(1SIZE),130429751,공용,25FW,2025-10-17,2025-10-17,"1,089,000.00",19730,0,0.0,1,753759354718,0,0,0,0,1,0,0,0,0,0,0
가민,용품(가민),포러너 970 (DEMO),010-02969-62-DEMO,용품,1SIZE,010-02969-62-DEMO(1SIZE),,공용,25SS,2025-05-26,2025-05-26,"1,089,000.00",19742,0,0.0,1,,0,0,0,0,1,0,0,0,0,0,0
가민,용품(가민),포러너 570 42mm,010-02970-40,용품,1SIZE,010-02970-40(1SIZE),133418393,공용,26SS,2026-04-10,2026-04-10,"799,000.00",34231,2,0.0,6,753759354459,0,0,0,4,0,2,0,0,0,0,0
가민,용품(가민),포러너 570 42mm (DEMO),010-02970-40-DEMO,용품,1SIZE,010-02970-40-DEMO(1SIZE),,공용,26SS,2026-04-10,2026-04-10,"800,800.00",19734,0,0.0,1,,0,0,0,1,0,0,0,0,0,0,0
가민,용품(가민),포러너 570 42mm,010-02970-41,용품,1SIZE,010-02970-41(1SIZE),133418392,공용,26SS,2026-04-10,2026-04-10,"799,000.00",34234,0,0.0,1,753759354466,0,0,0,1,0,0,0,0,0,0,0
가민,용품(가민),포러너 570 42mm (DEMO),010-02970-41-DEMO,용품,1SIZE,010-02970-41-DEMO(1SIZE),,공용,26SS,2026-04-10,2026-04-10,"800,800.00",19735,0,0.0,1,,0,0,0,1,0,0,0,0,0,0,0
가민,용품(가민),포러너 570 (DEMO),010-02970-42-DEMO,용품,1SIZE,010-02970-42-DEMO(1SIZE),,공용,25SS,2025-05-26,2025-05-26,"799,000.00",19736,0,0.0,1,,0,0,0,0,1,0,0,0,0,0,0
가민,용품(가민),포러너 570 47mm,010-02971-40,용품,1SIZE,010-02971-40(1SIZE),130429770,공용,26SS,2026-04-10,2026-04-10,"799,000.00",19731,6,0.0,10,753759354572,0,0,0,4,0,6,0,0,0,0,0
가민,용품(가민),포러너 570 47mm (DEMO),010-02971-40-DEMO,용품,1SIZE,010-02971-40-DEMO(1SIZE),,공용,25SS,2025-05-26,2025-05-26,"799,000.00",19737,0,0.0,2,,0,0,0,0,1,0,0,0,0,0,0
가민,용품(가민),포러너 570 47mm (DEMO),010-02971-40-DEMO,용품,1SIZE,010-02971-40-DEMO(1SIZE),,공용,26SS,2026-04-10,2026-04-10,"799,000.00",19737,0,0.0,2,,0,0,0,1,0,0,0,0,0,0,0
가민,용품(가민),포러너 570 47mm,010-02971-41,용품,1SIZE,010-02971-41(1SIZE),130429783,공용,26SS,2026-04-10,2026-04-10,"799,000.00",19732,3,0.0,5,753759354589,0,0,0,2,0,3,0,0,0,0,0
가민,용품(가민),포러너 570 47mm (DEMO),010-02971-41-DEMO,용품,1SIZE,010-02971-41-DEMO(1SIZE),,공용,25SS,2025-05-26,2025-05-26,"799,000.00",19738,0,0.0,2,,0,0,0,0,1,0,0,0,0,0,0
가민,용품(가민),포러너 570 47mm (DEMO),010-02971-41-DEMO,용품,1SIZE,010-02971-41-DEMO(1SIZE),,공용,26SS,2026-04-10,2026-04-10,"799,000.00",19738,0,0.0,2,,0,0,0,1,0,0,0,0,0,0,0
가민,용품(가민),포러너 570 47mm,010-02971-42,용품,1SIZE,010-02971-42(1SIZE),130430440,공용,25FW,2025-10-17,2025-10-17,"799,000.00",19733,0,0.0,1,753759354596,0,0,0,0,1,0,0,0,0,0,0
가민,용품(가민),포러너 570 47mm (DEMO),010-02971-42-DEMO,용품,1SIZE,010-02971-42-DEMO(1SIZE),,공용,25SS,2025-05-26,2025-05-26,"799,000.00",19739,0,0.0,1,,0,0,0,0,1,0,0,0,0,0,0
가민,용품(가민),피닉스 E 47mm,010-03025-14,용품,1SIZE,010-03025-14(1SIZE),129512903,공용,24FW,2024-10-21,2024-10-21,"1,190,000.00",12144,5,0.0,5,,0,0,0,0,0,5,0,0,0,0,0
가민,용품(가민),포러너 170,010-03920-50,용품,1SIZE,010-03920-50(1SIZE),133710770,공용,26SS,2026-05-26,2026-05-26,"479,000.00",36322,1,0.0,3,,0,0,0,1,1,1,0,0,0,0,0
가민,용품(가민),"Forerunner 170, GPS, Black/Amp Yellow, KOR/SEA,A05206 데모",010-03920-50DEMO,용품,1SIZE,010-03920-50DEMO(1SIZE),,공용,26SS,2026-05-26,2026-05-26,"527,560.00",36323,0,0.0,2,,0,0,0,1,1,0,0,0,0,0,0
가민,용품(가민),포러너 170,010-03920-51,용품,1SIZE,010-03920-51(1SIZE),133689273,공용,26SS,2026-05-26,2026-05-26,"479,000.00",36324,1,0.0,3,,0,0,0,1,1,1,0,0,0,0,0
가민,용품(가민),포러너 170 뮤직,010-03920-52,용품,1SIZE,010-03920-52(1SIZE),133689275,공용,26SS,2026-05-26,2026-05-26,"559,000.00",36325,1,0.0,3,,0,0,0,1,1,1,0,0,0,0,0
가민,용품(가민),"Forerunner170Music,GPS,WiFi,W-Stone/CloudBlue,KOR/SEA,AA5206 데모",010-03920-53DEMO,용품,1SIZE,010-03920-53DEMO(1SIZE),,공용,26SS,2026-05-26,2026-05-26,"617,100.00",36326,0,0.0,2,,0,0,0,1,1,0,0,0,0,0,0
가민,용품(가민),포러너 70,010-04307-10,용품,1SIZE,010-04307-10(1SIZE),133689228,공용,26SS,2026-05-26,2026-05-26,"399,000.00",36327,1,0.0,3,,0,0,0,1,1,1,0,0,0,0,0
가민,용품(가민),"Forerunner 70, GPS, Black, TWN/KOR/SEA,AB5206 데모",010-04307-10DEMO,용품,1SIZE,010-04307-10DEMO(1SIZE),,공용,26SS,2026-05-26,2026-05-26,"440,440.00",36328,0,0.0,2,,0,0,0,1,1,0,0,0,0,0,0
가민,용품(가민),포러너 70,010-04307-11,용품,1SIZE,010-04307-11(1SIZE),133689226,공용,26SS,2026-05-26,2026-05-26,"399,000.00",36329,1,0.0,3,,0,0,0,1,1,1,0,0,0,0,0
노다,신발(노다),055,055-STRATO-M,신발,260,055-STRATO-M(260),,남성,26FW,2026-08-28,2026-08-28,"429,000.00",41163,1,0.0,3,990497803225,0,1,0,0,1,1,0,0,0,0,0
노다,신발(노다),055,055-STRATO-M,신발,265,055-STRATO-M(265),,남성,26FW,2026-08-28,2026-08-28,"429,000.00",41164,1,0.0,3,990497803232,0,1,0,0,1,1,0,0,0,0,0
노다,신발(노다),055,055-STRATO-M,신발,270,055-STRATO-M(270),,남성,26FW,2026-08-28,2026-08-28,"429,000.00",41165,2,0.0,6,990497803249,0,2,0,0,2,2,0,0,0,0,0
노다,신발(노다),055,055-STRATO-M,신발,275,055-STRATO-M(275),,남성,26FW,2026-08-28,2026-08-28,"429,000.00",41166,4,0.0,8,990497803256,0,2,0,0,2,4,0,0,0,0,0
노다,신발(노다),055,055-STRATO-M,신발,280,055-STRATO-M(280),,남성,26FW,2026-08-28,2026-08-28,"429,000.00",41167,3,0.0,7,990497803263,0,2,0,0,2,3,0,0,0,0,0
노다,신발(노다),055,055-STRATO-M,신발,285,055-STRATO-M(285),,남성,26FW,2026-08-28,2026-08-28,"429,000.00",41168,1,0.0,3,990497803270,0,1,0,0,1,1,0,0,0,0,0
노다,신발(노다),055,055-STRATO-W,신발,235,055-STRATO-W(235),,여성,26FW,2026-08-28,2026-08-28,"429,000.00",41179,0,0.0,1,,0,0,0,0,0,1,0,0,0,0,0
노다,신발(노다),055,055-STRATO-W,신발,240,055-STRATO-W(240),,여성,26FW,2026-08-28,2026-08-28,"429,000.00",41180,1,0.0,3,990497803157,0,1,0,0,1,1,0,0,0,0,0
노다,신발(노다),055,055-STRATO-W,신발,245,055-STRATO-W(245),,여성,26FW,2026-08-28,2026-08-28,"429,000.00",41181,2,0.0,4,990497803164,0,1,0,0,1,2,0,0,0,0,0
노다,신발(노다),055,055-STRATO-W,신발,250,055-STRATO-W(250),,여성,26FW,2026-08-28,2026-08-28,"429,000.00",41182,0,0.0,2,990497803171,0,1,0,0,1,0,0,0,0,0,0
노다,신발(노다),055,055-STRATO-W,신발,255,055-STRATO-W(255),,여성,26FW,2026-08-28,2026-08-28,"429,000.00",41183,1,0.0,2,,0,0,0,0,0,2,0,0,0,0,0
브룩스,신발(브룩스),하이페리온 엘리트 4 PB,1000531D134,신발,250,1000531D134(250),124354615,남성,25SS,2025-01-13,2025-01-13,"279,000.00",12218,1,0.0,1,195394632095 ,0,0,0,0,0,1,0,0,0,0,0
브룩스,신발(브룩스),하이페리온 엘리트 4 PB,1000531D134,신발,275,1000531D134(275),124354615,남성,25SS,2025-01-13,2025-01-13,"279,000.00",12223,1,0.0,1,195394632149 ,0,0,0,0,0,1,0,0,0,0,0
우포스,신발(우포스),오리지널,1000Black,신발,260,1000Black(260),133218058,공용,26SS,2026-03-12,2026-03-12,"69,000.00",32396,0,0.0,1,UPSO6G965BK260,0,0,0,1,0,0,0,0,0,0,0
우포스,신발(우포스),오리지널,1000Black,신발,270,1000Black(270),133218058,공용,26SS,2026-03-12,2026-03-12,"69,000.00",32397,0,0.0,6,UPSO6G965BK270,0,0,0,3,3,0,0,0,0,0,0
우포스,신발(우포스),오리지널,1000Black,신발,280,1000Black(280),133218058,공용,26SS,2026-03-12,2026-03-12,"69,000.00",32398,0,0.0,1,UPSO6G965BK280,0,0,0,1,0,0,0,0,0,0,0
새티스파이,의류(새티스파이),오라라이트 티셔츠,11000-00001,의류,M,11000-00001(M),133464252,남성,26SS,2026-04-21,2026-04-21,"200,000.00",32292,0,0.0,4,3701313814946,0,0,0,3,1,0,0,0,0,0,0
새티스파이,의류(새티스파이),오라라이트 티셔츠,11000-91001,의류,M,11000-91001(M),133689207,남성,26SS,2026-05-20,2026-05-20,"200,000.00",32305,0,0.0,0,3701313815059,0,0,0,0,1,0,0,0,0,0,0
우포스,신발(우포스),우아,1100Black,신발,250,1100Black(250),133218054,공용,26SS,2026-03-12,2026-03-12,"69,000.00",32405,0,0.0,3,UPSO6G966BK250,0,0,0,3,0,0,0,0,0,0,0
우포스,신발(우포스),우아,1100Black,신발,260,1100Black(260),133218054,공용,26SS,2026-03-12,2026-03-12,"69,000.00",32406,0,0.0,6,UPSO6G966BK260,0,0,0,5,1,0,0,0,0,0,0
우포스,신발(우포스),우아,1100Black,신발,270,1100Black(270),133218054,공용,26SS,2026-03-12,2026-03-12,"69,000.00",32407,0,0.0,4,UPSO6G966BK270,0,0,0,2,2,0,0,0,0,0,0
우포스,신발(우포스),우아,1100Black,신발,280,1100Black(280),133218054,공용,26SS,2026-03-12,2026-03-12,"69,000.00",32408,0,0.0,3,UPSO6G966BK280,0,0,0,0,3,0,0,0,0,0,0
브룩스,신발(브룩스),하이페리온 2,1104321D441,신발,250,1104321D441(250),123228338,남성,24FW,2024-08-26,2024-08-26,"189,000.00",9733,1,0.0,1,195394516036,0,0,0,0,0,1,0,0,0,0,0
브룩스,신발(브룩스),하이페리온 2,1104321D441,신발,255,1104321D441(255),123228338,남성,24FW,2024-08-26,2024-08-26,"189,000.00",9734,1,0.0,1,195394516043,0,0,0,0,0,1,0,0,0,0,0
브룩스,신발(브룩스),하이페리온 2,1104321D441,신발,260,1104321D441(260),123228338,남성,24FW,2024-08-26,2024-08-26,"189,000.00",9735,1,0.0,1,195394516050,0,0,0,0,0,1,0,0,0,0,0
브룩스,신발(브룩스),하이페리온 2,1104321D441,신발,280,1104321D441(280),123228338,남성,24FW,2024-08-26,2024-08-26,"189,000.00",9739,1,0.0,1,195394516098,0,0,0,0,0,1,0,0,0,0,0
브룩스,신발(브룩스),하이페리온 GTS 2,1104331D443,신발,255,1104331D443(255),123477838,남성,25SS,2025-02-12,2025-02-12,"189,000.00",9776,0,0.0,1,195394517408,0,0,0,0,1,0,0,0,0,0,0
브룩스,신발(브룩스),하이페리온 GTS 2,1104331D443,신발,260,1104331D443(260),123477838,남성,24FW,2024-08-26,2024-08-26,"189,000.00",9777,4,0.0,4,195394517415,0,0,0,0,1,0,0,0,0,0,0
브룩스,신발(브룩스),하이페리온 GTS 2,1104331D443,신발,260,1104331D443(260),123477838,남성,25SS,2025-02-12,2025-02-12,"189,000.00",9777,4,0.0,4,195394517415,0,0,0,0,3,0,0,0,0,0,0
브룩스,신발(브룩스),하이페리온 GTS 2,1104331D443,신발,265,1104331D443(265),123477838,남성,25SS,2025-02-12,2025-02-12,"189,000.00",9778,2,0.0,2,195394517422,0,0,0,0,2,0,0,0,0,0,0
브룩스,신발(브룩스),하이페리온 맥스 2,1104341D408,신발,260,1104341D408(260),123228387,남성,24FW,2024-08-26,2024-08-26,"219,000.00",9798,1,0.0,1,195394518016,0,0,0,0,0,1,0,0,0,0,0
브룩스,신발(브룩스),하이페리온 맥스 2,1104341D408,신발,265,1104341D408(265),123228387,남성,24FW,2024-08-26,2024-08-26,"219,000.00",9799,1,0.0,1,195394518023,0,0,0,0,0,1,0,0,0,0,0
브룩스,신발(브룩스),칼데라 8,1104401D131,신발,250,1104401D131(250),131707502,남성,25SS,2025-03-07,2025-03-07,"179,000.00",12344,3,0.0,3,195394580686,0,0,0,0,0,3,0,0,0,0,0
브룩스,신발(브룩스),칼데라 8,1104401D131,신발,255,1104401D131(255),131707502,남성,25SS,2025-03-07,2025-03-07,"179,000.00",12345,1,0.0,1,195394580693,0,0,0,0,0,1,0,0,0,0,0
브룩스,신발(브룩스),칼데라 8,1104401D131,신발,260,1104401D131(260),131707502,남성,25SS,2025-03-07,2025-03-07,"179,000.00",12346,5,0.0,5,195394580709,0,0,0,0,0,5,0,0,0,0,0
브룩스,신발(브룩스),칼데라 8,1104401D131,신발,265,1104401D131(265),131707502,남성,25SS,2025-03-07,2025-03-07,"179,000.00",12347,4,0.0,4,195394580716,0,0,0,0,0,4,0,0,0,0,0
브룩스,신발(브룩스),칼데라 8,1104401D131,신발,270,1104401D131(270),131707502,남성,25SS,2025-03-07,2025-03-07,"179,000.00",12348,3,0.0,3,195394580723,0,0,0,0,0,3,0,0,0,0,0
브룩스,신발(브룩스),칼데라 8,1104401D131,신발,280,1104401D131(280),131707502,남성,25SS,2025-03-07,2025-03-07,"179,000.00",12350,1,0.0,1,195394580747,0,0,0,0,0,1,0,0,0,0,0
브룩스,신발(브룩스),카타마운트 4,1104411D253,신발,250,1104411D253(250),129511268,남성,25SS,2025-02-12,2025-02-12,"199,000.00",12281,3,0.0,3,195394650785,0,0,0,0,0,3,0,0,0,0,0
브룩스,신발(브룩스),카타마운트 4,1104411D253,신발,255,1104411D253(255),129511268,남성,25SS,2025-02-12,2025-02-12,"199,000.00",12282,3,0.0,3,195394650792,0,0,0,0,0,3,0,0,0,0,0
브룩스,신발(브룩스),카타마운트 4,1104411D253,신발,260,1104411D253(260),129511268,남성,25SS,2025-02-12,2025-02-12,"199,000.00",12283,5,0.0,5,195394650808,0,0,0,0,0,5,0,0,0,0,0
브룩스,신발(브룩스),카타마운트 4,1104411D253,신발,265,1104411D253(265),129511268,남성,25SS,2025-02-12,2025-02-12,"199,000.00",12284,5,0.0,5,195394650815,0,0,0,0,0,5,0,0,0,0,0
브룩스,신발(브룩스),카타마운트 4,1104411D253,신발,270,1104411D253(270),129511268,남성,25SS,2025-02-12,2025-02-12,"199,000.00",12285,6,0.0,6,195394650822,0,0,0,0,0,6,0,0,0,0,0
브룩스,신발(브룩스),카타마운트 4,1104411D253,신발,275,1104411D253(275),129511268,남성,25SS,2025-02-12,2025-02-12,"199,000.00",12286,2,0.0,2,195394650839,0,0,0,0,0,2,0,0,0,0,0
브룩스,신발(브룩스),카타마운트 4,1104411D253,신발,280,1104411D253(280),129511268,남성,25SS,2025-02-12,2025-02-12,"199,000.00",12287,1,0.0,1,195394650846,0,0,0,0,0,1,0,0,0,0,0
브룩스,신발(브룩스),고스트 17,1104422E020,신발,260,1104422E020(260),131707503,남성,25SS,2025-05-28,2025-05-28,"169,000.00",19756,1,0.0,1,195394625813,0,0,0,0,0,1,0,0,0,0,0
브룩스,신발(브룩스),고스트 17,1104422E020,신발,265,1104422E020(265),131707503,남성,25SS,2025-05-28,2025-05-28,"169,000.00",19757,1,0.0,1,195394625844,0,0,0,0,0,1,0,0,0,0,0
브룩스,신발(브룩스),고스트 17,1104422E112,신발,265,1104422E112(265),131707504,남성,25SS,2025-05-28,2025-05-28,"169,000.00",19778,1,0.0,1,195394688818,0,0,0,0,0,1,0,0,0,0,0
브룩스,신발(브룩스),글리세린 22,1104452E020,신발,260,1104452E020(260),129729314,남성,25FW,2025-04-28,2025-04-28,"209,000.00",19507,2,0.0,2,195394600209,0,0,0,0,0,2,0,0,0,0,0
브룩스,신발(브룩스),글리세린 22,1104452E020,신발,275,1104452E020(275),129729314,남성,25FW,2025-04-28,2025-04-28,"209,000.00",19510,2,0.0,2,195394600261,0,0,0,0,0,2,0,0,0,0,0
브룩스,신발(브룩스),글리세린 GTS 22,1104462E020,신발,265,1104462E020(265),129511274,남성,25FW,2025-04-28,2025-04-28,"209,000.00",12557,2,0.0,2,195394602463,0,0,0,0,0,2,0,0,0,0,0
브룩스,신발(브룩스),글리세린 GTS 22,1104462E020,신발,270,1104462E020(270),129511274,남성,25FW,2025-04-28,2025-04-28,"209,000.00",12558,1,0.0,1,195394602487,0,0,0,0,0,1,0,0,0,0,0
브룩스,신발(브룩스),아드레날린 GTS 25,1104541D020,신발,265,1104541D020(265),132629463,남성,26SS,2026-01-19,2026-01-19,"189,000.00",31285,0,0.0,1,195394662221,0,0,0,0,1,0,0,0,0,0,0
브룩스,신발(브룩스),아드레날린 GTS 25,1104541D020,신발,270,1104541D020(270),132629463,남성,26SS,2026-01-19,2026-01-19,"189,000.00",31286,0,0.0,2,195394662269,0,0,0,2,0,0,0,0,0,0,0
브룩스,신발(브룩스),아드레날린 GTS 25,1104541D020,신발,275,1104541D020(275),132629463,남성,26SS,2026-01-19,2026-01-19,"189,000.00",31287,0,0.0,2,195394662306,0,0,0,1,1,0,0,0,0,0,0
브룩스,신발(브룩스),아드레날린 GTS 25,1104541D020,신발,280,1104541D020(280),132629463,남성,26SS,2026-01-19,2026-01-19,"189,000.00",31288,0,0.0,1,195394662344,0,0,0,0,1,0,0,0,0,0,0
브룩스,신발(브룩스),아드레날린 GTS 25 (와이드),1104542E020,신발,260,1104542E020(260),132629462,남성,26FW,2026-07-27,2026-07-27,"189,000.00",31263,1,0.0,2,195394662191,1,0,0,0,1,0,0,0,0,0,0
브룩스,신발(브룩스),아드레날린 GTS 25 (와이드),1104542E020,신발,265,1104542E020(265),132629462,남성,26FW,2026-07-27,2026-07-27,"189,000.00",31264,1,0.0,3,195394662238,1,0,0,0,2,0,0,0,0,0,0
브룩스,신발(브룩스),아드레날린 GTS 25 (와이드),1104542E020,신발,270,1104542E020(270),132629462,남성,26SS,2026-01-19,2026-01-19,"189,000.00",31265,4,0.0,6,195394662276,1,0,0,0,2,0,0,0,0,0,0
브룩스,신발(브룩스),아드레날린 GTS 25 (와이드),1104542E020,신발,270,1104542E020(270),132629462,남성,26FW,2026-07-27,2026-07-27,"189,000.00",31265,4,0.0,6,195394662276,3,0,0,0,0,0,0,0,0,0,0
브룩스,신발(브룩스),아드레날린 GTS 25 (와이드),1104542E020,신발,275,1104542E020(275),132629462,남성,26SS,2026-01-19,2026-01-19,"189,000.00",31266,4,0.0,7,195394662313,1,0,0,0,1,0,0,0,0,0,0
브룩스,신발(브룩스),아드레날린 GTS 25 (와이드),1104542E020,신발,275,1104542E020(275),132629462,남성,26FW,2026-07-27,2026-07-27,"189,000.00",31266,4,0.0,7,195394662313,3,0,0,0,2,0,0,0,0,0,0
브룩스,신발(브룩스),아드레날린 GTS 25 (와이드),1104542E020,신발,280,1104542E020(280),132629462,남성,26FW,2026-07-27,2026-07-27,"189,000.00",31267,1,0.0,3,195394662351,1,0,0,0,2,0,0,0,0,0,0
브룩스,신발(브룩스),아드레날린 GTS 25 (와이드),1104542E020,신발,285,1104542E020(285),132629462,남성,26SS,2026-01-19,2026-01-19,"189,000.00",31268,2,0.0,3,195394662399,1,0,0,0,0,0,0,0,0,0,0
브룩스,신발(브룩스),아드레날린 GTS 25 (와이드),1104542E020,신발,285,1104542E020(285),132629462,남성,26FW,2026-07-27,2026-07-27,"189,000.00",31268,2,0.0,3,195394662399,1,0,0,0,1,0,0,0,0,0,0
브룩스,신발(브룩스),아드레날린 GTS 25 (와이드),1104542E189,신발,265,1104542E189(265),132248643,남성,26FW,2026-07-27,2026-07-27,"189,000.00",27624,1,0.0,2,195394673456,1,0,0,0,1,0,0,0,0,0,0
브룩스,신발(브룩스),아드레날린 GTS 25 (와이드),1104542E189,신발,270,1104542E189(270),132248643,남성,26FW,2026-07-27,2026-07-27,"189,000.00",27625,1,0.0,1,195394675634,1,0,0,0,0,0,0,0,0,0,0
브룩스,신발(브룩스),아드레날린 GTS 25 (와이드),1104542E189,신발,275,1104542E189(275),132248643,남성,26SS,2025-12-04,2025-12-04,"189,000.00",27626,2,0.0,4,195394675641,1,0,0,0,1,0,0,0,0,0,0
브룩스,신발(브룩스),아드레날린 GTS 25 (와이드),1104542E189,신발,275,1104542E189(275),132248643,남성,26FW,2026-07-27,2026-07-27,"189,000.00",27626,2,0.0,4,195394675641,1,0,0,0,1,0,0,0,0,0,0
브룩스,신발(브룩스),아드레날린 GTS 25 (와이드),1104542E189,신발,280,1104542E189(280),132248643,남성,26FW,2026-07-27,2026-07-27,"189,000.00",27627,1,0.0,1,195394675658,1,0,0,0,0,0,0,0,0,0,0
브룩스,신발(브룩스),하이페리온 맥스 3,1104671D182,신발,260,1104671D182(260),131305511,남성,25FW,2025-07-25,2025-07-25,"219,000.00",19402,1,0.0,1,,0,0,0,0,0,1,0,0,0,0,0
브룩스,신발(브룩스),하이페리온 맥스 3,1104671D182,신발,265,1104671D182(265),131305511,남성,25FW,2025-07-25,2025-07-25,"219,000.00",19403,1,0.0,1,,0,0,0,0,0,1,0,0,0,0,0
브룩스,신발(브룩스),하이페리온 맥스 3,1104671D182,신발,275,1104671D182(275),131305511,남성,25FW,2025-07-25,2025-07-25,"219,000.00",19405,2,0.0,2,195394682205,0,0,0,0,0,2,0,0,0,0,0
브룩스,신발(브룩스),하이페리온 맥스 3,1104671D182,신발,280,1104671D182(280),131305511,남성,25FW,2025-07-25,2025-07-25,"219,000.00",19406,1,0.0,1,195394682212,0,0,0,0,0,1,0,0,0,0,0
브룩스,신발(브룩스),하이페리온 맥스 3,1104671D670,신발,255,1104671D670(255),131305512,남성,25FW,2025-07-25,2025-07-25,"219,000.00",19422,1,0.0,1,195394682014,0,0,0,0,0,1,0,0,0,0,0
브룩스,신발(브룩스),하이페리온 맥스 3,1104671D670,신발,275,1104671D670(275),131305512,남성,25FW,2025-07-25,2025-07-25,"219,000.00",19426,1,0.0,1,,0,0,0,0,0,1,0,0,0,0,0
브룩스,신발(브룩스),글리세린 맥스 2,1104791D091,신발,260,1104791D091(260),132629453,남성,26SS,2026-01-19,2026-01-19,"249,000.00",31305,0,0.0,2,195394779844,0,0,0,2,0,0,0,0,0,0,0
브룩스,신발(브룩스),글리세린 맥스 2,1104791D091,신발,270,1104791D091(270),132629453,남성,26SS,2026-01-19,2026-01-19,"249,000.00",31307,0,0.0,1,195394779868,0,0,0,1,0,0,0,0,0,0,0
브룩스,신발(브룩스),글리세린 맥스 2,1104791D091,신발,275,1104791D091(275),132629453,남성,26SS,2026-01-19,2026-01-19,"249,000.00",31308,0,0.0,2,195394779875,0,0,0,2,0,0,0,0,0,0,0
브룩스,신발(브룩스),글리세린 맥스 2,1104791D091,신발,280,1104791D091(280),132629453,남성,26SS,2026-01-19,2026-01-19,"249,000.00",31309,0,0.0,1,195394779882,0,0,0,1,0,0,0,0,0,0,0
브룩스,신발(브룩스),글리세린 맥스 2,1104791D131,신발,255,1104791D131(255),132629460,남성,26SS,2026-01-19,2026-01-19,"249,000.00",31325,0,0.0,1,195394779233,0,0,0,1,0,0,0,0,0,0,0
브룩스,신발(브룩스),글리세린 맥스 2,1104791D131,신발,260,1104791D131(260),132629460,남성,26SS,2026-01-19,2026-01-19,"249,000.00",31326,0,0.0,1,195394779240,0,0,0,1,0,0,0,0,0,0,0
브룩스,신발(브룩스),글리세린 맥스 2,1104791D131,신발,265,1104791D131(265),132629460,남성,26SS,2026-01-19,2026-01-19,"249,000.00",31327,2,0.0,6,195394779257,0,0,0,3,1,2,0,0,0,0,0
브룩스,신발(브룩스),글리세린 맥스 2,1104791D131,신발,270,1104791D131(270),132629460,남성,26SS,2026-01-19,2026-01-19,"249,000.00",31328,2,0.0,7,195394779264,0,0,0,4,1,2,0,0,0,0,0
브룩스,신발(브룩스),글리세린 맥스 2,1104791D131,신발,275,1104791D131(275),132629460,남성,26SS,2026-01-19,2026-01-19,"249,000.00",31329,2,0.0,7,195394779271,0,0,0,4,1,2,0,0,0,0,0
브룩스,신발(브룩스),글리세린 맥스 2,1104791D131,신발,280,1104791D131(280),132629460,남성,26SS,2026-01-19,2026-01-19,"249,000.00",31330,0,0.0,2,195394779288,0,0,0,1,1,0,0,0,0,0,0
브룩스,신발(브룩스),글리세린 맥스 2,1104791D392,신발,255,1104791D392(255),132629459,남성,26SS,2026-01-19,2026-01-19,"249,000.00",31346,1,0.0,1,195394779981,0,0,0,0,0,1,0,0,0,0,0
브룩스,신발(브룩스),글리세린 맥스 2,1104791D392,신발,265,1104791D392(265),132629459,남성,26SS,2026-01-19,2026-01-19,"249,000.00",31348,0,0.0,1,195394780000,0,0,0,1,0,0,0,0,0,0,0
브룩스,신발(브룩스),글리세린 맥스 2,1104791D392,신발,270,1104791D392(270),132629459,남성,26SS,2026-01-19,2026-01-19,"249,000.00",31349,2,0.0,3,195394780017,0,0,0,1,0,2,0,0,0,0,0
브룩스,신발(브룩스),글리세린 맥스 2,1104791D392,신발,275,1104791D392(275),132629459,남성,26SS,2026-01-19,2026-01-19,"249,000.00",31350,2,0.0,4,195394780024,0,0,0,2,0,2,0,0,0,0,0
브룩스,신발(브룩스),글리세린 맥스 2,1104791D392,신발,280,1104791D392(280),132629459,남성,26SS,2026-01-19,2026-01-19,"249,000.00",31351,0,0.0,3,195394780031,0,0,0,2,1,0,0,0,0,0,0
브룩스,신발(브룩스),글리세린 맥스 2,1104791D392,신발,285,1104791D392(285),132629459,남성,26SS,2026-01-19,2026-01-19,"249,000.00",31352,1,0.0,2,195394780048,0,0,0,1,0,1,0,0,0,0,0
브룩스,신발(브룩스),글리세린 맥스 2,1104791D392,신발,290,1104791D392(290),132629459,남성,26SS,2026-01-19,2026-01-19,"249,000.00",31353,1,0.0,1,195394780055,0,0,0,0,0,1,0,0,0,0,0
브룩스,신발(브룩스),고스트 18,1104931D020,신발,255,1104931D020(255),136565526,남성,26FW,2026-07-27,2026-07-27,"169,000.00",40104,1,0.0,1,,0,0,0,0,0,1,0,0,0,0,0
브룩스,신발(브룩스),고스트 18,1104931D020,신발,260,1104931D020(260),136565526,남성,26FW,2026-07-27,2026-07-27,"169,000.00",40105,2,0.0,2,,0,0,0,0,0,2,0,0,0,0,0
브룩스,신발(브룩스),고스트 18,1104931D020,신발,265,1104931D020(265),136565526,남성,26FW,2026-07-27,2026-07-27,"169,000.00",40106,2,0.0,4,195394868470,0,0,0,1,1,2,0,0,0,0,0
브룩스,신발(브룩스),고스트 18,1104931D020,신발,270,1104931D020(270),136565526,남성,26FW,2026-07-27,2026-07-27,"169,000.00",40107,3,0.0,5,195394868494,0,0,0,1,1,3,0,0,0,0,0
브룩스,신발(브룩스),고스트 18,1104931D020,신발,275,1104931D020(275),136565526,남성,26FW,2026-07-27,2026-07-27,"169,000.00",40108,2,0.0,4,195394868517,0,0,0,1,1,2,0,0,0,0,0
브룩스,신발(브룩스),고스트 18,1104931D020,신발,280,1104931D020(280),136565526,남성,26FW,2026-07-27,2026-07-27,"169,000.00",40109,2,0.0,2,,0,0,0,0,0,2,0,0,0,0,0
브룩스,신발(브룩스),고스트 18,1104931D020,신발,285,1104931D020(285),136565526,남성,26FW,2026-07-27,2026-07-27,"169,000.00",40110,2,0.0,2,,0,0,0,0,0,2,0,0,0,0,0
브룩스,신발(브룩스),고스트 18,1104931D020,신발,290,1104931D020(290),136565526,남성,26FW,2026-07-27,2026-07-27,"169,000.00",40111,1,0.0,1,,0,0,0,0,0,1,0,0,0,0,0
브룩스,신발(브룩스),고스트 18,1104931D036,신발,255,1104931D036(255),136565524,남성,26FW,2026-07-27,2026-07-27,"169,000.00",40126,1,0.0,1,,0,0,0,0,0,1,0,0,0,0,0
브룩스,신발(브룩스),고스트 18,1104931D036,신발,260,1104931D036(260),136565524,남성,26FW,2026-07-27,2026-07-27,"169,000.00",40127,2,0.0,2,,0,0,0,0,0,2,0,0,0,0,0
브룩스,신발(브룩스),고스트 18,1104931D036,신발,265,1104931D036(265),136565524,남성,26FW,2026-07-27,2026-07-27,"169,000.00",40128,2,0.0,4,195394868777,0,0,0,1,1,2,0,0,0,0,0
브룩스,신발(브룩스),고스트 18,1104931D036,신발,270,1104931D036(270),136565524,남성,26FW,2026-07-27,2026-07-27,"169,000.00",40129,3,0.0,5,195394868791,0,0,0,1,1,3,0,0,0,0,0
브룩스,신발(브룩스),고스트 18,1104931D036,신발,275,1104931D036(275),136565524,남성,26FW,2026-07-27,2026-07-27,"169,000.00",40130,2,0.0,4,195394868814,0,0,0,1,1,2,0,0,0,0,0
브룩스,신발(브룩스),고스트 18,1104931D036,신발,280,1104931D036(280),136565524,남성,26FW,2026-07-27,2026-07-27,"169,000.00",40131,2,0.0,2,,0,0,0,0,0,2,0,0,0,0,0
브룩스,신발(브룩스),고스트 18,1104931D036,신발,285,1104931D036(285),136565524,남성,26FW,2026-07-27,2026-07-27,"169,000.00",40132,2,0.0,2,,0,0,0,0,0,2,0,0,0,0,0
브룩스,신발(브룩스),고스트 18,1104931D036,신발,290,1104931D036(290),136565524,남성,26FW,2026-07-27,2026-07-27,"169,000.00",40133,1,0.0,1,,0,0,0,0,0,1,0,0,0,0,0
브룩스,신발(브룩스),글리세린 GTS 23,1105031D092,신발,250,1105031D092(250),133431990,남성,26SS,2026-04-14,2026-04-14,"209,000.00",34272,0,0.0,1,195394775204,0,0,0,0,1,0,0,0,0,0,0
브룩스,신발(브룩스),글리세린 GTS 23,1105031D092,신발,260,1105031D092(260),133431990,남성,26SS,2026-04-14,2026-04-14,"209,000.00",34274,0,0.0,1,195394775228,0,0,0,1,0,0,0,0,0,0,0
브룩스,신발(브룩스),글리세린 GTS 23,1105031D092,신발,265,1105031D092(265),133431990,남성,26SS,2026-04-14,2026-04-14,"209,000.00",34275,0,0.0,1,195394775235,0,0,0,1,0,0,0,0,0,0,0
브룩스,신발(브룩스),글리세린 GTS 23,1105031D092,신발,270,1105031D092(270),133431990,남성,26SS,2026-04-14,2026-04-14,"209,000.00",34276,0,0.0,2,195394775242,0,0,0,1,1,0,0,0,0,0,0
브룩스,신발(브룩스),글리세린 GTS 23,1105031D092,신발,275,1105031D092(275),133431990,남성,26SS,2026-04-14,2026-04-14,"209,000.00",34277,0,0.0,2,195394775259,0,0,0,1,1,0,0,0,0,0,0
브룩스,신발(브룩스),글리세린 GTS 23,1105031D092,신발,290,1105031D092(290),133431990,남성,26SS,2026-04-14,2026-04-14,"209,000.00",34280,0,0.0,1,195394775280,0,0,0,1,0,0,0,0,0,0,0
브룩스,신발(브룩스),글리세린 GTS 23 와이드,1105032E020,신발,260,1105032E020(260),133431989,남성,26SS,2026-04-14,2026-04-14,"209,000.00",34295,0,0.0,1,195394776225,0,0,0,0,1,0,0,0,0,0,0
브룩스,신발(브룩스),글리세린 GTS 23 와이드,1105032E020,신발,265,1105032E020(265),133431989,남성,26SS,2026-04-14,2026-04-14,"209,000.00",34296,0,0.0,4,195394776249,0,0,0,2,2,0,0,0,0,0,0
브룩스,신발(브룩스),글리세린 GTS 23 와이드,1105032E020,신발,270,1105032E020(270),133431989,남성,26SS,2026-04-14,2026-04-14,"209,000.00",34297,0,0.0,2,195394776263,0,0,0,2,0,0,0,0,0,0,0
브룩스,신발(브룩스),글리세린 GTS 23 와이드,1105032E020,신발,275,1105032E020(275),133431989,남성,26SS,2026-04-14,2026-04-14,"209,000.00",34298,0,0.0,2,195394776287,0,0,0,0,2,0,0,0,0,0,0
브룩스,신발(브룩스),글리세린 GTS 23 와이드,1105032E020,신발,280,1105032E020(280),133431989,남성,26SS,2026-04-14,2026-04-14,"209,000.00",34299,0,0.0,2,195394776300,0,0,0,1,1,0,0,0,0,0,0
브룩스,신발(브룩스),글리세린 GTS 23 와이드,1105032E020,신발,285,1105032E020(285),133431989,남성,26SS,2026-04-14,2026-04-14,"209,000.00",34300,0,0.0,2,195394776324,0,0,0,1,1,0,0,0,0,0,0
새티스파이,의류(새티스파이),스페이스 오 싱글렛,11146-00001,의류,L,11146-00001(L),133689203,남성,26SS,2026-05-20,2026-05-20,"240,000.00",36265,0,0.0,2,3667386023909,0,0,0,1,1,0,0,0,0,0,0
새티스파이,의류(새티스파이),스페이스 오 싱글렛,11146-00001,의류,M,11146-00001(M),133689203,남성,26SS,2026-05-20,2026-05-20,"240,000.00",36264,0,0.0,2,3667386023893,0,0,0,2,0,0,0,0,0,0,0
새티스파이,의류(새티스파이),스페이스 오 싱글렛,11146-00001,의류,S,11146-00001(S),133689203,남성,26SS,2026-05-20,2026-05-20,"240,000.00",36263,0,0.0,1,3667386023886,0,0,0,1,0,0,0,0,0,0,0
새티스파이,의류(새티스파이),스페이스 오 싱글렛,11146-11401,의류,L,11146-11401(L),133689197,남성,26SS,2026-05-20,2026-05-20,"240,000.00",36273,0,0.0,1,3667386023985,0,0,0,1,0,0,0,0,0,0,0
새티스파이,의류(새티스파이),스페이스 오 싱글렛,11146-11401,의류,M,11146-11401(M),133689197,남성,26SS,2026-05-20,2026-05-20,"240,000.00",36272,0,0.0,1,3667386023978,0,0,0,0,1,0,0,0,0,0,0
새티스파이,의류(새티스파이),스페이스 오 싱글렛,11146-11401,의류,XL,11146-11401(XL),133689197,남성,26SS,2026-05-20,2026-05-20,"240,000.00",36274,0,0.0,1,3667386023992,0,0,0,1,0,0,0,0,0,0,0
호카,용품(호카),크루 런 삭 3팩,1122931-DBIWE,용품,L,1122931-DBIWE(L),131551657,공용,25FW,2025-07-05,2025-07-05,"55,000.00",20409,9,0.0,1,,0,0,0,0,0,1,0,0,0,0,0
호카,용품(호카),크루 런 삭 3팩,1122931-DBIWE,용품,XL,1122931-DBIWE(XL),131551657,공용,25FW,2025-07-05,2025-07-05,"55,000.00",20410,8,0.0,3,,0,0,0,0,0,3,0,0,0,0,0
호카,용품(호카),크루 런 삭 3팩,1122931-WHTWH,용품,L,1122931-WHTWH(L),131709849,공용,25FW,2025-07-05,2025-07-05,"55,000.00",20399,0,0.0,8,,0,0,0,0,0,8,0,0,0,0,0
호카,용품(호카),크루 런 삭 3팩,1122931-WHTWH,용품,M,1122931-WHTWH(M),131709849,공용,25FW,2025-07-05,2025-07-05,"55,000.00",20398,1,0.0,6,,0,0,0,0,0,6,0,0,0,0,0
호카,용품(호카),크루 런 삭 3팩,1122931-WHTWH,용품,S,1122931-WHTWH(S),131709849,공용,25FW,2025-07-05,2025-07-05,"55,000.00",20397,2,0.0,2,,0,0,0,0,0,2,0,0,0,0,0
호카,용품(호카),크루 런 삭 3팩,1122931-WHTWH,용품,XL,1122931-WHTWH(XL),131709849,공용,25FW,2025-07-05,2025-07-05,"55,000.00",20400,5,0.0,10,,0,0,0,0,0,10,0,0,0,0,0
호카,신발(호카),마파테 스피드 4,1129930-SLRL,신발,250,1129930-SLRL(250),123233667,남성,24FW,2024-08-21,2024-08-21,"239,000.00",8056,1,0.0,1,197634075983,0,0,0,0,0,1,0,0,0,0,0
툴레,용품(툴레),유모차 컵홀더,11300406,용품,1SIZE,11300406(1SIZE),131429546,0,25FW,2025-08-14,2025-08-14,"90,000.00",24242,0,0.0,1,,0,0,0,0,0,1,0,0,0,0,0
호카,신발(호카),마파테 스피드 4,1131056-NSOF,신발,220,1131056-NSOF(220),123477829,여성,24FW,2024-08-21,2024-08-21,"239,000.00",8302,1,0.0,1,196565558329,0,0,0,0,0,1,0,0,0,0,0
호카,신발(호카),마파테 스피드 4,1131056-NSOF,신발,225,1131056-NSOF(225),123477829,여성,24FW,2024-08-21,2024-08-21,"239,000.00",8303,1,0.0,1,196565558312,0,0,0,0,0,1,0,0,0,0,0
호카,신발(호카),마파테 스피드 4,1131056-NSOF,신발,230,1131056-NSOF(230),123477829,여성,24FW,2024-08-21,2024-08-21,"239,000.00",8304,1,0.0,1,196565558343,0,0,0,0,0,1,0,0,0,0,0
호카,신발(호카),마파테 스피드 4,1131056-NSOF,신발,235,1131056-NSOF(235),123477829,여성,24FW,2024-08-21,2024-08-21,"239,000.00",8305,1,0.0,1,196565558336,0,0,0,0,0,1,0,0,0,0,0
호카,신발(호카),마파테 스피드 4,1131056-PPYR,신발,220,1131056-PPYR(220),123477830,여성,24FW,2024-08-21,2024-08-21,"239,000.00",8323,1,0.0,1,197634076492,0,0,0,0,0,1,0,0,0,0,0
호카,신발(호카),클리프톤 9 와이드,1132210-FTG,신발,250,1132210-FTG(250),123233661,남성,24FW,2024-08-20,2024-08-20,"199,000.00",8266,0,0.0,1,197634443577,0,0,0,0,1,0,0,0,0,0,0
호카,신발(호카),텍톤 X 2,1134507-OFNS,신발,220,1134507-OFNS(220),123477833,여성,24FW,2024-08-21,2024-08-21,"299,000.00",8407,1,0.0,1,196565565051,0,0,0,0,0,1,0,0,0,0,0
호카,신발(호카),텍톤 X 2,1134507-OFNS,신발,225,1134507-OFNS(225),123477833,여성,24FW,2024-08-21,2024-08-21,"299,000.00",8408,1,0.0,1,196565564900,0,0,0,0,0,1,0,0,0,0,0
호카,신발(호카),텍톤 X 2,1134516-EPRY,신발,250,1134516-EPRY(250),123233656,남성,24FW,2024-08-21,2024-08-21,"299,000.00",8161,0,0.0,1,196565566072,0,0,0,0,1,0,0,0,0,0,0
호카,신발(호카),오라 리커버리 슬라이드 3,1135061-SLSSS,신발,250,1135061-SLSSS(250),132706757,남성,26SS,2025-12-26,2025-12-26,"79,000.00",30401,0,0.0,1,198605541988,0,0,0,1,0,0,0,0,0,0,0
호카,신발(호카),오라 리커버리 슬라이드 3,1135061-SLSSS,신발,260,1135061-SLSSS(260),132706757,남성,26SS,2025-12-26,2025-12-26,"79,000.00",30403,0,0.0,1,198605541759,0,0,0,1,0,0,0,0,0,0,0
호카,신발(호카),오라 리커버리 슬라이드 3,1135061-SLSSS,신발,290,1135061-SLSSS(290),132706757,남성,26SS,2025-12-26,2025-12-26,"79,000.00",30409,0,0.0,1,198605541841,0,0,0,1,0,0,0,0,0,0,0
호카,신발(호카),마하 6,1147790-DDW,신발,250,1147790-DDW(250),123233659,남성,24FW,2024-08-20,2024-09-13,"185,000.00",8224,2,0.0,2,197634099736,0,0,0,0,0,2,0,0,0,0,0
호카,신발(호카),마하 6,1147790-DDW,신발,260,1147790-DDW(260),123233659,남성,24FW,2024-08-20,2024-09-13,"185,000.00",8226,1,0.0,1,197634099750,0,0,0,0,0,1,0,0,0,0,0
호카,신발(호카),마하 6,1147790-FLV,신발,255,1147790-FLV(255),130816048,남성,25SS,2025-02-25,2025-02-25,"185,000.00",13178,1,0.0,1,197634713700,0,0,0,0,0,1,0,0,0,0,0
호카,신발(호카),마하 6,1147790-FLV,신발,265,1147790-FLV(265),130816048,남성,25SS,2025-02-25,2025-02-25,"185,000.00",13180,2,0.0,2,197634713724,0,0,0,0,0,2,0,0,0,0,0
호카,신발(호카),마하 6,1147790-FLV,신발,275,1147790-FLV(275),130816048,남성,25SS,2025-02-25,2025-02-25,"185,000.00",13182,1,0.0,3,197634713748,0,0,0,0,2,1,0,0,0,0,0
호카,신발(호카),마하 6,1147790-FLV,신발,285,1147790-FLV(285),130816048,남성,25SS,2025-02-25,2025-02-25,"185,000.00",13184,1,0.0,1,197634713793,0,0,0,0,0,1,0,0,0,0,0
호카,신발(호카),마하 6,1147790-SNTF,신발,250,1147790-SNTF(250),131303587,남성,25FW,2025-07-02,2025-07-02,"185,000.00",20210,1,0.0,1,198605335389,0,0,0,0,0,1,0,0,0,0,0
호카,신발(호카),마하 6,1147790-SNTF,신발,255,1147790-SNTF(255),131303587,남성,25FW,2025-07-02,2025-07-02,"185,000.00",20211,1,0.0,1,198605335372,0,0,0,0,0,1,0,0,0,0,0
호카,신발(호카),마하 6,1147790-SNTF,신발,260,1147790-SNTF(260),131303587,남성,25FW,2025-07-02,2025-07-02,"185,000.00",20212,7,0.0,7,198605335402,0,0,0,0,0,7,0,0,0,0,0
호카,신발(호카),마하 6,1147790-SNTF,신발,265,1147790-SNTF(265),131303587,남성,25FW,2025-07-02,2025-07-02,"185,000.00",20213,0,0.0,1,198605335396,0,0,0,0,1,0,0,0,0,0,0
호카,신발(호카),마하 6,1147790-SNTF,신발,270,1147790-SNTF(270),131303587,남성,25FW,2025-07-02,2025-07-02,"185,000.00",20214,1,0.0,1,198605335426,0,0,0,0,0,1,0,0,0,0,0
호카,신발(호카),마하 6,1147790-SNTF,신발,280,1147790-SNTF(280),131303587,남성,25FW,2025-07-02,2025-07-02,"185,000.00",20216,1,0.0,1,198605335471,0,0,0,0,0,1,0,0,0,0,0
호카,신발(호카),마하 6,1147790-YZC,신발,255,1147790-YZC(255),127541531,남성,25SS,2025-02-10,2025-02-10,"185,000.00",13073,1,0.0,1,,0,0,0,0,0,1,0,0,0,0,0
호카,신발(호카),마하 6,1147790-YZC,신발,265,1147790-YZC(265),127541531,남성,25SS,2025-02-10,2025-02-10,"185,000.00",13075,1,0.0,1,,0,0,0,0,0,1,0,0,0,0,0
호카,신발(호카),마하 6,1147790-YZC,신발,270,1147790-YZC(270),127541531,남성,25SS,2025-02-10,2025-02-10,"185,000.00",13076,1,0.0,1,,0,0,0,0,0,1,0,0,0,0,0
호카,신발(호카),마하 6,1147790-YZC,신발,275,1147790-YZC(275),127541531,남성,25SS,2025-02-10,2025-02-10,"185,000.00",13077,1,0.0,1,,0,0,0,0,0,1,0,0,0,0,0
호카,신발(호카),마하 6,1147790-YZC,신발,280,1147790-YZC(280),127541531,남성,25SS,2025-02-10,2025-02-10,"185,000.00",13078,1,0.0,1,,0,0,0,0,0,1,0,0,0,0,0
호카,신발(호카),마하 6,1147810-SCCG,신발,245,1147810-SCCG(245),,여성,25FW,2025-07-22,2025-07-22,"185,000.00",20314,1,0.0,1,198605137990,0,0,0,0,0,1,0,0,0,0,0
호카,신발(호카),스피드고트 6 와이드,1147832-SRBT,신발,220,1147832-SRBT(220),123539098,여성,24FW,2024-08-21,2024-08-21,"205,000.00",8344,0,0.0,1,197634102481,0,0,0,0,1,0,0,0,0,0,0
호카,신발(호카),스피드고트 6 와이드,1147832-SRBT,신발,225,1147832-SRBT(225),123539098,여성,24FW,2024-08-21,2024-08-21,"205,000.00",8345,0,0.0,1,197634102474,0,0,0,0,1,0,0,0,0,0,0
호카,신발(호카),스피드고트 6 와이드,1147832-VYM,신발,220,1147832-VYM(220),123477831,여성,24FW,2024-08-21,2024-08-21,"205,000.00",8365,0,0.0,1,197634617435,0,0,0,0,1,0,0,0,0,0,0
호카,신발(호카),스피드고트 6 와이드,1147832-VYM,신발,225,1147832-VYM(225),123477831,여성,24FW,2024-08-21,2024-08-21,"205,000.00",8366,0,0.0,1,197634617428,0,0,0,0,1,0,0,0,0,0,0
호카,신발(호카),스피드고트 6 와이드,1147832-VYM,신발,230,1147832-VYM(230),123477831,여성,24FW,2024-08-21,2024-08-21,"205,000.00",8367,0,0.0,1,197634617459,0,0,0,0,1,0,0,0,0,0,0
호카,신발(호카),스피드고트 6 와이드,1147832-VYM,신발,250,1147832-VYM(250),123477831,여성,24FW,2024-08-21,2024-08-21,"205,000.00",8371,0,0.0,1,197634617527,0,0,0,0,1,0,0,0,0,0,0
호카,신발(호카),마하 6 와이드,1147833-DHN,신발,265,1147833-DHN(265),124349643,남성,25SS,2025-01-10,2025-01-10,"185,000.00",13054,0,0.0,1,197634718644,0,0,0,0,1,0,0,0,0,0,0
호카,신발(호카),스카이워드 X,1147911-LMTH,신발,250,1147911-LMTH(250),124349642,남성,25SS,2025-01-10,2025-01-10,"279,000.00",13030,1,0.0,1,197634722252,0,0,0,0,0,1,0,0,0,0,0
호카,신발(호카),스카이워드 X,1147911-LMTH,신발,255,1147911-LMTH(255),124349642,남성,25SS,2025-01-10,2025-01-10,"279,000.00",13031,1,0.0,1,197634722245,0,0,0,0,0,1,0,0,0,0,0
호카,신발(호카),스카이워드 X,1147911-LMTH,신발,260,1147911-LMTH(260),124349642,남성,25SS,2025-01-10,2025-01-10,"279,000.00",13032,2,0.0,2,197634722115,0,0,0,0,0,2,0,0,0,0,0
호카,신발(호카),스카이워드 X,1147911-LMTH,신발,265,1147911-LMTH(265),124349642,남성,25SS,2025-01-10,2025-01-10,"279,000.00",13033,1,0.0,1,197634722269,0,0,0,0,0,1,0,0,0,0,0
호카,신발(호카),스카이워드 X,1147911-LMTH,신발,270,1147911-LMTH(270),124349642,남성,25SS,2025-01-10,2025-01-10,"279,000.00",13034,1,0.0,1,197634722146,0,0,0,0,0,1,0,0,0,0,0
호카,신발(호카),스카이워드 X,1147911-LMTH,신발,280,1147911-LMTH(280),124349642,남성,25SS,2025-01-10,2025-01-10,"279,000.00",13036,1,0.0,1,197634722160,0,0,0,0,0,1,0,0,0,0,0
호카,의류(호카),글라이드 5인치 쇼츠 w/Brief,1151077-BLK,의류,S,1151077-BLK(S),127541527,남성,25SS,2025-01-22,2025-01-22,"89,000.00",12969,0,0.0,2,197634143927,0,0,0,0,0,2,0,0,0,0,0
호카,신발(호카),텍톤 X 3,1155112-SSC,신발,265,1155112-SSC(265),123233668,남성,24FW,2024-08-20,2024-08-20,"339,000.00",8185,0,0.0,1,197634468228,0,0,0,0,0,1,0,0,0,0,0
호카,신발(호카),마파테 X,1161990-BCMN,신발,255,1161990-BCMN(255),133315340,남성,26SS,2026-03-27,2026-03-27,"299,000.00",29982,2,0.0,5,198605551727,0,0,0,1,2,2,0,0,0,0,0
호카,신발(호카),마파테 X,1161990-BCMN,신발,260,1161990-BCMN(260),133315340,남성,26SS,2026-03-27,2026-03-27,"299,000.00",29983,2,0.0,5,198605551758,0,0,0,1,2,2,0,0,0,0,0
호카,신발(호카),마파테 X,1161990-BCMN,신발,265,1161990-BCMN(265),133315340,남성,26SS,2026-03-27,2026-03-27,"299,000.00",29984,2,0.0,6,198605551741,0,0,0,2,2,2,0,0,0,0,0
호카,신발(호카),마파테 X,1161990-BCMN,신발,270,1161990-BCMN(270),133315340,남성,26SS,2026-03-27,2026-03-27,"299,000.00",29985,1,0.0,5,198605551772,0,0,0,2,2,1,0,0,0,0,0
호카,신발(호카),마파테 X,1161990-BCMN,신발,280,1161990-BCMN(280),133315340,남성,26SS,2026-03-27,2026-03-27,"299,000.00",29987,1,0.0,1,198605551628,0,0,0,0,0,1,0,0,0,0,0
호카,신발(호카),마파테 X,1161990-NNH,신발,250,1161990-NNH(250),131618330,남성,25FW,2025-08-20,2025-08-20,"299,000.00",20357,0,0.0,1,198605163234,0,0,0,0,1,0,0,0,0,0,0
호카,신발(호카),마파테 X,1161990-NNH,신발,260,1161990-NNH(260),131618330,남성,25FW,2025-08-20,2025-08-20,"299,000.00",20359,0,0.0,1,198605163258,0,0,0,0,1,0,0,0,0,0,0
호카,신발(호카),마파테 X,1161990-NNH,신발,265,1161990-NNH(265),131618330,남성,25FW,2025-08-20,2025-08-20,"299,000.00",20360,0,0.0,1,198605163241,0,0,0,0,1,0,0,0,0,0,0
호카,신발(호카),마파테 X,1161990-NNH,신발,270,1161990-NNH(270),131618330,남성,25FW,2025-08-20,2025-08-20,"299,000.00",20361,0,0.0,2,198605163272,0,0,0,0,2,0,0,0,0,0,0
호카,신발(호카),마파테 X,1161990-NNH,신발,280,1161990-NNH(280),131618330,남성,25FW,2025-08-20,2025-08-20,"299,000.00",20363,0,0.0,1,198605163142,0,0,0,0,1,0,0,0,0,0,0
호카,신발(호카),마파테 X,1161990-NNH,신발,285,1161990-NNH(285),131618330,남성,25FW,2025-08-20,2025-08-20,"299,000.00",20364,0,0.0,1,198605163319,0,0,0,0,1,0,0,0,0,0,0
호카,신발(호카),마파테 X,1161990-ZTM,신발,250,1161990-ZTM(250),130278020,남성,25SS,2025-05-12,2025-05-12,"299,000.00",12680,0,0.0,1,197634864501,0,0,0,0,1,0,0,0,0,0,0
호카,신발(호카),마파테 X,1162010-BSTC,신발,230,1162010-BSTC(230),132542663,여성,26SS,2025-12-26,2025-12-26,"299,000.00",29998,0,0.0,1,198605551987,0,0,0,1,0,0,0,0,0,0,0
호카,신발(호카),마파테 X,1162010-BSTC,신발,235,1162010-BSTC(235),132542663,여성,26SS,2025-12-26,2025-12-26,"299,000.00",29999,1,0.0,2,198605551970,0,0,0,1,0,1,0,0,0,0,0
호카,신발(호카),마파테 X,1162010-BSTC,신발,240,1162010-BSTC(240),132542663,여성,26SS,2025-12-26,2025-12-26,"299,000.00",30000,0,0.0,2,198605551819,0,0,0,2,0,0,0,0,0,0,0
호카,신발(호카),마파테 X,1162010-FPR,신발,230,1162010-FPR(230),130278021,여성,25SS,2025-05-12,2025-05-12,"299,000.00",12697,3,0.0,3,197634739120,0,0,0,0,0,3,0,0,0,0,0
호카,신발(호카),마파테 X,1162010-FPR,신발,240,1162010-FPR(240),130278021,여성,25SS,2025-05-12,2025-05-12,"299,000.00",12699,0,0.0,1,197634739007,0,0,0,0,1,0,0,0,0,0,0
호카,신발(호카),본디 9,1162011-SNTF,신발,280,1162011-SNTF(280),131028973,남성,25FW,2025-06-27,2025-06-27,"229,000.00",20132,0,0.0,1,198605164705,0,0,0,0,1,0,0,0,0,0,0
호카,신발(호카),본디 9,1162011-SSTC,신발,265,1162011-SSTC(265),131028972,남성,25FW,2025-06-27,2025-06-27,"229,000.00",20108,0,0.0,1,198605164576,0,0,0,0,1,0,0,0,0,0,0
호카,신발(호카),본디 9,1162011-SSTC,신발,270,1162011-SSTC(270),131028972,남성,25FW,2025-06-27,2025-06-27,"229,000.00",20109,0,0.0,0,198605164392,0,0,0,0,0,0,0,1,0,0,0
호카,신발(호카),본디 9,1162011-SSTC,신발,280,1162011-SSTC(280),131028972,남성,25FW,2025-06-27,2025-06-27,"229,000.00",20111,0,0.0,1,198605164446,0,0,0,0,1,0,0,0,0,0,0
호카,신발(호카),본디 9 와이드,1162013-CYLT,신발,255,1162013-CYLT(255),133315330,남성,26SS,2026-03-27,2026-03-27,"229,000.00",30150,0,0.0,1,197634744940,0,0,0,0,1,0,0,0,0,0,0
호카,신발(호카),본디 9 와이드,1162013-CYLT,신발,265,1162013-CYLT(265),133315330,남성,26SS,2026-03-27,2026-03-27,"229,000.00",30152,0,0.0,2,197634744957,0,0,0,0,2,0,0,0,0,0,0
호카,신발(호카),본디 9 와이드,1162013-CYLT,신발,270,1162013-CYLT(270),133315330,남성,26SS,2026-03-27,2026-03-27,"229,000.00",30153,0,0.0,2,197634744988,0,0,0,1,1,0,0,0,0,0,0
호카,신발(호카),본디 9 와이드,1162013-SCCG,신발,255,1162013-SCCG(255),133315337,남성,26SS,2026-03-27,2026-03-27,"229,000.00",30087,0,0.0,1,198605781308,0,0,0,0,1,0,0,0,0,0,0
호카,신발(호카),본디 9 와이드,1162013-SCCG,신발,270,1162013-SCCG(270),133315337,남성,26SS,2026-03-27,2026-03-27,"229,000.00",30090,0,0.0,2,198605781353,0,0,0,0,2,0,0,0,0,0,0
호카,신발(호카),본디 9 와이드,1162013-SCCG,신발,275,1162013-SCCG(275),133315337,남성,26SS,2026-03-27,2026-03-27,"229,000.00",30091,0,0.0,1,198605781346,0,0,0,1,0,0,0,0,0,0,0
호카,신발(호카),본디 9 와이드,1162013-SCCG,신발,285,1162013-SCCG(285),133315337,남성,26SS,2026-03-27,2026-03-27,"229,000.00",30093,0,0.0,1,198605781391,0,0,0,0,1,0,0,0,0,0,0
호카,신발(호카),클리프톤 10,1162030-SCCV,신발,265,1162030-SCCV(265),131230548,남성,25FW,2025-07-22,2025-07-22,"199,000.00",20192,0,0.0,0,198605169762,0,0,0,0,0,0,0,1,0,0,0
호카,신발(호카),클리프톤 10,1162030-SCCV,신발,280,1162030-SCCV(280),131230548,남성,25FW,2025-07-22,2025-07-22,"199,000.00",20195,0,0.0,1,198605169632,0,0,0,0,1,0,0,0,0,0,0
호카,신발(호카),클리프톤 10 와이드,1162032-BBLC,신발,265,1162032-BBLC(265),129461595,남성,25FW,2025-08-11,2025-08-11,"199,000.00",12872,0,0.0,1,197634753171,0,0,0,0,1,0,0,0,0,0,0
호카,신발(호카),클리프톤 10 와이드,1162032-FFF,신발,270,1162032-FFF(270),131028974,남성,25FW,2025-06-27,2025-06-27,"199,000.00",20172,0,0.0,1,198605172342,0,0,0,0,0,1,0,0,0,0,0
호카,신발(호카),클리프톤 10 와이드,1162032-STLLR,신발,265,1162032-STLLR(265),132434077,남성,26SS,2025-12-26,2025-12-26,"199,000.00",30257,0,0.0,1,197634753812,0,0,0,0,1,0,0,0,0,0,0
호카,신발(호카),클리프톤 10 와이드,1162032-STLLR,신발,275,1162032-STLLR(275),132434077,남성,26SS,2025-12-26,2025-12-26,"199,000.00",30259,0,0.0,2,,0,0,0,0,2,0,0,0,0,0,0
호카,신발(호카),클리프톤 10 와이드,1162050-CRDS,신발,230,1162050-CRDS(230),133316433,여성,26SS,2026-03-27,2026-03-27,"199,000.00",30271,0,0.0,1,197634754796,0,0,0,0,1,0,0,0,0,0,0
호카,신발(호카),클리프톤 10 와이드,1162050-VCH,신발,225,1162050-VCH(225),132706718,여성,26SS,,,"199,000.00",30228,0,0.0,1,197634755113,0,0,0,0,1,0,0,0,0,0,0
호카,신발(호카),클리프톤 10 와이드,1162050-VCH,신발,230,1162050-VCH(230),132706718,여성,26SS,2026-01-29,2026-01-29,"199,000.00",30229,0,0.0,2,197634755120,0,0,0,0,2,0,0,0,0,0,0
호카,신발(호카),클리프톤 10 와이드,1162050-VCH,신발,235,1162050-VCH(235),132706718,여성,26SS,2026-01-29,2026-01-29,"199,000.00",30230,0,0.0,1,197634755137,0,0,0,0,1,0,0,0,0,0,0
호카,신발(호카),씨엘로 X1 2.0,1162053-FLCK,신발,250,1162053-FLCK(250),127541530,남성,25SS,2025-02-10,2025-02-10,"329,000.00",13009,0,0.0,1,197634757049,0,0,0,0,1,0,0,0,0,0,0
호카,신발(호카),씨엘로 X1 2.0,1162053-FLCK,신발,255,1162053-FLCK(255),127541530,남성,25SS,2025-02-10,2025-02-10,"329,000.00",13010,0,0.0,1,197634757032,0,0,0,0,1,0,0,0,0,0,0
호카,신발(호카),씨엘로 X1 2.0,1162053-FLCK,신발,260,1162053-FLCK(260),127541530,남성,25SS,2025-02-10,2025-02-10,"329,000.00",13011,0,0.0,1,197634757063,0,0,0,0,1,0,0,0,0,0,0
호카,신발(호카),씨엘로 X1 2.0,1162053-FLCK,신발,270,1162053-FLCK(270),127541530,남성,25SS,2025-02-10,2025-02-10,"329,000.00",13013,0,0.0,1,197634757087,0,0,0,0,1,0,0,0,0,0,0
호카,신발(호카),씨엘로 X1 2.0,1162053-FLCK,신발,275,1162053-FLCK(275),127541530,남성,25SS,2025-02-10,2025-02-10,"329,000.00",13014,0,0.0,1,197634757070,0,0,0,0,1,0,0,0,0,0,0
호카,신발(호카),씨엘로 X1 2.0,1162053-FLCK,신발,280,1162053-FLCK(280),127541530,남성,25SS,2025-02-10,2025-02-10,"329,000.00",13015,0,0.0,1,197634756905,0,0,0,0,1,0,0,0,0,0,0
호카,신발(호카),씨엘로 X1 2.0,1162053-SKYW,신발,255,1162053-SKYW(255),131028978,남성,25FW,2025-06-27,2025-06-27,"329,000.00",20001,1,0.0,1,,0,0,0,0,0,1,0,0,0,0,0
호카,신발(호카),씨엘로 X1 2.0,1162053-SKYW,신발,260,1162053-SKYW(260),131028978,남성,25FW,2025-06-27,2025-06-27,"329,000.00",20002,0,0.0,1,198605174049,0,0,0,0,1,0,0,0,0,0,0
호카,신발(호카),씨엘로 X1 2.0,1162053-SKYW,신발,265,1162053-SKYW(265),131028978,남성,25FW,2025-06-27,2025-06-27,"329,000.00",20003,0,0.0,1,198605174025,0,0,0,0,1,0,0,0,0,0,0
호카,신발(호카),씨엘로 X1 2.0,1162053-SKYW,신발,270,1162053-SKYW(270),131028978,남성,25FW,2025-06-27,2025-06-27,"329,000.00",20004,0,0.0,1,198605174063,0,0,0,0,1,0,0,0,0,0,0
호카,신발(호카),씨엘로 X1 2.0,1162053-SKYW,신발,275,1162053-SKYW(275),131028978,남성,25FW,2025-06-27,2025-06-27,"329,000.00",20005,0,0.0,1,198605174056,0,0,0,0,1,0,0,0,0,0,0
호카,신발(호카),씨엘로 X1 2.0,1162053-SKYW,신발,280,1162053-SKYW(280),131028978,남성,25FW,2025-06-27,2025-06-27,"329,000.00",20006,1,0.0,1,,0,0,0,0,0,1,0,0,0,0,0
호카,신발(호카),마하 X 2 와이드,1162390-SYWR,신발,265,1162390-SYWR(265),130816060,남성,25SS,2025-04-08,2025-04-08,"249,000.00",13117,0,0.0,1,197634760902,0,0,0,0,0,0,0,0,0,0,1
호카,신발(호카),마하 X 2 와이드,1162390-SYWR,신발,280,1162390-SYWR(280),130816060,남성,25SS,2025-04-08,2025-04-08,"249,000.00",13120,0,0.0,1,197634760773,0,0,0,0,0,0,0,0,0,0,1
호카,신발(호카),마하 X 2 와이드,1162410-GFRT,신발,230,1162410-GFRT(230),127541533,여성,25SS,2025-02-10,2025-02-10,"249,000.00",13131,4,0.0,4,197634760926,0,0,0,0,0,4,0,0,0,0,0
호카,신발(호카),마하 X 2 와이드,1162410-GFRT,신발,235,1162410-GFRT(235),127541533,여성,25SS,2025-02-10,2025-02-10,"249,000.00",13132,4,0.0,4,197634760933,0,0,0,0,0,4,0,0,0,0,0
호카,신발(호카),마하 X 2 와이드,1162410-GFRT,신발,240,1162410-GFRT(240),127541533,여성,25SS,2025-02-10,2025-02-10,"249,000.00",13133,0,0.0,1,197634760940,0,0,0,0,1,0,0,0,0,0,0
호카,신발(호카),마하 X 2 와이드,1162410-GFRT,신발,245,1162410-GFRT(245),127541533,여성,25SS,2025-02-10,2025-02-10,"249,000.00",13134,0,0.0,0,197634761077,0,0,0,0,0,0,0,1,0,0,0
호카,의류(호카),레이스데이 싱글렛,1164154-BLK,의류,M,1164154-BLK(M),131441978,남성,25FW,2025-06-27,2025-06-27,"105,000.00",20426,0,0.0,2,198605326264,0,0,0,0,1,1,0,0,0,0,0
호카,의류(호카),레이스데이 싱글렛,1164154-HKB,의류,L,1164154-HKB(L),131442008,남성,25FW,2025-06-27,2025-06-27,"105,000.00",20435,0,0.0,1,,0,0,0,0,1,0,0,0,0,0,0
호카,의류(호카),레이스데이 싱글렛,1164154-HKB,의류,S,1164154-HKB(S),131442008,남성,25FW,2025-06-27,2025-06-27,"105,000.00",20433,0,0.0,1,198605326387,0,0,0,0,1,0,0,0,0,0,0
호카,의류(호카),레이스 데이 싱글렛,1164154-HKCT,의류,L,1164154-HKCT(L),127541528,남성,25SS,2025-01-22,2025-01-22,"105,000.00",12995,0,0.0,3,197634835211,0,0,0,0,1,2,0,0,0,0,0
호카,의류(호카),레이스 데이 싱글렛,1164154-HKCT,의류,M,1164154-HKCT(M),127541528,남성,25SS,2025-01-22,2025-01-22,"105,000.00",12994,0,0.0,1,197634835228,0,0,0,1,0,0,0,0,0,0,0
호카,의류(호카),레이스데이 싱글렛,1164154-WHT,의류,M,1164154-WHT(M),130816059,남성,25SS,2025-02-24,2025-02-24,"105,000.00",12986,0,0.0,3,197634835297,0,0,0,3,0,0,0,0,0,0,0
호카,의류(호카),레이스데이 싱글렛,1164154-WHT,의류,S,1164154-WHT(S),130816059,남성,25SS,2025-02-24,2025-02-24,"105,000.00",12985,0,0.0,1,197634835341,0,0,0,0,1,0,0,0,0,0,0
호카,신발(호카),아라히 8,1168690-TYS,신발,265,1168690-TYS(265),131079710,남성,25FW,2025-07-02,2025-07-02,"199,000.00",20150,0,0.0,1,198605183362,0,0,0,0,1,0,0,0,0,0,0
호카,신발(호카),아라히 8,1168690-TYS,신발,270,1168690-TYS(270),131079710,남성,25FW,2025-07-02,2025-07-02,"199,000.00",20151,0,0.0,2,198605183393,0,0,0,0,2,0,0,0,0,0,0
호카,신발(호카),마하 X 3,1168720-WNG,신발,270,1168720-WNG(270),131543909,남성,25FW,2025-08-20,2025-08-20,"249,000.00",20067,0,0.0,1,198605192357,0,0,0,0,1,0,0,0,0,0,0
호카,신발(호카),마파테 5,1168722-CMNTB,신발,255,1168722-CMNTB(255),132542686,남성,26SS,2025-12-26,2025-12-26,"259,000.00",30045,6,0.0,8,198605567025,0,0,0,2,0,6,0,0,0,0,0
호카,신발(호카),마파테 5,1168722-CMNTB,신발,265,1168722-CMNTB(265),132542686,남성,26SS,2025-12-26,2025-12-26,"259,000.00",30047,3,0.0,6,198605567049,0,0,0,3,0,3,0,0,0,0,0
호카,신발(호카),마파테 5,1168722-CMNTB,신발,270,1168722-CMNTB(270),132542686,남성,26SS,2025-12-26,2025-12-26,"259,000.00",30048,4,0.0,6,198605567070,0,0,0,2,0,4,0,0,0,0,0
호카,신발(호카),마파테 5,1168722-CMNTB,신발,275,1168722-CMNTB(275),132542686,남성,26SS,2025-12-26,2025-12-26,"259,000.00",30049,0,0.0,1,198605567063,0,0,0,1,0,0,0,0,0,0,0
호카,신발(호카),마파테 5,1168722-CMNTB,신발,280,1168722-CMNTB(280),132542686,남성,26SS,2025-12-26,2025-12-26,"259,000.00",30050,2,0.0,3,198605567124,0,0,0,1,0,2,0,0,0,0,0
호카,신발(호카),마파테 5,1168722-NNR,신발,255,1168722-NNR(255),131618323,남성,25FW,2025-08-20,2025-08-20,"259,000.00",20379,0,0.0,1,198605193033,0,0,0,0,1,0,0,0,0,0,0
호카,신발(호카),마파테 5,1168722-NNR,신발,260,1168722-NNR(260),131618323,남성,25FW,2025-08-20,2025-08-20,"259,000.00",20380,0,0.0,1,198605193064,0,0,0,0,1,0,0,0,0,0,0
호카,신발(호카),마파테 5,1168722-NNR,신발,265,1168722-NNR(265),131618323,남성,25FW,2025-08-20,2025-08-20,"259,000.00",20381,0,0.0,1,198605193057,0,0,0,0,1,0,0,0,0,0,0
호카,신발(호카),마파테 5,1168722-NNR,신발,270,1168722-NNR(270),131618323,남성,25FW,2025-08-20,2025-08-20,"259,000.00",20382,0,0.0,2,198605193088,0,0,0,0,2,0,0,0,0,0,0
호카,신발(호카),마파테 5,1168722-NNR,신발,275,1168722-NNR(275),131618323,남성,25FW,2025-08-20,2025-08-20,"259,000.00",20383,0,0.0,1,198605193071,0,0,0,0,1,0,0,0,0,0,0
호카,신발(호카),마파테 5,1168722-NNR,신발,280,1168722-NNR(280),131618323,남성,25FW,2025-08-20,2025-08-20,"259,000.00",20384,0,0.0,1,198605193132,0,0,0,0,1,0,0,0,0,0,0
호카,신발(호카),로켓 X 3,1168724-ARFR,신발,240,1168724-ARFR(240),132542652,남성,26SS,2025-12-26,2025-12-26,"299,000.00",30021,1,0.0,1,,0,0,0,0,0,1,0,0,0,0,0
호카,신발(호카),로켓 X 3,1168724-ARFR,신발,245,1168724-ARFR(245),132542652,남성,26SS,2025-12-26,2025-12-26,"299,000.00",30022,1,0.0,1,,0,0,0,0,0,1,0,0,0,0,0
호카,신발(호카),로켓 X 3,1168724-ARFR,신발,250,1168724-ARFR(250),132542652,남성,26SS,2025-12-26,2025-12-26,"299,000.00",30023,1,0.0,1,,0,0,0,0,0,1,0,0,0,0,0
호카,신발(호카),로켓 X 3,1168724-ARFR,신발,255,1168724-ARFR(255),132542652,남성,26SS,2025-12-26,2025-12-26,"299,000.00",30024,1,0.0,1,,0,0,0,0,0,1,0,0,0,0,0
호카,신발(호카),로켓 X 3,1168724-ARFR,신발,260,1168724-ARFR(260),132542652,남성,26SS,2025-12-26,2025-12-26,"299,000.00",30025,3,0.0,3,,0,0,0,0,0,3,0,0,0,0,0
호카,신발(호카),로켓 X 3,1168724-ARFR,신발,265,1168724-ARFR(265),132542652,남성,26SS,2025-12-26,2025-12-26,"299,000.00",30026,1,0.0,1,,0,0,0,0,0,1,0,0,0,0,0
호카,신발(호카),로켓 X 3,1168724-ARFR,신발,270,1168724-ARFR(270),132542652,남성,26SS,2025-12-26,2025-12-26,"299,000.00",30027,3,0.0,3,,0,0,0,0,0,3,0,0,0,0,0
호카,신발(호카),로켓 X 3,1168724-ARFR,신발,275,1168724-ARFR(275),132542652,남성,26SS,2025-12-26,2025-12-26,"299,000.00",30028,1,0.0,1,,0,0,0,0,0,1,0,0,0,0,0
호카,신발(호카),로켓 X 3,1168724-ARFR,신발,280,1168724-ARFR(280),132542652,남성,26SS,2025-12-26,2025-12-26,"299,000.00",30029,1,0.0,1,,0,0,0,0,0,1,0,0,0,0,0
호카,신발(호카),로켓 X 3,1168724-SNLG,신발,250,1168724-SNLG(250),131618322,남성,25FW,2025-08-20,2025-08-20,"299,000.00",20042,0,0.0,1,198605194443,0,0,0,0,1,0,0,0,0,0,0
호카,신발(호카),로켓 X 3,1168724-SNLG,신발,265,1168724-SNLG(265),131618322,남성,25FW,2025-08-20,2025-08-20,"299,000.00",20045,1,0.0,1,198605194481,0,0,0,0,0,1,0,0,0,0,0
호카,신발(호카),로켓 X 3,1168724-SNLG,신발,275,1168724-SNLG(275),131618322,남성,25FW,2025-08-20,2025-08-20,"299,000.00",20047,0,0.0,1,198605194504,0,0,0,0,1,0,0,0,0,0,0
호카,신발(호카),로켓 X 3,1168724-SNLG,신발,280,1168724-SNLG(280),131618322,남성,25FW,2025-08-20,2025-08-20,"299,000.00",20048,0,0.0,1,198605194290,0,0,0,0,1,0,0,0,0,0,0
호카,신발(호카),로켓 X 3,1168724-SNLG,신발,285,1168724-SNLG(285),131618322,남성,25FW,2025-08-20,2025-08-20,"299,000.00",20049,0,0.0,1,198605194283,0,0,0,0,1,0,0,0,0,0,0
호카,신발(호카),로켓 X 3,1168724-WBLC,신발,250,1168724-WBLC(250),131007975,남성,25FW,2025-06-27,2025-06-27,"299,000.00",20021,0,0.0,1,198605194719,0,0,0,0,1,0,0,0,0,0,0
호카,신발(호카),로켓 X 3,1168724-WBLC,신발,255,1168724-WBLC(255),131007975,남성,25FW,2025-06-27,2025-06-27,"299,000.00",20022,0,0.0,1,198605194702,0,0,0,0,1,0,0,0,0,0,0
호카,신발(호카),로켓 X 3,1168724-WBLC,신발,280,1168724-WBLC(280),131007975,남성,25FW,2025-06-27,2025-06-27,"299,000.00",20027,0,0.0,1,198605194573,0,0,0,0,1,0,0,0,0,0,0
호카,의류(호카),스카이브리즈 하프 타이츠,1170236-BLK,의류,L,1170236-BLK(L),131441981,남성,25FW,2025-07-22,2025-07-22,"169,000.00",20443,0,0.0,1,198605328404,0,0,0,0,1,0,0,0,0,0,0
호카,신발(호카),씨엘로 X 1 3.0,1171927-AYL,신발,260,1171927-AYL(260),132706705,남성,26SS,2026-01-29,2026-01-29,"339,000.00",29941,1,0.0,2,198605660351,0,0,0,0,1,1,0,0,0,0,0
호카,신발(호카),씨엘로 X 1 3.0,1171927-AYL,신발,265,1171927-AYL(265),132706705,남성,26SS,2026-01-29,2026-01-29,"339,000.00",29942,1,0.0,1,,0,0,0,0,0,1,0,0,0,0,0
호카,신발(호카),씨엘로 X 1 3.0,1171927-AYL,신발,270,1171927-AYL(270),132706705,남성,26SS,2026-01-29,2026-01-29,"339,000.00",29943,0,0.0,1,,0,0,0,0,1,0,0,0,0,0,0
호카,신발(호카),씨엘로 X 1 3.0,1171927-AYL,신발,275,1171927-AYL(275),132706705,남성,26SS,2026-01-29,2026-01-29,"339,000.00",29944,1,0.0,1,,0,0,0,0,0,1,0,0,0,0,0
호카,신발(호카),씨엘로 X 1 3.0,1171927-AYL,신발,280,1171927-AYL(280),132706705,남성,26SS,2026-01-29,2026-01-29,"339,000.00",29945,1,0.0,1,,0,0,0,0,0,1,0,0,0,0,0
호카,신발(호카),씨엘로 X 1 3.0,1171927-NYZ,신발,240,1171927-NYZ(240),132706706,남성,26SS,2025-12-26,2025-12-26,"339,000.00",29958,1,0.0,1,,0,0,0,0,0,1,0,0,0,0,0
호카,신발(호카),씨엘로 X 1 3.0,1171927-NYZ,신발,245,1171927-NYZ(245),132706706,남성,26SS,2025-12-26,2025-12-26,"339,000.00",29959,1,0.0,1,,0,0,0,0,0,1,0,0,0,0,0
호카,신발(호카),씨엘로 X 1 3.0,1171927-NYZ,신발,250,1171927-NYZ(250),132706706,남성,26SS,2025-12-26,2025-12-26,"339,000.00",29960,1,0.0,1,,0,0,0,0,0,1,0,0,0,0,0
호카,신발(호카),씨엘로 X 1 3.0,1171927-NYZ,신발,255,1171927-NYZ(255),132706706,남성,26SS,2025-12-26,2025-12-26,"339,000.00",29961,1,0.0,2,198605520402,0,0,0,1,0,1,0,0,0,0,0
호카,신발(호카),씨엘로 X 1 3.0,1171927-NYZ,신발,260,1171927-NYZ(260),132706706,남성,26SS,2025-12-26,2025-12-26,"339,000.00",29962,3,0.0,3,198605520198,0,0,0,0,0,3,0,0,0,0,0
호카,신발(호카),씨엘로 X 1 3.0,1171927-NYZ,신발,265,1171927-NYZ(265),132706706,남성,26SS,2025-12-26,2025-12-26,"339,000.00",29963,1,0.0,2,198605520181,0,0,0,1,0,1,0,0,0,0,0
호카,신발(호카),씨엘로 X 1 3.0,1171927-NYZ,신발,270,1171927-NYZ(270),132706706,남성,26SS,2025-12-26,2025-12-26,"339,000.00",29964,2,0.0,2,198605520211,0,0,0,0,0,2,0,0,0,0,0
호카,신발(호카),씨엘로 X 1 3.0,1171927-NYZ,신발,275,1171927-NYZ(275),132706706,남성,26SS,2025-12-26,2025-12-26,"339,000.00",29965,1,0.0,1,198605520204,0,0,0,0,0,1,0,0,0,0,0
호카,신발(호카),씨엘로 X 1 3.0,1171927-NYZ,신발,280,1171927-NYZ(280),132706706,남성,26SS,2025-12-26,2025-12-26,"339,000.00",29966,1,0.0,1,,0,0,0,0,0,1,0,0,0,0,0
우포스,신발(우포스),우클로그,1200Black,신발,250,1200Black(250),133218022,공용,26SS,2026-03-12,2026-03-12,"89,000.00",32415,0,0.0,2,UPSO6G967BK250,0,0,0,1,1,0,0,0,0,0,0
우포스,신발(우포스),우클로그,1200Black,신발,260,1200Black(260),133218022,공용,26SS,2026-03-12,2026-03-12,"89,000.00",32416,0,0.0,1,UPSO6G967BK260,0,0,0,1,0,0,0,0,0,0,0
우포스,신발(우포스),우클로그,1200Black,신발,270,1200Black(270),133218022,공용,26SS,2026-03-12,2026-03-12,"89,000.00",32417,0,0.0,1,UPSO6G967BK270,0,0,0,1,0,0,0,0,0,0,0
우포스,신발(우포스),우클로그,1200Black,신발,280,1200Black(280),133218022,공용,26SS,2026-03-12,2026-03-12,"89,000.00",32418,0,0.0,1,UPSO6G967BK280 ,0,0,0,1,0,0,0,0,0,0,0
브룩스,신발(브룩스),아드레날린 GTS 23 와이드,1203811D020,신발,225,1203811D020(225),123810676,여성,24FW,2024-05-17,2024-05-17,"189,000.00",2565,1,0.0,1,195394145939,0,0,0,0,0,1,0,0,0,0,0
브룩스,신발(브룩스),아드레날린 GTS 23 와이드,1203811D020,신발,230,1203811D020(230),123810676,여성,24FW,2024-05-17,2024-05-17,"189,000.00",2566,4,0.0,4,195394145953,0,0,0,0,0,4,0,0,0,0,0
브룩스,신발(브룩스),하이페리온 맥스 2,1204231B173,신발,230,1204231B173(230),129511270,여성,25SS,2025-03-07,2025-03-07,"219,000.00",12445,1,0.0,1,195394598254,0,0,0,0,0,1,0,0,0,0,0
브룩스,신발(브룩스),칼데라 8,1204291B142,신발,230,1204291B142(230),129511273,여성,25SS,2025-03-07,2025-03-07,"179,000.00",12529,5,0.0,5,195394581294,0,0,0,0,0,5,0,0,0,0,0
브룩스,신발(브룩스),칼데라 8,1204291B142,신발,235,1204291B142(235),129511273,여성,25SS,2025-03-07,2025-03-07,"179,000.00",12530,3,0.0,3,195394581300,0,0,0,0,0,3,0,0,0,0,0
브룩스,신발(브룩스),칼데라 8,1204291B142,신발,240,1204291B142(240),129511273,여성,25SS,2025-03-07,2025-03-07,"179,000.00",12531,1,0.0,1,195394581317,0,0,0,0,0,1,0,0,0,0,0
브룩스,신발(브룩스),칼데라 8,1204291B142,신발,250,1204291B142(250),129511273,여성,25SS,2025-03-07,2025-03-07,"179,000.00",12533,1,0.0,1,195394581331,0,0,0,0,0,1,0,0,0,0,0
브룩스,신발(브룩스),고스트 17,1204311D020,신발,230,1204311D020(230),,여성,25SS,2025-05-28,2025-05-28,"169,000.00",19792,3,0.0,3,195394628012,0,0,0,0,0,3,0,0,0,0,0
브룩스,신발(브룩스),글리세린 GTS 22,1204351D020,신발,230,1204351D020(230),129729309,여성,25FW,2025-04-28,2025-04-28,"209,000.00",19543,5,0.0,5,195394603569,5,0,0,0,0,0,0,0,0,0,0
브룩스,신발(브룩스),글리세린 GTS 22,1204351D020,신발,235,1204351D020(235),129729309,여성,25FW,2025-04-28,2025-04-28,"209,000.00",19544,2,0.0,2,195394603583,2,0,0,0,0,0,0,0,0,0,0
브룩스,신발(브룩스),글리세린 GTS 22,1204351D020,신발,240,1204351D020(240),129729309,여성,25FW,2025-04-28,2025-04-28,"209,000.00",19545,3,0.0,3,195394603606,3,0,0,0,0,0,0,0,0,0,0
브룩스,신발(브룩스),글리세린 GTS 22,1204351D020,신발,250,1204351D020(250),129729309,여성,25FW,2025-04-28,2025-04-28,"209,000.00",19547,1,0.0,1,195394603644,1,0,0,0,0,0,0,0,0,0,0
브룩스,신발(브룩스),글리세린 맥스,1204361B208,신발,245,1204361B208(245),124290116,여성,25SS,2025-01-07,2025-01-07,"239,000.00",12427,0,0.0,1,,0,0,0,0,1,0,0,0,0,0,0
브룩스,신발(브룩스),글리세린 맥스,1204361B208,신발,250,1204361B208(250),124290116,여성,25SS,2025-01-07,2025-01-07,"239,000.00",12428,0,0.0,1,,0,0,0,0,1,0,0,0,0,0,0
브룩스,신발(브룩스),아드레날린 GTS 25,1204431B020,신발,235,1204431B020(235),132248641,여성,26SS,2025-12-04,2026-01-19,"189,000.00",27576,1,0.0,2,195394664539,1,0,0,0,1,0,0,0,0,0,0
브룩스,신발(브룩스),아드레날린 GTS 25,1204431B020,신발,240,1204431B020(240),132248641,여성,26SS,2025-12-04,2026-01-19,"189,000.00",27577,7,0.0,7,195394664577,7,0,0,0,0,0,0,0,0,0,0
브룩스,신발(브룩스),아드레날린 GTS 25,1204431B020,신발,245,1204431B020(245),132248641,여성,26SS,2025-12-04,2026-01-19,"189,000.00",27578,1,0.0,3,195394664614,1,0,0,0,2,0,0,0,0,0,0
브룩스,신발(브룩스),아드레날린 GTS 25,1204431B020,신발,250,1204431B020(250),132248641,여성,26SS,2025-12-04,2026-01-19,"189,000.00",27579,3,0.0,3,195394664652,3,0,0,0,0,0,0,0,0,0,0
브룩스,신발(브룩스),아드레날린 GTS 25,1204431B128,신발,230,1204431B128(230),132248637,여성,26SS,2025-12-04,2025-12-04,"189,000.00",27638,0,0.0,1,195394664263,0,0,0,1,0,0,0,0,0,0,0
브룩스,신발(브룩스),아드레날린 GTS 25,1204431B128,신발,240,1204431B128(240),132248637,여성,26SS,2025-12-04,2025-12-04,"189,000.00",27640,0,0.0,1,195394664287,0,0,0,1,0,0,0,0,0,0,0
브룩스,신발(브룩스),아드레날린 GTS 25 (와이드),1204431D020,신발,230,1204431D020(230),132248638,여성,26SS,2025-12-04,2025-12-04,"189,000.00",27596,0,0.0,3,195394664508,0,0,0,1,0,0,0,0,0,0,0
브룩스,신발(브룩스),아드레날린 GTS 25 (와이드),1204431D020,신발,230,1204431D020(230),132248638,여성,26FW,2026-07-27,2026-07-27,"189,000.00",27596,0,0.0,3,195394664508,1,0,0,0,1,0,0,0,0,0,0
브룩스,신발(브룩스),아드레날린 GTS 25 (와이드),1204431D020,신발,235,1204431D020(235),132248638,여성,26FW,2026-07-27,2026-07-27,"189,000.00",27597,0,0.0,3,195394664546,2,0,0,0,1,0,0,0,0,0,0
브룩스,신발(브룩스),아드레날린 GTS 25 (와이드),1204431D020,신발,240,1204431D020(240),132248638,여성,26FW,2026-07-27,2026-07-27,"189,000.00",27598,0,0.0,5,195394664584,2,0,0,1,2,0,0,0,0,0,0
브룩스,신발(브룩스),아드레날린 GTS 25 (와이드),1204431D020,신발,245,1204431D020(245),132248638,여성,26SS,2025-12-04,2026-01-19,"189,000.00",27599,3,0.0,5,195394664621,3,0,0,0,0,0,0,0,0,0,0
브룩스,신발(브룩스),아드레날린 GTS 25 (와이드),1204431D020,신발,245,1204431D020(245),132248638,여성,26FW,2026-07-27,2026-07-27,"189,000.00",27599,3,0.0,5,195394664621,1,0,0,0,1,0,0,0,0,0,0
브룩스,신발(브룩스),아드레날린 GTS 25 (와이드),1204431D020,신발,250,1204431D020(250),132248638,여성,26SS,2025-12-04,2026-01-19,"189,000.00",27600,0,0.0,1,195394664669,0,0,0,0,1,0,0,0,0,0,0
브룩스,신발(브룩스),아드레날린 GTS 25 (와이드),1204431D020,신발,255,1204431D020(255),132248638,여성,26SS,2025-12-04,2026-01-19,"189,000.00",27601,1,0.0,1,195394664706,0,0,0,0,0,1,0,0,0,0,0
브룩스,신발(브룩스),아드레날린 GTS 25,1204431D127,신발,230,1204431D127(230),136565519,여성,26FW,2026-07-27,2026-07-27,"189,000.00",40077,1,0.0,3,195394665413,0,0,0,1,1,1,0,0,0,0,0
브룩스,신발(브룩스),아드레날린 GTS 25,1204431D127,신발,235,1204431D127(235),136565519,여성,26FW,2026-07-27,2026-07-27,"189,000.00",40078,3,0.0,5,195394665437,0,0,0,1,1,3,0,0,0,0,0
브룩스,신발(브룩스),아드레날린 GTS 25,1204431D127,신발,240,1204431D127(240),136565519,여성,26FW,2026-07-27,2026-07-27,"189,000.00",40079,5,0.0,9,195394665451,0,0,0,2,2,5,0,0,0,0,0
브룩스,신발(브룩스),아드레날린 GTS 25,1204431D127,신발,245,1204431D127(245),136565519,여성,26FW,2026-07-27,2026-07-27,"189,000.00",40080,3,0.0,4,195394665475,0,0,0,1,0,3,0,0,0,0,0
브룩스,신발(브룩스),아드레날린 GTS 25,1204431D127,신발,250,1204431D127(250),136565519,여성,26FW,2026-07-27,2026-07-27,"189,000.00",40081,1,0.0,2,195394665499,0,0,0,0,1,1,0,0,0,0,0
브룩스,신발(브룩스),글리세린 맥스 2,1204681B110,신발,230,1204681B110(230),132629450,여성,26SS,2026-01-19,2026-01-19,"249,000.00",31362,1,0.0,1,195394780291,0,0,0,0,0,1,0,0,0,0,0
브룩스,신발(브룩스),글리세린 맥스 2,1204681B110,신발,235,1204681B110(235),132629450,여성,26SS,2026-01-19,2026-01-19,"249,000.00",31363,0,0.0,2,195394780307,0,0,0,2,0,0,0,0,0,0,0
브룩스,신발(브룩스),글리세린 맥스 2,1204681B110,신발,240,1204681B110(240),132629450,여성,26SS,2026-01-19,2026-01-19,"249,000.00",31364,4,0.0,6,195394780314,0,0,0,1,1,4,0,0,0,0,0
브룩스,신발(브룩스),글리세린 맥스 2,1204681B110,신발,245,1204681B110(245),132629450,여성,26SS,2026-01-19,2026-01-19,"249,000.00",31365,3,0.0,6,195394780321,0,0,0,1,2,3,0,0,0,0,0
브룩스,신발(브룩스),글리세린 맥스 2,1204681B110,신발,255,1204681B110(255),132629450,여성,26SS,2026-01-19,2026-01-19,"249,000.00",31367,2,0.0,4,195394780345,0,0,0,1,1,2,0,0,0,0,0
브룩스,신발(브룩스),글리세린 맥스 2,1204681B131,신발,230,1204681B131(230),132629448,여성,26SS,2026-01-19,2026-01-19,"249,000.00",31383,0,0.0,2,195394780741,0,0,0,1,1,0,0,0,0,0,0
브룩스,신발(브룩스),글리세린 맥스 2,1204681B131,신발,235,1204681B131(235),132629448,여성,26SS,2026-01-19,2026-01-19,"249,000.00",31384,2,0.0,4,195394780758,0,0,0,2,0,2,0,0,0,0,0
브룩스,신발(브룩스),글리세린 맥스 2,1204681B131,신발,240,1204681B131(240),132629448,여성,26SS,2026-01-19,2026-01-19,"249,000.00",31385,4,0.0,8,195394780765,0,0,0,1,3,4,0,0,0,0,0
브룩스,신발(브룩스),글리세린 맥스 2,1204681B131,신발,250,1204681B131(250),132629448,여성,26SS,2026-01-19,2026-01-19,"249,000.00",31387,1,0.0,3,195394780789,0,0,0,1,1,1,0,0,0,0,0
브룩스,신발(브룩스),고스트 18,1204821B105,신발,230,1204821B105(230),136565521,여성,26FW,2026-07-27,2026-07-27,"169,000.00",40143,1,0.0,1,,0,0,0,0,0,1,0,0,0,0,0
브룩스,신발(브룩스),고스트 18,1204821B105,신발,235,1204821B105(235),136565521,여성,26FW,2026-07-27,2026-07-27,"169,000.00",40144,1,0.0,3,195394872347,0,0,0,1,1,1,0,0,0,0,0
브룩스,신발(브룩스),고스트 18,1204821B105,신발,240,1204821B105(240),136565521,여성,26FW,2026-07-27,2026-07-27,"169,000.00",40145,1,0.0,3,195394872385,0,0,0,1,1,1,0,0,0,0,0
브룩스,신발(브룩스),고스트 18,1204821B105,신발,245,1204821B105(245),136565521,여성,26FW,2026-07-27,2026-07-27,"169,000.00",40146,2,0.0,4,195394872422,0,0,0,1,1,2,0,0,0,0,0
브룩스,신발(브룩스),고스트 18,1204821B105,신발,250,1204821B105(250),136565521,여성,26FW,2026-07-27,2026-07-27,"169,000.00",40147,0,0.0,1,195394872460,0,0,0,0,1,0,0,0,0,0,0
브룩스,신발(브룩스),고스트 18,1204821B161,신발,230,1204821B161(230),136565522,여성,26FW,2026-07-27,2026-07-27,"169,000.00",40165,0,0.0,1,195394873535,0,0,0,1,0,0,0,0,0,0,0
브룩스,신발(브룩스),고스트 18,1204821B161,신발,235,1204821B161(235),136565522,여성,26FW,2026-07-27,2026-07-27,"169,000.00",40166,0,0.0,2,195394873559,0,0,0,1,1,0,0,0,0,0,0
브룩스,신발(브룩스),고스트 18,1204821B161,신발,240,1204821B161(240),136565522,여성,26FW,2026-07-27,2026-07-27,"169,000.00",40167,0,0.0,4,195394873573,0,0,0,3,1,0,0,0,0,0,0
브룩스,신발(브룩스),고스트 18,1204821B161,신발,245,1204821B161(245),136565522,여성,26FW,2026-07-27,2026-07-27,"169,000.00",40168,2,0.0,4,195394873597,0,0,0,1,1,2,0,0,0,0,0
브룩스,신발(브룩스),고스트 18,1204821B161,신발,250,1204821B161(250),136565522,여성,26FW,2026-07-27,2026-07-27,"169,000.00",40169,1,0.0,2,195394873610,0,0,0,1,0,1,0,0,0,0,0
브룩스,신발(브룩스),글리세린 GTS 23 와이드,1204921D133,신발,230,1204921D133(230),133432637,여성,26SS,2026-04-14,2026-04-14,"209,000.00",34310,0,0.0,1,195394777628,0,0,0,1,0,0,0,0,0,0,0
브룩스,신발(브룩스),글리세린 GTS 23 와이드,1204921D133,신발,235,1204921D133(235),133432637,여성,26FW,2026-07-27,2026-07-27,"209,000.00",34311,0,0.0,3,195394777642,0,0,0,1,2,0,0,0,0,0,0
브룩스,신발(브룩스),글리세린 GTS 23 와이드,1204921D133,신발,240,1204921D133(240),133432637,여성,26SS,2026-04-14,2026-04-14,"209,000.00",34312,0,0.0,6,195394777666,0,0,0,2,0,0,0,0,0,0,0
브룩스,신발(브룩스),글리세린 GTS 23 와이드,1204921D133,신발,240,1204921D133(240),133432637,여성,26FW,2026-07-27,2026-07-27,"209,000.00",34312,0,0.0,6,195394777666,0,0,0,2,2,0,0,0,0,0,0
브룩스,신발(브룩스),글리세린 GTS 23 와이드,1204921D133,신발,245,1204921D133(245),133432637,여성,26SS,2026-04-14,2026-04-14,"209,000.00",34313,0,0.0,3,195394777680,0,0,0,1,1,0,0,0,0,0,0
브룩스,신발(브룩스),글리세린 GTS 23 와이드,1204921D133,신발,245,1204921D133(245),133432637,여성,26FW,2026-07-27,2026-07-27,"209,000.00",34313,0,0.0,3,195394777680,0,0,0,0,1,0,0,0,0,0,0
새티스파이,용품(새티스파이),테크실크 8인치 쇼츠,12074-00000,용품,L,12074-00000(L),133843281,,26SS,2026-06-15,2026-06-12,"400,000.00",37791,3,0.0,3,,0,0,0,0,0,3,0,0,0,0,0
새티스파이,용품(새티스파이),테크실크 8인치 쇼츠,12074-00000,용품,M,12074-00000(M),133843281,,26SS,2026-06-15,2026-06-12,"400,000.00",37790,3,0.0,3,,0,0,0,0,0,3,0,0,0,0,0
새티스파이,용품(새티스파이),테크실크 8인치 쇼츠,12074-00000,용품,S,12074-00000(S),133843281,,26SS,2026-06-15,2026-06-12,"400,000.00",37789,2,0.0,2,,0,0,0,0,0,2,0,0,0,0,0
새티스파이,용품(새티스파이),테크실크 8인치 쇼츠,12074-00000,용품,XL,12074-00000(XL),133843281,,26SS,2026-06-15,2026-06-12,"400,000.00",37792,1,0.0,1,,0,0,0,0,0,1,0,0,0,0,0
새티스파이,의류(새티스파이),스페이스 오 쇼츠,12076-00000,의류,M,12076-00000(M),133689192,남성,26SS,2026-05-20,2026-05-20,"300,000.00",36280,0,0.0,0,3667386025170,0,0,0,0,1,0,0,0,0,0,0
온,의류(온),퍼포먼스 탱크,1ME10220106,의류,L,1ME10220106(L),126731150,남성,25FW,2025-07-22,2026-01-05,"95,000.00",16804,37,0.0,42,7615537027302,0,0,0,0,0,29,0,0,0,0,0
온,의류(온),퍼포먼스 탱크,1ME10220106,의류,L,1ME10220106(L),126731150,남성,26FW,2026-07-20,2026-07-20,"95,000.00",16804,37,0.0,42,7615537027302,0,0,0,4,1,8,0,0,0,0,0
온,의류(온),퍼포먼스 탱크,1ME10220106,의류,M,1ME10220106(M),126731150,남성,25FW,2025-07-22,2026-01-05,"95,000.00",16803,28,0.0,36,7615537027296,0,0,0,0,0,17,0,0,0,0,0
온,의류(온),퍼포먼스 탱크,1ME10220106,의류,M,1ME10220106(M),126731150,남성,26FW,2026-07-20,2026-07-20,"95,000.00",16803,28,0.0,36,7615537027296,0,0,0,7,1,11,0,0,0,0,0
온,의류(온),퍼포먼스 탱크,1ME10220106,의류,S,1ME10220106(S),126731150,남성,25FW,2025-07-22,2026-01-05,"95,000.00",16802,13,0.0,22,7615537027289,0,0,0,3,0,8,0,0,0,0,0
온,의류(온),퍼포먼스 탱크,1ME10220106,의류,S,1ME10220106(S),126731150,남성,26FW,2026-07-20,2026-07-20,"95,000.00",16802,13,0.0,22,7615537027289,0,0,0,3,3,5,0,0,0,0,0
온,의류(온),퍼포먼스 탱크,1ME10220106,의류,XL,1ME10220106(XL),126731150,남성,25FW,2025-07-22,2026-01-05,"95,000.00",16805,23,0.0,27,7615537027319,0,0,0,3,0,21,0,0,0,0,0
온,의류(온),퍼포먼스 탱크,1ME10220106,의류,XL,1ME10220106(XL),126731150,남성,26FW,2026-07-20,2026-07-20,"95,000.00",16805,23,0.0,27,7615537027319,0,0,0,1,0,2,0,0,0,0,0
온,의류(온),퍼포먼스 탱크,1ME10220106,의류,XXL,1ME10220106(XXL),126731150,남성,25FW,2026-01-05,2026-01-05,"95,000.00",16806,5,0.0,8,7615537027326,0,0,0,3,0,0,0,0,0,5,0
온,의류(온),퍼포먼스 탱크,1ME10222985,의류,L,1ME10222985(L),129574604,남성,25FW,2025-07-22,2025-07-22,"95,000.00",16796,3,0.0,5,7615537254296,0,0,0,2,0,3,0,0,0,0,0
온,의류(온),퍼포먼스 탱크,1ME10222985,의류,M,1ME10222985(M),129574604,남성,25FW,2025-07-22,2025-07-22,"95,000.00",16795,1,0.0,4,7615537254289,0,0,0,1,0,3,0,0,0,0,0
온,의류(온),퍼포먼스 탱크,1ME10222985,의류,S,1ME10222985(S),129574604,남성,25FW,2025-07-22,2025-07-22,"95,000.00",16794,0,0.0,2,7615537254272,0,0,0,1,1,0,0,0,0,0,0
온,의류(온),퍼포먼스 탱크,1ME10222985,의류,XL,1ME10222985(XL),129574604,남성,25FW,2025-07-22,2025-07-22,"95,000.00",16797,1,0.0,2,7615537254302,0,0,0,1,0,1,0,0,0,0,0
온,의류(온),퍼포먼스 탱크,1ME10222985,의류,XXL,1ME10222985(XXL),129574604,남성,25SS,2025-04-18,2025-04-18,"95,000.00",16798,2,0.0,2,7615537254319,0,0,0,0,0,2,0,0,0,0,0
온,의류(온),퍼포먼스 탱크,1ME10222993,의류,L,1ME10222993(L),131228057,남성,25FW,2025-07-22,2025-07-22,"95,000.00",23405,2,0.0,5,7615537254357,0,0,0,0,3,2,0,0,0,0,0
온,의류(온),퍼포먼스 탱크,1ME10222993,의류,M,1ME10222993(M),131228057,남성,25FW,2025-07-22,2025-07-22,"95,000.00",23404,0,0.0,2,7615537254340,0,0,0,0,2,0,0,0,0,0,0
온,의류(온),퍼포먼스 탱크,1ME10222993,의류,S,1ME10222993(S),131228057,남성,25FW,2025-07-22,2025-07-22,"95,000.00",23403,0,0.0,1,7615537254333,0,0,0,0,1,0,0,0,0,0,0
온,의류(온),퍼포먼스 탱크,1ME10225425,의류,L,1ME10225425(L),133879944,남성,26FW,2026-06-11,2026-06-11,"95,000.00",37081,7,0.0,11,7615537835150,0,0,0,2,2,7,0,0,0,0,0
온,의류(온),퍼포먼스 탱크,1ME10225425,의류,M,1ME10225425(M),133879944,남성,26FW,2026-06-11,2026-06-11,"95,000.00",37080,12,0.0,18,7615537835136,0,0,0,4,2,12,0,0,0,0,0
온,의류(온),퍼포먼스 탱크,1ME10225425,의류,S,1ME10225425(S),133879944,남성,26FW,2026-06-11,2026-06-11,"95,000.00",37079,4,0.0,7,7615537835129,0,0,0,2,1,4,0,0,0,0,0
온,의류(온),퍼포먼스 탱크,1ME10225425,의류,XL,1ME10225425(XL),133879944,남성,26FW,2026-06-11,2026-06-11,"95,000.00",37082,0,0.0,1,7615537835167,0,0,0,0,1,0,0,0,0,0,0
온,의류(온),퍼포먼스 티,1ME10230106,의류,L,1ME10230106(L),132462938,남성,26FW,2026-07-20,2026-07-20,"115,000.00",29778,9,0.0,16,7615537028385,0,0,0,3,4,9,0,0,0,0,0
온,의류(온),퍼포먼스 티,1ME10230106,의류,M,1ME10230106(M),132462938,남성,26FW,2026-07-20,2026-07-20,"115,000.00",29777,10,0.0,20,7615537028378,0,0,0,6,4,10,0,0,0,0,0
온,의류(온),퍼포먼스 티,1ME10230106,의류,S,1ME10230106(S),132462938,남성,26FW,2026-07-20,2026-07-20,"115,000.00",29776,4,0.0,7,7615537028361,0,0,0,2,1,4,0,0,0,0,0
온,의류(온),퍼포먼스 티,1ME10230106,의류,XL,1ME10230106(XL),132462938,남성,26SS,2026-01-05,2026-01-05,"115,000.00",29779,3,0.0,6,7615537028392,0,0,0,1,0,0,0,0,0,0,0
온,의류(온),퍼포먼스 티,1ME10230106,의류,XL,1ME10230106(XL),132462938,남성,26FW,2026-07-20,2026-07-20,"115,000.00",29779,3,0.0,6,7615537028392,0,0,0,2,0,3,0,0,0,0,0
온,의류(온),퍼포먼스 티,1ME10230106,의류,XXL,1ME10230106(XXL),132462938,남성,26SS,2026-01-05,2026-01-05,"115,000.00",29780,4,0.0,4,7615537028408,0,0,0,0,0,4,0,0,0,0,0
온,의류(온),퍼포먼스 티,1ME10234958,의류,L,1ME10234958(L),133879947,남성,26FW,2026-06-25,2026-07-27,"115,000.00",37055,0,0.0,3,7615537835778,0,0,0,3,0,0,0,0,0,0,0
온,의류(온),퍼포먼스 티,1ME10234958,의류,M,1ME10234958(M),133879947,남성,26FW,2026-06-25,2026-07-27,"115,000.00",37054,3,0.0,6,7615537835761,0,0,0,2,1,3,0,0,0,0,0
온,의류(온),퍼포먼스 티,1ME10234958,의류,S,1ME10234958(S),133879947,남성,26FW,2026-07-27,2026-07-27,"115,000.00",37053,4,0.0,5,7615537835723,0,0,0,1,0,4,0,0,0,0,0
온,의류(온),퍼포먼스 티,1ME10234958,의류,XL,1ME10234958(XL),133879947,남성,26FW,2026-06-25,2026-06-25,"115,000.00",37056,0,0.0,1,7615537835785,0,0,0,0,1,0,0,0,0,0,0
온,의류(온),퍼포먼스 롱 티,1ME10240106,의류,L,1ME10240106(L),132462937,남성,26SS,2026-01-05,2026-01-05,"129,000.00",29770,0,0.0,2,7615537026886,0,0,0,1,1,0,0,0,0,0,0
온,의류(온),퍼포먼스 롱 티,1ME10240106,의류,XL,1ME10240106(XL),132462937,남성,26SS,2026-01-05,2026-01-05,"129,000.00",29771,0,0.0,2,7615537026893,0,0,0,1,1,0,0,0,0,0,0
온,의류(온),퍼포먼스 롱 티,1ME10240106,의류,XXL,1ME10240106(XXL),132462937,남성,26SS,2026-01-05,2026-01-05,"129,000.00",29772,0,0.0,1,7615537026909,0,0,0,1,0,0,0,0,0,0,0
온,의류(온),퍼포먼스 롱 티,1ME10244422,의류,XL,1ME10244422(XL),132462936,남성,26SS,2026-01-05,2026-01-05,"129,000.00",29594,0,0.0,3,7615537652641,0,0,0,1,2,0,0,0,0,0,0
온,의류(온),퍼포먼스 롱 티,1ME10244422,의류,XXL,1ME10244422(XXL),132462936,남성,26SS,2026-01-05,2026-01-05,"129,000.00",29595,3,0.0,4,7615537652658,0,0,0,1,0,3,0,0,0,0,0
온,의류(온),웨더 팬츠,1ME10270553,의류,L,1ME10270553(L),131228063,남성,25FW,2025-07-22,2025-07-22,"209,000.00",23437,11,0.0,11,7615537033594,0,0,0,0,0,11,0,0,0,0,0
온,의류(온),웨더 팬츠,1ME10270553,의류,M,1ME10270553(M),131228063,남성,25FW,2025-07-22,2025-07-22,"209,000.00",23436,5,0.0,5,7615537033587,0,0,0,0,0,5,0,0,0,0,0
온,의류(온),웨더 팬츠,1ME10270553,의류,S,1ME10270553(S),131228063,남성,25FW,2025-07-22,2025-07-22,"209,000.00",23435,5,0.0,6,7615537033570,0,0,0,0,1,5,0,0,0,0,0
온,의류(온),웨더 팬츠,1ME10270553,의류,XL,1ME10270553(XL),131228063,남성,25FW,2025-07-22,2025-07-22,"209,000.00",23438,3,0.0,3,7615537033600,0,0,0,0,0,3,0,0,0,0,0
온,의류(온),웨더 팬츠,1ME10273153,의류,L,1ME10273153(L),131752711,남성,25FW,2025-09-25,2025-09-25,"209,000.00",23445,9,0.0,11,7615537373430,0,0,0,0,2,9,0,0,0,0,0
온,의류(온),웨더 팬츠,1ME10273153,의류,M,1ME10273153(M),131752711,남성,25FW,2025-09-25,2025-09-25,"209,000.00",23444,6,0.0,6,7615537375106,0,0,0,0,0,6,0,0,0,0,0
온,의류(온),웨더 팬츠,1ME10273153,의류,S,1ME10273153(S),131752711,남성,25FW,2025-09-25,2025-09-25,"209,000.00",23443,5,0.0,6,7615537375274,0,0,0,0,1,5,0,0,0,0,0
온,의류(온),웨더 팬츠,1ME10273153,의류,XL,1ME10273153(XL),131752711,남성,25FW,2025-09-25,2025-09-25,"209,000.00",23446,3,0.0,4,7615537375366,0,0,0,0,1,3,0,0,0,0,0
온,의류(온),퍼포먼스 하이브리드 쇼츠,1ME10280345,의류,XL,1ME10280345(XL),126731151,남성,25SS,2025-02-07,2025-02-07,"129,000.00",16853,0,0.0,3,7615537026534,0,0,0,0,3,0,0,0,0,0,0
온,의류(온),퍼포먼스 하이브리드 쇼츠,1ME10280345,의류,XXL,1ME10280345(XXL),126731151,남성,25SS,2025-02-24,2025-02-24,"129,000.00",16854,2,0.0,2,,0,0,0,0,0,2,0,0,0,0,0
온,의류(온),코어 재킷,1ME10330603,의류,L,1ME10330603(L),131752710,남성,25FW,2025-09-25,2025-09-25,"249,000.00",23341,1,0.0,4,7615537306070,0,0,0,2,1,1,0,0,0,0,0
온,의류(온),코어 재킷,1ME10330603,의류,M,1ME10330603(M),131752710,남성,25FW,2025-09-25,2025-09-25,"249,000.00",23340,0,0.0,1,7615537306049,0,0,0,1,0,0,0,0,0,0,0
온,의류(온),코어 재킷,1ME10330603,의류,S,1ME10330603(S),131752710,남성,25FW,2025-09-25,2025-09-25,"249,000.00",23339,0,0.0,1,7615537306063,0,0,0,1,0,0,0,0,0,0,0
온,의류(온),코어 재킷,1ME10334582,의류,L,1ME10334582(L),132705048,남성,26SS,2026-01-05,2026-01-05,"249,000.00",29585,2,0.0,3,7615537653259,0,0,0,1,0,2,0,0,0,0,0
온,의류(온),코어 재킷,1ME10334582,의류,XL,1ME10334582(XL),132705048,남성,26SS,2026-01-05,2026-01-05,"249,000.00",29586,0,0.0,3,7615537653266,0,0,0,1,2,0,0,0,0,0,0
온,의류(온),코어 재킷,1ME10334582,의류,XXL,1ME10334582(XXL),132705048,남성,26SS,2026-01-05,2026-01-05,"249,000.00",29587,1,0.0,2,7615537653273,0,0,0,1,0,1,0,0,0,0,0
온,의류(온),코어 티,1ME10430553,의류,L,1ME10430553(L),131228055,남성,26FW,2026-07-20,2026-07-20,"85,000.00",23381,9,0.0,16,7615537018829,0,0,0,4,3,9,0,0,0,0,0
온,의류(온),코어 티,1ME10430553,의류,M,1ME10430553(M),131228055,남성,26FW,2026-07-20,2026-07-20,"85,000.00",23380,10,0.0,18,7615537018812,0,0,0,6,2,10,0,0,0,0,0
온,의류(온),코어 티,1ME10430553,의류,S,1ME10430553(S),131228055,남성,26FW,2026-07-20,2026-07-20,"85,000.00",23379,4,0.0,7,7615537018805,0,0,0,2,1,4,0,0,0,0,0
온,의류(온),코어 티,1ME10430553,의류,XL,1ME10430553(XL),131228055,남성,26FW,2026-07-20,2026-07-20,"85,000.00",23382,3,0.0,4,7615537018836,0,0,0,1,0,3,0,0,0,0,0
온,의류(온),코어 롱 티,1ME10750553,의류,L,1ME10750553(L),135922223,남성,26FW,2026-07-20,2026-07-20,"95,000.00",37000,3,0.0,9,7615537017624,0,0,0,4,2,3,0,0,0,0,0
온,의류(온),코어 롱 티,1ME10750553,의류,M,1ME10750553(M),135922223,남성,26FW,2026-07-20,2026-07-20,"95,000.00",36999,5,0.0,11,7615537017617,0,0,0,4,2,5,0,0,0,0,0
온,의류(온),코어 롱 티,1ME10750553,의류,S,1ME10750553(S),135922223,남성,26FW,2026-07-20,2026-07-20,"95,000.00",36998,2,0.0,4,7615537017600,0,0,0,2,0,2,0,0,0,0,0
온,의류(온),코어 롱 티,1ME10750553,의류,XL,1ME10750553(XL),135922223,남성,26FW,2026-07-20,2026-07-20,"95,000.00",37001,0,0.0,2,7615537017631,0,0,0,2,0,0,0,0,0,0,0
온,의류(온),5인치 퍼포먼스 2 in 1 쇼츠,1MF10093137,의류,XL,1MF10093137(XL),129574611,남성,25SS,2025-04-18,2025-04-18,"115,000.00",16813,0,0.0,1,7615537262550,0,0,0,0,1,0,0,0,0,0,0
온,의류(온),5인치 퍼포먼스 2 in 1 쇼츠,1MF10093137,의류,XXL,1MF10093137(XXL),129574611,남성,25SS,2025-04-18,2025-04-18,"115,000.00",16814,2,0.0,2,,0,0,0,0,0,2,0,0,0,0,0
온,의류(온),코어 팬츠,1MF10110553,의류,M,1MF10110553(M),135922222,남성,26FW,2026-08-21,2026-08-21,"159,000.00",37108,12,0.0,12,,0,0,0,0,0,12,0,0,0,0,0
온,의류(온),코어 팬츠,1MF10110553,의류,S,1MF10110553(S),135922222,남성,26FW,2026-08-21,2026-08-21,"159,000.00",37107,5,0.0,5,,0,0,0,0,0,5,0,0,0,0,0
온,의류(온),코어 팬츠,1MF10110553,의류,XL,1MF10110553(XL),135922222,남성,26FW,2026-07-20,2026-07-20,"159,000.00",37110,2,0.0,3,7615537132747,0,0,0,1,0,2,0,0,0,0,0
온,의류(온),5인치 코어 쇼츠,1MF10120553,의류,L,1MF10120553(L),135922220,남성,26FW,2026-07-20,2026-07-20,"85,000.00",37129,3,0.0,7,7615537262246,0,0,0,3,1,3,0,0,0,0,0
온,의류(온),5인치 코어 쇼츠,1MF10120553,의류,S,1MF10120553(S),135922220,남성,26FW,2026-07-20,2026-07-20,"85,000.00",37127,2,0.0,4,7615537262222,0,0,0,2,0,2,0,0,0,0,0
온,의류(온),5인치 코어 쇼츠,1MF10120553,의류,XL,1MF10120553(XL),135922220,남성,26FW,2026-07-20,2026-07-20,"85,000.00",37130,1,0.0,1,7615537262253,0,0,0,0,0,1,0,0,0,0,0
온,의류(온),7인치 퍼포먼스 올오버 프린트 쇼츠,1MF10301933,의류,XL,1MF10301933(XL),130666855,남성,25SS,2025-05-23,2025-05-23,"129,000.00",16837,0,0.0,2,7615537263816,0,0,0,0,2,0,0,0,0,0,0
온,의류(온),7인치 퍼포먼스 올오버 프린트 쇼츠,1MF10301933,의류,XXL,1MF10301933(XXL),130666855,남성,25SS,2025-05-23,2025-05-23,"129,000.00",16838,1,0.0,1,7615537263823,0,0,0,0,0,1,0,0,0,0,0
온,의류(온),5인치 퍼포먼스 쇼츠,1MF10750553,의류,L,1MF10750553(L),127466868,남성,25FW,2025-07-22,2025-07-22,"115,000.00",16828,15,0.0,22,7615537262963,0,0,0,0,0,3,0,0,0,0,0
온,의류(온),5인치 퍼포먼스 쇼츠,1MF10750553,의류,L,1MF10750553(L),127466868,남성,26SS,2026-01-05,2026-01-05,"115,000.00",16828,15,0.0,22,7615537262963,0,0,0,0,2,9,0,0,0,0,0
온,의류(온),5인치 퍼포먼스 쇼츠,1MF10750553,의류,L,1MF10750553(L),127466868,남성,26FW,2026-07-20,2026-07-20,"115,000.00",16828,15,0.0,22,7615537262963,0,0,0,3,2,3,0,0,0,0,0
온,의류(온),5인치 퍼포먼스 쇼츠,1MF10750553,의류,M,1MF10750553(M),127466868,남성,26FW,2026-07-20,2026-08-21,"115,000.00",16827,6,0.0,11,7615537262956,0,0,0,3,2,6,0,0,0,0,0
온,의류(온),5인치 퍼포먼스 쇼츠,1MF10750553,의류,S,1MF10750553(S),127466868,남성,26FW,2026-07-20,2026-07-20,"115,000.00",16826,0,0.0,3,7615537262949,0,0,0,3,0,0,0,0,0,0,0
온,의류(온),5인치 퍼포먼스 쇼츠,1MF10750553,의류,XL,1MF10750553(XL),127466868,남성,25SS,2025-02-07,2025-05-23,"115,000.00",16829,13,0.0,23,7615537262970,0,0,0,0,3,0,0,0,0,0,0
온,의류(온),5인치 퍼포먼스 쇼츠,1MF10750553,의류,XL,1MF10750553(XL),127466868,남성,25FW,2025-07-22,2025-07-22,"115,000.00",16829,13,0.0,23,7615537262970,0,0,0,1,1,0,0,0,0,0,0
온,의류(온),5인치 퍼포먼스 쇼츠,1MF10750553,의류,XL,1MF10750553(XL),127466868,남성,26SS,2026-01-05,2026-01-05,"115,000.00",16829,13,0.0,23,7615537262970,0,0,0,0,2,13,0,0,0,0,0
온,의류(온),5인치 퍼포먼스 쇼츠,1MF10750553,의류,XL,1MF10750553(XL),127466868,남성,26FW,2026-07-20,2026-07-20,"115,000.00",16829,13,0.0,23,7615537262970,0,0,0,3,0,0,0,0,0,0,0
온,의류(온),5인치 퍼포먼스 쇼츠,1MF10750553,의류,XXL,1MF10750553(XXL),127466868,남성,25SS,2025-02-07,2025-05-23,"115,000.00",16830,8,0.0,9,7615537262987,0,0,0,0,0,2,0,0,0,0,0
온,의류(온),5인치 퍼포먼스 쇼츠,1MF10750553,의류,XXL,1MF10750553(XXL),127466868,남성,26SS,2026-01-05,2026-01-05,"115,000.00",16830,8,0.0,9,7615537262987,0,0,0,1,2,4,0,0,0,0,0
온,의류(온),5인치 퍼포먼스 쇼츠,1MF10752608,의류,L,1MF10752608(L),131228064,남성,25FW,2025-07-22,2025-07-22,"115,000.00",23453,6,0.0,11,7615537262840,0,0,0,1,0,1,0,0,0,0,0
온,의류(온),5인치 퍼포먼스 쇼츠,1MF10752608,의류,L,1MF10752608(L),131228064,남성,26FW,2026-07-20,2026-07-20,"115,000.00",23453,6,0.0,11,7615537262840,0,0,0,3,1,5,0,0,0,0,0
온,의류(온),5인치 퍼포먼스 쇼츠,1MF10752608,의류,M,1MF10752608(M),131228064,남성,26FW,2026-07-20,2026-07-20,"115,000.00",23452,6,0.0,11,7615537262833,0,0,0,3,2,6,0,0,0,0,0
온,의류(온),5인치 퍼포먼스 쇼츠,1MF10752608,의류,S,1MF10752608(S),131228064,남성,26FW,2026-07-20,2026-07-20,"115,000.00",23451,0,0.0,1,7615537262826,0,0,0,1,0,0,0,0,0,0,0
온,의류(온),5인치 퍼포먼스 쇼츠,1MF10752608,의류,XL,1MF10752608(XL),131228064,남성,25FW,2025-07-22,2025-07-22,"115,000.00",23454,3,0.0,4,7615537262857,0,0,0,0,0,1,0,0,0,0,0
온,의류(온),5인치 퍼포먼스 쇼츠,1MF10752608,의류,XL,1MF10752608(XL),131228064,남성,26FW,2026-07-20,2026-07-20,"115,000.00",23454,3,0.0,4,7615537262857,0,0,0,1,0,2,0,0,0,0,0
온,의류(온),5인치 퍼포먼스 쇼츠,1MF10754420,의류,L,1MF10754420(L),132462934,남성,26SS,2026-04-07,2026-04-29,"115,000.00",29601,5,0.0,10,7615537657073,0,0,0,5,0,5,0,0,0,0,0
온,의류(온),5인치 퍼포먼스 쇼츠,1MF10754420,의류,M,1MF10754420(M),132462934,남성,26SS,2026-04-07,2026-04-29,"115,000.00",29600,1,0.0,4,7615537657066,0,0,0,3,0,1,0,0,0,0,0
온,의류(온),5인치 퍼포먼스 쇼츠,1MF10754420,의류,XL,1MF10754420(XL),132462934,남성,26SS,2026-04-07,2026-04-29,"115,000.00",29602,3,0.0,6,7615537657080,0,0,0,3,0,3,0,0,0,0,0
온,의류(온),5인치 퍼포먼스 쇼츠,1MF10754420,의류,XXL,1MF10754420(XXL),132462934,남성,26SS,2026-01-05,2026-01-05,"115,000.00",29603,1,0.0,2,7615537657097,0,0,0,1,0,1,0,0,0,0,0
온,의류(온),트렉 자켓,1MF30790553,의류,L,1MF30790553(L),131228051,남성,25FW,2025-07-22,2025-07-22,"349,000.00",23349,3,0.0,7,7615537371245,0,0,0,0,4,3,0,0,0,0,0
온,의류(온),트렉 자켓,1MF30790553,의류,M,1MF30790553(M),131228051,남성,25FW,2025-07-22,2025-07-22,"349,000.00",23348,2,0.0,4,7615537371290,0,0,0,0,2,2,0,0,0,0,0
온,의류(온),트렉 자켓,1MF30790553,의류,S,1MF30790553(S),131228051,남성,25FW,2025-07-22,2025-07-22,"349,000.00",23347,1,0.0,2,7615537371405,0,0,0,0,1,1,0,0,0,0,0
온,의류(온),트렉 자켓,1MF30790553,의류,XL,1MF30790553(XL),131228051,남성,25FW,2025-07-22,2025-07-22,"349,000.00",23350,1,0.0,2,7615537371450,0,0,0,0,1,1,0,0,0,0,0
온,의류(온),트렉 자켓,1MF30790603,의류,L,1MF30790603(L),131592454,남성,25FW,2025-08-29,2025-08-29,"349,000.00",23413,0,0.0,2,7615537524061,0,0,0,0,2,0,0,0,0,0,0
온,의류(온),트렉 자켓,1MF30790603,의류,M,1MF30790603(M),131592454,남성,25FW,2025-08-29,2025-08-29,"349,000.00",23412,2,0.0,2,7615537369839,0,0,0,0,0,2,0,0,0,0,0
온,의류(온),트렉 자켓,1MF30790603,의류,S,1MF30790603(S),131592454,남성,25FW,2025-08-29,2025-08-29,"349,000.00",23411,0,0.0,2,7615537369938,0,0,0,0,2,0,0,0,0,0,0
온,의류(온),트렉 자켓,1MF30790603,의류,XL,1MF30790603(XL),131592454,남성,25FW,2025-08-29,2025-08-29,"349,000.00",23414,0,0.0,1,7615537369990,0,0,0,0,1,0,0,0,0,0,0
온,의류(온),퍼포먼스 볼트 쇼츠,1MG10610561,의류,L,1MG10610561(L),132919078,남성,26SS,2026-02-25,2026-02-25,"139,000.00",29445,1,0.0,4,7615537635736,0,0,0,2,1,1,0,0,0,0,0
온,의류(온),퍼포먼스 볼트 쇼츠,1MG10610561,의류,XL,1MG10610561(XL),132919078,남성,26SS,2026-02-25,2026-02-25,"139,000.00",29446,2,0.0,4,7615537635743,0,0,0,1,1,2,0,0,0,0,0
온,의류(온),퍼포먼스 볼트 쇼츠,1MG10610561,의류,XXL,1MG10610561(XXL),132919078,남성,26SS,2026-02-25,2026-02-25,"139,000.00",29447,2,0.0,2,7615537635767,0,0,0,0,0,2,0,0,0,0,0
온,의류(온),퍼포먼스 볼트티,1MG10630069,의류,L,1MG10630069(L),132919081,남성,26SS,2026-02-25,2026-02-25,"129,000.00",29421,5,0.0,9,7615537635873,0,0,0,2,2,5,0,0,0,0,0
온,의류(온),퍼포먼스 볼트티,1MG10630069,의류,M,1MG10630069(M),132919081,남성,26SS,2026-02-25,2026-02-25,"129,000.00",29420,0,0.0,1,7615537635866,0,0,0,0,1,0,0,0,0,0,0
온,의류(온),퍼포먼스 볼트티,1MG10630069,의류,XL,1MG10630069(XL),132919081,남성,26SS,2026-02-25,2026-02-25,"129,000.00",29422,4,0.0,11,7615537635880,0,0,0,3,4,4,0,0,0,0,0
온,의류(온),퍼포먼스 볼트티,1MG10630069,의류,XXL,1MG10630069(XXL),132919081,남성,26SS,2026-02-25,2026-02-25,"129,000.00",29423,7,0.0,7,7615537635897,0,0,0,0,0,7,0,0,0,0,0
온,의류(온),퍼포먼스 볼트티,1MG10632343,의류,L,1MG10632343(L),132919079,남성,26SS,2026-02-25,2026-02-25,"129,000.00",29429,2,0.0,3,7615537635934,0,0,0,1,0,2,0,0,0,0,0
온,의류(온),퍼포먼스 볼트티,1MG10632343,의류,XL,1MG10632343(XL),132919079,남성,26SS,2026-02-25,2026-02-25,"129,000.00",29430,2,0.0,7,7615537635941,0,0,0,2,3,2,0,0,0,0,0
온,의류(온),퍼포먼스 볼트티,1MG10632343,의류,XXL,1MG10632343(XXL),132919079,남성,26SS,2026-02-25,2026-02-25,"129,000.00",29431,4,0.0,4,7615537635958,0,0,0,0,0,4,0,0,0,0,0
온,의류(온),퍼포먼스 볼트 재킷,1MG10700561,의류,L,1MG10700561(L),133319593,남성,26SS,2026-04-07,2026-04-03,"259,000.00",29413,4,0.0,4,,0,0,0,0,0,4,0,0,0,0,0
온,의류(온),퍼포먼스 볼트 재킷,1MG10700561,의류,M,1MG10700561(M),133319593,남성,26SS,2026-04-07,2026-04-03,"259,000.00",29412,3,0.0,3,,0,0,0,0,0,3,0,0,0,0,0
온,의류(온),퍼포먼스 볼트 재킷,1MG10700561,의류,XL,1MG10700561(XL),133319593,남성,26SS,2026-04-07,2026-04-03,"259,000.00",29414,3,0.0,3,,0,0,0,0,0,3,0,0,0,0,0
온,의류(온),온 런 티,1MG10840069,의류,L,1MG10840069(L),132717558,남성,26SS,2026-02-05,2026-02-05,"89,000.00",29511,3,0.0,5,7615537637716,0,0,0,2,0,3,0,0,0,0,0
온,의류(온),온 런 티,1MG10840069,의류,M,1MG10840069(M),132717558,남성,26SS,2026-02-05,2026-02-05,"89,000.00",29510,0,0.0,4,7615537637709,0,0,0,1,3,0,0,0,0,0,0
온,의류(온),온 런 티,1MG10840069,의류,XL,1MG10840069(XL),132717558,남성,26SS,2026-02-05,2026-02-05,"89,000.00",29512,3,0.0,6,7615537637723,0,0,0,1,2,3,0,0,0,0,0
온,의류(온),온 런 티,1MG10840069,의류,XXL,1MG10840069(XXL),132717558,남성,26SS,2026-02-05,2026-04-03,"89,000.00",29513,5,0.0,5,7615537637730,0,0,0,0,0,5,0,0,0,0,0
온,의류(온),온 런 티,1MG10840553,의류,L,1MG10840553(L),132719324,남성,26SS,2026-02-05,2026-02-05,"89,000.00",29503,4,0.0,4,7615537637778,4,0,0,0,0,0,0,0,0,0,0
온,의류(온),온 런 티,1MG10840553,의류,M,1MG10840553(M),132719324,남성,26SS,2026-02-05,2026-02-05,"89,000.00",29502,3,0.0,3,7615537637761,3,0,0,0,0,0,0,0,0,0,0
온,의류(온),온 런 티,1MG10840553,의류,S,1MG10840553(S),132719324,남성,26SS,2026-02-05,2026-02-05,"89,000.00",29501,1,0.0,1,7615537637754,1,0,0,0,0,0,0,0,0,0,0
온,의류(온),온 런 티,1MG10840553,의류,XL,1MG10840553(XL),132719324,남성,26SS,2026-02-05,2026-02-05,"89,000.00",29504,2,0.0,2,7615537637785,2,0,0,0,0,0,0,0,0,0,0
온,의류(온),온 런 티,1MG10840553,의류,XXL,1MG10840553(XXL),132719324,남성,26SS,2026-02-05,2026-04-03,"89,000.00",29505,2,0.0,2,7615537637792,2,0,0,0,0,0,0,0,0,0,0
온,의류(온),퍼포먼스 볼트 자켓,1MG30664959,의류,L,1MG30664959(L),133879950,남성,26FW,2026-06-25,2026-06-25,"259,000.00",36948,2,0.0,6,7615537956497,0,0,0,2,2,2,0,0,0,0,0
온,의류(온),퍼포먼스 볼트 자켓,1MG30664959,의류,M,1MG30664959(M),133879950,남성,26FW,2026-06-25,2026-06-25,"259,000.00",36947,3,0.0,5,7615537956480,0,0,0,1,1,3,0,0,0,0,0
온,의류(온),퍼포먼스 볼트 자켓,1MG30664959,의류,S,1MG30664959(S),133879950,남성,26FW,2026-06-25,2026-06-25,"259,000.00",36946,0,0.0,2,7615537956466,0,0,0,1,1,0,0,0,0,0,0
온,의류(온),퍼포먼스 볼트 자켓,1MG30664959,의류,XL,1MG30664959(XL),133879950,남성,26FW,2026-06-25,2026-06-29,"259,000.00",36949,0,0.0,2,7615537956503,0,0,0,1,1,0,0,0,0,0,0
온,의류(온),퍼포먼스 볼트 베스트,1MG30670561,의류,L,1MG30670561(L),134097731,남성,26FW,2026-06-25,2026-06-29,"239,000.00",36974,9,0.0,11,7615537959696,0,0,0,1,1,9,0,0,0,0,0
온,의류(온),퍼포먼스 볼트 베스트,1MG30670561,의류,M,1MG30670561(M),134097731,남성,26FW,2026-06-25,2026-06-25,"239,000.00",36973,5,0.0,7,7615537959689,0,0,0,1,1,5,0,0,0,0,0
온,의류(온),퍼포먼스 볼트 베스트,1MG30670561,의류,S,1MG30670561(S),134097731,남성,26FW,2026-06-25,2026-06-25,"239,000.00",36972,2,0.0,4,7615537959665,0,0,0,1,1,2,0,0,0,0,0
온,의류(온),퍼포먼스 볼트 베스트,1MG30670561,의류,XL,1MG30670561(XL),134097731,남성,26FW,2026-06-25,2026-06-29,"239,000.00",36975,5,0.0,6,7615537959702,0,0,0,1,0,5,0,0,0,0,0
온,의류(온),퍼포먼스 볼트 티,1MG31154959,의류,L,1MG31154959(L),134097722,남성,26FW,2026-06-29,2026-06-29,"129,000.00",37029,7,0.0,7,,0,0,0,0,0,7,0,0,0,0,0
온,의류(온),퍼포먼스 볼트 티,1MG31154959,의류,M,1MG31154959(M),134097722,남성,26FW,2026-06-29,2026-06-29,"129,000.00",37028,9,0.0,9,,0,0,0,0,0,9,0,0,0,0,0
온,의류(온),퍼포먼스 볼트 티,1MG31154959,의류,S,1MG31154959(S),134097722,남성,26FW,2026-06-29,2026-06-29,"129,000.00",37027,1,0.0,1,,0,0,0,0,0,1,0,0,0,0,0
온,의류(온),퍼포먼스 볼트 티,1MG31154959,의류,XL,1MG31154959(XL),134097722,남성,26FW,2026-06-29,2026-06-29,"129,000.00",37030,2,0.0,2,,0,0,0,0,0,2,0,0,0,0,0
온,의류(온),퍼포먼스 탱크,1WE10303392,의류,L,1WE10303392(L),131228058,여성,25FW,2025-07-22,2025-07-22,"95,000.00",23421,0,0.0,1,7615537416502,0,0,0,0,1,0,0,0,0,0,0
온,의류(온),퍼포먼스 탱크,1WE10304994,의류,M,1WE10304994(M),,여성,26FW,2026-06-11,2026-06-11,"95,000.00",37088,6,0.0,10,7615537841632,0,0,0,2,2,6,0,0,0,0,0
온,의류(온),퍼포먼스 탱크,1WE10304994,의류,S,1WE10304994(S),,여성,26FW,2026-06-11,2026-06-11,"95,000.00",37087,9,0.0,14,7615537841601,0,0,0,2,3,9,0,0,0,0,0
온,의류(온),퍼포먼스 탱크,1WE10304994,의류,XS,1WE10304994(XS),,여성,26FW,2026-06-11,2026-06-11,"95,000.00",37086,3,0.0,5,7615537841595,0,0,0,1,1,3,0,0,0,0,0
온,의류(온),퍼포먼스 티,1WE10312985,의류,XS,1WE10312985(XS),129574605,여성,25SS,2025-04-18,2025-04-18,"115,000.00",16873,0,0.0,2,7615537247489,0,0,0,0,2,0,0,0,0,0,0
온,의류(온),퍼포먼스 티,1WE10313460,의류,XS,1WE10313460(XS),126731154,여성,25SS,2025-02-07,2025-02-07,"115,000.00",16881,0,0.0,1,7615537247663,0,0,0,0,1,0,0,0,0,0,0
온,의류(온),퍼포먼스 티,1WE10314994,의류,L,1WE10314994(L),133879945,여성,26FW,2026-06-25,2026-06-29,"115,000.00",37068,1,0.0,2,7615537842783,0,0,0,0,1,1,0,0,0,0,0
온,의류(온),퍼포먼스 티,1WE10314994,의류,M,1WE10314994(M),133879945,여성,26FW,2026-06-11,2026-06-11,"115,000.00",37067,3,0.0,6,7615537842769,0,0,0,3,0,3,0,0,0,0,0
온,의류(온),퍼포먼스 티,1WE10314994,의류,S,1WE10314994(S),133879945,여성,26FW,2026-06-25,2026-06-29,"115,000.00",37066,5,0.0,8,7615537842752,0,0,0,3,0,5,0,0,0,0,0
온,의류(온),퍼포먼스 티,1WE10314994,의류,XS,1WE10314994(XS),133879945,여성,26FW,2026-06-25,2026-06-29,"115,000.00",37065,2,0.0,5,7615537842745,0,0,0,3,0,2,0,0,0,0,0
온,의류(온),코어 티,1WE10580069,의류,S,1WE10580069(S),131228056,여성,25FW,2025-07-22,2025-07-22,"85,000.00",23387,0,0.0,3,7615537257693,0,0,0,2,1,0,0,0,0,0,0
온,의류(온),코어 티,1WE10580553,의류,L,1WE10580553(L),135922218,여성,26FW,2026-07-20,2026-07-20,"85,000.00",37016,2,0.0,3,7615537019000,0,0,0,1,0,2,0,0,0,0,0
온,의류(온),코어 티,1WE10580553,의류,M,1WE10580553(M),135922218,여성,26FW,2026-07-20,2026-07-20,"85,000.00",37015,5,0.0,8,7615537018997,0,0,0,2,1,5,0,0,0,0,0
온,의류(온),코어 티,1WE10580553,의류,S,1WE10580553(S),135922218,여성,26FW,2026-07-20,2026-07-20,"85,000.00",37014,5,0.0,11,7615537018980,0,0,0,4,2,5,0,0,0,0,0
온,의류(온),코어 티,1WE10580553,의류,XS,1WE10580553(XS),135922218,여성,26FW,2026-07-20,2026-07-20,"85,000.00",37013,3,0.0,5,7615537018973,0,0,0,2,0,3,0,0,0,0,0
온,의류(온),코어 롱 티,1WE10920553,의류,L,1WE10920553(L),135922219,여성,26FW,2026-07-20,2026-07-20,"95,000.00",37008,1,0.0,2,7615537017860,0,0,0,1,0,1,0,0,0,0,0
온,의류(온),코어 롱 티,1WE10920553,의류,M,1WE10920553(M),135922219,여성,26FW,2026-07-20,2026-07-20,"95,000.00",37007,3,0.0,9,7615537017853,0,0,0,4,2,3,0,0,0,0,0
온,의류(온),코어 롱 티,1WE10920553,의류,S,1WE10920553(S),135922219,여성,26FW,2026-07-20,2026-07-20,"95,000.00",37006,6,0.0,11,7615537017846,0,0,0,4,1,6,0,0,0,0,0
온,의류(온),코어 롱 티,1WE10920553,의류,XS,1WE10920553(XS),135922219,여성,26FW,2026-07-20,2026-07-20,"95,000.00",37005,3,0.0,5,7615537017839,0,0,0,2,0,3,0,0,0,0,0
온,의류(온),5인치 퍼포먼스 쇼츠,1WF10130553,의류,L,1WF10130553(L),132462935,여성,26SS,2026-01-05,2026-01-05,"115,000.00",29729,0,0.0,2,7615537267227,0,0,0,1,1,0,0,0,0,0,0
온,의류(온),5인치 퍼포먼스 쇼츠,1WF10130553,의류,M,1WF10130553(M),132462935,여성,26SS,2026-01-05,2026-01-05,"115,000.00",29728,0,0.0,3,7615537267210,0,0,0,1,2,0,0,0,0,0,0
온,의류(온),5인치 퍼포먼스 쇼츠,1WF10130553,의류,S,1WF10130553(S),132462935,여성,26SS,2026-01-05,2026-01-05,"115,000.00",29727,0,0.0,1,7615537267203,0,0,0,0,1,0,0,0,0,0,0
온,의류(온),3인치 코어 쇼츠,1WF10154975,의류,L,1WF10154975(L),133879942,여성,26FW,2026-06-25,2026-06-25,"85,000.00",37117,1,0.0,3,7615537958002,0,0,0,1,1,1,0,0,0,0,0
온,의류(온),3인치 코어 쇼츠,1WF10154975,의류,M,1WF10154975(M),133879942,여성,26FW,2026-06-25,2026-06-25,"85,000.00",37116,4,0.0,9,7615537957999,0,0,0,3,2,4,0,0,0,0,0
온,의류(온),3인치 코어 쇼츠,1WF10154975,의류,S,1WF10154975(S),133879942,여성,26FW,2026-06-25,2026-06-25,"85,000.00",37115,3,0.0,9,7615537957982,0,0,0,4,2,3,0,0,0,0,0
온,의류(온),3인치 코어 쇼츠,1WF10154975,의류,XS,1WF10154975(XS),133879942,여성,26FW,2026-06-11,2026-06-11,"85,000.00",37114,1,0.0,5,7615537957975,0,0,0,4,0,1,0,0,0,0,0
온,의류(온),퍼포먼스 탱크 Aop,1WF10432986,의류,XS,1WF10432986(XS),130666860,여성,25SS,2025-05-23,2025-05-23,"115,000.00",16865,0,0.0,1,7615537272351,0,0,0,0,1,0,0,0,0,0,0
온,의류(온),퍼포먼스 타이츠 7/8 Aop,1WF10491933,의류,M,1WF10491933(M),130666859,여성,25SS,2025-05-23,2025-05-23,"169,000.00",16859,0,0.0,2,7615537272191,0,0,0,0,2,0,0,0,0,0,0
온,의류(온),퍼포먼스 타이츠 7/8 Aop,1WF10491933,의류,S,1WF10491933(S),130666859,여성,25SS,2025-05-23,2025-05-23,"169,000.00",16858,0,0.0,6,7615537272184,0,0,0,0,6,0,0,0,0,0,0
온,의류(온),퍼포먼스 타이츠 7/8 Aop,1WF10491933,의류,XS,1WF10491933(XS),130666859,여성,25SS,2025-05-23,2025-05-23,"169,000.00",16857,0,0.0,5,7615537272177,0,0,0,0,5,0,0,0,0,0,0
온,의류(온),5인치 코어 쇼츠,1WF11050554,의류,XS,1WF11050554(XS),129574606,여성,25SS,2025-04-18,2025-04-18,"85,000.00",16889,0,0.0,1,7615537266893,0,0,0,0,1,0,0,0,0,0,0
온,의류(온),퍼포먼스 타이츠 쇼츠,1WF30210553,의류,L,1WF30210553(L),135922215,여성,26FW,2026-07-20,2026-07-20,"95,000.00",23429,2,0.0,3,7615537425382,0,0,0,1,0,2,0,0,0,0,0
온,의류(온),퍼포먼스 타이츠 쇼츠,1WF30210553,의류,M,1WF30210553(M),135922215,여성,25FW,2025-07-22,2025-07-22,"95,000.00",23428,4,0.0,11,7615537425443,0,0,0,0,2,0,0,0,0,0,0
온,의류(온),퍼포먼스 타이츠 쇼츠,1WF30210553,의류,M,1WF30210553(M),135922215,여성,26FW,2026-07-20,2026-07-20,"95,000.00",23428,4,0.0,11,7615537425443,0,0,0,3,2,4,0,0,0,0,0
온,의류(온),퍼포먼스 타이츠 쇼츠,1WF30210553,의류,S,1WF30210553(S),135922215,여성,26FW,2026-07-20,2026-07-20,"95,000.00",23427,4,0.0,6,7615537425573,0,0,0,2,0,4,0,0,0,0,0
온,의류(온),퍼포먼스 타이츠 쇼츠,1WF30210553,의류,XS,1WF30210553(XS),135922215,여성,26FW,2026-07-20,2026-07-20,"95,000.00",23426,0,0.0,2,7615537425474,0,0,0,2,0,0,0,0,0,0,0
온,의류(온),퍼포먼스 볼트 쇼츠,1WG10900561,의류,L,1WG10900561(L),132919073,여성,26SS,2026-02-25,2026-02-25,"139,000.00",29453,0,0.0,1,7615537646077,0,0,0,1,0,0,0,0,0,0,0
온,의류(온),퍼포먼스 볼트티,1WG10942343,의류,L,1WG10942343(L),132919076,여성,26SS,2026-02-25,2026-02-25,"129,000.00",29437,0,0.0,1,7615537646978,0,0,0,1,0,0,0,0,0,0,0
온,의류(온),퍼포먼스 볼트티,1WG10942343,의류,XL,1WG10942343(XL),132919076,여성,26SS,2026-02-25,2026-02-25,"129,000.00",29438,1,0.0,1,,0,0,0,0,0,1,0,0,0,0,0
온,의류(온),온 런 탱크,1WG11240553,의류,XL,1WG11240553(XL),132717555,여성,26SS,2026-02-05,2026-02-05,"75,000.00",29536,1,0.0,1,,0,0,0,0,0,1,0,0,0,0,0
온,의류(온),온 런 티,1WG11250553,의류,L,1WG11250553(L),132717557,여성,26SS,2026-02-05,2026-02-05,"89,000.00",29519,0,0.0,1,7615537649405,0,0,0,1,0,0,0,0,0,0,0
온,의류(온),온 런 티,1WG11250553,의류,M,1WG11250553(M),132717557,여성,26SS,2026-02-05,2026-02-05,"89,000.00",29518,0,0.0,1,7615537649382,0,0,0,1,0,0,0,0,0,0,0
온,의류(온),온 런 티,1WG11250553,의류,S,1WG11250553(S),132717557,여성,26SS,2026-02-05,2026-02-05,"89,000.00",29517,2,0.0,3,7615537649368,0,0,0,1,0,2,0,0,0,0,0
온,의류(온),온 런 티,1WG11250773,의류,L,1WG11250773(L),132717556,여성,26SS,2026-02-05,2026-02-05,"89,000.00",29527,1,0.0,2,7615537649467,0,0,0,1,0,1,0,0,0,0,0
온,의류(온),온 런 티,1WG11250773,의류,M,1WG11250773(M),132717556,여성,26SS,2026-02-05,2026-02-05,"89,000.00",29526,2,0.0,4,7615537649450,0,0,0,1,1,2,0,0,0,0,0
온,의류(온),온 런 티,1WG11250773,의류,S,1WG11250773(S),132717556,여성,26SS,2026-02-05,2026-02-05,"89,000.00",29525,2,0.0,5,7615537649443,0,0,0,1,2,2,0,0,0,0,0
온,의류(온),올데이 워터프루트 자켓,1WG11494939,의류,L,1WG11494939(L),,여성,26FW,2026-08-27,2026-08-27,"299,000.00",36935,3,0.0,3,,0,0,0,0,0,3,0,0,0,0,0
온,의류(온),올데이 워터프루트 자켓,1WG11494939,의류,M,1WG11494939(M),,여성,26FW,2026-08-27,2026-08-27,"299,000.00",36934,6,0.0,6,,0,0,0,0,0,6,0,0,0,0,0
온,의류(온),올데이 워터프루트 자켓,1WG11494939,의류,S,1WG11494939(S),,여성,26FW,2026-08-27,2026-08-27,"299,000.00",36933,8,0.0,8,,0,0,0,0,0,8,0,0,0,0,0
온,의류(온),올데이 워터프루트 자켓,1WG11494939,의류,XS,1WG11494939(XS),,여성,26FW,2026-08-27,2026-08-27,"299,000.00",36932,3,0.0,3,,0,0,0,0,0,3,0,0,0,0,0
온,의류(온),퍼포먼스 볼트 자켓,1WG30734993,의류,L,1WG30734993(L),133879949,여성,26FW,2026-06-25,2026-06-25,"259,000.00",36961,1,0.0,3,7615537960401,0,0,0,1,1,1,0,0,0,0,0
온,의류(온),퍼포먼스 볼트 자켓,1WG30734993,의류,M,1WG30734993(M),133879949,여성,26FW,2026-06-25,2026-06-25,"259,000.00",36960,2,0.0,5,7615537960371,0,0,0,2,1,2,0,0,0,0,0
온,의류(온),퍼포먼스 볼트 자켓,1WG30734993,의류,S,1WG30734993(S),133879949,여성,26FW,2026-06-25,2026-06-25,"259,000.00",36959,4,0.0,7,7615537960364,0,0,0,2,1,4,0,0,0,0,0
온,의류(온),퍼포먼스 볼트 자켓,1WG30734993,의류,XS,1WG30734993(XS),133879949,여성,26FW,2026-06-25,2026-06-25,"259,000.00",36958,1,0.0,3,7615537960357,0,0,0,1,1,1,0,0,0,0,0
온,의류(온),퍼포먼스 볼트 베스트,1WG30740561,의류,L,1WG30740561(L),133879948,여성,26FW,2026-06-11,2026-06-11,"239,000.00",36987,2,0.0,4,7615537960067,0,0,0,1,1,2,0,0,0,0,0
온,의류(온),퍼포먼스 볼트 베스트,1WG30740561,의류,M,1WG30740561(M),133879948,여성,26FW,2026-06-11,2026-06-11,"239,000.00",36986,3,0.0,6,7615537960050,0,0,0,2,1,3,0,0,0,0,0
온,의류(온),퍼포먼스 볼트 베스트,1WG30740561,의류,S,1WG30740561(S),133879948,여성,26FW,2026-06-11,2026-06-11,"239,000.00",36985,3,0.0,5,7615537960036,0,0,0,1,1,3,0,0,0,0,0
온,의류(온),퍼포먼스 볼트 베스트,1WG30740561,의류,XS,1WG30740561(XS),133879948,여성,26FW,2026-06-11,2026-06-11,"239,000.00",36984,0,0.0,2,7615537960012,0,0,0,1,1,0,0,0,0,0,0
온,의류(온),퍼포먼스 볼트 티,1WG31334959,의류,M,1WG31334959(M),133879946,여성,26FW,2026-06-25,2026-06-25,"129,000.00",37041,6,0.0,10,7615537957111,0,0,0,2,2,6,0,0,0,0,0
온,의류(온),퍼포먼스 볼트 티,1WG31334959,의류,S,1WG31334959(S),133879946,여성,26FW,2026-06-25,2026-06-25,"129,000.00",37040,8,0.0,11,7615537957098,0,0,0,3,0,8,0,0,0,0,0
온,의류(온),퍼포먼스 볼트 티,1WG31334959,의류,XS,1WG31334959(XS),133879946,여성,26FW,2026-06-25,2026-06-25,"129,000.00",37039,2,0.0,3,7615537957074,0,0,0,1,0,2,0,0,0,0,0
온,의류(온),퍼포먼스 타이츠 24,1WG31400553,의류,L,1WG31400553(L),133879943,여성,26FW,2026-06-11,2026-06-11,"159,000.00",37097,2,0.0,4,7615537935638,0,0,0,1,1,2,0,0,0,0,0
온,의류(온),퍼포먼스 타이츠 24,1WG31400553,의류,M,1WG31400553(M),133879943,여성,26FW,2026-06-11,2026-06-11,"159,000.00",37096,6,0.0,10,7615537935621,0,0,0,2,2,6,0,0,0,0,0
온,의류(온),퍼포먼스 타이츠 24,1WG31400553,의류,S,1WG31400553(S),133879943,여성,26FW,2026-06-11,2026-06-11,"159,000.00",37095,6,0.0,9,7615537935614,0,0,0,1,2,6,0,0,0,0,0
온,의류(온),퍼포먼스 타이츠 24,1WG31400553,의류,XS,1WG31400553(XS),133879943,여성,26FW,2026-06-11,2026-06-11,"159,000.00",37094,3,0.0,5,7615537935607,0,0,0,1,1,3,0,0,0,0,0
툴레,용품(툴레),어반글라이드 3 안전바,20110765,용품,1SIZE,20110765(1SIZE),131429545,0,25FW,2025-08-14,2025-08-14,"120,000.00",24215,0,0.0,1,,0,0,0,0,0,1,0,0,0,0,0
툴레,용품(툴레),어반글라이드 3 메쉬 커버,20110768,용품,1SIZE,20110768(1SIZE),131429550,0,25FW,2025-08-14,2025-08-14,"120,000.00",24260,0,0.0,1,,0,0,0,0,0,1,0,0,0,0,0
ARC,용품(ARC),티핑 백,21CA-TIP-GRY,용품,1SIZE,21CA-TIP-GRY(1SIZE),123229671,공용,24FW,2024-08-15,2024-08-15,"28,000.00",7994,0,0.0,2,21CA-TIP-GRY ,0,0,0,1,1,0,0,0,0,0,0
ARC,용품(ARC),런드리 백 M,21SS-LAU-BLKM,용품,1SIZE,21SS-LAU-BLKM(1SIZE),126731532,공용,25SS,2025-01-31,2025-01-31,"22,000.00",16360,0,0.0,1,21SS-LAU-BLKM,1,0,0,0,0,0,0,0,0,0,0
ARC,용품(ARC),런드리 백 S,21SS-LAU-BLKS,용품,1SIZE,21SS-LAU-BLKS(1SIZE),126731531,공용,25SS,2025-01-31,2025-01-31,"16,000.00",16359,0,0.0,1,21SS-LAU-BLKS,0,0,0,0,1,0,0,0,0,0,0
ARC,용품(ARC),10km 러닝 베스트,21SS-VEST-BLK,용품,M,21SS-VEST-BLK(M),126731529,공용,25SS,2025-01-31,2025-01-31,"124,000.00",16344,2,0.0,2,21SS-VEST-BLKM,0,0,0,0,0,2,0,0,0,0,0
ARC,용품(ARC),안단테 트레일 러닝 베스트 15L,22FW-AD15-BLK,용품,L,22FW-AD15-BLK(L),126731530,공용,25SS,2025-01-31,2025-01-31,"238,000.00",16355,0,0.0,1,22FW-AD15-BLKL,0,0,0,1,0,0,0,0,0,0,0
ARC,용품(ARC),안단테 트레일 러닝 베스트 15L,22FW-AD15-BLK,용품,M,22FW-AD15-BLK(M),126731530,공용,25SS,2025-01-31,2025-01-31,"238,000.00",16354,2,0.0,4,22FW-AD15-BLKM,0,0,0,2,0,2,0,0,0,0,0
ARC,용품(ARC),안단테 트레일 러닝 베스트 15L,22FW-AD15-BLK,용품,S,22FW-AD15-BLK(S),126731530,공용,25SS,2025-01-31,2025-01-31,"238,000.00",16353,1,0.0,4,22FW-AD15-BLKS,0,0,0,2,1,1,0,0,0,0,0
파타고니아,의류(파타고니아),후디니 스태쉬 1/2 집 풀오버,23410-CLMB,의류,L,23410-CLMB(L),131702812,남성,25FW,2025-09-18,2025-09-18,"219,000.00",24686,3,0.0,5,23410Q7CLMBL,0,0,0,2,0,3,0,0,0,0,0
파타고니아,의류(파타고니아),후디니 스태쉬 1/2 집 풀오버,23410-CLMB,의류,M,23410-CLMB(M),131702812,남성,25FW,2025-09-18,2025-09-18,"219,000.00",24685,1,0.0,2,23410Q7CLMBM,0,0,0,1,0,1,0,0,0,0,0
파타고니아,의류(파타고니아),후디니 스태쉬 1/2 집 풀오버,23410-CLMB,의류,S,23410-CLMB(S),131702812,남성,25FW,2025-09-18,2025-09-18,"219,000.00",24684,1,0.0,2,23410Q7CLMBS,0,0,0,1,0,1,0,0,0,0,0
파타고니아,의류(파타고니아),후디니 스태쉬 1/2 집 풀오버,23410-CLMB,의류,XL,23410-CLMB(XL),131702812,남성,25FW,2025-09-18,2025-09-18,"219,000.00",24687,3,0.0,4,23410Q7CLMBXL,0,0,0,1,0,3,0,0,0,0,0
파타고니아,의류(파타고니아),후디니 스태쉬 1/2 집 풀오버,23435-SRPO,의류,L,23435-SRPO(L),131702858,여성,25FW,2025-09-18,2025-09-18,"219,000.00",24726,1,0.0,2,23435Q7SRPOL,0,0,0,1,0,1,0,0,0,0,0
파타고니아,의류(파타고니아),후디니 스태쉬 1/2 집 풀오버,23435-SRPO,의류,M,23435-SRPO(M),131702858,여성,25FW,2025-09-18,2025-09-18,"219,000.00",24725,0,0.0,1,23435Q7SRPOM,0,0,0,1,0,0,0,0,0,0,0
파타고니아,의류(파타고니아),후디니 스태쉬 1/2 집 풀오버,23435-SRPO,의류,S,23435-SRPO(S),131702858,여성,25FW,2025-09-18,2025-09-18,"219,000.00",24724,1,0.0,3,23435Q7SRPOS,0,0,0,2,0,1,0,0,0,0,0
파타고니아,의류(파타고니아),캡 쿨 트레일 셔츠,23726R5-DYWH,의류,S,23726R5-DYWH(S),133237200,여성,26SS,2026-03-25,2026-03-25,"89,000.00",32566,0,0.0,1,23726R5DYWHS,0,0,0,1,0,0,0,0,0,0,0
ARC,용품(ARC),하이드레이션 힙 색,23FW-VHH-BLK,용품,1SIZE,23FW-VHH-BLK(1SIZE),123235667,공용,24FW,2024-08-15,2024-08-15,"98,000.00",7996,1,0.0,4,23FW-VHH-BLK,0,0,0,2,1,1,0,0,0,0,0
ARC,용품(ARC),짐 색,23SS-GYM-BLK,용품,1SIZE,23SS-GYM-BLK(1SIZE),126731533,공용,25SS,2025-01-31,2025-01-31,"51,000.00",16361,0,0.0,1,23SS-GYM-BLK,0,0,0,1,0,0,0,0,0,0,0
파타고니아,의류(파타고니아),윈드 쉴드 자켓,24093-BLK,의류,L,24093-BLK(L),131702870,남성,25FW,2025-09-18,2025-09-18,"299,000.00",24702,3,0.0,5,24093Q7BLKL,0,0,0,2,0,3,0,0,0,0,0
파타고니아,의류(파타고니아),윈드 쉴드 자켓,24093-BLK,의류,M,24093-BLK(M),131702870,남성,25FW,2025-09-18,2025-09-18,"299,000.00",24701,3,0.0,5,24093Q7BLKM,0,0,0,2,0,3,0,0,0,0,0
파타고니아,의류(파타고니아),윈드 쉴드 자켓,24093-BLK,의류,S,24093-BLK(S),131702870,남성,25FW,2025-09-18,2025-09-18,"299,000.00",24700,2,0.0,3,24093Q7BLKS,0,0,0,1,0,2,0,0,0,0,0
파타고니아,의류(파타고니아),윈드 쉴드 자켓,24093-MRLB,의류,L,24093-MRLB(L),131702856,남성,25FW,2025-09-18,2025-09-18,"299,000.00",24710,1,0.0,2,24093Q7MRLBL,0,0,0,1,0,1,0,0,0,0,0
파타고니아,의류(파타고니아),윈드 쉴드 자켓,24093-MRLB,의류,M,24093-MRLB(M),131702856,남성,25FW,2025-09-18,2025-09-18,"299,000.00",24709,0,0.0,1,24093Q7MRLBM,0,0,0,1,0,0,0,0,0,0,0
파타고니아,의류(파타고니아),윈드 쉴드 자켓,24093-MRLB,의류,S,24093-MRLB(S),131702856,남성,25FW,2025-09-18,2025-09-18,"299,000.00",24708,1,0.0,2,24093Q7MRLBS,0,0,0,1,0,1,0,0,0,0,0
파타고니아,의류(파타고니아),윈드 쉴드 자켓,24093-MRLB,의류,XL,24093-MRLB(XL),131702856,남성,25FW,2025-09-18,2025-09-18,"299,000.00",24711,0,0.0,1,24093Q7MRLBXL,0,0,0,1,0,0,0,0,0,0,0
파타고니아,의류(파타고니아),스톰 레이서 자켓,24112Q5-PLNO,의류,M,24112Q5-PLNO(M),128865118,남성,25SS,2025-03-12,2025-03-12,"539,000.00",17818,0,0.0,1,24112Q5PLNOM,0,0,0,1,0,0,0,0,0,0,0
파타고니아,의류(파타고니아),스톰 레이서 자켓,24112Q5-PLNO,의류,S,24112Q5-PLNO(S),128865118,남성,25SS,2025-03-12,2025-03-12,"539,000.00",17817,0,0.0,1,24112Q5PLNOS,0,0,0,1,0,0,0,0,0,0,0
파타고니아,의류(파타고니아),스톰 레이서 자켓,24112Q5-PLNO,의류,XL,24112Q5-PLNO(XL),128865118,남성,25SS,2025-03-12,2025-03-12,"539,000.00",17820,0,0.0,1,24112Q5PLNOXL,0,0,0,1,0,0,0,0,0,0,0
파타고니아,의류(파타고니아),스톰 레이서 자켓,24112Q5-WLDB,의류,M,24112Q5-WLDB(M),128865119,남성,25SS,2025-03-12,2025-03-12,"539,000.00",17826,0,0.0,1,24112Q5WLDBM,0,0,0,1,0,0,0,0,0,0,0
파타고니아,의류(파타고니아),스톰 레이서 자켓,24112Q5-WLDB,의류,S,24112Q5-WLDB(S),128865119,남성,25SS,2025-03-12,2025-03-12,"539,000.00",17825,0,0.0,1,24112Q5WLDBS,0,0,0,1,0,0,0,0,0,0,0
파타고니아,의류(파타고니아),후디니 재킷,24142R5-BLSG,의류,L,24142R5-BLSG(L),133237341,남성,26SS,2026-03-25,2026-03-25,"199,000.00",32508,0,0.0,1,24142R5BLSGL,0,0,0,1,0,0,0,0,0,0,0
파타고니아,의류(파타고니아),후디니 재킷,24142R5-BLSG,의류,M,24142R5-BLSG(M),133237341,남성,26SS,2026-03-25,2026-03-25,"199,000.00",32507,0,0.0,2,24142R5BLSGM,0,0,0,1,1,0,0,0,0,0,0
파타고니아,의류(파타고니아),후디니 재킷,24142R5-BLSG,의류,S,24142R5-BLSG(S),133237341,남성,26SS,2026-03-25,2026-03-25,"199,000.00",32506,0,0.0,2,24142R5BLSGS,0,0,0,1,1,0,0,0,0,0,0
파타고니아,의류(파타고니아),후디니 재킷,24142R5-BOB,의류,M,24142R5-BOB(M),133237351,남성,26SS,2026-03-25,2026-03-25,"199,000.00",32494,0,0.0,2,24142R5BOBM,0,0,0,1,1,0,0,0,0,0,0
파타고니아,의류(파타고니아),후디니 재킷,24142R5-BOB,의류,S,24142R5-BOB(S),133237351,남성,26SS,2026-03-25,2026-03-25,"199,000.00",32493,0,0.0,2,24142R5BOBS,0,0,0,1,1,0,0,0,0,0,0
파타고니아,의류(파타고니아),후디니 자켓,24142-SRRO,의류,S,24142-SRRO(S),131707287,남성,25FW,2025-09-18,2025-09-18,"179,000.00",24676,0,0.0,1,24142Q7SPROS,0,0,0,1,0,0,0,0,0,0,0
파타고니아,의류(파타고니아),후디니 자켓,24142-SRRO,의류,XL,24142-SRRO(XL),131707287,남성,25FW,2025-09-18,2025-09-18,"179,000.00",24679,0,0.0,1,24142Q7SRROXL,0,0,0,1,0,0,0,0,0,0,0
파타고니아,의류(파타고니아),후디니 재킷,24147R5-LVT,의류,S,24147R5-LVT(S),133237320,여성,26SS,2026-03-25,2026-03-25,"199,000.00",32553,0,0.0,1,24147R5LVTS,0,0,0,0,1,0,0,0,0,0,0
파타고니아,의류(파타고니아),후디니 재킷,24147R5-LVT,의류,XS,24147R5-LVT(XS),133237320,여성,26SS,2026-03-25,2026-03-25,"199,000.00",32552,1,0.0,2,24147R5LVTXS,0,0,0,0,1,1,0,0,0,0,0
파타고니아,의류(파타고니아),후디니 자켓,24147-SRPO,의류,S,24147-SRPO(S),131702857,여성,25FW,2025-09-18,2025-09-18,"179,000.00",24716,0,0.0,2,24147Q7SRPOS,0,0,0,2,0,0,0,0,0,0,0
파타고니아,의류(파타고니아),에어셰드 프로 풀오버,24192Q5-BNLG,의류,S,24192Q5-BNLG(S),128865113,남성,25SS,2025-03-12,2025-03-12,"219,000.00",17785,0,0.0,1,24192Q5BNLGS,0,0,0,1,0,0,0,0,0,0,0
파타고니아,의류(파타고니아),에어셰드 프로 풀오버,24197Q5-GRZG,의류,M,24197Q5-GRZG(M),128865124,여성,25SS,2025-03-12,2025-03-12,"219,000.00",17868,3,0.0,6,24197Q5GRZGM,0,0,0,3,0,3,0,0,0,0,0
파타고니아,의류(파타고니아),에어셰드 프로 풀오버,24197Q5-GRZG,의류,S,24197Q5-GRZG(S),128865124,여성,25SS,2025-03-12,2025-03-12,"219,000.00",17867,2,0.0,4,24197Q5GRZGS,0,0,0,2,0,2,0,0,0,0,0
파타고니아,의류(파타고니아),에어셰드 프로 풀오버,24197Q5-GRZG,의류,XS,24197Q5-GRZG(XS),128865124,여성,25SS,2025-03-12,2025-03-12,"219,000.00",17866,0,0.0,2,24197Q5GRZGXS,0,0,0,2,0,0,0,0,0,0,0
파타고니아,의류(파타고니아),캡 쿨 트레일 셔츠,24498R5-WSTO,의류,L,24498R5-WSTO(L),133237208,남성,26SS,2026-03-25,2026-03-25,"85,000.00",32534,0,0.0,1,24498R5WSTOL,0,0,0,0,1,0,0,0,0,0,0
파타고니아,의류(파타고니아),캡 쿨 트레일 셔츠,24498R5-WSTO,의류,M,24498R5-WSTO(M),133237208,남성,26SS,2026-03-25,2026-03-25,"85,000.00",32533,0,0.0,1,24498R5WSTOM,0,0,0,0,1,0,0,0,0,0,0
파타고니아,의류(파타고니아),M`S STRIDER PRO SHORTS - 5 IN.트라이얼,24634Q5-BLK TRIAL,의류,L,24634Q5-BLK TRIAL(L),,남성,25FW,,,0.00,24513,0,0.0,1,,0,0,0,0,1,0,0,0,0,0,0
파타고니아,의류(파타고니아),M`S STRIDER PRO SHORTS - 5 IN.트라이얼,24634Q5-BLK TRIAL,의류,M,24634Q5-BLK TRIAL(M),,남성,25FW,,,0.00,24512,0,0.0,2,,0,0,0,0,2,0,0,0,0,0,0
파타고니아,의류(파타고니아),M`S STRIDER PRO SHORTS - 5 IN.트라이얼,24634Q5-BLK TRIAL,의류,S,24634Q5-BLK TRIAL(S),,남성,25FW,,,0.00,24511,0,0.0,1,,0,0,0,0,1,0,0,0,0,0,0
파타고니아,의류(파타고니아),스트라이더 프로 쇼츠 5인치,24634Q5-SLPU,의류,L,24634Q5-SLPU(L),128865121,남성,25SS,2025-03-12,2025-03-12,"139,000.00",17843,0,0.0,1,24634Q5SLPUL,0,0,0,1,0,0,0,0,0,0,0
파타고니아,의류(파타고니아),스트라이더 프로 쇼츠 5인치,24634Q5-SLPU,의류,M,24634Q5-SLPU(M),128865121,남성,25SS,2025-03-12,2025-03-12,"139,000.00",17841,2,0.0,1,24634Q5SLPUS,0,0,0,0,1,0,0,0,0,0,0
파타고니아,의류(파타고니아),스트라이더 프로 쇼츠 5인치,24634Q5-SLPU,의류,S,24634Q5-SLPU(S),128865121,남성,25SS,2025-03-12,2025-03-12,"139,000.00",17842,2,0.0,7,24634Q5SLPUM,0,0,0,2,1,4,0,0,0,0,0
파타고니아,의류(파타고니아),M`S STRIDER PRO SHORTS - 5 IN.트라이얼,24634Q5-SLPU TRIAL,의류,M,24634Q5-SLPU TRIAL(M),,남성,25FW,,,0.00,24520,0,0.0,1,,0,0,0,0,1,0,0,0,0,0,0
파타고니아,의류(파타고니아),M`S STRIDER PRO SHORTS - 5 IN.트라이얼,24634Q5-SLPU TRIAL,의류,S,24634Q5-SLPU TRIAL(S),,남성,25FW,,,0.00,24519,0,0.0,1,,0,0,0,0,1,0,0,0,0,0,0
파타고니아,의류(파타고니아),스트라이더 프로 쇼츠 3.5인치,24658Q5-BLK,의류,M,24658Q5-BLK(M),128865128,여성,25SS,2025-03-12,2025-03-12,"135,000.00",17900,0,0.0,1,24658Q5BLKM,0,0,0,0,1,0,0,0,0,0,0
파타고니아,의류(파타고니아),스트라이더 프로 쇼츠 3.5인치,24658Q5-BLK,의류,S,24658Q5-BLK(S),128865128,여성,25SS,2025-03-12,2025-03-12,"135,000.00",17899,0,0.0,1,24658Q5BLKS,0,0,0,0,1,0,0,0,0,0,0
파타고니아,의류(파타고니아),W`S STRIDER PRO SHORTS - 3 1/2 IN.트라이얼,24658Q5-BLK TRIAL,의류,M,24658Q5-BLK TRIAL(M),,여성,25FW,,,0.00,24594,0,0.0,1,,0,0,0,0,1,0,0,0,0,0,0
파타고니아,의류(파타고니아),W`S STRIDER PRO SHORTS - 3 1/2 IN.트라이얼,24658Q5-BLK TRIAL,의류,S,24658Q5-BLK TRIAL(S),,여성,25FW,,,0.00,24593,0,0.0,2,,0,0,0,0,2,0,0,0,0,0,0
파타고니아,의류(파타고니아),W`S STRIDER PRO SHORTS - 3 1/2 IN.트라이얼,24658Q5-BLK TRIAL,의류,XS,24658Q5-BLK TRIAL(XS),,여성,25FW,,,0.00,24592,0,0.0,2,,0,0,0,0,2,0,0,0,0,0,0
파타고니아,의류(파타고니아),스트라이더 프로 쇼츠 3 1/2 인치,24658R5-BLK,의류,M,24658R5-BLK(M),133237192,여성,26SS,2026-03-25,2026-03-25,"149,000.00",32580,0,0.0,2,24658R5BLKM,0,0,0,1,1,0,0,0,0,0,0
파타고니아,의류(파타고니아),스트라이더 프로 쇼츠 3 1/2 인치,24658R5-BLK,의류,S,24658R5-BLK(S),133237192,여성,26SS,2026-03-25,2026-03-25,"149,000.00",32579,0,0.0,1,24658R5BLKS,0,0,0,0,1,0,0,0,0,0,0
파타고니아,의류(파타고니아),스트라이더 프로 쇼츠 3 1/2 인치,24658R5-BLK,의류,XS,24658R5-BLK(XS),133237192,여성,26SS,2026-03-25,2026-03-25,"149,000.00",32578,0,0.0,2,24658R5BLKXS,0,0,0,1,1,0,0,0,0,0,0
파타고니아,의류(파타고니아),W`S ENDLESS RUN SHORTS - 6 IN.트라이얼,24745Q5-BLK TRIAL,의류,M,24745Q5-BLK TRIAL(M),,여성,25FW,,,0.00,24586,0,0.0,1,,0,0,0,0,1,0,0,0,0,0,0
파타고니아,의류(파타고니아),W`S ENDLESS RUN SHORTS - 6 IN.트라이얼,24745Q5-BLK TRIAL,의류,S,24745Q5-BLK TRIAL(S),,여성,25FW,,,0.00,24585,0,0.0,2,,0,0,0,0,2,0,0,0,0,0,0
파타고니아,의류(파타고니아),엔드리스 런 7/8 타이츠,24811Q5-BLK,의류,M,24811Q5-BLK(M),128865125,여성,25SS,2025-03-12,2025-03-12,"199,000.00",17876,1,0.0,2,24811Q5BLKM,0,0,0,1,0,1,0,0,0,0,0
파타고니아,의류(파타고니아),엔드리스 런 7/8 타이츠,24811Q5-BLK,의류,S,24811Q5-BLK(S),128865125,여성,25SS,2025-03-12,2025-03-12,"199,000.00",17875,2,0.0,3,24811Q5BLKS,0,0,0,1,0,2,0,0,0,0,0
파타고니아,의류(파타고니아),엔드리스 런 7/8 타이츠,24811Q5-BLK,의류,XS,24811Q5-BLK(XS),128865125,여성,25SS,2025-03-12,2025-03-12,"199,000.00",17874,4,0.0,5,24811Q5BLKXS,0,0,0,1,0,4,0,0,0,0,0
파타고니아,의류(파타고니아),M`S ENDLESS RUN SHORTS트라이얼,24871Q5-BLK TRIAL,의류,L,24871Q5-BLK TRIAL(L),,남성,25FW,,,0.00,24473,0,0.0,1,,0,0,0,0,1,0,0,0,0,0,0
파타고니아,의류(파타고니아),M`S ENDLESS RUN SHORTS트라이얼,24871Q5-BLK TRIAL,의류,M,24871Q5-BLK TRIAL(M),,남성,25FW,,,0.00,24472,0,0.0,1,,0,0,0,0,1,0,0,0,0,0,0
파타고니아,의류(파타고니아),M`S ENDLESS RUN SHORTS트라이얼,24871Q5-BLK TRIAL,의류,S,24871Q5-BLK TRIAL(S),,남성,25FW,,,0.00,24471,0,0.0,1,,0,0,0,0,1,0,0,0,0,0,0
ARC,용품(ARC),비컨 베스트,24FW-BCV-BLK,용품,1SIZE,24FW-BCV-BLK(1SIZE),123772820,공용,24FW,2024-09-27,2024-09-27,"73,000.00",10520,4,0.0,11,24FW-BCV-BLK,0,0,0,5,2,4,0,0,0,0,0
ARC,용품(ARC),비컨 니 밴드,24FW-BKB-BLK,용품,S,24FW-BKB-BLK(S),123773343,공용,24FW,2024-09-27,2024-09-27,"59,000.00",10523,1,0.0,1,24FW-BKB-BLKS,0,0,0,0,0,1,0,0,0,0,0
ARC,용품(ARC),베이직 암 슬리브,24SS-BAS-GRYS,용품,M,24SS-BAS-GRYS(M),126731539,공용,25SS,2025-01-31,2025-01-31,"30,000.00",16377,0,0.0,1,24SS-BAS-GRYM,0,0,0,1,0,0,0,0,0,0,0
ARC,용품(ARC),베이직 암 슬리브,24SS-BAS-OLVS,용품,M,24SS-BAS-OLVS(M),126731540,공용,25SS,2025-01-31,2025-01-31,"30,000.00",16384,0,0.0,5,24SS-BAS-OLVM,0,0,0,3,2,0,0,0,0,0,0
ARC,용품(ARC),베이직 암 슬리브,24SS-BAS-OLVS,용품,S,24SS-BAS-OLVS(S),126731540,공용,25SS,2025-01-31,2025-01-31,"30,000.00",16383,0,0.0,1,24SS-BAS-OLVS,0,0,0,1,0,0,0,0,0,0,0
ARC,용품(ARC),디스턴스 트레일 러닝 캡,24SS-DTC-BEG,용품,1SIZE,24SS-DTC-BEG(1SIZE),123772833,공용,25FW,2025-07-28,2025-07-28,"59,000.00",10542,0,0.0,1,24SS-DTC-BEG,0,0,0,0,1,0,0,0,0,0,0
ARC,용품(ARC),짐 색,24SS-GYM-GBL,용품,1SIZE,24SS-GYM-GBL(1SIZE),126731535,공용,25SS,2025-01-31,2025-01-31,"51,000.00",16363,0,0.0,1,24SS-GYM-GBL,0,0,0,1,0,0,0,0,0,0,0
ARC,용품(ARC),레이스 빕 벨트,24SS-RBB-BLK,용품,1SIZE,24SS-RBB-BLK(1SIZE),123229665,공용,24FW,2024-08-15,2024-08-15,"22,000.00",7978,0,0.0,0,24FW-RBB-BLK,0,0,0,0,0,0,0,1,0,0,0
ARC,용품(ARC),3km 힙 색,25SS-HIP-GRY,용품,1SIZE,25SS-HIP-GRY(1SIZE),131277165,공용,25FW,2025-07-28,2025-07-28,"59,000.00",23618,4,0.0,27,25SS-HIPS-GRY,0,0,0,5,18,4,0,0,0,0,0
비브람파이브핑거스,신발(비브람),V-RUN,26M7001,신발,265,26M7001(265),133315687,남성,26SS,2026-04-02,2026-04-02,"229,000.00",34132,0,0.0,2,RA0012042000464,0,0,0,2,0,0,0,0,0,0,0
비브람파이브핑거스,신발(비브람),V-RUN,26M7001,신발,270,26M7001(270),133315687,남성,26SS,2026-04-02,2026-04-02,"229,000.00",34133,0,0.0,3,RA0012042000465,0,0,0,3,0,0,0,0,0,0,0
비브람파이브핑거스,신발(비브람),V-RUN,26M7002,신발,260,26M7002(260),133315686,남성,26SS,2026-04-02,2026-04-02,"229,000.00",34152,0,0.0,1,RA0012042000470,0,0,0,1,0,0,0,0,0,0,0
비브람파이브핑거스,신발(비브람),V-RUN,26M7002,신발,265,26M7002(265),133315686,남성,26SS,2026-04-02,2026-04-02,"229,000.00",34153,0,0.0,2,RA0012042000471,0,0,0,2,0,0,0,0,0,0,0
비브람파이브핑거스,신발(비브람),V-RUN,26M7002,신발,270,26M7002(270),133315686,남성,26SS,2026-04-02,2026-04-02,"229,000.00",34154,0,0.0,1,RA0012042000472,0,0,0,1,0,0,0,0,0,0,0
비브람파이브핑거스,신발(비브람),V-RUN,26M7002,신발,275,26M7002(275),133315686,남성,26SS,2026-04-02,2026-04-02,"229,000.00",34155,1,0.0,1,,0,0,0,0,0,1,0,0,0,0,0
비브람파이브핑거스,신발(비브람),V-RUN,26W7001,신발,245,26W7001(245),133315682,여성,26SS,2026-04-02,2026-04-02,"229,000.00",34107,0,0.0,1,RA0012042000485,0,0,0,1,0,0,0,0,0,0,0
CEP,용품(CEP),울트라라이트 미드컷 삭스 V3,28748,용품,XL,28748(XL),,남성,25SS,2025-01-23,2025-01-23,"49,000.00",16306,0,0.0,1,4099787258830,0,0,0,0,1,0,0,0,0,0,0
CEP,용품(CEP),울트라라이트 미드컷 삭스 V3,28754,용품,L,28754(L),,남성,25SS,2025-01-23,2025-01-23,"49,000.00",16314,0,0.0,8,4099787258793,0,0,0,0,8,0,0,0,0,0,0
파타고니아,용품(파타고니아),덕빌 트러커 햇,28758-BLK,용품,1SIZE,28758-BLK(1SIZE),131702866,공용,25FW,2025-09-18,2025-09-18,"69,000.00",24770,0,0.0,1,28758Q7BLKALL,0,0,0,1,0,0,0,0,0,0,0
파타고니아,용품(파타고니아),덕빌 트러커 햇,28758-PNDG,용품,1SIZE,28758-PNDG(1SIZE),131702867,공용,25FW,2025-09-18,2025-09-18,"69,000.00",24778,0,0.0,4,28758Q7PNDGALL,0,0,0,4,0,0,0,0,0,0,0
파타고니아,용품(파타고니아),덕빌 트러커 햇,28758Q5-BLK,용품,1SIZE,28758Q5-BLK(1SIZE),128865110,공용,25SS,2025-03-12,2025-03-12,"69,000.00",17759,0,0.0,1,28758Q5BLKALL,0,0,0,0,1,0,0,0,0,0,0
파타고니아,용품(파타고니아),덕빌 트러커 햇,28758Q5-LMSP,용품,1SIZE,28758Q5-LMSP(1SIZE),128865111,공용,25SS,2025-03-12,2025-03-12,"69,000.00",17767,10,0.0,13,28758Q5LMSPALL,0,0,0,3,0,10,0,0,0,0,0
파타고니아,용품(파타고니아),덕빌 트러커 햇,28758Q5-RVGN,용품,1SIZE,28758Q5-RVGN(1SIZE),128865112,공용,25SS,2025-03-12,2025-03-12,"69,000.00",17775,0,0.0,3,28758Q5RVGNALL,0,0,0,3,0,0,0,0,0,0,0
CEP,용품(CEP),울트라라이트 미드컷 삭스 V3,28760,용품,L,28760(L),,남성,25SS,2025-01-23,2025-01-23,"49,000.00",16294,0,0.0,5,4099787258762,0,0,0,0,5,0,0,0,0,0,0
CEP,용품(CEP),울트라라이트 미드컷 삭스 V3,28760,용품,XL,28760(XL),,남성,25SS,2025-01-23,2025-01-23,"49,000.00",16296,0,0.0,5,4099787258779,0,0,0,0,5,0,0,0,0,0,0
파타고니아,용품(파타고니아),덕빌 캡,28818R5-BOB,용품,1SIZE,28818R5-BOB(1SIZE),133237186,공용,26SS,2026-03-25,2026-03-25,"69,000.00",32585,0,0.0,7,28818R5BOBALL,0,0,0,3,4,0,0,0,0,0,0
파타고니아,용품(파타고니아),덕빌 캡,28818R5-SHRB,용품,1SIZE,28818R5-SHRB(1SIZE),133316430,공용,26SS,2026-03-19,2026-03-19,"69,000.00",32797,0,0.0,4,28818R5SHRBALL,0,0,0,4,0,0,0,0,0,0,0
온,용품(온),트랙 팩 40L 엘리트,2UE10170761,용품,1SIZE,2UE10170761(1SIZE),132462915,공용,26SS,2026-01-05,2026-01-05,"289,000.00",29758,3,0.0,8,7615537125336,0,0,0,2,3,3,0,0,0,0,0
온,용품(온),웨이스트 팩 2L 라이트,2UE30310554,용품,1SIZE,2UE30310554(1SIZE),131228075,공용,25FW,2025-07-22,2025-07-22,"69,000.00",23589,2,0.0,2,7615537125381,0,0,0,0,0,2,0,0,0,0,0
온,용품(온),웨이스트 팩 2L 라이트,2UE30310561,용품,1SIZE,2UE30310561(1SIZE),131228168,공용,25FW,2025-07-22,2025-07-22,"69,000.00",23581,1,0.0,1,7615537242422,0,0,0,0,0,1,0,0,0,0,0
온,용품(온),코어 헤드밴드,2UE30480553,용품,1SIZE,2UE30480553(1SIZE),135922156,공용,26FW,2026-07-20,2026-07-20,"49,000.00",37167,0,0.0,33,7615537125220,0,0,0,18,15,0,0,0,0,0,0
온,용품(온),코어 헤드밴드,2UE30481291,용품,1SIZE,2UE30481291(1SIZE),135922096,공용,26FW,2026-07-20,2026-07-27,"49,000.00",37157,0,0.0,2,7615537560632,0,0,0,2,0,0,0,0,0,0,0
온,용품(온),퍼포먼스 캡,2UE30500553,용품,1SIZE,2UE30500553(1SIZE),131228069,공용,26FW,2026-07-20,2026-07-20,"85,000.00",23465,30,0.0,88,7615537125268,30,0,0,50,8,0,0,0,0,0,0
온,용품(온),코어 글러브,2UE30510553,용품,L,2UE30510553(L),132462933,공용,26FW,2026-07-20,2026-07-20,"69,000.00",29753,0,0.0,5,7615537125947,0,0,0,3,2,0,0,0,0,0,0
온,용품(온),코어 글러브,2UE30510553,용품,M,2UE30510553(M),132462933,공용,26FW,2026-07-20,2026-07-20,"69,000.00",29752,0,0.0,10,7615537125930,0,0,0,6,4,0,0,0,0,0,0
온,용품(온),코어 글러브,2UE30510553,용품,S,2UE30510553(S),132462933,공용,26FW,2026-07-20,2026-07-20,"69,000.00",29751,0,0.0,10,7615537125923,0,0,0,6,4,0,0,0,0,0,0
온,용품(온),코어 글러브,2UE30511291,용품,L,2UE30511291(L),132462931,공용,26SS,2026-01-05,2026-01-05,"69,000.00",29625,3,0.0,4,7615537563640,2,0,0,0,0,0,0,0,0,0,0
온,용품(온),코어 글러브,2UE30511291,용품,L,2UE30511291(L),132462931,공용,26FW,2026-07-20,2026-07-20,"69,000.00",29625,3,0.0,4,7615537563640,1,0,0,1,0,0,0,0,0,0,0
온,용품(온),코어 글러브,2UE30511291,용품,M,2UE30511291(M),132462931,공용,26FW,2026-07-20,2026-07-20,"69,000.00",29624,2,0.0,4,7615537563633,2,0,0,2,0,0,0,0,0,0,0
온,용품(온),코어 글러브,2UE30511291,용품,S,2UE30511291(S),132462931,공용,26FW,2026-07-20,2026-07-20,"69,000.00",29623,2,0.0,4,7615537563626,2,0,0,2,0,0,0,0,0,0,0
온,용품(온),퍼포먼스 런 삭 하이,2UF10040106,용품,M,2UF10040106(M),132462929,공용,26FW,2026-07-20,2026-07-28,"39,000.00",29734,0,0.0,3,7615537273310,0,0,0,3,0,0,0,0,0,0,0
온,용품(온),퍼포먼스 런 삭 하이,2UF10040106,용품,S,2UF10040106(S),132462929,공용,26FW,2026-07-20,2026-07-28,"39,000.00",29733,21,0.0,33,7615537273303,0,0,0,7,5,21,0,0,0,0,0
온,용품(온),퍼포먼스 런 삭 하이,2UF10040106,용품,XS,2UF10040106(XS),132462929,공용,26FW,2026-07-28,2026-07-28,"39,000.00",29748,17,0.0,25,7615537273297,0,0,0,7,1,17,0,0,0,0,0
온,용품(온),퍼포먼스 런 삭 하이,2UF10040813,용품,M,2UF10040813(M),133188627,공용,26SS,2026-01-05,2026-01-05,"39,000.00",23482,0,0.0,5,7615537273273,0,0,0,0,0,1,0,0,0,0,0
온,용품(온),퍼포먼스 런 삭 하이,2UF10040813,용품,M,2UF10040813(M),133188627,공용,26FW,2026-07-20,2026-07-28,"39,000.00",23482,0,0.0,5,7615537273273,0,0,0,4,0,0,0,0,0,0,0
온,용품(온),퍼포먼스 런 삭 하이,2UF10040813,용품,S,2UF10040813(S),133188627,공용,26FW,2026-07-28,2026-07-28,"39,000.00",23481,24,0.0,50,7615537273266,0,0,0,12,14,24,0,0,0,0,0
온,용품(온),퍼포먼스 런 삭 하이,2UF10043259,용품,L,2UF10043259(L),131228161,공용,25FW,2025-07-22,2025-07-22,"39,000.00",23499,1,0.0,2,,0,0,0,0,1,1,0,0,0,0,0
온,용품(온),퍼포먼스 런 삭 하이,2UF10043259,용품,M,2UF10043259(M),131228161,공용,25FW,2025-07-22,2025-07-22,"39,000.00",23498,2,0.0,4,7615537340098,0,0,0,0,2,2,0,0,0,0,0
온,용품(온),퍼포먼스 런 삭 하이,2UF10043952,용품,L,2UF10043952(L),131228072,공용,25FW,2025-07-22,2025-07-22,"39,000.00",23547,0,0.0,2,7615537353555,0,0,0,1,1,0,0,0,0,0,0
온,용품(온),퍼포먼스 런 삭 미드,2UF10053952,용품,L,2UF10053952(L),131228070,공용,25FW,2025-07-22,2025-07-22,"35,000.00",23515,6,0.0,7,7615537312408,0,0,0,0,1,6,0,0,0,0,0
온,용품(온),퍼포먼스 런 삭 미드,2UF10053952,용품,S,2UF10053952(S),131228070,공용,25FW,2025-07-22,2025-07-22,"35,000.00",23513,0,0.0,1,7615537312392,0,0,0,0,1,0,0,0,0,0,0
온,용품(온),퍼포먼스 런 삭 로우,2UF10060813,용품,L,2UF10060813(L),131228071,공용,25FW,2025-07-22,2025-07-22,"29,000.00",23531,7,0.0,8,7615537273488,0,0,0,0,1,7,0,0,0,0,0
온,용품(온),퍼포먼스 런 삭 로우,2UF10060813,용품,M,2UF10060813(M),131228071,공용,25FW,2025-07-22,2025-07-22,"29,000.00",23530,4,0.0,15,7615537273471,0,0,0,11,1,3,0,0,0,0,0
온,용품(온),퍼포먼스 런 삭 로우,2UF10060813,용품,S,2UF10060813(S),131228071,공용,25FW,2025-07-22,2025-07-22,"29,000.00",23529,0,0.0,0,7615537273464,0,0,0,0,0,0,0,1,0,0,0
온,용품(온),솔라 캡,2UF10140069,용품,1SIZE,2UF10140069(1SIZE),128538942,공용,25SS,2025-02-24,2025-02-24,"95,000.00",16744,0,0.0,12,7615537262024,0,0,0,12,0,0,0,0,0,0,0
온,용품(온),울트라 캡,2UF30040069,용품,1SIZE,2UF30040069(1SIZE),135922167,공용,26FW,2026-07-20,2026-07-20,"85,000.00",37137,23,0.0,43,7615537355375,0,0,0,12,8,23,0,0,0,0,0
온,용품(온),울트라 캡,2UF30040553,용품,1SIZE,2UF30040553(1SIZE),,공용,26FW,2026-08-21,2026-08-21,"85,000.00",37147,2,0.0,2,,0,0,0,0,0,2,0,0,0,0,0
온,용품(온),트레일 팩 20L,2UF30120553,용품,L,2UF30120553(L),132462911,공용,26SS,2026-01-05,2026-01-05,"289,000.00",29720,1,0.0,2,7615537400396,0,0,0,1,0,1,0,0,0,0,0
온,용품(온),트레일 팩 20L,2UF30120553,용품,M,2UF30120553(M),132462911,공용,26SS,2026-01-05,2026-01-05,"289,000.00",29719,0,0.0,3,7615537400440,0,0,0,3,0,0,0,0,0,0,0
온,용품(온),트레일 팩 20L,2UF30120553,용품,S,2UF30120553(S),132462911,공용,26SS,2026-01-05,2026-01-05,"289,000.00",29718,0,0.0,2,7615537473918,0,0,0,2,0,0,0,0,0,0,0
온,용품(온),울트라 베스트 프로,2UF30130069,용품,M,2UF30130069(M),131228165,공용,26SS,2026-01-05,2026-01-05,"239,000.00",23576,0,0.0,1,7615537321486,0,0,0,1,0,0,0,0,0,0,0
온,용품(온),울트라 베스트 프로,2UF30130069,용품,XS,2UF30130069(XS),131228165,공용,25FW,2025-07-22,2025-07-22,"239,000.00",23574,0,0.0,1,7615537321493,0,0,0,0,0,1,0,0,0,0,0
온,용품(온),울트라베스트 프로,2UF30134353,용품,L,2UF30134353(L),135922204,공용,26FW,2026-07-20,2026-07-20,"239,000.00",37217,0,0.0,3,7615537565873,0,0,0,2,1,0,0,0,0,0,0
온,용품(온),울트라베스트 프로,2UF30134353,용품,M,2UF30134353(M),135922204,공용,26FW,2026-07-20,2026-07-20,"239,000.00",37216,0,0.0,6,7615537565866,0,0,0,5,1,0,0,0,0,0,0
온,용품(온),울트라베스트 프로,2UF30134353,용품,S,2UF30134353(S),135922204,공용,26FW,2026-07-20,2026-07-20,"239,000.00",37215,0,0.0,7,7615537565859,0,0,0,5,2,0,0,0,0,0,0
온,용품(온),울트라베스트 프로,2UF30134353,용품,XS,2UF30134353(XS),135922204,공용,26FW,2026-07-20,2026-07-20,"239,000.00",37214,0,0.0,4,7615537565842,0,0,0,2,2,0,0,0,0,0,0
온,용품(온),스펙터 캡,2UG10040553,용품,1SIZE,2UG10040553(1SIZE),132462921,공용,26SS,2026-01-05,2026-01-05,"115,000.00",29672,4,0.0,10,7615537560878,0,0,0,6,0,4,0,0,0,0,0
온,용품(온),엘리트 런 삭 하이 하이퍼,2UG30242929,용품,M,2UG30242929(M),136418758,공용,26FW,2026-07-28,2026-07-28,"59,000.00",37195,25,0.0,25,,0,0,0,0,0,25,0,0,0,0,0
온,용품(온),엘리트 런 삭 하이 하이퍼,2UG30242929,용품,S,2UG30242929(S),136418758,공용,26FW,2026-07-28,2026-07-28,"59,000.00",37194,19,0.0,19,,0,0,0,0,0,19,0,0,0,0,0
온,용품(온),엘리트 런 삭 하이 하이퍼,2UG30242929,용품,XS,2UG30242929(XS),136418758,공용,26FW,2026-07-28,2026-07-28,"59,000.00",37210,5,0.0,5,,0,0,0,0,0,5,0,0,0,0,0
온,용품(온),엘리트 런 삭 하이 하이퍼,2UG30245042,용품,M,2UG30245042(M),136418756,공용,26FW,2026-07-28,2026-07-28,"59,000.00",37178,15,0.0,15,,0,0,0,0,0,15,0,0,0,0,0
온,용품(온),엘리트 런 삭 하이 하이퍼,2UG30245042,용품,S,2UG30245042(S),136418756,공용,26FW,2026-07-28,2026-07-28,"59,000.00",37177,12,0.0,12,,0,0,0,0,0,12,0,0,0,0,0
온,용품(온),엘리트 런 삭 하이 하이퍼,2UG30245042,용품,XS,2UG30245042(XS),136418756,공용,26FW,2026-07-28,2026-07-28,"59,000.00",37193,3,0.0,3,,0,0,0,0,0,3,0,0,0,0,0
새티스파이,용품(새티스파이),리피 트레일 캡,31000-00001,용품,1SIZE,31000-00001(1SIZE),133517498,공용,26SS,2026-05-04,2026-05-04,"170,000.00",32365,0,0.0,2,3701313781156,0,0,0,1,1,0,0,0,0,0,0
온,신발(온),클라우드 러너 2,3ME10143194,신발,255,3ME10143194(255),126731138,남성,25SS,2025-02-07,2025-02-07,"189,000.00",16629,1,0.0,1,7615537199665,0,0,0,0,0,1,0,0,0,0,0
온,신발(온),클라우드서퍼 넥스트,3ME30023209,신발,280,3ME30023209(280),126731139,남성,25SS,2025-02-07,2025-02-07,"189,000.00",16676,1,0.0,1,7615537231846,0,0,0,0,0,0,0,0,0,0,1
온,신발(온),클라우드서퍼 넥스트,3ME30024291,신발,255,3ME30024291(255),131752709,남성,25FW,2025-09-25,2025-09-25,"189,000.00",23117,1,0.0,1,7615537434889,0,0,0,0,0,0,0,0,0,1,0
온,신발(온),클라우드서퍼 넥스트,3ME30024291,신발,260,3ME30024291(260),131752709,남성,25FW,2025-09-25,2025-09-25,"189,000.00",23118,1,0.0,1,7615537431185,0,0,0,0,0,0,0,0,0,1,0
온,신발(온),클라우드서퍼 넥스트,3ME30024291,신발,265,3ME30024291(265),131752709,남성,25FW,2025-09-25,2025-09-25,"189,000.00",23119,1,0.0,1,7615537397399,0,0,0,0,0,0,0,0,0,1,0
온,신발(온),클라우드서퍼 넥스트,3ME30024291,신발,270,3ME30024291(270),131752709,남성,25FW,2025-09-25,2025-09-25,"189,000.00",23120,1,0.0,1,7615537397238,0,0,0,0,0,0,0,0,0,1,0
온,신발(온),클라우드서퍼 넥스트,3ME30024291,신발,275,3ME30024291(275),131752709,남성,25FW,2025-09-25,2025-09-25,"189,000.00",23121,1,0.0,1,7615537397320,0,0,0,0,0,0,0,0,0,1,0
온,신발(온),클라우드서퍼 넥스트,3ME30024476,신발,255,3ME30024476(255),132462941,남성,26SS,2026-01-05,2026-01-05,"189,000.00",29641,1,0.0,1,7615537569888,0,0,0,0,0,1,0,0,0,0,0
온,신발(온),클라우드서퍼 넥스트,3ME30024476,신발,260,3ME30024476(260),132462941,남성,26SS,2026-01-05,2026-01-05,"189,000.00",29642,2,0.0,2,7615537569895,0,0,0,0,0,2,0,0,0,0,0
온,신발(온),클라우드서퍼 넥스트,3ME30024476,신발,270,3ME30024476(270),132462941,남성,26SS,2026-01-05,2026-01-05,"189,000.00",29644,2,0.0,2,7615537569925,0,0,0,0,0,2,0,0,0,0,0
온,신발(온),클라우드서퍼 넥스트,3ME30024476,신발,275,3ME30024476(275),132462941,남성,26SS,2026-01-05,2026-01-05,"189,000.00",29645,2,0.0,3,7615537569932,0,0,0,1,0,2,0,0,0,0,0
온,신발(온),클라우드서퍼 넥스트,3ME30024476,신발,280,3ME30024476(280),132462941,남성,26SS,2026-01-05,2026-01-05,"189,000.00",29646,1,0.0,1,7615537569949,0,0,0,0,0,1,0,0,0,0,0
온,신발(온),클라우드서퍼 넥스트,3ME30024476,신발,285,3ME30024476(285),132462941,남성,26SS,2026-01-05,2026-01-05,"189,000.00",29647,1,0.0,1,7615537569963,0,0,0,0,0,1,0,0,0,0,0
온,신발(온),클라우드서퍼 넥스트,3ME30024476,신발,290,3ME30024476(290),132462941,남성,26SS,2026-01-05,2026-01-05,"189,000.00",29648,1,0.0,1,7615537569970,0,0,0,0,0,1,0,0,0,0,0
온,신발(온),클라우드 비스타 2,3ME30113323,신발,265,3ME30113323(265),131228049,남성,26SS,2026-01-05,2026-01-05,"189,000.00",23329,0,0.0,0,7615537203744,0,0,0,0,0,0,0,1,0,0,0
온,신발(온),클라우드서퍼 2,3MF10120981,신발,270,3MF10120981(270),129574599,남성,25SS,2025-04-18,2025-04-18,"199,000.00",16506,2,0.0,2,7615537201795,2,0,0,0,0,0,0,0,0,0,0
온,신발(온),클라우드서퍼 2,3MF10120981,신발,280,3MF10120981(280),129574599,남성,25SS,2025-04-18,2025-04-18,"199,000.00",16508,0,0.0,1,,0,0,0,0,1,0,0,0,0,0,0
온,신발(온),클라우드서퍼 2,3MF10121043,신발,250,3MF10121043(250),135922649,남성,26FW,2026-07-20,2026-07-20,"199,000.00",37231,2,0.0,2,7615537201191,2,0,0,0,0,0,0,0,0,0,0
온,신발(온),클라우드서퍼 2,3MF10121043,신발,255,3MF10121043(255),135922649,남성,26FW,2026-07-20,2026-07-20,"199,000.00",37232,3,0.0,3,7615537201207,3,0,0,0,0,0,0,0,0,0,0
온,신발(온),클라우드서퍼 2,3MF10121043,신발,260,3MF10121043(260),135922649,남성,26FW,2026-07-20,2026-08-21,"199,000.00",37233,12,0.0,12,7615537201214,3,0,0,0,0,9,0,0,0,0,0
온,신발(온),클라우드서퍼 2,3MF10121043,신발,265,3MF10121043(265),135922649,남성,26FW,2026-08-21,2026-08-21,"199,000.00",37234,16,0.0,16,,0,0,0,0,0,16,0,0,0,0,0
온,신발(온),클라우드서퍼 2,3MF10121043,신발,270,3MF10121043(270),135922649,남성,26FW,2026-07-20,2026-07-20,"199,000.00",37235,9,0.0,9,7615537201238,9,0,0,0,0,0,0,0,0,0,0
온,신발(온),클라우드서퍼 2,3MF10121043,신발,275,3MF10121043(275),135922649,남성,26FW,2026-08-21,2026-08-21,"199,000.00",37236,1,0.0,1,,0,0,0,0,0,1,0,0,0,0,0
온,신발(온),클라우드서퍼 2,3MF10121043,신발,280,3MF10121043(280),135922649,남성,26FW,2026-08-21,2026-08-21,"199,000.00",37237,2,0.0,2,,0,0,0,0,0,2,0,0,0,0,0
온,신발(온),클라우드서퍼 2,3MF10121043,신발,285,3MF10121043(285),135922649,남성,26FW,2026-07-20,2026-07-20,"199,000.00",37238,1,0.0,1,7615537201269,1,0,0,0,0,0,0,0,0,0,0
온,신발(온),클라우드서퍼 2,3MF10123334,신발,250,3MF10123334(250),131962353,남성,26FW,2026-07-20,2026-07-20,"199,000.00",26036,3,0.0,3,7615537201337,1,0,0,0,0,0,0,0,0,0,2
온,신발(온),클라우드서퍼 2,3MF10123334,신발,255,3MF10123334(255),131962353,남성,26FW,2026-07-20,2026-07-20,"199,000.00",26037,5,0.0,5,7615537201344,2,0,0,0,0,0,0,0,0,0,3
온,신발(온),클라우드서퍼 2,3MF10123334,신발,260,3MF10123334(260),131962353,남성,26FW,2026-07-20,2026-07-20,"199,000.00",26038,9,0.0,9,7615537201351,3,0,0,0,0,0,0,0,0,0,6
온,신발(온),클라우드서퍼 2,3MF10123334,신발,265,3MF10123334(265),131962353,남성,26FW,2026-08-21,2026-08-21,"199,000.00",26039,14,0.0,14,7615537201368,0,0,0,0,0,14,0,0,0,0,0
온,신발(온),클라우드서퍼 2,3MF10123334,신발,270,3MF10123334(270),131962353,남성,26FW,2026-08-21,2026-08-21,"199,000.00",26040,12,0.0,12,7615537201375,0,0,0,0,0,12,0,0,0,0,0
온,신발(온),클라우드서퍼 2,3MF10123334,신발,275,3MF10123334(275),131962353,남성,26FW,2026-07-20,2026-08-21,"199,000.00",26041,11,0.0,11,7615537201382,0,0,0,0,0,10,0,0,0,0,1
온,신발(온),클라우드서퍼 2,3MF10123334,신발,280,3MF10123334(280),131962353,남성,26FW,2026-08-21,2026-08-21,"199,000.00",26042,6,0.0,6,,0,0,0,0,0,6,0,0,0,0,0
온,신발(온),클라우드서퍼 2,3MF10123334,신발,285,3MF10123334(285),131962353,남성,26FW,2026-07-20,2026-07-20,"199,000.00",26043,1,0.0,1,,0,0,0,0,0,0,0,0,0,0,1
온,신발(온),클라우드서퍼 2,3MF10123334,신발,290,3MF10123334(290),131962353,남성,26FW,2026-07-20,2026-07-20,"199,000.00",26044,1,0.0,1,,0,0,0,0,0,0,0,0,0,0,1
온,신발(온),클라우드울트라 3,3MF30231043,신발,260,3MF30231043(260),132462943,남성,26SS,2026-01-05,2026-01-05,"229,000.00",29700,0,0.0,2,7615537364391,0,0,0,2,0,0,0,0,0,0,0
온,신발(온),클라우드울트라 3,3MF30231043,신발,265,3MF30231043(265),132462943,남성,26SS,2026-01-05,2026-01-05,"229,000.00",29701,0,0.0,3,7615537364025,0,0,0,3,0,0,0,0,0,0,0
온,신발(온),클라우드울트라 3,3MF30231043,신발,270,3MF30231043(270),132462943,남성,26SS,2026-01-05,2026-01-05,"229,000.00",29702,0,0.0,3,7615537363851,0,0,0,3,0,0,0,0,0,0,0
온,신발(온),클라우드울트라 3,3MF30231043,신발,275,3MF30231043(275),132462943,남성,26SS,2026-01-05,2026-01-05,"229,000.00",29703,0,0.0,2,7615537363967,0,0,0,2,0,0,0,0,0,0,0
온,신발(온),클라우드울트라 3,3MF30231043,신발,285,3MF30231043(285),132462943,남성,26SS,2026-01-05,2026-01-05,"229,000.00",29705,0,0.0,1,7615537364292,0,0,0,1,0,0,0,0,0,0,0
온,신발(온),클라우드울트라 3,3MF30234788,신발,255,3MF30234788(255),132462942,남성,26SS,2026-01-05,2026-01-05,"229,000.00",29550,0,0.0,1,7615537582917,0,0,0,0,0,0,0,0,0,0,1
온,신발(온),클라우드울트라 3,3MF30234788,신발,260,3MF30234788(260),132462942,남성,26SS,2026-01-05,2026-01-05,"229,000.00",29551,0,0.0,2,7615537582924,0,0,0,2,0,0,0,0,0,0,0
온,신발(온),클라우드울트라 3,3MF30234788,신발,270,3MF30234788(270),132462942,남성,26SS,2026-01-05,2026-01-05,"229,000.00",29553,0,0.0,3,7615537582955,0,0,0,3,0,0,0,0,0,0,0
온,신발(온),클라우드울트라 3,3MF30234788,신발,275,3MF30234788(275),132462942,남성,26SS,2026-01-05,2026-01-05,"229,000.00",29554,0,0.0,1,7615537582962,0,0,0,1,0,0,0,0,0,0,0
온,신발(온),클라우드울트라 3,3MF30234788,신발,290,3MF30234788(290),132462942,남성,26SS,2026-01-05,2026-01-05,"229,000.00",29557,0,0.0,1,7615537582993,0,0,0,0,1,0,0,0,0,0,0
온,신발(온),클라우드울트라3,3MF30235300,신발,250,3MF30235300(250),133879953,남성,26FW,2026-06-25,2026-06-25,"229,000.00",36823,1,0.0,2,7615537872391,1,0,0,0,1,0,0,0,0,0,0
온,신발(온),클라우드울트라3,3MF30235300,신발,255,3MF30235300(255),133879953,남성,26FW,2026-06-25,2026-06-25,"229,000.00",36824,1,0.0,2,7615537872407,1,0,0,0,1,0,0,0,0,0,0
온,신발(온),클라우드울트라3,3MF30235300,신발,260,3MF30235300(260),133879953,남성,26FW,2026-06-25,2026-06-25,"229,000.00",36825,3,0.0,5,7615537872414,2,0,0,0,2,0,0,0,0,1,0
온,신발(온),클라우드울트라3,3MF30235300,신발,265,3MF30235300(265),133879953,남성,26FW,2026-06-11,2026-06-25,"229,000.00",36826,4,0.0,7,7615537872421,3,0,0,0,3,0,0,0,0,1,0
온,신발(온),클라우드울트라3,3MF30235300,신발,270,3MF30235300(270),133879953,남성,26FW,2026-06-11,2026-06-25,"229,000.00",36827,5,0.0,8,7615537872438,4,0,0,0,3,0,0,0,0,1,0
온,신발(온),클라우드울트라3,3MF30235300,신발,275,3MF30235300(275),133879953,남성,26FW,2026-06-11,2026-06-11,"229,000.00",36828,2,0.0,3,7615537872445,1,0,0,1,0,0,0,0,0,1,0
온,신발(온),클라우드울트라3,3MF30235300,신발,280,3MF30235300(280),133879953,남성,26FW,2026-06-11,2026-06-11,"229,000.00",36829,2,0.0,3,7615537872452,2,0,0,0,1,0,0,0,0,0,0
온,신발(온),클라우드울트라3,3MF30235300,신발,285,3MF30235300(285),133879953,남성,26FW,2026-06-25,2026-06-25,"229,000.00",36830,1,0.0,1,7615537872476,1,0,0,0,0,0,0,0,0,0,0
온,신발(온),클라우드붐 맥스,3MF30310438,신발,255,3MF30310438(255),132803681,남성,26SS,2026-02-05,2026-04-03,"279,000.00",29168,0,0.0,1,7615537583235,0,0,0,1,0,0,0,0,0,0,0
온,신발(온),클라우드붐 맥스,3MF30310438,신발,260,3MF30310438(260),132803681,남성,26SS,2026-02-05,2026-02-05,"279,000.00",29169,0,0.0,1,7615537583242,0,0,0,1,0,0,0,0,0,0,0
온,신발(온),클라우드붐 맥스,3MF30310438,신발,270,3MF30310438(270),132803681,남성,26SS,2026-02-05,2026-02-05,"279,000.00",29171,0,0.0,1,7615537583266,0,0,0,1,0,0,0,0,0,0,0
온,신발(온),클라우드붐 맥스,3MF30310438,신발,280,3MF30310438(280),132803681,남성,26SS,2026-02-05,2026-02-05,"279,000.00",29173,0,0.0,2,7615537583280,0,0,0,2,0,0,0,0,0,0,0
온,신발(온),클라우드붐 맥스,3MF30310590,신발,260,3MF30310590(260),133281720,남성,26SS,2026-03-23,2026-03-23,"279,000.00",29148,0,0.0,1,7615537583402,0,0,0,1,0,0,0,0,0,0,0
온,신발(온),클라우드붐 맥스,3MF30310590,신발,265,3MF30310590(265),133281720,남성,26SS,2026-03-23,2026-03-23,"279,000.00",29149,0,0.0,1,7615537583419,0,0,0,1,0,0,0,0,0,0,0
온,신발(온),클라우드붐 맥스,3MF30310590,신발,270,3MF30310590(270),133281720,남성,26SS,2026-03-23,2026-03-23,"279,000.00",29150,0,0.0,4,7615537583433,0,0,0,3,1,0,0,0,0,0,0
온,신발(온),클라우드붐 맥스,3MF30310590,신발,275,3MF30310590(275),133281720,남성,26SS,2026-03-23,2026-03-23,"279,000.00",29151,0,0.0,2,7615537583440,0,0,0,1,1,0,0,0,0,0,0
온,신발(온),클라우드붐 맥스,3MF30310590,신발,280,3MF30310590(280),133281720,남성,26SS,2026-03-23,2026-03-23,"279,000.00",29152,0,0.0,1,7615537583457,0,0,0,1,0,0,0,0,0,0,0
온,신발(온),클라우드서퍼 맥스,3MF30430106,신발,250,3MF30430106(250),131257914,남성,26FW,2026-07-20,2026-07-20,"219,000.00",23032,0,0.0,1,7615537364186,0,0,0,1,0,0,0,0,0,0,0
온,신발(온),클라우드서퍼 맥스,3MF30430106,신발,255,3MF30430106(255),131257914,남성,26FW,2026-07-20,2026-07-20,"219,000.00",23033,0,0.0,2,7615537364100,0,0,0,1,1,0,0,0,0,0,0
온,신발(온),클라우드서퍼 맥스,3MF30430106,신발,260,3MF30430106(260),131257914,남성,26SS,2026-01-05,2026-01-05,"219,000.00",23034,0,0.0,5,7615537364650,0,0,0,1,0,0,0,0,0,0,0
온,신발(온),클라우드서퍼 맥스,3MF30430106,신발,260,3MF30430106(260),131257914,남성,26FW,2026-07-20,2026-07-20,"219,000.00",23034,0,0.0,5,7615537364650,0,0,0,3,1,0,0,0,0,0,0
온,신발(온),클라우드서퍼 맥스,3MF30430106,신발,265,3MF30430106(265),131257914,남성,26FW,2026-07-20,2026-07-20,"219,000.00",23035,1,0.0,7,7615537369051,0,0,0,4,2,0,0,0,0,1,0
온,신발(온),클라우드서퍼 맥스,3MF30430106,신발,270,3MF30430106(270),131257914,남성,26SS,2026-01-05,2026-01-05,"219,000.00",23036,0,0.0,9,7615537364087,0,0,0,1,0,0,0,0,0,0,0
온,신발(온),클라우드서퍼 맥스,3MF30430106,신발,270,3MF30430106(270),131257914,남성,26FW,2026-07-20,2026-07-20,"219,000.00",23036,0,0.0,9,7615537364087,0,0,0,5,3,0,0,0,0,0,0
온,신발(온),클라우드서퍼 맥스,3MF30430106,신발,275,3MF30430106(275),131257914,남성,26FW,2026-07-20,2026-07-20,"219,000.00",23037,0,0.0,4,7615537364162,0,0,0,2,2,0,0,0,0,0,0
온,신발(온),클라우드서퍼 맥스,3MF30430106,신발,280,3MF30430106(280),131257914,남성,26FW,2026-07-20,2026-07-20,"219,000.00",23038,0,0.0,3,7615537364360,0,0,0,2,1,0,0,0,0,0,0
온,신발(온),클라우드서퍼 맥스,3MF30431200,신발,250,3MF30431200(250),135922652,남성,26FW,2026-07-20,2026-07-20,"219,000.00",36737,0,0.0,1,7615537354613,0,0,0,1,0,0,0,0,0,0,0
온,신발(온),클라우드서퍼 맥스,3MF30431200,신발,255,3MF30431200(255),135922652,남성,26FW,2026-07-20,2026-07-20,"219,000.00",36738,1,0.0,1,7615537479071,1,0,0,0,0,0,0,0,0,0,0
온,신발(온),클라우드서퍼 맥스,3MF30431200,신발,260,3MF30431200(260),135922652,남성,26FW,2026-07-20,2026-07-20,"219,000.00",36739,1,0.0,4,7615537481425,1,0,0,3,0,0,0,0,0,0,0
온,신발(온),클라우드서퍼 맥스,3MF30431200,신발,265,3MF30431200(265),135922652,남성,26FW,2026-07-20,2026-07-20,"219,000.00",36740,2,0.0,4,7615537354828,2,0,0,2,0,0,0,0,0,0,0
온,신발(온),클라우드서퍼 맥스,3MF30431200,신발,270,3MF30431200(270),135922652,남성,26FW,2026-07-20,2026-07-20,"219,000.00",36741,3,0.0,6,7615537354668,3,0,0,3,0,0,0,0,0,0,0
온,신발(온),클라우드서퍼 맥스,3MF30431200,신발,275,3MF30431200(275),135922652,남성,26FW,2026-07-20,2026-07-20,"219,000.00",36742,3,0.0,6,7615537354729,2,0,0,3,0,1,0,0,0,0,0
온,신발(온),클라우드서퍼 맥스,3MF30433297,신발,270,3MF30433297(270),131228044,남성,25FW,2025-07-22,2025-07-22,"219,000.00",23057,1,0.0,1,7615537426990,0,0,0,0,0,1,0,0,0,0,0
온,신발(온),클라우드서퍼 맥스,3MF30434731,신발,255,3MF30434731(255),132919083,남성,26SS,2026-02-25,2026-02-25,"219,000.00",29399,1,0.0,1,7615537584539,1,0,0,0,0,0,0,0,0,0,0
온,신발(온),클라우드서퍼 맥스,3MF30434731,신발,260,3MF30434731(260),132919083,남성,26SS,2026-02-25,2026-02-25,"219,000.00",29400,1,0.0,1,7615537584546,1,0,0,0,0,0,0,0,0,0,0
온,신발(온),클라우드서퍼 맥스,3MF30434731,신발,265,3MF30434731(265),132919083,남성,26SS,2026-02-25,2026-02-25,"219,000.00",29401,1,0.0,2,7615537584553,1,0,0,0,0,0,0,0,0,0,1
온,신발(온),클라우드서퍼 맥스,3MF30434731,신발,270,3MF30434731(270),132919083,남성,26SS,2026-02-25,2026-02-25,"219,000.00",29402,1,0.0,1,7615537584560,1,0,0,0,0,0,0,0,0,0,0
온,신발(온),클라우드서퍼 맥스,3MF30434731,신발,275,3MF30434731(275),132919083,남성,26SS,2026-02-25,2026-02-25,"219,000.00",29403,2,0.0,2,7615537584577,2,0,0,0,0,0,0,0,0,0,0
온,신발(온),클라우드붐 볼트,3MF30980462,신발,255,3MF30980462(255),135922225,남성,26FW,2026-07-20,2026-07-20,"259,000.00",36408,3,0.0,3,7615537588087,1,0,0,0,0,0,0,0,0,0,2
온,신발(온),클라우드붐 볼트,3MF30980462,신발,260,3MF30980462(260),135922225,남성,26FW,2026-07-20,2026-07-20,"259,000.00",36409,6,0.0,7,7615537588094,2,0,0,0,1,0,0,0,0,0,4
온,신발(온),클라우드붐 볼트,3MF30980462,신발,265,3MF30980462(265),135922225,남성,26FW,2026-07-20,2026-07-20,"259,000.00",36410,7,0.0,8,7615537588100,2,0,0,0,1,0,0,0,0,1,4
온,신발(온),클라우드붐 볼트,3MF30980462,신발,270,3MF30980462(270),135922225,남성,26FW,2026-07-20,2026-07-20,"259,000.00",36411,10,0.0,11,7615537588117,3,0,0,0,1,0,0,0,0,1,6
온,신발(온),클라우드붐 볼트,3MF30980462,신발,275,3MF30980462(275),135922225,남성,26FW,2026-07-20,2026-08-21,"259,000.00",36412,7,0.0,8,7615537588124,1,0,0,0,1,4,0,0,0,0,2
온,신발(온),클라우드붐 볼트,3MF30980462,신발,280,3MF30980462(280),135922225,남성,26FW,2026-07-20,2026-07-20,"259,000.00",36413,3,0.0,4,7615537588148,1,0,0,0,1,0,0,0,0,0,2
온,신발(온),클라우드붐 볼트,3MF30980462,신발,285,3MF30980462(285),135922225,남성,26FW,2026-07-20,2026-07-20,"259,000.00",36414,2,0.0,2,7615537588155,1,0,0,0,0,0,0,0,0,0,1
온,신발(온),클라우드붐 볼트,3MF30984766,신발,260,3MF30984766(260),132803682,남성,26SS,2026-02-05,2026-02-05,"259,000.00",29469,1,0.0,2,7615537588261,1,0,0,0,1,0,0,0,0,0,0
온,신발(온),클라우드붐 볼트,3MF30984766,신발,265,3MF30984766(265),132803682,남성,26SS,2026-04-07,2026-04-03,"259,000.00",29470,2,0.0,2,7615537588278,1,0,0,0,0,0,0,0,0,1,0
온,신발(온),클라우드붐 볼트,3MF30984766,신발,270,3MF30984766(270),132803682,남성,26SS,2026-04-07,2026-04-03,"259,000.00",29471,2,0.0,2,7615537588285,1,0,0,0,0,0,0,0,0,1,0
온,신발(온),클라우드붐 볼트,3MF30984766,신발,275,3MF30984766(275),132803682,남성,26SS,2026-02-05,2026-02-05,"259,000.00",29472,2,0.0,2,7615537588292,2,0,0,0,0,0,0,0,0,0,0
온,신발(온),클라우드붐 볼트,3MF30984766,신발,280,3MF30984766(280),132803682,남성,26SS,2026-02-05,2026-02-05,"259,000.00",29473,2,0.0,2,7615537588308,2,0,0,0,0,0,0,0,0,0,0
온,신발(온),클라우드붐 볼트,3MF30984766,신발,290,3MF30984766(290),132803682,남성,26SS,2026-02-05,2026-02-05,"259,000.00",29475,0,0.0,0,,0,0,0,0,0,0,0,2,0,0,0
온,신발(온),클라우드붐 볼트,3MF30985531,신발,255,3MF30985531(255),135085316,남성,26FW,2026-07-06,2026-07-06,"259,000.00",36430,1,0.0,2,7615537866321,1,0,0,0,1,0,0,0,0,0,0
온,신발(온),클라우드붐 볼트,3MF30985531,신발,260,3MF30985531(260),135085316,남성,26FW,2026-07-06,2026-07-06,"259,000.00",36431,1,0.0,3,7615537866338,1,0,0,0,2,0,0,0,0,0,0
온,신발(온),클라우드붐 볼트,3MF30985531,신발,265,3MF30985531(265),135085316,남성,26FW,2026-07-06,2026-07-06,"259,000.00",36432,2,0.0,3,7615537866345,1,0,0,0,1,0,0,0,0,1,0
온,신발(온),클라우드붐 볼트,3MF30985531,신발,270,3MF30985531(270),135085316,남성,26FW,2026-07-06,2026-07-06,"259,000.00",36433,2,0.0,4,7615537866352,2,0,0,0,2,0,0,0,0,0,0
온,신발(온),클라우드붐 볼트,3MF30985531,신발,275,3MF30985531(275),135085316,남성,26FW,2026-07-06,2026-07-06,"259,000.00",36434,2,0.0,3,7615537866369,1,0,0,0,1,0,0,0,0,1,0
온,신발(온),클라우드붐 볼트,3MF30985531,신발,280,3MF30985531(280),135085316,남성,26FW,2026-07-06,2026-07-06,"259,000.00",36435,1,0.0,2,7615537866376,1,0,0,0,1,0,0,0,0,0,0
온,신발(온),클라우드몬스터 3,3MG10051043,신발,250,3MG10051043(250),132919109,남성,26FW,2026-07-20,2026-07-20,"229,000.00",29230,0,0.0,6,7615537588568,0,0,0,3,3,0,0,0,0,0,0
온,신발(온),클라우드몬스터 3,3MG10051043,신발,255,3MG10051043(255),132919109,남성,26SS,2026-02-25,2026-02-25,"229,000.00",29231,0,0.0,14,7615537588575,0,0,0,2,0,0,0,0,0,0,0
온,신발(온),클라우드몬스터 3,3MG10051043,신발,255,3MG10051043(255),132919109,남성,26FW,2026-07-20,2026-07-20,"229,000.00",29231,0,0.0,14,7615537588575,0,0,0,8,4,0,0,0,0,0,0
온,신발(온),클라우드몬스터 3,3MG10051043,신발,260,3MG10051043(260),132919109,남성,26SS,2026-02-25,2026-02-25,"229,000.00",29232,0,0.0,35,7615537588582,0,0,0,7,0,0,0,0,0,0,0
온,신발(온),클라우드몬스터 3,3MG10051043,신발,260,3MG10051043(260),132919109,남성,26FW,2026-07-20,2026-07-20,"229,000.00",29232,0,0.0,35,7615537588582,0,0,0,20,8,0,0,0,0,0,0
온,신발(온),클라우드몬스터 3,3MG10051043,신발,265,3MG10051043(265),132919109,남성,26FW,2026-07-20,2026-07-20,"229,000.00",29233,0,0.0,31,7615537588605,0,0,0,23,8,0,0,0,0,0,0
온,신발(온),클라우드몬스터 3,3MG10051043,신발,270,3MG10051043(270),132919109,남성,26FW,2026-07-20,2026-07-20,"229,000.00",29234,1,0.0,31,7615537588612,0,0,0,23,8,0,0,0,0,1,0
온,신발(온),클라우드몬스터 3,3MG10051043,신발,275,3MG10051043(275),132919109,남성,26FW,2026-07-20,2026-07-20,"229,000.00",29235,0,0.0,30,7615537588629,0,0,0,21,9,0,0,0,0,0,0
온,신발(온),클라우드몬스터 3,3MG10051043,신발,280,3MG10051043(280),132919109,남성,26FW,2026-07-20,2026-07-20,"229,000.00",29236,0,0.0,15,7615537588636,0,0,0,10,5,0,0,0,0,0,0
온,신발(온),클라우드몬스터 3,3MG10051043,신발,285,3MG10051043(285),132919109,남성,26FW,2026-07-20,2026-07-20,"229,000.00",29237,0,0.0,2,7615537588643,0,0,0,1,1,0,0,0,0,0,0
온,신발(온),클라우드몬스터 3,3MG10051043,신발,290,3MG10051043(290),132919109,남성,26FW,2026-07-20,2026-07-20,"229,000.00",29238,0,0.0,2,7615537588650,0,0,0,1,1,0,0,0,0,0,0
온,신발(온),클라우드몬스터 3,3MG10051043,신발,300,3MG10051043(300),132919109,남성,26SS,2026-02-25,2026-02-25,"229,000.00",29240,1,0.0,1,7615537588674,0,0,0,0,0,0,0,0,0,0,1
온,신발(온),클라우드몬스터 3,3MG10051200,신발,250,3MG10051200(250),132919106,남성,26FW,2026-07-20,2026-07-20,"229,000.00",29251,0,0.0,1,7615537589381,0,0,0,0,1,0,0,0,0,0,0
온,신발(온),클라우드몬스터 3,3MG10051200,신발,255,3MG10051200(255),132919106,남성,26FW,2026-07-20,2026-07-20,"229,000.00",29252,0,0.0,3,7615537589398,0,0,0,1,2,0,0,0,0,0,0
온,신발(온),클라우드몬스터 3,3MG10051200,신발,260,3MG10051200(260),132919106,남성,26FW,2026-07-20,2026-07-20,"229,000.00",29253,0,0.0,8,7615537589404,0,0,0,4,4,0,0,0,0,0,0
온,신발(온),클라우드몬스터 3,3MG10051200,신발,265,3MG10051200(265),132919106,남성,26FW,2026-07-20,2026-07-20,"229,000.00",29254,0,0.0,11,7615537589411,0,0,0,5,6,0,0,0,0,0,0
온,신발(온),클라우드몬스터 3,3MG10051200,신발,270,3MG10051200(270),132919106,남성,26FW,2026-07-20,2026-07-20,"229,000.00",29255,0,0.0,19,7615537589428,0,0,0,11,8,0,0,0,0,0,0
온,신발(온),클라우드몬스터 3,3MG10051200,신발,275,3MG10051200(275),132919106,남성,26FW,2026-07-20,2026-07-20,"229,000.00",29256,0,0.0,11,7615537589435,0,0,0,5,6,0,0,0,0,0,0
온,신발(온),클라우드몬스터 3,3MG10051200,신발,280,3MG10051200(280),132919106,남성,26FW,2026-07-20,2026-07-20,"229,000.00",29257,0,0.0,5,7615537589442,0,1,0,2,2,0,0,0,0,0,0
온,신발(온),클라우드몬스터 3,3MG10053388,신발,255,3MG10053388(255),133281741,남성,26SS,2026-02-25,2026-02-25,"229,000.00",29315,2,0.0,4,7615537589558,0,0,0,1,1,2,0,0,0,0,0
온,신발(온),클라우드몬스터 3,3MG10053388,신발,260,3MG10053388(260),133281741,남성,26SS,2026-02-25,2026-02-25,"229,000.00",29316,4,0.0,7,7615537589565,0,0,0,1,2,3,0,0,0,1,0
온,신발(온),클라우드몬스터 3,3MG10053388,신발,265,3MG10053388(265),133281741,남성,26SS,2026-02-25,2026-02-25,"229,000.00",29317,1,0.0,6,7615537589572,0,0,0,3,2,1,0,0,0,0,0
온,신발(온),클라우드몬스터 3,3MG10053388,신발,270,3MG10053388(270),133281741,남성,26SS,2026-02-25,2026-02-25,"229,000.00",29318,2,0.0,7,7615537589589,0,0,0,2,3,1,0,0,0,1,0
온,신발(온),클라우드몬스터 3,3MG10053388,신발,275,3MG10053388(275),133281741,남성,26SS,2026-02-25,2026-02-25,"229,000.00",29319,3,0.0,5,7615537589596,0,0,0,1,1,3,0,0,0,0,0
온,신발(온),클라우드몬스터 3,3MG10053388,신발,280,3MG10053388(280),133281741,남성,26SS,2026-02-25,2026-02-25,"229,000.00",29320,0,0.0,3,7615537589602,0,0,0,2,1,0,0,0,0,0,0
온,신발(온),클라우드몬스터 3,3MG10053388,신발,285,3MG10053388(285),133281741,남성,26SS,2026-02-25,2026-02-25,"229,000.00",29321,0,0.0,1,7615537589619,0,0,0,0,1,0,0,0,0,0,0
온,신발(온),클라우드몬스터 3,3MG10054747,신발,250,3MG10054747(250),132919105,남성,26FW,2026-07-20,2026-07-20,"229,000.00",29272,0,0.0,2,7615537588711,0,0,0,1,1,0,0,0,0,0,0
온,신발(온),클라우드몬스터 3,3MG10054747,신발,255,3MG10054747(255),132919105,남성,26FW,2026-07-20,2026-07-20,"229,000.00",29273,3,0.0,9,7615537588728,0,0,0,4,2,3,0,0,0,0,0
온,신발(온),클라우드몬스터 3,3MG10054747,신발,260,3MG10054747(260),132919105,남성,26FW,2026-07-20,2026-07-20,"229,000.00",29274,0,0.0,13,7615537588735,0,0,0,9,4,0,0,0,0,0,0
온,신발(온),클라우드몬스터 3,3MG10054747,신발,265,3MG10054747(265),132919105,남성,26FW,2026-07-20,2026-07-20,"229,000.00",29275,0,0.0,15,7615537588759,0,0,0,9,6,0,0,0,0,0,0
온,신발(온),클라우드몬스터 3,3MG10054747,신발,270,3MG10054747(270),132919105,남성,26FW,2026-07-20,2026-07-20,"229,000.00",29276,0,0.0,19,7615537588766,0,0,0,11,8,0,0,0,0,0,0
온,신발(온),클라우드몬스터 3,3MG10054747,신발,275,3MG10054747(275),132919105,남성,26FW,2026-07-20,2026-07-20,"229,000.00",29277,0,0.0,12,7615537588773,0,0,0,6,6,0,0,0,0,0,0
온,신발(온),클라우드몬스터 3,3MG10054747,신발,280,3MG10054747(280),132919105,남성,26FW,2026-07-20,2026-07-20,"229,000.00",29278,1,0.0,8,7615537588797,0,0,0,3,4,0,0,0,0,0,1
온,신발(온),클라우드몬스터 3,3MG10054747,신발,285,3MG10054747(285),132919105,남성,26FW,2026-07-20,2026-07-20,"229,000.00",29279,0,0.0,1,7615537588803,0,0,0,1,0,0,0,0,0,0,0
온,신발(온),클라우드몬스터 3,3MG10054859,신발,250,3MG10054859(250),132919097,남성,26SS,2026-02-25,2026-02-25,"229,000.00",29293,0,0.0,2,7615537588872,0,0,0,1,1,0,0,0,0,0,0
온,신발(온),클라우드몬스터 3,3MG10054859,신발,255,3MG10054859(255),132919097,남성,26SS,2026-02-25,2026-02-25,"229,000.00",29294,0,0.0,1,7615537588889,0,0,0,1,0,0,0,0,0,0,0
온,신발(온),클라우드몬스터 3,3MG10054859,신발,260,3MG10054859(260),132919097,남성,26SS,2026-02-25,2026-02-25,"229,000.00",29295,0,0.0,6,7615537588902,0,0,0,3,3,0,0,0,0,0,0
온,신발(온),클라우드몬스터 3,3MG10054859,신발,265,3MG10054859(265),132919097,남성,26SS,2026-02-25,2026-02-25,"229,000.00",29296,0,0.0,5,7615537588919,0,0,0,4,1,0,0,0,0,0,0
온,신발(온),클라우드몬스터 3,3MG10054859,신발,270,3MG10054859(270),132919097,남성,26SS,2026-02-25,2026-02-25,"229,000.00",29297,0,0.0,13,7615537588926,0,0,0,7,6,0,0,0,0,0,0
온,신발(온),클라우드몬스터 3,3MG10054859,신발,275,3MG10054859(275),132919097,남성,26SS,2026-02-25,2026-02-25,"229,000.00",29298,0,0.0,3,7615537588933,0,0,0,2,1,0,0,0,0,0,0
온,신발(온),클라우드몬스터 3,3MG10054859,신발,280,3MG10054859(280),132919097,남성,26SS,2026-02-25,2026-02-25,"229,000.00",29299,0,0.0,4,7615537588957,0,0,0,1,3,0,0,0,0,0,0
온,신발(온),클라우드몬스터 3,3MG10055256,신발,250,3MG10055256(250),134097733,남성,26FW,2026-07-02,2026-07-02,"229,000.00",36495,0,0.0,2,7615537868868,0,0,0,1,1,0,0,0,0,0,0
온,신발(온),클라우드몬스터 3,3MG10055256,신발,255,3MG10055256(255),134097733,남성,26FW,2026-07-02,2026-07-02,"229,000.00",36496,0,0.0,3,7615537868875,0,0,0,2,1,0,0,0,0,0,0
온,신발(온),클라우드몬스터 3,3MG10055256,신발,260,3MG10055256(260),134097733,남성,26FW,2026-07-02,2026-07-02,"229,000.00",36497,0,0.0,3,7615537868882,0,0,0,2,1,0,0,0,0,0,0
온,신발(온),클라우드몬스터 3,3MG10055256,신발,265,3MG10055256(265),134097733,남성,26FW,2026-07-02,2026-07-02,"229,000.00",36498,0,0.0,6,7615537868899,0,0,0,3,3,0,0,0,0,0,0
온,신발(온),클라우드몬스터 3,3MG10055256,신발,270,3MG10055256(270),134097733,남성,26FW,2026-07-02,2026-07-02,"229,000.00",36499,0,0.0,6,7615537868905,0,0,0,2,4,0,0,0,0,0,0
온,신발(온),클라우드몬스터 3,3MG10055256,신발,275,3MG10055256(275),134097733,남성,26FW,2026-07-02,2026-07-02,"229,000.00",36500,0,0.0,6,7615537868912,0,0,0,3,3,0,0,0,0,0,0
온,신발(온),클라우드몬스터 3,3MG10055256,신발,280,3MG10055256(280),134097733,남성,26FW,2026-07-02,2026-07-02,"229,000.00",36501,0,0.0,3,7615537868936,0,0,0,1,2,0,0,0,0,0,0
온,신발(온),클라우드러너 3,3MG10071043,신발,260,3MG10071043(260),132719325,남성,26SS,2026-02-05,2026-02-05,"189,000.00",29490,0,0.0,1,7615537590479,0,0,0,0,0,0,0,0,0,0,1
온,신발(온),클라우드러너 3,3MG10071043,신발,265,3MG10071043(265),132719325,남성,26SS,2026-02-05,2026-02-05,"189,000.00",29491,0,0.0,1,7615537590486,0,0,0,0,1,0,0,0,0,0,0
온,신발(온),클라우드러너 3,3MG10071043,신발,270,3MG10071043(270),132719325,남성,26SS,2026-02-05,2026-02-05,"189,000.00",29492,0,0.0,4,7615537590493,0,0,0,2,2,0,0,0,0,0,0
온,신발(온),클라우드비스타 3,3MG30041344,신발,250,3MG30041344(250),136508834,남성,26FW,2026-08-06,2026-08-06,"199,000.00",36907,3,0.0,3,,0,0,0,0,0,2,0,0,0,1,0
온,신발(온),클라우드비스타 3,3MG30041344,신발,255,3MG30041344(255),136508834,남성,26FW,2026-08-06,2026-08-06,"199,000.00",36908,1,0.0,2,7615537855097,0,0,0,1,0,0,0,0,0,1,0
온,신발(온),클라우드비스타 3,3MG30041344,신발,260,3MG30041344(260),136508834,남성,26FW,2026-08-06,2026-08-06,"199,000.00",36909,3,0.0,4,7615537855103,0,0,0,1,0,3,0,0,0,0,0
온,신발(온),클라우드비스타 3,3MG30041344,신발,265,3MG30041344(265),136508834,남성,26FW,2026-08-06,2026-08-06,"199,000.00",36910,8,0.0,13,7615537855165,0,0,0,3,2,8,0,0,0,0,0
온,신발(온),클라우드비스타 3,3MG30041344,신발,270,3MG30041344(270),136508834,남성,26FW,2026-08-06,2026-08-06,"199,000.00",36911,12,0.0,21,7615537855172,0,0,0,5,4,11,0,0,0,1,0
온,신발(온),클라우드비스타 3,3MG30041344,신발,275,3MG30041344(275),136508834,남성,26FW,2026-08-06,2026-08-06,"199,000.00",36912,2,0.0,5,7615537855189,0,0,0,1,2,1,0,0,0,1,0
온,신발(온),클라우드비스타 3,3MG30041344,신발,280,3MG30041344(280),136508834,남성,26FW,2026-08-06,2026-08-06,"199,000.00",36913,4,0.0,6,7615537855196,0,0,0,1,1,3,0,0,0,1,0
온,신발(온),클라우드비스타 3,3MG30041344,신발,290,3MG30041344(290),136508834,남성,26FW,2026-08-06,2026-08-06,"199,000.00",36915,2,0.0,2,,0,0,0,0,0,1,0,0,0,1,0
온,신발(온),클라우드비스타 3,3MG30045153,신발,250,3MG30045153(250),136508830,남성,26FW,2026-08-06,2026-08-06,"199,000.00",36886,2,0.0,2,,0,0,0,0,0,1,0,0,0,1,0
온,신발(온),클라우드비스타 3,3MG30045153,신발,255,3MG30045153(255),136508830,남성,26FW,2026-08-06,2026-08-06,"199,000.00",36887,2,0.0,3,,0,0,0,1,0,1,0,0,0,1,0
온,신발(온),클라우드비스타 3,3MG30045153,신발,260,3MG30045153(260),136508830,남성,26FW,2026-08-06,2026-08-06,"199,000.00",36888,2,0.0,6,7615537857480,0,0,0,2,2,2,0,0,0,0,0
온,신발(온),클라우드비스타 3,3MG30045153,신발,265,3MG30045153(265),136508830,남성,26FW,2026-08-06,2026-08-06,"199,000.00",36889,5,0.0,11,7615537857497,0,0,0,3,3,4,0,0,0,1,0
온,신발(온),클라우드비스타 3,3MG30045153,신발,270,3MG30045153(270),136508830,남성,26FW,2026-08-06,2026-08-06,"199,000.00",36890,5,0.0,11,7615537857503,0,0,0,4,2,5,0,0,0,0,0
온,신발(온),클라우드비스타 3,3MG30045153,신발,275,3MG30045153(275),136508830,남성,26FW,2026-08-06,2026-08-06,"199,000.00",36891,3,0.0,5,7615537857527,0,0,0,1,1,3,0,0,0,0,0
온,신발(온),클라우드비스타 3,3MG30045153,신발,280,3MG30045153(280),136508830,남성,26FW,2026-08-06,2026-08-06,"199,000.00",36892,2,0.0,3,7615537857534,0,0,0,1,0,1,0,0,0,1,0
온,신발(온),클라우드비스타 3,3MG30045153,신발,285,3MG30045153(285),136508830,남성,26FW,2026-08-06,2026-08-06,"199,000.00",36893,2,0.0,2,,0,0,0,0,0,1,0,0,0,1,0
온,신발(온),클라우드비스타 3,3MG30045153,신발,290,3MG30045153(290),136508830,남성,26FW,2026-08-06,2026-08-06,"199,000.00",36894,1,0.0,1,,0,0,0,0,0,0,0,0,0,1,0
온,신발(온),클라우드러너 3 맥스,3MG30200813,신발,250,3MG30200813(250),136508867,남성,26FW,2026-08-06,2026-08-06,"219,000.00",36583,1,0.0,1,,0,0,0,0,0,1,0,0,0,0,0
온,신발(온),클라우드러너 3 맥스,3MG30200813,신발,255,3MG30200813(255),136508867,남성,26FW,2026-08-06,2026-08-06,"219,000.00",36584,2,0.0,3,7615537854229,0,0,0,1,0,1,0,0,0,1,0
온,신발(온),클라우드러너 3 맥스,3MG30200813,신발,260,3MG30200813(260),136508867,남성,26FW,2026-08-06,2026-08-06,"219,000.00",36585,4,0.0,8,7615537854236,0,0,0,2,2,4,0,0,0,0,0
온,신발(온),클라우드러너 3 맥스,3MG30200813,신발,265,3MG30200813(265),136508867,남성,26FW,2026-08-06,2026-08-06,"219,000.00",36586,10,0.0,13,7615537854243,0,0,0,1,2,10,0,0,0,0,0
온,신발(온),클라우드러너 3 맥스,3MG30200813,신발,270,3MG30200813(270),136508867,남성,26FW,2026-08-06,2026-08-06,"219,000.00",36587,14,0.0,16,7615537854250,0,0,0,1,1,14,0,0,0,0,0
온,신발(온),클라우드러너 3 맥스,3MG30200813,신발,275,3MG30200813(275),136508867,남성,26FW,2026-08-06,2026-08-06,"219,000.00",36588,7,0.0,9,7615537854267,0,0,0,1,1,7,0,0,0,0,0
온,신발(온),클라우드러너 3 맥스,3MG30200813,신발,280,3MG30200813(280),136508867,남성,26FW,2026-08-06,2026-08-06,"219,000.00",36589,1,0.0,3,7615537854281,0,0,0,1,1,1,0,0,0,0,0
온,신발(온),클라우드러너 3 맥스,3MG30200813,신발,290,3MG30200813(290),136508867,남성,26FW,2026-08-06,2026-08-06,"219,000.00",36591,1,0.0,1,,0,0,0,0,0,0,0,0,0,1,0
온,신발(온),클라우드러너 3 맥스,3MG30201043,신발,250,3MG30201043(250),136508871,남성,26FW,2026-08-06,2026-08-06,"219,000.00",37271,1,0.0,1,,0,0,0,0,0,0,0,0,0,1,0
온,신발(온),클라우드러너 3 맥스,3MG30201043,신발,255,3MG30201043(255),136508871,남성,26FW,2026-08-06,2026-08-06,"219,000.00",37272,0,0.0,1,7615537937014,0,0,0,1,0,0,0,0,0,0,0
온,신발(온),클라우드러너 3 맥스,3MG30201043,신발,260,3MG30201043(260),136508871,남성,26FW,2026-08-06,2026-08-06,"219,000.00",37273,0,0.0,2,7615537937021,0,0,0,1,1,0,0,0,0,0,0
온,신발(온),클라우드러너 3 맥스,3MG30201043,신발,265,3MG30201043(265),136508871,남성,26FW,2026-08-06,2026-08-06,"219,000.00",37274,5,0.0,9,7615537937052,0,0,0,2,2,5,0,0,0,0,0
온,신발(온),클라우드러너 3 맥스,3MG30201043,신발,270,3MG30201043(270),136508871,남성,26FW,2026-08-06,2026-08-06,"219,000.00",37275,9,0.0,13,7615537937069,0,0,0,2,2,9,0,0,0,0,0
온,신발(온),클라우드러너 3 맥스,3MG30201043,신발,275,3MG30201043(275),136508871,남성,26FW,2026-08-06,2026-08-06,"219,000.00",37276,0,0.0,4,7615537937076,0,0,0,2,2,0,0,0,0,0,0
온,신발(온),클라우드러너 3 맥스,3MG30201043,신발,280,3MG30201043(280),136508871,남성,26FW,2026-08-06,2026-08-06,"219,000.00",37277,0,0.0,2,7615537937083,0,0,0,1,1,0,0,0,0,0,0
온,신발(온),클라우드러너 3 맥스,3MG30201043,신발,290,3MG30201043(290),136508871,남성,26FW,2026-08-06,2026-08-06,"219,000.00",37279,2,0.0,2,,0,0,0,0,0,1,0,0,0,1,0
온,신발(온),클라우드러너 3 맥스,3MG30205363,신발,250,3MG30205363(250),136508858,남성,26FW,2026-08-06,2026-08-06,"219,000.00",36561,2,0.0,2,,0,0,0,0,0,1,0,0,0,1,0
온,신발(온),클라우드러너 3 맥스,3MG30205363,신발,255,3MG30205363(255),136508858,남성,26FW,2026-08-06,2026-08-06,"219,000.00",36562,3,0.0,3,,0,0,0,0,0,2,0,0,0,1,0
온,신발(온),클라우드러너 3 맥스,3MG30205363,신발,260,3MG30205363(260),136508858,남성,26FW,2026-08-06,2026-08-06,"219,000.00",36563,5,0.0,7,7615537859224,0,0,0,1,1,4,0,0,0,1,0
온,신발(온),클라우드러너 3 맥스,3MG30205363,신발,265,3MG30205363(265),136508858,남성,26FW,2026-08-06,2026-08-06,"219,000.00",36564,7,0.0,11,7615537859231,0,0,0,2,2,6,0,0,0,1,0
온,신발(온),클라우드러너 3 맥스,3MG30205363,신발,270,3MG30205363(270),136508858,남성,26FW,2026-08-06,2026-08-06,"219,000.00",36565,9,0.0,13,7615537859248,0,0,0,2,2,8,0,0,0,1,0
온,신발(온),클라우드러너 3 맥스,3MG30205363,신발,275,3MG30205363(275),136508858,남성,26FW,2026-08-06,2026-08-06,"219,000.00",36566,5,0.0,7,7615537859262,0,0,0,1,1,4,0,0,0,1,0
온,신발(온),클라우드러너 3 맥스,3MG30205363,신발,280,3MG30205363(280),136508858,남성,26FW,2026-08-06,2026-08-06,"219,000.00",36567,2,0.0,4,7615537859279,0,0,0,1,1,1,0,0,0,1,0
온,신발(온),클라우드러너 3 맥스,3MG30205363,신발,285,3MG30205363(285),136508858,남성,26FW,2026-08-06,2026-08-06,"219,000.00",36568,0,0.0,1,7615537859286,0,0,0,1,0,0,0,0,0,0,0
온,신발(온),클라우드러너 3 맥스,3MG30205363,신발,290,3MG30205363(290),136508858,남성,26FW,2026-08-06,2026-08-06,"219,000.00",36569,1,0.0,1,,0,0,0,0,0,0,0,0,0,1,0
온,신발(온),클라우드소마 모크,3MG30221043,신발,300,3MG30221043(300),135922801,남성,26FW,2026-07-20,2026-07-20,0.00,36791,3,0.0,3,7615537937762,0,0,0,0,0,3,0,0,0,0,0
온,신발(온),클라우드서퍼 2,3WF10101043,신발,225,3WF10101043(225),,여성,26FW,2026-08-21,2026-08-21,"199,000.00",36688,1,0.0,1,,0,0,0,0,0,1,0,0,0,0,0
온,신발(온),클라우드서퍼 2,3WF10101043,신발,235,3WF10101043(235),,여성,26FW,2026-08-21,2026-08-21,"199,000.00",36690,11,0.0,11,,0,0,0,0,0,11,0,0,0,0,0
온,신발(온),클라우드서퍼 2,3WF10101043,신발,240,3WF10101043(240),,여성,26FW,2026-08-21,2026-08-21,"199,000.00",36691,21,0.0,21,,0,0,0,0,0,21,0,0,0,0,0
온,신발(온),클라우드서퍼 2,3WF10101057,신발,230,3WF10101057(230),135922648,여성,26FW,2026-07-20,2026-07-20,"199,000.00",36711,2,0.0,3,7615537609959,0,0,0,1,0,0,0,0,0,0,2
온,신발(온),클라우드서퍼 2,3WF10101057,신발,235,3WF10101057(235),135922648,여성,26FW,2026-07-20,2026-07-20,"199,000.00",36712,4,0.0,5,7615537609966,1,0,0,1,0,0,0,0,0,0,3
온,신발(온),클라우드서퍼 2,3WF10101057,신발,240,3WF10101057(240),135922648,여성,26FW,2026-07-20,2026-07-20,"199,000.00",36713,4,0.0,5,7615537609973,0,0,0,1,0,0,0,0,0,0,4
온,신발(온),클라우드서퍼 2,3WF10101057,신발,245,3WF10101057(245),135922648,여성,26FW,2026-07-20,2026-07-20,"199,000.00",36714,6,0.0,7,7615537609980,2,0,0,0,1,0,0,0,0,0,4
온,신발(온),클라우드서퍼 2,3WF10101057,신발,250,3WF10101057(250),135922648,여성,26FW,2026-07-20,2026-07-20,"199,000.00",36715,3,0.0,4,7615537610009,1,0,0,1,0,0,0,0,0,0,2
온,신발(온),클라우드서퍼 2,3WF10101057,신발,255,3WF10101057(255),135922648,여성,26FW,2026-07-20,2026-07-20,"199,000.00",36716,1,0.0,1,,0,0,0,0,0,0,0,0,0,0,1
온,신발(온),클라우드울트라3,3WF30115301,신발,230,3WF30115301(230),133879952,여성,26FW,2026-07-09,2026-07-09,"229,000.00",36840,2,0.0,2,7615537902968,1,0,0,0,0,0,0,0,0,1,0
온,신발(온),클라우드울트라3,3WF30115301,신발,235,3WF30115301(235),133879952,여성,26FW,2026-07-09,2026-07-09,"229,000.00",36841,2,0.0,2,7615537902975,1,0,0,0,0,0,0,0,0,1,0
온,신발(온),클라우드울트라3,3WF30115301,신발,240,3WF30115301(240),133879952,여성,26FW,2026-06-11,2026-06-11,"229,000.00",36842,2,0.0,2,7615537902982,1,0,0,0,0,0,0,0,0,1,0
온,신발(온),클라우드울트라3,3WF30115301,신발,245,3WF30115301(245),133879952,여성,26FW,2026-07-09,2026-07-09,"229,000.00",36843,2,0.0,2,7615537902999,1,0,0,0,0,0,0,0,0,1,0
온,신발(온),클라우드울트라3,3WF30115301,신발,250,3WF30115301(250),133879952,여성,26FW,2026-07-09,2026-07-09,"229,000.00",36844,2,0.0,2,7615537903002,1,0,0,0,0,0,0,0,0,1,0
온,신발(온),클라우드붐 맥스,3WF30180438,신발,230,3WF30180438(230),132803680,여성,26SS,2026-02-05,2026-02-05,"279,000.00",29184,1,0.0,2,7615537615097,1,0,0,0,1,0,0,0,0,0,0
온,신발(온),클라우드붐 맥스,3WF30180438,신발,235,3WF30180438(235),132803680,여성,26SS,2026-02-05,2026-02-05,"279,000.00",29185,1,0.0,2,7615537615103,1,0,0,0,1,0,0,0,0,0,0
온,신발(온),클라우드붐 맥스,3WF30180438,신발,240,3WF30180438(240),132803680,여성,26SS,2026-02-05,2026-02-05,"279,000.00",29186,3,0.0,5,7615537615110,2,0,0,0,2,0,0,0,0,1,0
온,신발(온),클라우드붐 맥스,3WF30180438,신발,245,3WF30180438(245),132803680,여성,26SS,2026-02-05,2026-02-05,"279,000.00",29187,1,0.0,2,7615537615127,1,0,0,0,1,0,0,0,0,0,0
온,신발(온),클라우드붐 맥스,3WF30180438,신발,250,3WF30180438(250),132803680,여성,26SS,2026-02-05,2026-02-05,"279,000.00",29188,0,0.0,1,7615537615134,0,0,0,1,0,0,0,0,0,0,0
온,신발(온),클라우드붐 맥스,3WF30180438,신발,255,3WF30180438(255),132803680,여성,26SS,2026-02-05,2026-02-05,"279,000.00",29189,1,0.0,2,7615537615141,1,0,0,1,0,0,0,0,0,0,0
온,신발(온),클라우드붐 맥스,3WF30180462,신발,250,3WF30180462(250),131962354,여성,25FW,2025-10-23,2025-10-23,"279,000.00",26057,1,0.0,1,7615537399737,0,0,0,0,0,0,0,0,0,0,1
온,신발(온),클라우드붐 맥스,3WF30184325,신발,245,3WF30184325(245),131228046,여성,25FW,2025-07-22,2025-08-21,"279,000.00",23241,0,0.0,4,7615537545622,0,0,0,0,4,0,0,0,0,0,0
온,신발(온),클라우드서퍼 맥스,3WF30220106,신발,230,3WF30220106(230),131962355,여성,26FW,2026-07-20,2026-07-20,"219,000.00",26074,1,0.0,3,7615537404264,1,0,0,2,0,0,0,0,0,0,0
온,신발(온),클라우드서퍼 맥스,3WF30220106,신발,235,3WF30220106(235),131962355,여성,26FW,2026-07-20,2026-07-20,"219,000.00",26075,1,0.0,3,7615537403991,1,0,0,2,0,0,0,0,0,0,0
온,신발(온),클라우드서퍼 맥스,3WF30220106,신발,240,3WF30220106(240),131962355,여성,26FW,2026-07-20,2026-07-20,"219,000.00",26076,2,0.0,5,7615537404608,2,0,0,3,0,0,0,0,0,0,0
온,신발(온),클라우드서퍼 맥스,3WF30220106,신발,245,3WF30220106(245),131962355,여성,26FW,2026-07-20,2026-07-20,"219,000.00",26077,1,0.0,2,7615537420530,1,0,0,1,0,0,0,0,0,0,0
온,신발(온),클라우드서퍼 맥스,3WF30220106,신발,250,3WF30220106(250),131962355,여성,26FW,2026-07-20,2026-07-20,"219,000.00",26078,1,0.0,1,7615537404301,1,0,0,0,0,0,0,0,0,0,0
온,신발(온),클라우드서퍼 맥스,3WF30220106,신발,255,3WF30220106(255),131962355,여성,26FW,2026-07-20,2026-07-20,"219,000.00",26079,0,0.0,1,7615537404127,0,0,0,1,0,0,0,0,0,0,0
온,신발(온),클라우드서퍼 맥스,3WF30221200,신발,230,3WF30221200(230),135922651,여성,26FW,2026-07-20,2026-07-20,"219,000.00",36755,0,0.0,1,7615537352893,0,0,0,0,1,0,0,0,0,0,0
온,신발(온),클라우드서퍼 맥스,3WF30221200,신발,235,3WF30221200(235),135922651,여성,26FW,2026-07-20,2026-07-20,"219,000.00",36756,1,0.0,3,7615537439488,0,0,0,1,1,0,0,0,0,1,0
온,신발(온),클라우드서퍼 맥스,3WF30221200,신발,240,3WF30221200(240),135922651,여성,26FW,2026-07-20,2026-07-20,"219,000.00",36757,0,0.0,2,7615537492285,0,0,0,1,1,0,0,0,0,0,0
온,신발(온),클라우드서퍼 맥스,3WF30221200,신발,245,3WF30221200(245),135922651,여성,26FW,2026-07-20,2026-07-20,"219,000.00",36758,0,0.0,2,7615537352268,0,0,0,1,1,0,0,0,0,0,0
온,신발(온),클라우드서퍼 맥스,3WF30221200,신발,250,3WF30221200(250),135922651,여성,26FW,2026-07-20,2026-07-20,"219,000.00",36759,0,0.0,1,7615537353111,0,0,0,0,1,0,0,0,0,0,0
온,신발(온),클라우드서퍼 맥스,3WF30224726,신발,230,3WF30224726(230),132462939,여성,26SS,2026-01-05,2026-01-05,"219,000.00",29657,0,0.0,1,7615537615509,0,0,0,1,0,0,0,0,0,0,0
온,신발(온),클라우드서퍼 맥스,3WF30224726,신발,235,3WF30224726(235),132462939,여성,26SS,2026-01-05,2026-01-05,"219,000.00",29658,0,0.0,1,7615537615516,0,0,0,1,0,0,0,0,0,0,0
온,신발(온),클라우드붐 볼트,3WF30744834,신발,230,3WF30744834(230),135922224,여성,26FW,2026-07-20,2026-07-20,"259,000.00",36469,3,0.0,3,7615537619149,1,0,0,0,0,0,0,0,0,0,2
온,신발(온),클라우드붐 볼트,3WF30744834,신발,235,3WF30744834(235),135922224,여성,26FW,2026-07-20,2026-07-20,"259,000.00",36470,4,0.0,4,7615537619156,2,0,0,0,0,0,0,0,0,0,2
온,신발(온),클라우드붐 볼트,3WF30744834,신발,240,3WF30744834(240),135922224,여성,26FW,2026-07-20,2026-07-20,"259,000.00",36471,6,0.0,6,7615537619163,3,0,0,0,0,0,0,0,0,0,3
온,신발(온),클라우드붐 볼트,3WF30744834,신발,245,3WF30744834(245),135922224,여성,26FW,2026-07-20,2026-07-20,"259,000.00",36472,5,0.0,5,7615537619170,2,0,0,0,0,0,0,0,0,0,3
온,신발(온),클라우드붐 볼트,3WF30744834,신발,250,3WF30744834(250),135922224,여성,26FW,2026-07-20,2026-07-20,"259,000.00",36473,2,0.0,2,7615537619194,0,0,0,0,0,0,0,0,0,0,2
온,신발(온),클라우드붐 볼트,3WF30744834,신발,255,3WF30744834(255),135922224,여성,26FW,2026-07-20,2026-07-20,"259,000.00",36474,1,0.0,1,,0,0,0,0,0,0,0,0,0,0,1
온,신발(온),클라우드붐 볼트,3WF30745531,신발,230,3WF30745531(230),135085314,여성,26FW,2026-07-02,2026-07-02,"259,000.00",36447,2,0.0,2,7615537897691,1,0,0,0,0,0,0,0,0,1,0
온,신발(온),클라우드붐 볼트,3WF30745531,신발,235,3WF30745531(235),135085314,여성,26FW,2026-07-06,2026-07-06,"259,000.00",36448,1,0.0,2,7615537897714,0,0,0,1,0,0,0,0,0,1,0
온,신발(온),클라우드붐 볼트,3WF30745531,신발,240,3WF30745531(240),135085314,여성,26FW,2026-07-06,2026-07-06,"259,000.00",36449,2,0.0,4,7615537897721,2,0,0,0,2,0,0,0,0,0,0
온,신발(온),클라우드붐 볼트,3WF30745531,신발,245,3WF30745531(245),135085314,여성,26FW,2026-07-06,2026-07-06,"259,000.00",36450,2,0.0,4,7615537897738,2,0,0,0,2,0,0,0,0,0,0
온,신발(온),클라우드붐 볼트,3WF30745531,신발,250,3WF30745531(250),135085314,여성,26FW,2026-07-06,2026-07-06,"259,000.00",36451,1,0.0,2,7615537897745,1,0,0,1,0,0,0,0,0,0,0
온,신발(온),클라우드붐 볼트,3WF30745531,신발,255,3WF30745531(255),135085314,여성,26FW,2026-07-06,2026-07-06,"259,000.00",36452,1,0.0,2,7615537897752,1,0,0,1,0,0,0,0,0,0,0
온,신발(온),클라우드몬스터 3,3WG10031043,신발,230,3WG10031043(230),132919095,여성,26FW,2026-07-20,2026-07-20,"229,000.00",29373,1,0.0,16,7615537619620,0,0,0,10,5,0,0,0,0,1,0
온,신발(온),클라우드몬스터 3,3WG10031043,신발,235,3WG10031043(235),132919095,여성,26FW,2026-07-20,2026-07-20,"229,000.00",29374,1,0.0,16,7615537619637,0,0,0,9,6,0,0,0,0,1,0
온,신발(온),클라우드몬스터 3,3WG10031043,신발,240,3WG10031043(240),132919095,여성,26FW,2026-07-20,2026-07-20,"229,000.00",29375,0,0.0,23,7615537619644,0,0,0,16,7,0,0,0,0,0,0
온,신발(온),클라우드몬스터 3,3WG10031043,신발,245,3WG10031043(245),132919095,여성,26FW,2026-07-20,2026-07-20,"229,000.00",29376,0,0.0,14,7615537619651,0,0,0,9,5,0,0,0,0,0,0
온,신발(온),클라우드몬스터 3,3WG10031043,신발,250,3WG10031043(250),132919095,여성,26FW,2026-07-20,2026-07-20,"229,000.00",29377,1,0.0,7,7615537619668,0,0,0,5,2,0,0,0,0,1,0
온,신발(온),클라우드몬스터 3,3WG10031043,신발,255,3WG10031043(255),132919095,여성,26FW,2026-07-20,2026-07-20,"229,000.00",29378,0,0.0,2,7615537619675,0,0,0,2,0,0,0,0,0,0,0
온,신발(온),클라우드몬스터 3,3WG10032852,신발,225,3WG10032852(225),132919088,여성,26FW,2026-07-20,2026-07-20,"229,000.00",29330,0,0.0,3,7615537620862,0,0,0,2,1,0,0,0,0,0,0
온,신발(온),클라우드몬스터 3,3WG10032852,신발,230,3WG10032852(230),132919088,여성,26FW,2026-07-20,2026-07-20,"229,000.00",29331,0,0.0,12,7615537620879,0,0,0,7,5,0,0,0,0,0,0
온,신발(온),클라우드몬스터 3,3WG10032852,신발,235,3WG10032852(235),132919088,여성,26FW,2026-07-20,2026-07-20,"229,000.00",29332,1,0.0,15,7615537620886,0,0,0,10,5,0,0,0,0,1,0
온,신발(온),클라우드몬스터 3,3WG10032852,신발,240,3WG10032852(240),132919088,여성,26FW,2026-07-20,2026-07-20,"229,000.00",29333,9,0.0,29,7615537620893,0,0,0,12,8,9,0,0,0,0,0
온,신발(온),클라우드몬스터 3,3WG10032852,신발,245,3WG10032852(245),132919088,여성,26FW,2026-07-20,2026-07-20,"229,000.00",29334,1,0.0,14,7615537620909,0,0,0,6,7,0,0,0,0,1,0
온,신발(온),클라우드몬스터 3,3WG10032852,신발,250,3WG10032852(250),132919088,여성,26FW,2026-07-20,2026-07-20,"229,000.00",29335,0,0.0,5,7615537620916,0,0,0,4,1,0,0,0,0,0,0
온,신발(온),클라우드몬스터 3,3WG10032852,신발,255,3WG10032852(255),132919088,여성,26FW,2026-07-20,2026-07-20,"229,000.00",29336,0,0.0,2,7615537620923,0,0,0,1,1,0,0,0,0,0,0
온,신발(온),클라우드몬스터 3,3WG10035259,신발,225,3WG10035259(225),133879951,여성,26FW,2026-07-02,2026-07-02,"229,000.00",36534,0,0.0,2,7615537909011,0,0,0,2,0,0,0,0,0,0,0
온,신발(온),클라우드몬스터 3,3WG10035259,신발,230,3WG10035259(230),133879951,여성,26FW,2026-06-11,2026-06-11,"229,000.00",36535,0,0.0,1,7615537909028,0,0,0,1,0,0,0,0,0,0,0
온,신발(온),클라우드몬스터 3,3WG10035259,신발,235,3WG10035259(235),133879951,여성,26FW,2026-06-11,2026-06-11,"229,000.00",36536,0,0.0,4,7615537909042,0,0,0,2,2,0,0,0,0,0,0
온,신발(온),클라우드몬스터 3,3WG10035259,신발,240,3WG10035259(240),133879951,여성,26FW,2026-06-11,2026-06-11,"229,000.00",36537,0,0.0,5,7615537909073,0,0,0,5,0,0,0,0,0,0,0
온,신발(온),클라우드몬스터 3,3WG10035259,신발,245,3WG10035259(245),133879951,여성,26FW,2026-06-11,2026-06-11,"229,000.00",36538,0,0.0,3,7615537909080,0,0,0,2,1,0,0,0,0,0,0
온,신발(온),클라우드몬스터 3,3WG10035259,신발,250,3WG10035259(250),133879951,여성,26FW,2026-06-11,2026-06-11,"229,000.00",36539,0,0.0,2,7615537909097,0,0,0,1,1,0,0,0,0,0,0
온,신발(온),클라우드몬스터 3,3WG10035261,신발,225,3WG10035261(225),136508809,여성,26FW,2026-08-06,2026-08-06,"229,000.00",36512,0,0.0,2,7615537901633,0,0,0,1,1,0,0,0,0,0,0
온,신발(온),클라우드몬스터 3,3WG10035261,신발,230,3WG10035261(230),136508809,여성,26FW,2026-08-06,2026-08-06,"229,000.00",36513,3,0.0,8,7615537901657,0,0,0,2,3,2,0,0,0,1,0
온,신발(온),클라우드몬스터 3,3WG10035261,신발,235,3WG10035261(235),136508809,여성,26FW,2026-08-06,2026-08-06,"229,000.00",36514,3,0.0,10,7615537901664,0,0,0,4,3,2,0,0,0,1,0
온,신발(온),클라우드몬스터 3,3WG10035261,신발,240,3WG10035261(240),136508809,여성,26FW,2026-08-06,2026-08-06,"229,000.00",36515,3,0.0,13,7615537901671,0,0,0,4,6,3,0,0,0,0,0
온,신발(온),클라우드몬스터 3,3WG10035261,신발,245,3WG10035261(245),136508809,여성,26FW,2026-08-06,2026-08-06,"229,000.00",36516,4,0.0,12,7615537901688,0,0,0,4,4,4,0,0,0,0,0
온,신발(온),클라우드몬스터 3,3WG10035261,신발,250,3WG10035261(250),136508809,여성,26FW,2026-08-06,2026-08-06,"229,000.00",36517,0,0.0,4,7615537901695,0,0,0,3,1,0,0,0,0,0,0
온,신발(온),클라우드몬스터 3,3WG10035261,신발,255,3WG10035261(255),136508809,여성,26FW,2026-08-06,2026-08-06,"229,000.00",36518,0,0.0,1,7615537901701,0,0,0,1,0,0,0,0,0,0,0
온,신발(온),클라우드러너 3 맥스,3WG30160813,신발,225,3WG30160813(225),136508850,여성,26FW,2026-08-06,2026-08-06,"219,000.00",36622,1,0.0,1,,0,0,0,0,0,1,0,0,0,0,0
온,신발(온),클라우드러너 3 맥스,3WG30160813,신발,230,3WG30160813(230),136508850,여성,26FW,2026-08-06,2026-08-06,"219,000.00",36623,7,0.0,9,7615537888668,0,0,0,1,1,6,0,0,0,1,0
온,신발(온),클라우드러너 3 맥스,3WG30160813,신발,235,3WG30160813(235),136508850,여성,26FW,2026-08-06,2026-08-06,"219,000.00",36624,6,0.0,10,7615537888675,0,0,0,2,2,6,0,0,0,0,0
온,신발(온),클라우드러너 3 맥스,3WG30160813,신발,240,3WG30160813(240),136508850,여성,26FW,2026-08-06,2026-08-06,"219,000.00",36625,12,0.0,16,7615537888682,0,0,0,2,2,11,0,0,0,1,0
온,신발(온),클라우드러너 3 맥스,3WG30160813,신발,245,3WG30160813(245),136508850,여성,26FW,2026-08-06,2026-08-06,"219,000.00",36626,9,0.0,12,7615537888699,0,0,0,1,2,8,0,0,0,1,0
온,신발(온),클라우드러너 3 맥스,3WG30160813,신발,250,3WG30160813(250),136508850,여성,26FW,2026-08-06,2026-08-06,"219,000.00",36627,5,0.0,7,7615537888705,0,0,0,1,1,4,0,0,0,1,0
온,신발(온),클라우드러너 3 맥스,3WG30160813,신발,255,3WG30160813(255),136508850,여성,26FW,2026-08-06,2026-08-06,"219,000.00",36628,2,0.0,2,,0,0,0,0,0,1,0,0,0,1,0
온,신발(온),클라우드러너 3 맥스,3WG30161043,신발,225,3WG30161043(225),136508844,여성,26FW,2026-08-06,2026-08-06,"219,000.00",36644,2,0.0,2,,0,0,0,0,0,1,0,0,0,1,0
온,신발(온),클라우드러너 3 맥스,3WG30161043,신발,230,3WG30161043(230),136508844,여성,26FW,2026-08-06,2026-08-06,"219,000.00",36645,7,0.0,9,7615537938455,0,0,0,1,1,6,0,0,0,1,0
온,신발(온),클라우드러너 3 맥스,3WG30161043,신발,235,3WG30161043(235),136508844,여성,26FW,2026-08-06,2026-08-06,"219,000.00",36646,7,0.0,11,7615537938462,0,0,0,2,2,6,0,0,0,1,0
온,신발(온),클라우드러너 3 맥스,3WG30161043,신발,240,3WG30161043(240),136508844,여성,26FW,2026-08-06,2026-08-06,"219,000.00",36647,12,0.0,16,7615537938493,0,0,0,2,2,11,0,0,0,1,0
온,신발(온),클라우드러너 3 맥스,3WG30161043,신발,245,3WG30161043(245),136508844,여성,26FW,2026-08-06,2026-08-06,"219,000.00",36648,9,0.0,13,7615537938509,0,0,0,2,2,8,0,0,0,1,0
온,신발(온),클라우드러너 3 맥스,3WG30161043,신발,250,3WG30161043(250),136508844,여성,26FW,2026-08-06,2026-08-06,"219,000.00",36649,3,0.0,5,7615537938516,0,0,0,1,1,2,0,0,0,1,0
온,신발(온),클라우드러너 3 맥스,3WG30161043,신발,255,3WG30161043(255),136508844,여성,26FW,2026-08-06,2026-08-06,"219,000.00",36650,2,0.0,2,,0,0,0,0,0,1,0,0,0,1,0
온,신발(온),클라우드러너 3 맥스,3WG30165363,신발,230,3WG30165363(230),136508839,여성,26FW,2026-08-06,2026-08-06,"219,000.00",36601,2,0.0,4,7615537892214,0,0,0,1,1,1,0,0,0,1,0
온,신발(온),클라우드러너 3 맥스,3WG30165363,신발,235,3WG30165363(235),136508839,여성,26FW,2026-08-06,2026-08-06,"219,000.00",36602,4,0.0,6,7615537892221,0,0,0,1,1,3,0,0,0,1,0
온,신발(온),클라우드러너 3 맥스,3WG30165363,신발,240,3WG30165363(240),136508839,여성,26FW,2026-08-06,2026-08-06,"219,000.00",36603,4,0.0,7,7615537892245,0,0,0,2,1,3,0,0,0,1,0
온,신발(온),클라우드러너 3 맥스,3WG30165363,신발,245,3WG30165363(245),136508839,여성,26FW,2026-08-06,2026-08-06,"219,000.00",36604,5,0.0,7,7615537892252,0,0,0,1,1,4,0,0,0,1,0
온,신발(온),클라우드러너 3 맥스,3WG30165363,신발,250,3WG30165363(250),136508839,여성,26FW,2026-08-06,2026-08-06,"219,000.00",36605,2,0.0,4,7615537892269,0,0,0,1,1,1,0,0,0,1,0
온,신발(온),클라우드러너 3 맥스,3WG30165363,신발,255,3WG30165363(255),136508839,여성,26FW,2026-08-06,2026-08-06,"219,000.00",36606,1,0.0,1,,0,0,0,0,0,0,0,0,0,1,0
온,신발(온),클라우드비스타 3,3WG30195428,신발,230,3WG30195428(230),136508810,여성,26FW,2026-08-06,2026-08-06,"199,000.00",36861,3,0.0,5,7615537889467,0,0,0,1,1,3,0,0,0,0,0
온,신발(온),클라우드비스타 3,3WG30195428,신발,235,3WG30195428(235),136508810,여성,26FW,2026-08-06,2026-08-06,"199,000.00",36862,4,0.0,6,7615537889474,0,0,0,1,1,3,0,0,0,1,0
온,신발(온),클라우드비스타 3,3WG30195428,신발,240,3WG30195428(240),136508810,여성,26FW,2026-08-06,2026-08-06,"199,000.00",36863,4,0.0,7,7615537889481,0,0,0,3,0,4,0,0,0,0,0
온,신발(온),클라우드비스타 3,3WG30195428,신발,245,3WG30195428(245),136508810,여성,26FW,2026-08-06,2026-08-06,"199,000.00",36864,3,0.0,7,7615537889498,0,0,0,2,2,2,0,0,0,1,0
온,신발(온),클라우드비스타 3,3WG30195428,신발,250,3WG30195428(250),136508810,여성,26FW,2026-08-06,2026-08-06,"199,000.00",36865,3,0.0,5,7615537889504,0,0,0,1,1,2,0,0,0,1,0
온,신발(온),클라우드비스타 3,3WG30195428,신발,255,3WG30195428(255),136508810,여성,26FW,2026-08-06,2026-08-06,"199,000.00",36866,1,0.0,2,7615537889511,0,0,0,1,0,0,0,0,0,1,0
온,신발(온),클라우드소마 모크,3WG30371043,신발,230,3WG30371043(230),135922800,여성,26FW,2026-07-20,2026-07-20,"179,000.00",36798,1,0.0,3,7615537939087,0,0,0,1,1,0,0,0,0,1,0
온,신발(온),클라우드소마 모크,3WG30371043,신발,235,3WG30371043(235),135922800,여성,26FW,2026-07-20,2026-07-20,"179,000.00",36799,6,0.0,12,7615537939094,0,0,0,4,2,0,0,0,0,6,0
온,신발(온),클라우드소마 모크,3WG30371043,신발,240,3WG30371043(240),135922800,여성,26FW,2026-07-20,2026-07-20,"179,000.00",36800,1,0.0,8,7615537939100,0,0,0,5,2,1,0,0,0,0,0
온,신발(온),클라우드소마 모크,3WG30371043,신발,245,3WG30371043(245),135922800,여성,26FW,2026-07-20,2026-07-20,"179,000.00",36801,0,0.0,5,7615537939117,0,0,0,4,1,0,0,0,0,0,0
온,신발(온),클라우드소마 모크,3WG30371043,신발,250,3WG30371043(250),135922800,여성,26FW,2026-07-20,2026-07-20,"179,000.00",36802,1,0.0,5,7615537939124,0,0,0,3,1,1,0,0,0,0,0
온,신발(온),클라우드소마 모크,3WG30371043,신발,255,3WG30371043(255),135922800,여성,26FW,2026-07-20,2026-07-20,"179,000.00",36803,0,0.0,2,7615537939131,0,0,0,2,0,0,0,0,0,0,0
새티스파이,신발(새티스파이),더 락커,40002-AW,신발,230,40002-AW(230),133689212,,26SS,2026-06-15,2026-06-12,"449,000.00",36307,1,0.0,1,,0,0,0,0,0,1,0,0,0,0,0
새티스파이,신발(새티스파이),더 락커,40002-AW,신발,235,40002-AW(235),133689212,,26SS,2026-06-15,2026-06-12,"449,000.00",36308,1,0.0,1,,0,0,0,0,0,1,0,0,0,0,0
새티스파이,신발(새티스파이),더 락커,40002-AW,신발,245,40002-AW(245),133689212,,26SS,2026-05-20,2026-05-20,"449,000.00",36310,1,0.0,1,,0,0,0,0,0,1,0,0,0,0,0
새티스파이,신발(새티스파이),더 락커,40002-AW,신발,255,40002-AW(255),133689212,,26SS,2026-05-20,2026-05-20,"449,000.00",36312,2,0.0,2,,0,0,0,0,0,2,0,0,0,0,0
새티스파이,신발(새티스파이),더 락커,40002-AW,신발,260,40002-AW(260),133689212,,26SS,2026-05-20,2026-05-20,"449,000.00",36313,1,0.0,1,,0,0,0,0,0,1,0,0,0,0,0
새티스파이,신발(새티스파이),더 락커,40002-AW,신발,265,40002-AW(265),133689212,,26SS,2026-05-20,2026-05-20,"449,000.00",36314,2,0.0,2,,0,0,0,0,0,2,0,0,0,0,0
새티스파이,신발(새티스파이),더 락커,40002-AW,신발,270,40002-AW(270),133689212,,26SS,2026-05-20,2026-06-12,"449,000.00",36315,4,0.0,4,,0,0,0,0,0,4,0,0,0,0,0
새티스파이,신발(새티스파이),더 락커,40002-AW,신발,275,40002-AW(275),133689212,,26SS,2026-05-20,2026-06-12,"449,000.00",36316,2,0.0,2,,0,0,0,0,0,2,0,0,0,0,0
새티스파이,신발(새티스파이),더 락커,40002-AW,신발,280,40002-AW(280),133689212,,26SS,2026-05-20,2026-05-20,"449,000.00",36317,2,0.0,2,,0,0,0,0,0,2,0,0,0,0,0
새티스파이,신발(새티스파이),더 락커,40002-AW,신발,285,40002-AW(285),133689212,,26SS,2026-05-20,2026-05-20,"449,000.00",36318,1,0.0,1,,0,0,0,0,0,1,0,0,0,0,0
새티스파이,신발(새티스파이),더 락커,40002-BK,신발,235,40002-BK(235),133139955,공용,26SS,2026-03-17,2026-03-17,"449,000.00",32196,0,0.0,1,3667386000023,0,0,0,1,0,0,0,0,0,0,0
새티스파이,신발(새티스파이),더 락커,40002-BK,신발,240,40002-BK(240),133139955,공용,26SS,2026-03-17,2026-03-17,"449,000.00",32197,0,0.0,1,3667386000030,0,0,0,1,0,0,0,0,0,0,0
새티스파이,신발(새티스파이),더 락커,40002-BK,신발,260,40002-BK(260),133139955,공용,26SS,2026-03-17,2026-03-17,"449,000.00",32201,0,0.0,1,3701313802608,0,0,0,1,0,0,0,0,0,0,0
새티스파이,신발(새티스파이),더 락커,40002-BK,신발,270,40002-BK(270),133139955,공용,26SS,2026-03-17,2026-03-17,"449,000.00",32203,0,0.0,1,3701313802653,0,0,0,1,0,0,0,0,0,0,0
새티스파이,신발(새티스파이),더 락커,40002-BK,신발,275,40002-BK(275),133139955,공용,26SS,2026-03-17,2026-03-17,"449,000.00",32204,0,0.0,2,3701313803063,0,0,0,2,0,0,0,0,0,0,0
새티스파이,신발(새티스파이),더 락커,40002-BK,신발,280,40002-BK(280),133139955,공용,26SS,2026-03-17,2026-03-17,"449,000.00",32205,0,0.0,1,3701313803483,0,0,0,1,0,0,0,0,0,0,0
새티스파이,신발(새티스파이),더 락커,40002-FA-SE,신발,265,40002-FA-SE(265),133139950,공용,26SS,2026-03-17,2026-03-17,"449,000.00",32244,1,0.0,1,3701313799908,0,0,0,0,0,1,0,0,0,0,0
새티스파이,신발(새티스파이),더 락커,40002-FA-SE,신발,285,40002-FA-SE(285),133139950,공용,26SS,2026-03-17,2026-03-17,"449,000.00",32248,0,0.0,1,3701313799946,0,0,0,1,0,0,0,0,0,0,0
새티스파이,신발(새티스파이),더 락커,40002-SH-SE,신발,265,40002-SH-SE(265),133139949,공용,26SS,2026-03-17,2026-03-17,"449,000.00",32223,0,0.0,1,3667386019636,0,0,0,1,0,0,0,0,0,0,0
새티스파이,신발(새티스파이),더 락커,40002-SH-SE,신발,285,40002-SH-SE(285),133139949,공용,26SS,2026-03-17,2026-03-17,"449,000.00",32227,0,0.0,1,3667386019674,0,0,0,1,0,0,0,0,0,0,0
파타고니아,의류(파타고니아),롱 슬리브 캡 쿨 메리노 블렌드 그래픽 셔츠,44585-HEBK,의류,L,44585-HEBK(L),131702865,남성,25FW,2025-09-18,2025-09-18,"159,000.00",24758,0,0.0,1,44585Q7HEBKL,0,0,0,0,1,0,0,0,0,0,0
파타고니아,의류(파타고니아),롱 슬리브 캡 쿨 메리노 블렌드 그래픽 셔츠,44585-HEBK,의류,M,44585-HEBK(M),131702865,남성,25FW,2025-09-18,2025-09-18,"159,000.00",24757,0,0.0,2,44585Q7HEBKM,0,0,0,1,1,0,0,0,0,0,0
파타고니아,의류(파타고니아),롱 슬리브 캡 쿨 메리노 블렌드 그래픽 셔츠,44585-HEBK,의류,S,44585-HEBK(S),131702865,남성,25FW,2025-09-18,2025-09-18,"159,000.00",24756,2,0.0,4,44585Q7HEBKS,0,0,0,1,1,2,0,0,0,0,0
파타고니아,의류(파타고니아),롱 슬리브 캡 쿨 메리노 블렌드 그래픽 셔츠,44585-HEBK,의류,XL,44585-HEBK(XL),131702865,남성,25FW,2025-09-18,2025-09-18,"159,000.00",24759,1,0.0,1,44585Q7HEBKXL,0,0,0,0,0,1,0,0,0,0,0
파타고니아,의류(파타고니아),캡 쿨 메리노 블렌드 그래픽 셔츠,44590-FZPN,의류,L,44590-FZPN(L),131702862,남성,25FW,2025-09-18,2025-09-18,"119,000.00",24742,0,0.0,1,44590Q7FZPNL,0,0,0,0,1,0,0,0,0,0,0
파타고니아,의류(파타고니아),캡 쿨 메리노 블렌드 그래픽 셔츠,44590-FZPN,의류,M,44590-FZPN(M),131702862,남성,25FW,2025-09-18,2025-09-18,"119,000.00",24741,0,0.0,1,44590Q7FZPNM,0,0,0,0,1,0,0,0,0,0,0
파타고니아,의류(파타고니아),캡 쿨 메리노 블렌드 그래픽 셔츠,44590-FZPN,의류,S,44590-FZPN(S),131702862,남성,25FW,2025-09-18,2025-09-18,"119,000.00",24740,0,0.0,1,44590Q7FZPNS,0,0,0,0,1,0,0,0,0,0,0
파타고니아,의류(파타고니아),캡 쿨 메리노 블렌드 그래픽 셔츠,44590-FZPN,의류,XL,44590-FZPN(XL),131702862,남성,25FW,2025-09-18,2025-09-18,"119,000.00",24743,0,0.0,1,44590Q7FZPNXL,0,0,0,0,1,0,0,0,0,0,0
파타고니아,의류(파타고니아),롱 슬리브 캡 쿨 메리노 블렌드 그래픽 셔츠,44600-FZTP,의류,M,44600-FZTP(M),131702871,여성,25FW,2025-09-18,2025-09-18,"159,000.00",24765,0,0.0,1,44600Q7FZTPM,0,0,0,0,1,0,0,0,0,0,0
파타고니아,의류(파타고니아),롱 슬리브 캡 쿨 메리노 블렌드 그래픽 셔츠,44600-FZTP,의류,XS,44600-FZTP(XS),131702871,여성,25FW,2025-09-18,2025-09-18,"159,000.00",24763,0,0.0,1,44600Q7FZTPXS,0,0,0,0,1,0,0,0,0,0,0
파타고니아,의류(파타고니아),M`S SLEEVELESS CAP COOL DAILY SHIRT트라이얼,45255Q5-FEA TRIAL,의류,M,45255Q5-FEA TRIAL(M),,남성,25FW,,,0.00,24496,0,0.0,1,,0,0,0,0,1,0,0,0,0,0,0
파타고니아,의류(파타고니아),M`S SLEEVELESS CAP COOL DAILY SHIRT트라이얼,45255Q5-FEA TRIAL,의류,S,45255Q5-FEA TRIAL(S),,남성,25FW,,,0.00,24495,0,0.0,2,,0,0,0,0,2,0,0,0,0,0,0
파타고니아,의류(파타고니아),M`S SLEEVELESS CAP COOL DAILY SHIRT트라이얼,45255Q5-FEA TRIAL,의류,XS,45255Q5-FEA TRIAL(XS),,남성,25FW,,,0.00,24494,0,0.0,1,,0,0,0,0,1,0,0,0,0,0,0
파타고니아,의류(파타고니아),M`S SLEEVELESS CAP COOL DAILY SHIRT트라이얼,45255Q5-FLKB TRIAL,의류,L,45255Q5-FLKB TRIAL(L),,남성,25FW,,,0.00,24505,0,0.0,1,,0,0,0,0,1,0,0,0,0,0,0
파타고니아,의류(파타고니아),M`S SLEEVELESS CAP COOL DAILY SHIRT트라이얼,45255Q5-FLKB TRIAL,의류,M,45255Q5-FLKB TRIAL(M),,남성,25FW,,,0.00,24504,0,0.0,1,,0,0,0,0,1,0,0,0,0,0,0
파타고니아,의류(파타고니아),M`S SLEEVELESS CAP COOL DAILY SHIRT트라이얼,45255Q5-FLKB TRIAL,의류,S,45255Q5-FLKB TRIAL(S),,남성,25FW,,,0.00,24503,0,0.0,2,,0,0,0,0,2,0,0,0,0,0,0
파타고니아,의류(파타고니아),M`S SLEEVELESS CAP COOL DAILY SHIRT트라이얼,45255Q5-FLKB TRIAL,의류,XS,45255Q5-FLKB TRIAL(XS),,남성,25FW,,,0.00,24502,0,0.0,1,,0,0,0,0,1,0,0,0,0,0,0
파타고니아,의류(파타고니아),W`S CAP COOL DAILY TANK트라이얼,45295Q5-FEA TRIAL,의류,M,45295Q5-FEA TRIAL(M),,여성,25FW,,,0.00,24554,0,0.0,1,,0,0,0,0,1,0,0,0,0,0,0
파타고니아,의류(파타고니아),W`S CAP COOL DAILY TANK트라이얼,45295Q5-FEA TRIAL,의류,S,45295Q5-FEA TRIAL(S),,여성,25FW,,,0.00,24553,0,0.0,2,,0,0,0,0,2,0,0,0,0,0,0
파타고니아,의류(파타고니아),W`S CAP COOL DAILY TANK트라이얼,45295Q5-FEA TRIAL,의류,XS,45295Q5-FEA TRIAL(XS),,여성,25FW,,,0.00,24552,0,0.0,1,,0,0,0,0,1,0,0,0,0,0,0
파타고니아,의류(파타고니아),W`S CAP COOL DAILY TANK트라이얼,45295Q5-LMPX TRIAL,의류,M,45295Q5-LMPX TRIAL(M),,여성,25FW,,,0.00,24562,0,0.0,1,,0,0,0,0,1,0,0,0,0,0,0
파타고니아,의류(파타고니아),W`S CAP COOL DAILY TANK트라이얼,45295Q5-LMPX TRIAL,의류,S,45295Q5-LMPX TRIAL(S),,여성,25FW,,,0.00,24561,0,0.0,1,,0,0,0,0,1,0,0,0,0,0,0
파타고니아,의류(파타고니아),W`S CAP COOL DAILY TANK트라이얼,45295Q5-LMPX TRIAL,의류,XS,45295Q5-LMPX TRIAL(XS),,여성,25FW,,,0.00,24560,0,0.0,2,,0,0,0,0,2,0,0,0,0,0,0
파타고니아,의류(파타고니아),M`S CAP COOL DAILY GRAPHIC SHIRT - LANDS트라이얼,45385Q5-CSBX TRIAL,의류,L,45385Q5-CSBX TRIAL(L),,남성,25FW,,,0.00,24449,0,0.0,1,,0,0,0,0,1,0,0,0,0,0,0
파타고니아,의류(파타고니아),M`S CAP COOL DAILY GRAPHIC SHIRT - LANDS트라이얼,45385Q5-CSBX TRIAL,의류,M,45385Q5-CSBX TRIAL(M),,남성,25FW,,,0.00,24448,0,0.0,2,,0,0,0,0,2,0,0,0,0,0,0
파타고니아,의류(파타고니아),M`S CAP COOL DAILY GRAPHIC SHIRT - LANDS트라이얼,45385Q5-CSBX TRIAL,의류,S,45385Q5-CSBX TRIAL(S),,남성,25FW,,,0.00,24447,0,0.0,2,,0,0,0,0,2,0,0,0,0,0,0
파타고니아,의류(파타고니아),M`S CAP COOL DAILY GRAPHIC SHIRT - LANDS트라이얼,45385Q5-CSBX TRIAL,의류,XS,45385Q5-CSBX TRIAL(XS),,남성,25FW,,,0.00,24446,0,0.0,1,,0,0,0,0,1,0,0,0,0,0,0
파타고니아,의류(파타고니아),M`S CAP COOL DAILY GRAPHIC SHIRT - LANDS트라이얼,45385Q5-HBFE TRIAL,의류,L,45385Q5-HBFE TRIAL(L),,남성,25FW,,,0.00,24457,0,0.0,1,,0,0,0,0,1,0,0,0,0,0,0
파타고니아,의류(파타고니아),M`S CAP COOL DAILY GRAPHIC SHIRT - LANDS트라이얼,45385Q5-HBFE TRIAL,의류,M,45385Q5-HBFE TRIAL(M),,남성,25FW,,,0.00,24456,0,0.0,2,,0,0,0,0,2,0,0,0,0,0,0
파타고니아,의류(파타고니아),M`S CAP COOL DAILY GRAPHIC SHIRT - LANDS트라이얼,45385Q5-HBFE TRIAL,의류,S,45385Q5-HBFE TRIAL(S),,남성,25FW,,,0.00,24455,0,0.0,2,,0,0,0,0,2,0,0,0,0,0,0
파타고니아,의류(파타고니아),M`S CAP COOL DAILY GRAPHIC SHIRT - LANDS트라이얼,45385Q5-HBFE TRIAL,의류,XS,45385Q5-HBFE TRIAL(XS),,남성,25FW,,,0.00,24454,0,0.0,1,,0,0,0,0,1,0,0,0,0,0,0
파타고니아,의류(파타고니아),W`S CAP COOL DAILY GRAPHIC SHIRT - LANDS트라이얼,45390Q5-CHFY TRIAL,의류,S,45390Q5-CHFY TRIAL(S),,여성,25FW,,,0.00,24537,0,0.0,2,,0,0,0,0,2,0,0,0,0,0,0
파타고니아,의류(파타고니아),W`S CAP COOL DAILY GRAPHIC SHIRT - LANDS트라이얼,45390Q5-CHFY TRIAL,의류,XS,45390Q5-CHFY TRIAL(XS),,여성,25FW,,,0.00,24536,0,0.0,1,,0,0,0,0,1,0,0,0,0,0,0
파타고니아,의류(파타고니아),W`S CAP COOL DAILY GRAPHIC SHIRT - LANDS트라이얼,45390Q5-TLPL TRIAL,의류,M,45390Q5-TLPL TRIAL(M),,여성,25FW,,,0.00,24546,0,0.0,1,,0,0,0,0,1,0,0,0,0,0,0
파타고니아,의류(파타고니아),W`S CAP COOL DAILY GRAPHIC SHIRT - LANDS트라이얼,45390Q5-TLPL TRIAL,의류,S,45390Q5-TLPL TRIAL(S),,여성,25FW,,,0.00,24545,0,0.0,1,,0,0,0,0,1,0,0,0,0,0,0
파타고니아,의류(파타고니아),W`S CAP COOL DAILY GRAPHIC SHIRT - LANDS트라이얼,45390Q5-TLPL TRIAL,의류,XS,45390Q5-TLPL TRIAL(XS),,여성,25FW,,,0.00,24544,0,0.0,2,,0,0,0,0,2,0,0,0,0,0,0
파타고니아,의류(파타고니아),캐필린 쿨 라이트웨이트 셔츠,45690Q5-GRZX,의류,M,45690Q5-GRZX(M),128865117,남성,25SS,2025-03-12,2025-03-12,"99,000.00",17810,0,0.0,1,45690Q5GRZXM,0,0,0,0,1,0,0,0,0,0,0
파타고니아,의류(파타고니아),롱 슬리브 캡 쿨 라이트웨이트 셔츠,45695Q5-ABNB,의류,S,45695Q5-ABNB(S),128865126,여성,25SS,2025-03-12,2025-03-12,"99,000.00",17883,3,0.0,3,45695Q5ABNBS,0,0,0,0,0,3,0,0,0,0,0
파타고니아,의류(파타고니아),롱 슬리브 캡 쿨 라이트웨이트 셔츠,45695Q5-ABNB,의류,XS,45695Q5-ABNB(XS),128865126,여성,25SS,2025-03-12,2025-03-12,"99,000.00",17882,2,0.0,3,45695Q5ABNBXS,0,0,0,0,1,2,0,0,0,0,0
파타고니아,의류(파타고니아),캐필린 쿨 라이트웨이트 셔츠,45695Q5-SBLX,의류,M,45695Q5-SBLX(M),128865127,여성,25SS,2025-03-12,2025-03-12,"99,000.00",17892,0,0.0,1,45695Q5SBLXM,0,0,0,1,0,0,0,0,0,0,0
파타고니아,의류(파타고니아),캐필린 쿨 라이트웨이트 셔츠,45695Q5-SBLX,의류,S,45695Q5-SBLX(S),128865127,여성,25SS,2025-03-12,2025-03-12,"99,000.00",17891,2,0.0,2,45695Q5SBLXS,0,0,0,0,0,2,0,0,0,0,0
파타고니아,의류(파타고니아),캐필린 쿨 라이트웨이트 셔츠,45695Q5-SBLX,의류,XS,45695Q5-SBLX(XS),128865127,여성,25SS,2025-03-12,2025-03-12,"99,000.00",17890,1,0.0,2,45695Q5SBLXXS,0,0,0,1,0,1,0,0,0,0,0
파타고니아,의류(파타고니아),M`S CAP COOL LIGHTWEIGHT SHIRT트라이얼,45760Q5-PONX TRIAL,의류,L,45760Q5-PONX TRIAL(L),,남성,25FW,,,0.00,24465,0,0.0,1,,0,0,0,0,1,0,0,0,0,0,0
파타고니아,의류(파타고니아),M`S CAP COOL LIGHTWEIGHT SHIRT트라이얼,45760Q5-PONX TRIAL,의류,M,45760Q5-PONX TRIAL(M),,남성,25FW,,,0.00,24464,0,0.0,2,,0,0,0,0,2,0,0,0,0,0,0
파타고니아,의류(파타고니아),M`S CAP COOL LIGHTWEIGHT SHIRT트라이얼,45760Q5-PONX TRIAL,의류,S,45760Q5-PONX TRIAL(S),,남성,25FW,,,0.00,24463,0,0.0,2,,0,0,0,0,2,0,0,0,0,0,0
파타고니아,의류(파타고니아),M`S CAP COOL LIGHTWEIGHT SHIRT트라이얼,45760Q5-PONX TRIAL,의류,XS,45760Q5-PONX TRIAL(XS),,남성,25FW,,,0.00,24462,0,0.0,1,,0,0,0,0,1,0,0,0,0,0,0
파타고니아,의류(파타고니아),W`S CAP COOL LIGHTWEIGHT SHIRT트라이얼,45765Q5-ABNB TRIAL,의류,M,45765Q5-ABNB TRIAL(M),,여성,25FW,,,0.00,24570,0,0.0,1,,0,0,0,0,1,0,0,0,0,0,0
파타고니아,의류(파타고니아),W`S CAP COOL LIGHTWEIGHT SHIRT트라이얼,45765Q5-ABNB TRIAL,의류,S,45765Q5-ABNB TRIAL(S),,여성,25FW,,,0.00,24569,0,0.0,1,,0,0,0,0,1,0,0,0,0,0,0
파타고니아,의류(파타고니아),W`S CAP COOL LIGHTWEIGHT SHIRT트라이얼,45765Q5-ABNB TRIAL,의류,XS,45765Q5-ABNB TRIAL(XS),,여성,25FW,,,0.00,24568,0,0.0,1,,0,0,0,0,1,0,0,0,0,0,0
파타고니아,의류(파타고니아),W`S CAP COOL LIGHTWEIGHT SHIRT트라이얼,45765Q5-FGLP TRIAL,의류,M,45765Q5-FGLP TRIAL(M),,여성,25FW,,,0.00,24578,0,0.0,1,,0,0,0,0,1,0,0,0,0,0,0
파타고니아,의류(파타고니아),W`S CAP COOL LIGHTWEIGHT SHIRT트라이얼,45765Q5-FGLP TRIAL,의류,S,45765Q5-FGLP TRIAL(S),,여성,25FW,,,0.00,24577,0,0.0,1,,0,0,0,0,1,0,0,0,0,0,0
파타고니아,의류(파타고니아),W`S CAP COOL LIGHTWEIGHT SHIRT트라이얼,45765Q5-FGLP TRIAL,의류,XS,45765Q5-FGLP TRIAL(XS),,여성,25FW,,,0.00,24576,0,0.0,1,,0,0,0,0,1,0,0,0,0,0,0
파타고니아,의류(파타고니아),캡 쿨 라이트웨이트 셔츠,47560Q5-BLK,의류,L,47560Q5-BLK(L),,남성,25SS,2025-04-15,2025-04-15,"83,000.00",19309,0,0.0,1,45760Q5BLKL,0,0,0,1,0,0,0,0,0,0,0
파타고니아,의류(파타고니아),캡 쿨 라이트웨이트 셔츠,47560Q5-BLK,의류,M,47560Q5-BLK(M),,남성,25SS,2025-04-15,2025-04-15,"83,000.00",19308,3,0.0,4,45760Q5BLKM,0,0,0,1,0,3,0,0,0,0,0
파타고니아,의류(파타고니아),캡 쿨 라이트웨이트 셔츠,47560Q5-BLK,의류,S,47560Q5-BLK(S),,남성,25SS,2025-04-15,2025-04-15,"83,000.00",19307,0,0.0,1,45760Q5BLKS,0,0,0,1,0,0,0,0,0,0,0
파타고니아,의류(파타고니아),캡 쿨 라이트웨이트 셔츠,47560Q5-GRZX,의류,L,47560Q5-GRZX(L),,남성,25SS,2025-04-15,2025-04-15,"83,000.00",19317,1,0.0,2,45760Q5GRZXL,0,0,0,1,0,1,0,0,0,0,0
파타고니아,의류(파타고니아),캡 쿨 라이트웨이트 셔츠,47560Q5-GRZX,의류,M,47560Q5-GRZX(M),,남성,25SS,2025-04-15,2025-04-15,"83,000.00",19316,3,0.0,4,45760Q5GRZXM,0,0,0,1,0,3,0,0,0,0,0
파타고니아,의류(파타고니아),캡 쿨 라이트웨이트 셔츠,47560Q5-GRZX,의류,S,47560Q5-GRZX(S),,남성,25SS,2025-04-15,2025-04-15,"83,000.00",19315,0,0.0,2,45760Q5GRZXS,0,0,0,1,1,0,0,0,0,0,0
파타고니아,용품(파타고니아),슬로프 러너 익스플로레이션 팩 18L,49495Q5-BLK,용품,S,49495Q5-BLK(S),128865122,공용,25SS,2025-03-12,2025-03-12,"299,000.00",17851,0,0.0,4,49495Q5BLKS,0,0,0,3,1,0,0,0,0,0,0
파타고니아,용품(파타고니아),슬로프 러너 익스플로레이션 팩 18L,49495Q5-BLK,용품,XS,49495Q5-BLK(XS),128865122,공용,25SS,2025-03-12,2025-03-12,"299,000.00",17850,0,0.0,2,49495Q5BLKXS,0,0,0,1,1,0,0,0,0,0,0
파타고니아,용품(파타고니아),SLOPE RUNNER VEST트라이얼,49521Q5-SBDY TRIAL,용품,M,49521Q5-SBDY TRIAL(M),,공용,25FW,,,0.00,24530,0,0.0,2,,0,0,0,0,2,0,0,0,0,0,0
파타고니아,용품(파타고니아),SLOPE RUNNER VEST트라이얼,49521Q5-SBDY TRIAL,용품,S,49521Q5-SBDY TRIAL(S),,공용,25FW,,,0.00,24529,0,0.0,1,,0,0,0,0,1,0,0,0,0,0,0
파타고니아,용품(파타고니아),슬로프 러너 베스트,49521R5-WSTO,용품,L,49521R5-WSTO(L),133237318,공용,26SS,2026-03-25,2026-03-25,"289,000.00",32599,0,0.0,2,49521R5WSTOL,0,0,0,1,1,0,0,0,0,0,0
파타고니아,용품(파타고니아),슬로프 러너 베스트,49521R5-WSTO,용품,M,49521R5-WSTO(M),133237318,공용,26SS,2026-03-25,2026-03-25,"289,000.00",32598,0,0.0,2,49521R5WSTOM,0,0,0,1,1,0,0,0,0,0,0
파타고니아,용품(파타고니아),슬로프 러너 베스트,49521R5-WSTO,용품,S,49521R5-WSTO(S),133237318,공용,26SS,2026-03-25,2026-03-25,"289,000.00",32597,0,0.0,2,49521R5WSTOS,0,0,0,1,1,0,0,0,0,0,0
파타고니아,의류(파타고니아),M`S MULTI TRAILS SHORTS - 6 IN.트라이얼,57595Q5-LMSP TRIAL,의류,M,57595Q5-LMSP TRIAL(M),,남성,25FW,,,0.00,24480,0,0.0,1,,0,0,0,0,1,0,0,0,0,0,0
파타고니아,의류(파타고니아),M`S MULTI TRAILS SHORTS - 6 IN.트라이얼,57595Q5-LMSP TRIAL,의류,S,57595Q5-LMSP TRIAL(S),,남성,25FW,,,0.00,24479,0,0.0,1,,0,0,0,0,1,0,0,0,0,0,0
파타고니아,의류(파타고니아),멀티 트레일 쇼츠 6 인치,57595R5-BLK,의류,L,57595R5-BLK(L),133237198,남성,26SS,2026-03-25,2026-03-25,"149,000.00",32547,0,0.0,3,57595R5BLKL,0,0,0,2,1,0,0,0,0,0,0
파타고니아,의류(파타고니아),멀티 트레일 쇼츠 6 인치,57595R5-BLK,의류,M,57595R5-BLK(M),133237198,남성,26SS,2026-03-25,2026-03-25,"149,000.00",32546,0,0.0,1,57595R5BLKM,0,0,0,0,1,0,0,0,0,0,0
파타고니아,의류(파타고니아),멀티 트레일 쇼츠 6 인치,57595R5-BLK,의류,S,57595R5-BLK(S),133237198,남성,26SS,2026-03-25,2026-03-25,"149,000.00",32545,0,0.0,2,57595R5BLKS,0,0,0,1,1,0,0,0,0,0,0
파타고니아,의류(파타고니아),멀티 트레일 쇼츠,57602-BLK,의류,L,57602-BLK(L),131702869,남성,25FW,2025-09-18,2025-09-18,"149,000.00",24694,0,0.0,2,57602Q7BLKL,0,0,0,0,2,0,0,0,0,0,0
파타고니아,의류(파타고니아),멀티 트레일 쇼츠,57602-BLK,의류,M,57602-BLK(M),131702869,남성,25FW,2025-09-18,2025-09-18,"149,000.00",24693,0,0.0,1,57602Q7BLKM,0,0,0,0,1,0,0,0,0,0,0
파타고니아,의류(파타고니아),멀티 트레일 쇼츠,57602-BLK,의류,S,57602-BLK(S),131702869,남성,25FW,2025-09-18,2025-09-18,"149,000.00",24692,0,0.0,3,57602Q7BLKS,0,0,0,2,1,0,0,0,0,0,0
파타고니아,의류(파타고니아),멀티 트레일 쇼츠,57602-BLK,의류,XL,57602-BLK(XL),131702869,남성,25FW,2025-09-18,2025-09-18,"149,000.00",24695,0,0.0,1,57602Q7BLKXL,0,0,0,0,1,0,0,0,0,0,0
파타고니아,의류(파타고니아),M`S MULTI TRAILS SHORTS - 8 IN.트라이얼,57602Q5-BLK TRIAL,의류,L,57602Q5-BLK TRIAL(L),,남성,25FW,,,0.00,24489,0,0.0,1,,0,0,0,0,1,0,0,0,0,0,0
파타고니아,의류(파타고니아),M`S MULTI TRAILS SHORTS - 8 IN.트라이얼,57602Q5-BLK TRIAL,의류,M,57602Q5-BLK TRIAL(M),,남성,25FW,,,0.00,24488,0,0.0,2,,0,0,0,0,2,0,0,0,0,0,0
파타고니아,의류(파타고니아),M`S MULTI TRAILS SHORTS - 8 IN.트라이얼,57602Q5-BLK TRIAL,의류,S,57602Q5-BLK TRIAL(S),,남성,25FW,,,0.00,24487,0,0.0,2,,0,0,0,0,2,0,0,0,0,0,0
파타고니아,의류(파타고니아),멀티 트레일 쇼츠,57631-BLK,의류,M,57631-BLK(M),131702859,여성,25FW,2025-09-18,2025-09-18,"119,000.00",24733,0,0.0,1,57631Q7BLKM,0,0,0,0,1,0,0,0,0,0,0
파타고니아,의류(파타고니아),멀티 트레일 쇼츠,57631-BLK,의류,S,57631-BLK(S),131702859,여성,25FW,2025-09-18,2025-09-18,"119,000.00",24732,0,0.0,1,57631Q7BLKS,0,0,0,0,1,0,0,0,0,0,0
파타고니아,의류(파타고니아),멀티 트레일 쇼츠,57631-BLK,의류,XS,57631-BLK(XS),131702859,여성,25FW,2025-09-18,2025-09-18,"119,000.00",24731,0,0.0,1,57631Q7BLKXS,0,0,0,0,1,0,0,0,0,0,0
100%,용품(100%),하이퍼크래프트,60000-00004,용품,1SIZE,60000-00004(1SIZE),131517707,공용,25FW,2025-08-21,2025-08-21,"260,000.00",24269,0,0.0,1,841269192941,0,0,0,0,1,0,0,0,0,0,0
100%,용품(100%),하이퍼크래프트,60000-00006,용품,1SIZE,60000-00006(1SIZE),131517709,공용,25FW,2025-08-21,2025-08-21,"260,000.00",24271,0,0.0,1,841269192965,0,0,0,1,0,0,0,0,0,0,0
100%,용품(100%),하이퍼크래프트,60000-00010,용품,1SIZE,60000-00010(1SIZE),131517710,공용,25FW,2025-08-21,2025-08-21,"260,000.00",24272,1,0.0,1,196261016307,1,0,0,0,0,0,0,0,0,0,0
100%,용품(100%),하이퍼크래프트,60000-00011,용품,1SIZE,60000-00011(1SIZE),131517712,공용,25FW,2025-08-21,2025-08-21,"260,000.00",24273,0,0.0,1,196261016314,0,0,0,0,1,0,0,0,0,0,0
100%,용품(100%),하이퍼크래프트,60000-00032,용품,1SIZE,60000-00032(1SIZE),131517714,공용,25FW,2025-08-21,2025-08-21,"260,000.00",24275,0,0.0,1,196261055092,0,0,0,0,1,0,0,0,0,0,0
100%,용품(100%),레제르 라운드,60019-00016,용품,1SIZE,60019-00016(1SIZE),135951602,공용,26FW,2026-07-15,2026-07-15,"180,000.00",39914,16,0.0,27,196261040388,0,0,0,10,1,16,0,0,0,0,0
100%,용품(100%),레제르 스퀘어,60020-00009,용품,1SIZE,60020-00009(1SIZE),135951600,공용,26FW,2026-07-15,2026-07-15,"180,000.00",39915,9,0.0,18,196261040456,0,0,0,6,3,9,0,0,0,0,0
100%,용품(100%),레제르 스퀘어,60020-00019,용품,1SIZE,60020-00019(1SIZE),135951597,공용,26FW,2026-07-15,2026-07-15,"200,000.00",39916,2,0.0,8,196261054439,0,0,0,4,2,2,0,0,0,0,0
100%,용품(100%),A2,60078-10001,용품,1SIZE,60078-10001(1SIZE),135951577,공용,26FW,2026-07-15,2026-07-15,"250,000.00",39911,3,0.0,9,196261089509,0,0,0,4,2,3,0,0,0,0,0
100%,용품(100%),A2,60078-10003,용품,1SIZE,60078-10003(1SIZE),135951588,공용,26FW,2026-07-15,2026-07-15,"230,000.00",39912,10,0.0,17,196261089929,0,0,0,4,3,10,0,0,0,0,0
100%,용품(100%),A2,60078-10005,용품,1SIZE,60078-10005(1SIZE),135951571,공용,26FW,2026-07-15,2026-07-15,"250,000.00",39913,5,0.0,9,196261089943,0,0,0,2,2,5,0,0,0,0,0
레키,용품(레키),SL 울트라트레일 FX.ONE,65625841,용품,115,65625841(115),133617821,공용,26SS,2026-05-14,2026-05-14,"360,000.00",34564,1,0.0,5,4028173390519,0,0,0,3,1,1,0,0,0,0,0
레키,용품(레키),SL 울트라트레일 FX.ONE,65625841,용품,120,65625841(120),133617821,공용,26SS,2026-05-14,2026-05-14,"360,000.00",34565,0,0.0,5,4028173390472,0,0,0,3,2,0,0,0,0,0,0
오클리,용품(오클리),레이다락 패스 (아시안핏),92069438,용품,1SIZE,92069438(1SIZE),131979435,공용,25FW,2025-10-13,2025-10-13,"324,000.00",26094,0,0.0,6,888392615022,0,0,0,2,4,0,0,0,0,0,0
오클리,용품(오클리),래터럴리스,94310360,용품,1SIZE,94310360(1SIZE),131860113,공용,25FW,2025-10-13,2025-10-13,"334,000.00",26092,0,0.0,3,888392641557,0,0,0,1,2,0,0,0,0,0,0
오클리,용품(오클리),플란타리스,94370163,용품,1SIZE,94370163(1SIZE),131860116,공용,25FW,2025-10-13,2025-10-13,"370,000.00",26093,0,0.0,1,888392641366,0,0,0,0,1,0,0,0,0,0,0
오클리,용품(오클리),아이자켓 리덕스,94380158,용품,1SIZE,94380158(1SIZE),131860109,공용,26SS,2026-05-29,2026-05-29,"261,000.00",26090,3,0.0,9,888392408365,0,0,0,5,1,3,0,0,0,0,0
오클리,용품(오클리),아이자켓 리덕스,94380558,용품,1SIZE,94380558(1SIZE),132964844,공용,25FW,2025-10-14,2025-10-14,"334,000.00",26095,0,0.0,1,888392408402,0,0,0,0,1,0,0,0,0,0,0
오클리,용품(오클리),아이자켓 리덕스,94382558,용품,1SIZE,94382558(1SIZE),131860112,공용,25FW,2025-10-13,2025-10-13,"259,000.00",26091,0,0.0,6,888392666123,0,0,0,3,3,0,0,0,0,0,0
오클리,용품(오클리),아이재킷 리덕스 프리즘 브론즈,94382658,용품,1SIZE,94382658(1SIZE),133710735,공용,26SS,2026-05-29,2026-05-29,"261,000.00",32486,10,0.0,22,888392666130,0,0,0,5,7,10,0,0,0,0,0
오클리,용품(오클리),레이다 플레이트 프리즘 슬레이트,94950936,용품,1SIZE,94950936(1SIZE),133710732,공용,26SS,2026-05-29,2026-07-15,"329,000.00",32490,6,0.0,8,888392667120,0,0,0,1,1,6,0,0,0,0,0
오클리,용품(오클리),스턴트 데빌 프리즘 블랙,95170139,용품,1SIZE,95170139(1SIZE),133710734,공용,26SS,2026-05-29,2026-05-29,"345,000.00",32488,0,0.0,3,888392677242,0,0,0,2,1,0,0,0,0,0,0
오클리,용품(오클리),토니켓 프리즘 그레이,95210157,용품,1SIZE,95210157(1SIZE),133843158,공용,26SS,2026-06-02,2026-06-02,"211,000.00",32482,4,0.0,10,888392674852,0,0,0,3,3,4,0,0,0,0,0
CEP,용품(CEP),코어 런 미드컷 삭스 V5,코어 런 미드컷 삭스 V5 다크블루 남성용,용품,3,코어 런 미드컷 삭스 V5 다크블루 남성용(3),,남성,25FW,2025-06-27,2025-06-27,"45,000.00",21538,0,0.0,4,4068903469436,0,0,0,0,4,0,0,0,0,0,0
CEP,용품(CEP),코어 런 미드컷 삭스 V5,코어 런 미드컷 삭스 V5 화이트 남성용,용품,5,코어 런 미드컷 삭스 V5 화이트 남성용(5),,남성,25FW,2025-06-27,2025-06-27,"45,000.00",21525,0,0.0,2,4068903469122,0,0,0,0,2,0,0,0,0,0,0
나이키ACC,용품(나이키ACC),리커버리 폼 롤러 13 인치,AC4077-027,용품,1SIZE,AC4077-027(1SIZE),123234079,공용,FA24,2024-07-31,2024-07-31,"89,000.00",5056,0,0.0,2,193656182296,0,0,0,0,2,0,0,0,0,0,0
나이키ACC,용품(나이키ACC),리커버리 볼,AC4084-010,용품,1SIZE,AC4084-010(1SIZE),123234078,공용,FA24,2024-07-31,2024-07-31,"49,000.00",5055,0,0.0,1,193656182319,0,0,0,0,0,1,0,0,0,0,0
나이키ACC,용품(나이키ACC),프로 엘리트 슬리브 2.0,AC4466-127,용품,S/M,AC4466-127(S/M),127483127,공용,FA24,2024-09-06,2024-09-06,"69,000.00",10278,10,0.0,13,885176464838,0,0,0,0,1,12,0,0,0,0,0
증정품,용품(증정품),ACG 나살밴드,ACG-BAND,용품,1SIZE,ACG-BAND(1SIZE),,,SP26,2026-01-30,2026-01-30,0.00,31726,0,0.0,900,,0,0,0,0,900,0,0,0,0,0,0
증정품,용품(증정품),ACG 반다나,ACG-BANDANA,용품,1SIZE,ACG-BANDANA(1SIZE),,,SP26,2026-02-02,2026-02-02,0.00,31753,0,0.0,50,,0,0,0,0,50,0,0,0,0,0,0
증정품,용품(증정품),ACG 블랭킷,ACG-blanket,용품,1SIZE,ACG-blanket(1SIZE),,,SP26,2026-01-30,2026-01-30,0.00,31762,146,0.0,546,,0,0,0,0,400,146,0,0,0,0,0
증정품,용품(증정품),ACG 컵,ACG-CUP,용품,1SIZE,ACG-CUP(1SIZE),,,SP26,2026-02-05,2026-02-11,0.00,31744,75,0.0,235,,0,0,0,0,160,75,0,0,0,0,0
증정품,용품(증정품),ACG 테이프,ACG-TAPE,용품,1SIZE,ACG-TAPE(1SIZE),,,SP26,2026-01-30,2026-01-30,0.00,31735,0,0.0,800,,0,0,0,0,800,0,0,0,0,0,0
알트라,신발(알트라),론픽8,AL0A85NC923,신발,255,AL0A85NC923(255),123229661,남성,24FW,2024-08-12,2024-08-12,"199,000.00",7795,2,0.0,2,197065331719,0,0,0,0,0,2,0,0,0,0,0
알트라,신발(알트라),론픽8,AL0A85NC923,신발,260,AL0A85NC923(260),123229661,남성,24FW,2024-08-12,2024-08-12,"199,000.00",7796,2,0.0,2,197065331740,0,0,0,0,0,2,0,0,0,0,0
알트라,신발(알트라),론픽8,AL0A85NC923,신발,265,AL0A85NC923(265),123229661,남성,24FW,2024-08-12,2024-08-12,"199,000.00",7797,1,0.0,1,197065331771,0,0,0,0,0,1,0,0,0,0,0
알트라,신발(알트라),론픽8,AL0A85NC923,신발,270,AL0A85NC923(270),123229661,남성,24FW,2024-08-12,2024-08-12,"199,000.00",7798,2,0.0,2,197065331900,0,0,0,0,0,2,0,0,0,0,0
알트라,신발(알트라),올림퍼스 6,AL0A85NJ330,신발,250,AL0A85NJ330(250),124311946,남성,25SS,2025-01-10,2025-01-10,"249,000.00",15536,2,0.0,2,197642800096,0,0,0,0,0,2,0,0,0,0,0
알트라,신발(알트라),올림퍼스 6,AL0A85NJ330,신발,260,AL0A85NJ330(260),124311946,남성,25SS,2025-01-10,2025-01-10,"249,000.00",15538,2,0.0,2,197642800195,0,0,0,0,0,2,0,0,0,0,0
알트라,신발(알트라),올림퍼스 6,AL0A85NJ923,신발,250,AL0A85NJ923(250),123539200,남성,24FW,2024-08-26,2024-08-26,"249,000.00",9838,1,0.0,1,197065411756,0,0,0,0,0,1,0,0,0,0,0
알트라,신발(알트라),올림퍼스 6,AL0A85NK336,신발,230,AL0A85NK336(230),124311937,여성,25SS,2025-01-10,2025-01-10,"249,000.00",15595,1,0.0,1,197642800577,0,0,0,0,0,1,0,0,0,0,0
알트라,신발(알트라),론픽 9 플러스,AL0A85RG000,신발,250,AL0A85RG000(250),124311979,남성,25SS,2025-01-10,2025-01-10,"219,000.00",15494,2,0.0,2,197642816950,0,0,0,0,0,2,0,0,0,0,0
알트라,신발(알트라),론픽 9 플러스,AL0A85RH580,신발,230,AL0A85RH580(230),124311936,여성,25SS,2025-01-10,2025-01-10,"219,000.00",15574,5,0.0,5,197642818671,0,0,0,0,0,5,0,0,0,0,0
알트라,신발(알트라),론픽 9 플러스,AL0A85RH580,신발,235,AL0A85RH580(235),124311936,여성,25SS,2025-01-10,2025-01-10,"219,000.00",15575,6,0.0,6,197642818824,0,0,0,0,0,6,0,0,0,0,0
알트라,신발(알트라),론픽 9 플러스,AL0A85RH580,신발,240,AL0A85RH580(240),124311936,여성,25SS,2025-01-10,2025-01-10,"219,000.00",15576,3,0.0,3,197642818909,0,0,0,0,0,3,0,0,0,0,0
알트라,신발(알트라),론픽 9 플러스,AL0A85RH580,신발,245,AL0A85RH580(245),124311936,여성,25SS,2025-01-10,2025-01-10,"219,000.00",15577,2,0.0,2,197642819050,0,0,0,0,0,2,0,0,0,0,0
알트라,신발(알트라),론픽 9 플러스,AL0A85RH580,신발,250,AL0A85RH580(250),124311936,여성,25SS,2025-01-10,2025-01-10,"219,000.00",15578,5,0.0,5,197642819319,0,0,0,0,0,5,0,0,0,0,0
알트라,신발(알트라),팀프 5,ALOA85PE480,신발,255,ALOA85PE480(255),131592447,남성,24FW,2024-10-18,2024-10-22,"229,000.00",12129,1,0.0,1,197063231615,0,0,0,0,0,1,0,0,0,0,0
알트라,신발(알트라),팀프 5,ALOA85PE480,신발,260,ALOA85PE480(260),131592447,남성,24FW,2024-10-18,2024-10-22,"229,000.00",12130,2,0.0,2,197063231622,0,0,0,0,0,2,0,0,0,0,0
알트라,신발(알트라),팀프 5,ALOA85PE480,신발,270,ALOA85PE480(270),131592447,남성,24FW,2024-10-18,2024-10-22,"229,000.00",12132,1,0.0,1,197063231646,0,0,0,0,0,1,0,0,0,0,0
알트라,신발(알트라),팀프 5,ALOA85PE480,신발,275,ALOA85PE480(275),131592447,남성,24FW,2024-10-18,2024-10-22,"229,000.00",12133,1,0.0,1,197063231653,0,0,0,0,0,1,0,0,0,0,0
아미노바이탈,용품(아미노바이탈),프로 3800 14P,AMINO380014,용품,1SIZE,AMINO380014(1SIZE),132964894,공용,26SS,2026-02-13,2026-02-13,"25,000.00",17231,0,0.0,6,4901001510023,0,0,0,0,6,0,0,0,0,0,0
아미노바이탈,용품(아미노바이탈),아미노바이탈 4000 14P,AMINO4000-14,용품,1SIZE,AMINO4000-14(1SIZE),126010859,공용,26SS,2026-02-13,2026-02-13,"36,000.00",10256,0,0.0,8,4901001200009,0,0,0,4,4,0,0,0,0,0,0
아미노바이탈,용품(아미노바이탈),아미노 씨트릭 에이시드 차져 워터,AMINOCITRIC,용품,1SIZE,AMINOCITRIC(1SIZE),126010861,공용,26SS,2026-02-13,2026-02-13,"22,500.00",10258,0,0.0,14,4901001505890,0,0,0,2,12,0,0,0,0,0,0
블랙다이아몬드,용품(블랙다이아몬드),디스턴스 카본 Z 폴,BD112535-4031,용품,120,BD112535-4031(120),123938212,공용,24FW,2024-08-12,2024-08-12,"299,000.00",4500,0,0.0,1,BD1125354031120,0,0,0,0,1,0,0,0,0,0,0
블랙다이아몬드,용품(블랙다이아몬드),디스턴스 카본 FLZ 폴 (뽀꾸),BD1125554007125,용품,1SIZE,BD1125554007125(1SIZE),,공용,25SS,2025-06-13,2025-06-13,"340,000.00",19941,0,0.0,1,BD1125554007125,0,0,0,0,1,0,0,0,0,0,0
블랙다이아몬드,용품(블랙다이아몬드),디스턴스 카본 FLZ 폴 (뽀꾸),BD1125554007140,용품,130,BD1125554007140(130),,공용,25SS,,,0.00,19952,0,0.0,1,BD1125554007140,0,0,0,0,1,0,0,0,0,0,0
블랙다이아몬드,용품(블랙다이아몬드),디스턴스 카본 FKT 폴,BD112557,용품,120,BD112557(120),133194738,남성,26SS,2026-03-18,2026-03-18,"310,000.00",32444,2,0.0,6,BD1125570002120,0,0,0,1,3,2,0,0,0,0,0
블랙다이아몬드,용품(블랙다이아몬드),스프린트 225 헤드램프,BD620653-4031,용품,1SIZE,BD620653-4031(1SIZE),123234071,공용,24FW,2024-07-31,2024-07-31,"90,000.00",4496,1,0.0,2,BD6206534031ALL,0,0,0,1,0,1,0,0,0,0,0
블랙다이아몬드,용품(블랙다이아몬드),스팟 400-R 헤드램프,BD620676-6018,용품,1SIZE,BD620676-6018(1SIZE),129135784,,25SS,2025-03-31,2025-03-31,"105,000.00",17578,7,0.0,10,BD6206760004ALL,0,0,0,3,0,7,0,0,0,0,0
블랙다이아몬드,용품(블랙다이아몬드),디플로이 러닝 라이트,BD620693-Alloy,용품,1SIZE,BD620693-Alloy(1SIZE),133194702,남성,26SS,2026-03-18,2026-03-18,"94,000.00",32447,10,0.0,34,BD6206931000ALL,0,0,0,8,16,10,0,0,0,0,0
블랙다이아몬드,용품(블랙다이아몬드),디스턴스 4 하이드레이션 베스트 WOMENS (뽀꾸),BD6800314050LRG,용품,1SIZE,BD6800314050LRG(1SIZE),,공용,25SS,2025-06-13,2025-06-13,"230,000.00",19969,0,0.0,1,BD6800314050LRG,0,0,0,0,1,0,0,0,0,0,0
블랙다이아몬드,용품(블랙다이아몬드),디스턴스 런 벨트,BD681350-Alloy,용품,L,BD681350-Alloy(L),133464155,남성,26SS,2026-03-18,2026-04-09,"63,000.00",32467,3,0.0,5,BD6813501000LRG,0,0,0,1,1,3,0,0,0,0,0
블랙다이아몬드,용품(블랙다이아몬드),디스턴스 런 벨트,BD681350-Alloy,용품,M,BD681350-Alloy(M),133464155,남성,26SS,2026-03-18,2026-04-09,"63,000.00",32466,0,0.0,2,BD6813501000MED,0,0,0,1,1,0,0,0,0,0,0
블랙다이아몬드,용품(블랙다이아몬드),디스턴스 런 벨트,BD681350-Alloy,용품,S,BD681350-Alloy(S),133464155,남성,26SS,2026-03-18,2026-04-09,"63,000.00",32465,0,0.0,1,BD6813501000SML,0,0,0,1,0,0,0,0,0,0,0
블랙다이아몬드,용품(블랙다이아몬드),디스턴스 런 벨트,BD681350-Alloy,용품,XL,BD681350-Alloy(XL),133464155,남성,26SS,2026-03-18,2026-04-09,"63,000.00",32468,2,0.0,2,BD6813501000XLG,0,0,0,0,0,2,0,0,0,0,0
블랙다이아몬드,용품(블랙다이아몬드),디스턴스 런 벨트,BD681350-Black,용품,L,BD681350-Black(L),133464156,남성,26SS,2026-03-18,2026-04-09,"63,000.00",32477,1,0.0,4,BD6813500002LRG,0,0,0,3,0,1,0,0,0,0,0
블랙다이아몬드,용품(블랙다이아몬드),디스턴스 런 벨트,BD681350-Black,용품,M,BD681350-Black(M),133464156,남성,26SS,2026-03-18,2026-04-09,"63,000.00",32476,0,0.0,4,BD6813500002MED,0,0,0,2,2,0,0,0,0,0,0
블랙다이아몬드,용품(블랙다이아몬드),디스턴스 런 벨트,BD681350-Black,용품,S,BD681350-Black(S),133464156,남성,26SS,2026-03-18,2026-04-09,"63,000.00",32475,0,0.0,1,BD6813500002SML,0,0,0,1,0,0,0,0,0,0,0
블랙다이아몬드,용품(블랙다이아몬드),디스턴스 런 벨트,BD681350-Black,용품,XL,BD681350-Black(XL),133464156,남성,26SS,2026-03-18,2026-04-09,"63,000.00",32478,2,0.0,3,BD6813500002XLG,0,0,0,1,0,2,0,0,0,0,0
케일,의류(케일),패커블 스트레치 후디,C24FW-H01-BLK,의류,M,C24FW-H01-BLK(M),123978994,공용,24FW,2024-09-09,2024-09-09,"172,000.00",9331,1,0.0,1,9331,0,0,0,0,0,1,0,0,0,0,0
케일,의류(케일),패커블 스트레치 후디,C24FW-H02-DRM,의류,L,C24FW-H02-DRM(L),123978995,공용,24FW,2024-09-09,2024-09-09,"172,000.00",9340,0,0.0,1,9340,0,0,0,1,0,0,0,0,0,0,0
케일,의류(케일),라이트 에어 패커블 자켓,C24FW-J01-BLK,의류,M,C24FW-J01-BLK(M),123229675,공용,24FW,2024-08-26,2024-08-26,"228,000.00",9299,1,0.0,2,9299,0,0,0,1,0,1,0,0,0,0,0
케일,의류(케일),라이트 에어 패커블 자켓,C24FW-J01-BLK,의류,XL,C24FW-J01-BLK(XL),123229675,공용,24FW,2024-08-26,2024-08-26,"228,000.00",9301,0,0.0,1,9301,0,0,0,1,0,0,0,0,0,0,0
케일,의류(케일),라이트 에어 패커블 자켓,C24FW-J02-GRY,의류,M,C24FW-J02-GRY(M),123251689,공용,24FW,2024-08-26,2024-08-26,"228,000.00",9307,0,0.0,1,9307,0,0,0,1,0,0,0,0,0,0,0
케일,의류(케일),립스탑 나일론 자켓,C24FW-J03-BLK,의류,L,C24FW-J03-BLK(L),123229676,공용,24FW,2024-08-26,2024-08-26,"205,000.00",9316,0,0.0,1,9316,0,0,0,1,0,0,0,0,0,0,0
케일,의류(케일),립스탑 나일론 자켓,C24FW-J03-BLK,의류,M,C24FW-J03-BLK(M),123229676,공용,24FW,2024-08-26,2024-08-26,"205,000.00",9315,0,0.0,1,9315,0,0,0,1,0,0,0,0,0,0,0
케일,의류(케일),립스탑 나일론 자켓,C24FW-J04-GRY,의류,L,C24FW-J04-GRY(L),123231320,공용,24FW,2024-08-26,2024-08-26,"205,000.00",9324,0,0.0,1,9324,0,0,0,1,0,0,0,0,0,0,0
케일,의류(케일),립스탑 나일론 자켓,C24FW-J04-GRY,의류,XL,C24FW-J04-GRY(XL),123231320,공용,24FW,2024-08-26,2024-08-26,"205,000.00",9325,0,0.0,1,9325,0,0,0,1,0,0,0,0,0,0,0
케일,의류(케일),프리마로프트 자켓,C24FW-J05-BLK,의류,L,C24FW-J05-BLK(L),123978992,공용,24FW,2024-11-21,2024-11-21,"325,000.00",9284,3,0.0,3,9284,0,0,0,0,0,3,0,0,0,0,0
케일,의류(케일),프리마로프트 자켓,C24FW-J05-BLK,의류,S,C24FW-J05-BLK(S),123978992,공용,24FW,2024-11-21,2024-11-21,"325,000.00",9282,1,0.0,1,9282,0,0,0,0,0,1,0,0,0,0,0
케일,의류(케일),프리마로프트 자켓,C24FW-J06-GRY,의류,L,C24FW-J06-GRY(L),123978993,공용,24FW,2024-11-21,2024-11-21,"325,000.00",9292,4,0.0,4,9292,0,0,0,0,0,4,0,0,0,0,0
케일,의류(케일),프리마로프트 자켓,C24FW-J06-GRY,의류,M,C24FW-J06-GRY(M),123978993,공용,24FW,2024-11-21,2024-11-21,"325,000.00",9291,2,0.0,2,9291,0,0,0,0,0,2,0,0,0,0,0
케일,의류(케일),프리마로프트 자켓,C24FW-J06-GRY,의류,S,C24FW-J06-GRY(S),123978993,공용,24FW,2024-11-21,2024-11-21,"325,000.00",9290,1,0.0,1,9290,0,0,0,0,0,1,0,0,0,0,0
케일,의류(케일),프리마로프트 자켓,C24FW-J06-GRY,의류,XL,C24FW-J06-GRY(XL),123978993,공용,24FW,2024-11-21,2024-11-21,"325,000.00",9293,2,0.0,2,9293,0,0,0,0,0,2,0,0,0,0,0
케일,의류(케일),칩펑크 숏 슬리브,C24FW-T01-BLK,의류,L,C24FW-T01-BLK(L),123231419,공용,24FW,2024-08-26,2024-08-26,"45,000.00",9380,0,0.0,1,9380,0,0,0,0,1,0,0,0,0,0,0
케일,용품(케일),트레일 토트 그리드,C25FW-B01-BGE,용품,1SIZE,C25FW-B01-BGE(1SIZE),131496147,공용,25FW,2025-08-21,2025-08-21,"138,000.00",24140,1,0.0,3,,0,0,0,2,0,1,0,0,0,0,0
케일,용품(케일),트레일 토트 그리드,C25FW-B02-KHK,용품,1SIZE,C25FW-B02-KHK(1SIZE),131496157,공용,25FW,2025-08-21,2025-08-21,"138,000.00",24148,0,0.0,1,,0,0,0,1,0,0,0,0,0,0,0
케일,용품(케일),트레일 토트 그리드,C25FW-B02-YGE,용품,1SIZE,C25FW-B02-YGE(1SIZE),131496159,공용,25FW,2025-08-21,2025-08-21,"138,000.00",24152,1,0.0,4,,0,0,0,3,0,1,0,0,0,0,0
케일,용품(케일),라이트 파워그리드 바라클라바,C25FW-C03-BLK,용품,1SIZE,C25FW-C03-BLK(1SIZE),,공용,25FW,2025-10-14,2025-10-14,"59,000.00",24116,5,0.0,5,,0,0,0,0,0,5,0,0,0,0,0
케일,용품(케일),쉴드 에어 커버 글러브,C25FW-G01-BLU,용품,M,C25FW-G01-BLU(M),131884427,공용,25FW,2025-10-13,2025-10-13,"68,000.00",24168,0,0.0,5,,0,0,0,0,5,0,0,0,0,0,0
케일,용품(케일),쉴드 에어 커버 글러브,C25FW-G01-BLU,용품,S,C25FW-G01-BLU(S),131884427,공용,25FW,2025-10-13,2025-10-13,"68,000.00",24167,0,0.0,1,,0,0,0,0,1,0,0,0,0,0,0
케일,용품(케일),쉴드 에어 커버 글러브,C25FW-G01-BLU,용품,S,C25FW-G01-BLU(S),131822248,공용,25FW,2025-10-13,2025-10-13,"68,000.00",24167,0,0.0,1,,0,0,0,0,1,0,0,0,0,0,0
케일,의류(케일),라이트 다운 베스트,C25FW-J02-BLK,의류,M,C25FW-J02-BLK(M),131615108,공용,25FW,2025-09-09,2025-09-09,"308,000.00",24055,0,0.0,2,,0,0,0,0,0,2,0,0,0,0,0
케일,의류(케일),라이트 다운 베스트,C25FW-J02-BLK,의류,S,C25FW-J02-BLK(S),131615108,공용,25FW,2025-09-09,2025-09-09,"308,000.00",24054,0,0.0,2,,0,0,0,0,0,2,0,0,0,0,0
케일,의류(케일),집 포켓 다운 자켓,C25FW-J03-BLK,의류,L,C25FW-J03-BLK(L),131962328,공용,25FW,2025-10-14,2025-10-14,"458,000.00",24080,0,0.0,4,,0,4,0,0,0,0,0,0,0,0,0
케일,의류(케일),집 포켓 다운 자켓,C25FW-J03-BLK,의류,S,C25FW-J03-BLK(S),131962328,공용,25FW,2025-10-14,2025-10-14,"458,000.00",24078,0,0.0,1,,0,1,0,0,0,0,0,0,0,0,0
케일,의류(케일),집 포켓 다운 자켓,C25FW-J03-BLK,의류,XL,C25FW-J03-BLK(XL),131962328,공용,25FW,2025-10-14,2025-10-14,"458,000.00",24081,0,0.0,1,,0,1,0,0,0,0,0,0,0,0,0
케일,의류(케일),트레일 팬츠,C25FW-P001-BLK,의류,S,C25FW-P001-BLK(S),131467304,공용,25FW,2025-08-13,2025-08-13,"168,000.00",24038,0,0.0,1,,0,0,0,1,0,0,0,0,0,0,0
케일,의류(케일),GTD 델타 PQ 숏 슬리브,C25FW-T02-BLK,의류,M,C25FW-T02-BLK(M),131364350,공용,25FW,2025-08-04,2025-08-04,"65,000.00",24031,0,0.0,3,,0,0,0,3,0,0,0,0,0,0,0
케일,의류(케일),GTD 델타 PQ 숏 슬리브,C25FW-T02-BLK,의류,S,C25FW-T02-BLK(S),131364350,공용,25FW,2025-08-04,2025-08-04,"65,000.00",24030,0,0.0,1,,0,0,0,1,0,0,0,0,0,0,0
케일,용품(케일),패니 팩 X-PAC,C25SS-B01-BLK,용품,1SIZE,C25SS-B01-BLK(1SIZE),128974351,공용,25SS,2025-03-12,2025-03-12,"132,000.00",15850,0,0.0,3,,0,0,0,3,0,0,0,0,0,0,0
케일,용품(케일),패니 팩 비 그리드,C25SS-B02-BIE,용품,1SIZE,C25SS-B02-BIE(1SIZE),128971529,공용,25SS,2025-03-12,2025-03-12,"125,000.00",15851,7,0.0,10,,0,0,0,3,0,7,0,0,0,0,0
케일,용품(케일),패니 팩 비 그리드,C25SS-B02-BLK,용품,1SIZE,C25SS-B02-BLK(1SIZE),128971530,공용,25SS,2025-03-12,2025-03-12,"125,000.00",15852,0,0.0,2,,0,0,0,2,0,0,0,0,0,0,0
케일,용품(케일),패니 팩 비 그리드,C25SS-B02-GRY,용품,1SIZE,C25SS-B02-GRY(1SIZE),128971533,공용,25SS,2025-03-12,2025-03-12,"125,000.00",15853,4,0.0,7,,0,0,0,3,0,4,0,0,0,0,0
케일,용품(케일),패니 팩 케일 그리드,C25SS-B02-GRY2,용품,1SIZE,C25SS-B02-GRY2(1SIZE),,공용,25SS,2025-03-12,2025-03-12,"125,000.00",15854,8,0.0,13,,0,0,0,3,2,8,0,1,0,0,0
케일,용품(케일),트레일 캡,C25SS-C02-GRY,용품,1SIZE,C25SS-C02-GRY(1SIZE),128971536,공용,25SS,2025-03-12,2025-03-12,"52,000.00",15879,1,0.0,0,,0,0,0,0,0,0,0,1,0,0,0
케일,용품(케일),소프트 플라스크 하이드라팩 500ml,C25SS-E01-BLK500,용품,1SIZE,C25SS-E01-BLK500(1SIZE),,공용,25SS,2025-02-25,2025-02-25,"43,000.00",15903,8,0.0,18,HYE0AKW002ZB000,0,0,0,10,0,8,0,0,0,0,0
케일,용품(케일),소프트 플라스크 하이드라팩 250ml,C25SS-E02-BLK250,용품,1SIZE,C25SS-E02-BLK250(1SIZE),,공용,25SS,2025-02-25,2025-02-25,"32,000.00",15904,5,0.0,18,HYE0AKW001ZB000,0,0,0,13,0,5,0,0,0,0,0
케일,의류(케일),라이트 트레일 3L 자켓,C25SS-J01-BLK,의류,M,C25SS-J01-BLK(M),129419735,공용,25SS,2025-03-18,2025-03-18,"315,000.00",15677,0,0.0,1,,0,0,0,0,1,0,0,0,0,0,0
케일,의류(케일),라이트 트레일 3L 자켓,C25SS-J01-BLK,의류,S,C25SS-J01-BLK(S),129419735,공용,25SS,2025-03-18,2025-03-18,"315,000.00",15676,0,0.0,1,,0,0,0,0,1,0,0,0,0,0,0
케일,의류(케일),라이트 트레일 3L 자켓,C25SS-J01-SANDBROWN,의류,L,C25SS-J01-SANDBROWN(L),129419811,공용,25SS,2025-03-18,2025-03-18,"315,000.00",15686,0,0.0,1,,0,0,0,1,0,0,0,0,0,0,0
케일,의류(케일),라이트 트레일 3L 자켓,C25SS-J01-SANDBROWN,의류,S,C25SS-J01-SANDBROWN(S),129419811,공용,25SS,2025-03-18,2025-03-18,"315,000.00",15684,0,0.0,1,,0,0,0,1,0,0,0,0,0,0,0
케일,의류(케일),윈드 자켓,C25SS-J02-BLK,의류,S,C25SS-J02-BLK(S),128971514,공용,25SS,2025-03-12,2025-03-12,"225,000.00",15692,0,0.0,1,,0,0,0,0,1,0,0,0,0,0,0
케일,의류(케일),플로우 풀오버 베스트,C25SS-J03-BLK,의류,L,C25SS-J03-BLK(L),124383741,공용,25SS,2025-01-14,2025-01-14,"125,000.00",15742,1,0.0,2,,0,0,0,1,0,1,0,0,0,0,0
케일,의류(케일),스트레치 쉘 쇼츠,C25SS-S01-BLK,의류,M,C25SS-S01-BLK(M),129202068,공용,25SS,2025-03-25,2025-03-25,"138,000.00",15709,0,0.0,2,,0,0,0,2,0,0,0,0,0,0,0
케일,의류(케일),스트레치 쉘 쇼츠,C25SS-S01-BLK,의류,S,C25SS-S01-BLK(S),129202068,공용,25SS,2025-03-25,2025-03-25,"138,000.00",15708,0,0.0,2,,0,0,0,2,0,0,0,0,0,0,0
케일,의류(케일),나일론 트레일 쇼츠,C25SS-S02-BLK,의류,XL,C25SS-S02-BLK(XL),129419792,공용,25SS,2025-04-02,2025-04-02,"132,000.00",15719,0,0.0,0,,0,0,0,0,0,0,0,1,0,0,0
케일,의류(케일),나일론 트레일 쇼츠,C25SS-S02-BLU,의류,S,C25SS-S02-BLU(S),129419770,공용,25SS,2025-04-02,2025-04-02,"132,000.00",15724,0,0.0,1,,0,0,0,1,0,0,0,0,0,0,0
케일,의류(케일),나일론 트레일 쇼츠,C25SS-S02-GRY,의류,S,C25SS-S02-GRY(S),129419739,공용,25SS,2025-04-02,2025-04-02,"132,000.00",15732,0,0.0,1,,0,0,0,0,1,0,0,0,0,0,0
케일,의류(케일),라이트 플로우 러닝 쇼츠,C25SS-S03-BRW,의류,S,C25SS-S03-BRW(S),129202071,공용,25SS,2025-03-25,2025-03-25,"125,000.00",15756,0,0.0,1,,0,0,0,1,0,0,0,0,0,0,0
케일,의류(케일),라이브 울 믹스 숏 슬리브,C25SS-T01-GRE,의류,M,C25SS-T01-GRE(M),129202074,공용,25SS,2025-03-25,2025-03-25,"75,000.00",15781,0,0.0,2,,0,0,0,2,0,0,0,0,0,0,0
케일,의류(케일),라이브 울 믹스 숏 슬리브,C25SS-T01-GRE,의류,S,C25SS-T01-GRE(S),129202074,공용,25SS,2025-03-25,2025-03-25,"75,000.00",15780,0,0.0,2,,0,0,0,2,0,0,0,0,0,0,0
케일,의류(케일),라이브 울 믹스 숏 슬리브,C25SS-T01-GRE,의류,XS,C25SS-T01-GRE(XS),129202074,공용,25SS,2025-03-25,2025-03-25,0.00,15779,0,0.0,1,,0,0,0,1,0,0,0,0,0,0,0
케일,용품(케일),로고 에어 숏 슬리브,C25SS-T04-FORREST,용품,L,C25SS-T04-FORREST(L),131364347,공용,25SS,2025-03-18,2025-03-18,"45,000.00",15838,0,0.0,1,,0,0,0,0,1,0,0,0,0,0,0
케일,용품(케일),포인티드 메쉬 캡,C26FW-C01-BLK,용품,1SIZE,C26FW-C01-BLK(1SIZE),136609651,공용,26FW,2026-08-11,2026-08-11,"64,000.00",40869,9,0.0,19,,0,0,0,0,5,14,0,0,0,0,0
케일,용품(케일),플로우 5 패널 캡 S.B.,C26FW-C03-BLK,용품,1SIZE,C26FW-C03-BLK(1SIZE),136609656,공용,26FW,2026-08-11,2026-08-11,"59,000.00",40909,19,0.0,29,,0,0,0,0,5,24,0,0,0,0,0
케일,용품(케일),플로우 5 패널 캡 S.B.,C26FW-C03-GRY,용품,1SIZE,C26FW-C03-GRY(1SIZE),136609655,공용,26FW,2026-08-11,2026-08-11,"59,000.00",40919,10,0.0,20,,0,0,0,0,5,15,0,0,0,0,0
케일,용품(케일),트레일 캡 S.B.,C26FW-C04-BLK,용품,1SIZE,C26FW-C04-BLK(1SIZE),136609654,공용,26FW,2026-08-11,2026-08-11,"59,000.00",40954,18,0.0,28,,0,0,0,0,5,23,0,0,0,0,0
케일,용품(케일),트레일 캡 S.B.,C26FW-C04-GRY,용품,1SIZE,C26FW-C04-GRY(1SIZE),136609652,공용,26FW,2026-08-11,2026-08-11,"59,000.00",40964,10,0.0,20,,0,0,0,0,5,15,0,0,0,0,0
케일,의류(케일),라인 포켓 팬츠,C26FW-P01-BLK,의류,L,C26FW-P01-BLK(L),136609649,남성,26FW,2026-08-11,2026-08-11,"198,000.00",40933,5,0.0,7,,0,0,0,0,1,6,0,0,0,0,0
케일,의류(케일),라인 포켓 팬츠,C26FW-P01-BLK,의류,M,C26FW-P01-BLK(M),136609649,남성,26FW,2026-08-11,2026-08-11,"198,000.00",40932,4,0.0,6,,0,0,0,0,1,5,0,0,0,0,0
케일,의류(케일),라인 포켓 팬츠,C26FW-P01-BLK,의류,S,C26FW-P01-BLK(S),136609649,남성,26FW,2026-08-11,2026-08-11,"198,000.00",40931,1,0.0,3,,0,0,0,0,1,2,0,0,0,0,0
케일,의류(케일),라인 포켓 팬츠,C26FW-P01-BLK,의류,XL,C26FW-P01-BLK(XL),136609649,남성,26FW,2026-08-11,2026-08-11,"198,000.00",40934,2,0.0,4,,0,0,0,0,1,3,0,0,0,0,0
카멜백,용품(카멜백),트레일 런 베스트 34oz,camelbak B,용품,1SIZE,camelbak B(1SIZE),123261199,남성,24FW,2024-08-28,2024-08-28,"126,000.00",10189,0,0.0,3,886798041872,0,0,0,0,3,0,0,0,0,0,0
카멜백,용품(카멜백),에이펙스 프로 런 베스트,camelbak C,용품,S,camelbak C(S),123261200,남성,24FW,2024-08-28,2024-08-28,"220,000.00",10201,0,0.0,2,886798051710,0,0,0,0,2,0,0,0,0,0,0
카멜백,용품(카멜백),에이펙스 프로 런 베스트,camelbak C,용품,XS,camelbak C(XS),123261200,남성,24FW,2024-08-28,2024-08-28,"220,000.00",10200,0,0.0,1,886798045818,0,0,0,0,1,0,0,0,0,0,0
카멜백,용품(카멜백),울트라 벨트 17oz,camelbak D,용품,M/L,camelbak D(M/L),,공용,24FW,2024-09-19,2024-11-04,"82,000.00",10498,0,0.0,1,886798057002,0,0,0,0,1,0,0,0,0,0,0
나이키ACC,용품(나이키ACC),프로 드라이핏 슬리브 4.0,CW7206-010,용품,L/XL,CW7206-010(L/XL),127483125,공용,HO25,2025-12-10,2025-12-10,"49,000.00",10274,0,0.0,11,,0,0,0,0,11,0,0,0,0,0,0
나이키ACC,용품(나이키ACC),프로 드라이핏 슬리브 4.0,CW7206-010,용품,S/M,CW7206-010(S/M),127483125,공용,HO25,2025-12-10,2025-12-10,"49,000.00",10272,0,0.0,8,194274063202,0,0,0,0,8,0,0,0,0,0,0
나이키ACC,용품(나이키ACC),PRO DRI-FIT SLEEVES,CW7206-101,용품,L/XL,CW7206-101(L/XL),,공용,HO25,2025-12-10,2025-12-10,"45,000.00",27685,0,0.0,12,,0,0,0,0,12,0,0,0,0,0,0
나이키ACC,용품(나이키ACC),PRO DRI-FIT SLEEVES,CW7206-101,용품,S/M,CW7206-101(S/M),,공용,HO25,2025-12-10,2025-12-10,"45,000.00",27686,0,0.0,11,,0,0,0,0,11,0,0,0,0,0,0
나이키,용품(나이키),스파크 라이트웨이트 크루,DA3584-010,용품,L,DA3584-010(L),123539088,공용,SU25,,,"25,000.00",2494,0,0.0,6,194958591359,0,0,0,0,6,0,0,0,0,0,0
나이키,용품(나이키),스파크 라이트웨이트 크루,DA3584-010,용품,M,DA3584-010(M),123539088,공용,SU25,2025-04-03,2025-04-09,"25,000.00",2493,0,0.0,3,194958591342,0,0,0,0,3,0,0,0,0,0,0
나이키,용품(나이키),스파크 라이트웨이트 크루,DA3584-100,용품,M,DA3584-100(M),123539087,공용,SU25,2025-04-03,2025-06-13,"25,000.00",2485,0,0.0,2,194958591403,0,0,0,0,2,0,0,0,0,0,0
나이키,용품(나이키),스파크 라이트웨이트 러닝 앵클 삭스,DA3588-010,용품,L,DA3588-010(L),124467420,공용,SP25,2025-01-22,2025-02-21,"25,000.00",14568,0,0.0,1,194958591595,0,0,0,0,1,0,0,0,0,0,0
나이키,용품(나이키),스파크 라이트웨이트 러닝 앵클 삭스,DA3588-010,용품,M,DA3588-010(M),124467420,공용,SP25,2025-01-22,2025-02-21,"25,000.00",14567,0,0.0,13,194958591588,0,0,0,0,13,0,0,0,0,0,0
나이키,용품(나이키),스파크 라이트웨이트 러닝 앵클 삭스,DA3588-100,용품,M,DA3588-100(M),124467421,공용,SP25,2025-01-23,2025-01-23,"25,000.00",14577,0,0.0,8,194958591649,0,0,0,0,7,1,0,0,0,0,0
나이키ACC,용품(나이키ACC),프로 파텔라 밴드 3.0,DA6935-010,용품,L/XL,DA6935-010(L/XL),133426976,공용,SU26,2026-04-14,2026-04-14,"33,000.00",18071,3,0.0,13,194496468489,0,0,0,2,8,3,0,0,0,0,0
나이키ACC,용품(나이키ACC),프로 파텔라 밴드 3.0,DA6935-010,용품,S/M,DA6935-010(S/M),133426976,공용,SU26,2026-04-14,2026-04-14,"33,000.00",18072,4,0.0,21,194496468472,0,0,0,8,9,4,0,0,0,0,0
나이키ACC,용품(나이키ACC),프로 파텔라 밴드 3.0,DA6935-010,용품,XL,DA6935-010(XL),133426976,공용,HO25,2025-12-10,2025-12-10,"30,000.00",18070,0,0.0,1,,0,0,0,0,1,0,0,0,0,0,0
나이키ACC,용품(나이키ACC),PRO CLOSED PATELLA KNEE,DA7068-010,용품,L,DA7068-010(L),,공용,HO25,2025-12-10,2025-12-10,"43,000.00",27674,0,0.0,5,194496918595,0,0,0,0,5,0,0,0,0,0,0
나이키ACC,용품(나이키ACC),PRO CLOSED PATELLA KNEE,DA7068-010,용품,M,DA7068-010(M),,공용,HO25,2025-12-10,2025-12-10,"43,000.00",27673,0,0.0,6,194496473797,0,0,0,0,6,0,0,0,0,0,0
나이키ACC,용품(나이키ACC),PRO CLOSED PATELLA KNEE,DA7068-010,용품,S,DA7068-010(S),,공용,HO25,2025-12-10,2025-12-10,"43,000.00",27672,0,0.0,6,194496473780,0,0,0,0,6,0,0,0,0,0,0
나이키,용품(나이키),스파크 라이트웨이트 오버더카프 컴프레션 러닝 삭스,DB5471-010,용품,L,DB5471-010(L),132601917,공용,HO25,2025-12-09,2025-12-12,"65,000.00",25665,86,0.0,134,194954120164 ,0,0,0,21,0,86,0,0,0,0,0
나이키,용품(나이키),스파크 라이트웨이트 오버더카프 컴프레션 러닝 삭스,DB5471-010,용품,L,DB5471-010(L),132601917,공용,SP26,2026-01-12,2026-01-12,"65,000.00",25665,86,0.0,134,194954120164 ,0,0,0,0,27,0,0,0,0,0,0
나이키,용품(나이키),스파크 라이트웨이트 오버더카프 컴프레션 러닝 삭스,DB5471-010,용품,M,DB5471-010(M),132601917,공용,HO25,2025-12-09,2025-12-12,"65,000.00",25664,10,0.0,35,194954120157 ,0,0,0,4,0,5,0,0,0,0,0
나이키,용품(나이키),스파크 라이트웨이트 오버더카프 컴프레션 러닝 삭스,DB5471-010,용품,M,DB5471-010(M),132601917,공용,SP26,2026-01-12,2026-01-12,"65,000.00",25664,10,0.0,35,194954120157 ,0,0,0,0,21,5,0,0,0,0,0
나이키,용품(나이키),스파크 라이트웨이트 오버더카프 컴프레션 러닝 삭스,DB5471-010,용품,XL,DB5471-010(XL),132601917,공용,HO25,2025-12-12,2025-12-12,0.00,25666,36,0.0,36,194954120171 ,0,0,0,0,0,36,0,0,0,0,0
나이키,용품(나이키),스파크 라이트웨이트 오버더카프 컴프레션 러닝 삭스,DB5471-100,용품,L,DB5471-100(L),132601935,공용,HO25,2025-12-09,2025-12-12,"65,000.00",25649,99,0.0,153,194954120225 ,0,0,0,24,0,87,0,0,0,0,0
나이키,용품(나이키),스파크 라이트웨이트 오버더카프 컴프레션 러닝 삭스,DB5471-100,용품,L,DB5471-100(L),132601935,공용,SP26,2026-01-12,2026-01-12,"65,000.00",25649,99,0.0,153,194954120225 ,0,0,0,0,30,12,0,0,0,0,0
나이키,용품(나이키),스파크 라이트웨이트 오버더카프 컴프레션 러닝 삭스,DB5471-100,용품,M,DB5471-100(M),132601935,공용,HO25,2025-12-09,2025-12-12,"65,000.00",25648,33,0.0,61,194954120218 ,0,0,0,8,0,16,0,0,0,0,0
나이키,용품(나이키),스파크 라이트웨이트 오버더카프 컴프레션 러닝 삭스,DB5471-100,용품,M,DB5471-100(M),132601935,공용,SP26,2026-01-12,2026-01-12,"65,000.00",25648,33,0.0,61,194954120218 ,0,0,0,10,10,17,0,0,0,0,0
나이키,용품(나이키),스파크 라이트웨이트 오버더카프 컴프레션 러닝 삭스,DB5471-100,용품,XL,DB5471-100(XL),132601935,공용,HO25,2025-12-12,2025-12-12,0.00,25650,36,0.0,36,194954120232 ,0,0,0,0,0,36,0,0,0,0,0
금액반환,용품(금액반환),AS금액반환(매장),DC02,용품,1SIZE,DC02(1SIZE),,,25FW,,,0.00,25975,0,0.0,99,,0,0,0,0,99,0,0,0,0,0,0
나이키ACC,용품(나이키ACC),NIKE GATHERED HAIR TIES 2.0 2 PK LAPIS/LIGHT THISTLE,DC3666-918,용품,1SIZE,DC3666-918(1SIZE),,공용,SU25,,,"19,000.00",18022,0,0.0,3,196149910376,0,0,0,0,3,0,0,0,0,0,0
스카르파,신발(스카르파),골든게이트 ATR,DFNXM33076CLK,신발,255,DFNXM33076CLK(255),123229391,남성,24FW,2024-08-22,2024-08-22,"199,000.00",9629,1,0.0,1,DFNXM33076CLK040,0,0,0,0,0,1,0,0,0,0,0
스카르파,신발(스카르파),골든게이트 ATR,DFNXM33076CLK,신발,260,DFNXM33076CLK(260),123229391,남성,24FW,2024-08-22,2024-08-22,"199,000.00",9630,1,0.0,1,DFNXM33076CLK041,0,0,0,0,0,1,0,0,0,0,0
스카르파,신발(스카르파),골든게이트 ATR,DFNXM33076CLK,신발,265,DFNXM33076CLK(265),123229391,남성,24FW,2024-08-22,2024-08-22,"199,000.00",9631,1,0.0,1,DFNXM33076CLK41T,0,0,0,0,0,1,0,0,0,0,0
스카르파,신발(스카르파),골든게이트 ATR,DFNXM33076MYG,신발,260,DFNXM33076MYG(260),123229392,남성,24FW,2024-08-22,2024-08-22,"199,000.00",9651,3,0.0,3,0108057963188872100231049600,0,0,0,0,0,3,0,0,0,0,0
스카르파,신발(스카르파),골든게이트 ATR,DFNXM33076MYG,신발,265,DFNXM33076MYG(265),123229392,남성,24FW,2024-08-22,2024-08-22,"199,000.00",9652,1,0.0,1,DFNXM33076MYG41T,0,0,0,0,0,1,0,0,0,0,0
스카르파,신발(스카르파),리벨레런 GTX,DFNXM33082AAE,신발,250,DFNXM33082AAE(250),123229393,남성,24FW,2024-08-22,2024-08-22,"275,000.00",9691,1,0.0,1,DFNXM33082AAE39T,0,0,0,0,0,1,0,0,0,0,0
스카르파,신발(스카르파),리벨레런 GTX,DFNXM33082AAE,신발,255,DFNXM33082AAE(255),123229393,남성,24FW,2024-08-22,2024-08-22,"275,000.00",9692,2,0.0,2,DFNXM33082AAE040,0,0,0,0,0,2,0,0,0,0,0
스카르파,신발(스카르파),리벨레런 GTX,DFNXM33082AAE,신발,260,DFNXM33082AAE(260),123229393,남성,24FW,2024-08-22,2024-08-22,"275,000.00",9693,3,0.0,3,DFNXM33082AAE041,0,0,0,0,0,3,0,0,0,0,0
스카르파,신발(스카르파),리벨레런 GTX,DFNXM33082AAE,신발,265,DFNXM33082AAE(265),123229393,남성,24FW,2024-08-22,2024-08-22,"275,000.00",9694,3,0.0,3,DFNXM33082AAE41T,0,0,0,0,0,3,0,0,0,0,0
스카르파,신발(스카르파),리벨레런 GTX,DFNXM33082AAE,신발,270,DFNXM33082AAE(270),123229393,남성,24FW,2024-08-22,2024-08-22,"275,000.00",9695,2,0.0,2,DFNXM33082AAE042,0,0,0,0,0,2,0,0,0,0,0
스카르파,신발(스카르파),리벨레런 GTX,DFNXM33082AAE,신발,275,DFNXM33082AAE(275),123229393,남성,24FW,2024-08-22,2024-08-22,"275,000.00",9696,2,0.0,2,DFNXM33082AAE42T,0,0,0,0,0,2,0,0,0,0,0
스카르파,신발(스카르파),골든게이트 ATR,DFNXW33076WW2,신발,230,DFNXW33076WW2(230),123477837,여성,24FW,2024-08-22,2024-08-22,"199,000.00",9666,1,0.0,1,DFNXW33076WW2037,0,0,0,0,0,1,0,0,0,0,0
스카르파,신발(스카르파),골든게이트 ATR,DFNXW33076WW2,신발,235,DFNXW33076WW2(235),123477837,여성,24FW,2024-08-22,2024-08-22,"199,000.00",9667,3,0.0,3,DFNXW33076WW237T,0,0,0,0,0,3,0,0,0,0,0
스카르파,신발(스카르파),스핀플레닛,DFOXM33063ASN,신발,250,DFOXM33063ASN(250),123229394,남성,24FW,2024-08-22,2024-08-22,"230,000.00",9712,1,0.0,1,DFOXM33063ASN39T,0,0,0,0,0,1,0,0,0,0,0
스카르파,신발(스카르파),스핀플레닛,DFOXM33063ASN,신발,255,DFOXM33063ASN(255),123229394,남성,24FW,2024-08-22,2024-08-22,"230,000.00",9713,1,0.0,1,DFOXM33063ASN040,0,0,0,0,0,1,0,0,0,0,0
나이키,신발(나이키),에어 줌 스트럭쳐 25,DJ7883-108,신발,260,DJ7883-108(260),123232059,남성,FA24,2024-08-08,2024-08-08,"149,000.00",3223,0,0.0,1,197597079530,0,0,0,0,1,0,0,0,0,0,0
나이키,신발(나이키),에어 줌 스트럭쳐 25,DJ7884-007,신발,245,DJ7884-007(245),123232060,여성,FA24,2024-08-08,2024-08-08,"149,000.00",3703,1,0.0,1,197599673064,0,0,0,0,0,1,0,0,0,0,0
나이키,용품(나이키),브라질리아 더플백 41L,DM3976-010,용품,1SIZE,DM3976-010(1SIZE),123539085,공용,HO24,2024-10-10,2024-10-10,"45,000.00",2417,0,0.0,1,195244773824,0,0,0,0,1,0,0,0,0,0,0
나이키,용품(나이키),브라질리아 드로우스트링 18L,DM3978-010,용품,1SIZE,DM3978-010(1SIZE),123232057,공용,FA24,2024-07-10,2024-08-29,"29,000.00",2419,0,0.0,1,195244773909,0,0,0,0,1,0,0,0,0,0,0
나이키,의류(나이키),드라이 핏 스트라이드 5인치 브리프 라인드 쇼츠,DM4756-017,의류,XXL,DM4756-017(XXL),132021720,남성,HO25,2025-10-29,2025-10-29,"69,000.00",25917,1,0.0,1,198482447717 ,0,0,0,0,0,1,0,0,0,0,0
나이키,의류(나이키),드라이 핏 스트라이드 5인치 브리프 라인드 쇼츠,DM4756-084,의류,S,DM4756-084(S),131589015,남성,HO25,2025-11-28,2025-11-20,"69,000.00",21110,0,0.0,1,195870398866,0,0,0,0,0,1,0,0,0,0,0
나이키,의류(나이키),드라이 핏 스트라이드 5인치 브리프 라인드 쇼츠,DM4756-084,의류,XXL,DM4756-084(XXL),131589015,남성,FA25,2025-08-28,2025-09-09,"69,000.00",21114,4,0.0,4,195870398903,0,0,0,0,0,4,0,0,0,0,0
나이키,의류(나이키),드라이 핏 스트라이드 5인치 브리프 라인드 쇼츠,DM4756-084,의류,XXXL,DM4756-084(XXXL),131589015,남성,FA25,2025-09-09,2025-09-09,0.00,21115,2,0.0,2,195870398910,0,0,0,0,0,2,0,0,0,0,0
나이키,의류(나이키),드라이 핏 스트라이드 5인치 브리프 라인드 쇼츠,DM4756-635,의류,XL,DM4756-635(XL),131589592,남성,FA25,2025-09-04,2025-09-09,"69,000.00",21121,0,0.0,1,196148047530,0,0,0,0,0,1,0,0,0,0,0
나이키,의류(나이키),드라이 핏 스트라이드 5인치 브리프 라인드 쇼츠,DM4756-635,의류,XXL,DM4756-635(XXL),131589592,남성,FA25,2025-09-09,2025-09-09,0.00,21122,7,0.0,7,196148047547,0,0,0,0,0,7,0,0,0,0,0
나이키,의류(나이키),드라이 핏 스트라이드 7인치 브리프 라인드 쇼츠,DM4762-345,의류,XXL,DM4762-345(XXL),129343655,남성,SP25,,,"75,000.00",15453,1,0.0,1,197860593442,0,0,0,0,0,1,0,0,0,0,0
나이키,의류(나이키),드라이 핏 스트라이드 7인치 브리프 라인드 쇼츠,DM4762-635,의류,M,DM4762-635(M),131301026,남성,FA25,2025-07-29,2025-07-29,"75,000.00",20670,2,0.0,1,196148049077,0,0,0,0,0,1,0,0,0,0,0
나이키,의류(나이키),드라이 핏 스트라이드 7인치 브리프 라인드 쇼츠,DM4762-635,의류,S,DM4762-635(S),131301026,남성,FA25,2025-07-29,2025-07-29,"75,000.00",20669,0,0.0,1,196148049060,0,0,0,0,0,1,0,0,0,0,0
나이키,신발(나이키),줌 X 인빈서블 3,DR2660-008,신발,245,DR2660-008(245),123228657,여성,FA24,2024-07-10,2024-07-10,"209,000.00",3493,0,0.0,1,197597095615,0,0,0,0,0,1,0,0,0,0,0
나이키,신발(나이키),리액트X 인피니티런 4,DR2665-010,신발,270,DR2665-010(270),123228655,남성,SU24,2024-06-12,2024-06-12,"179,000.00",759,0,0.0,1,197593761446 ,0,0,0,0,1,0,0,0,0,0,0
나이키,신발(나이키),리액트X 인피니티런 4,DR2670-104,신발,225,DR2670-104(225),123228656,여성,SU24,2024-04-11,2024-04-15,"179,000.00",1149,1,0.0,1,196975689071 ,0,0,0,0,0,1,0,0,0,0,0
나이키,신발(나이키),줌 맘바 6,DR2733-601,신발,250,DR2733-601(250),126731921,남성,HO24,2024-10-10,2024-10-10,"129,000.00",11092,0,0.0,1,197601144148,0,0,0,0,0,0,1,0,0,0,0
나이키,신발(나이키),줌 맘바 6,DR2733-601,신발,270,DR2733-601(270),126731921,남성,HO24,2024-10-10,2024-10-10,"129,000.00",11096,0,0.0,2,197601150446,0,0,0,0,0,0,2,0,0,0,0
나이키,신발(나이키),줌 맘바 6,DR2733-601,신발,275,DR2733-601(275),126731921,남성,HO24,2024-10-10,2024-10-10,"129,000.00",11097,0,0.0,3,197601148450,0,0,0,0,0,0,3,0,0,0,0
나이키,신발(나이키),줌 자플라이 4,DR2741-601,신발,250,DR2741-601(250),126731920,남성,HO24,2024-10-10,2024-10-10,"129,000.00",11072,0,0.0,1,197601144483,0,0,0,0,0,0,1,0,0,0,0
나이키,신발(나이키),줌 자플라이 4,DR2741-601,신발,265,DR2741-601(265),126731920,남성,HO24,2024-10-10,2024-10-10,"129,000.00",11074,0,0.0,1,197601147675,0,0,0,0,0,0,1,0,0,0,0
나이키,신발(나이키),줌 자플라이 4,DR2741-601,신발,270,DR2741-601(270),126731920,남성,HO24,2024-10-10,2024-10-10,"129,000.00",11075,0,0.0,1,197601150262,0,0,0,0,0,0,1,0,0,0,0
나이키,신발(나이키),리액트X 페가수스 트레일 5,DV3864-101,신발,260,DV3864-101(260),123229617,남성,SU24,2024-05-17,2024-05-17,"169,000.00",841,0,0.0,2,197594110267 ,0,0,0,0,2,0,0,0,0,0,0
나이키,신발(나이키),리액트X 페가수스 트레일 5,DV3865-003,신발,235,DV3865-003(235),123229629,여성,FA24,2024-08-08,2024-08-08,"169,000.00",3617,0,0.0,1,197597068695,0,0,0,0,1,0,0,0,0,0,0
나이키,신발(나이키),리액트X 페가수스 트레일 5,DV3865-402,신발,225,DV3865-402(225),123231258,여성,SU24,2024-05-08,2024-05-08,"169,000.00",1212,0,0.0,1,197593755575 ,0,0,0,0,1,0,0,0,0,0,0
나이키,신발(나이키),리액트X 페가수스 트레일 5,DV3865-402,신발,255,DV3865-402(255),123231258,여성,SU24,2024-05-08,2024-05-08,"169,000.00",1218,0,0.0,1,197593768070 ,0,0,0,0,1,0,0,0,0,0,0
나이키,신발(나이키),줌 X 베이퍼플라이 3,DV4129-001,신발,250,DV4129-001(250),123228573,남성,SU24,2024-04-11,2024-05-16,"299,000.00",314,0,0.0,1,196969189358 ,0,0,0,0,1,0,0,0,0,0,0
나이키,용품(나이키),ACG 아웃도어 쿠션 크루 1PR,DV5465-101,용품,L,DV5465-101(L),132644383,공용,SP26,2026-01-21,2026-01-21,"33,000.00",29080,63,0.0,121,196608611714,0,0,0,12,46,63,0,0,0,0,0
나이키,용품(나이키),ACG 아웃도어 쿠션 크루 1PR,DV5465-101,용품,M,DV5465-101(M),132644383,공용,SP26,2026-01-21,2026-01-21,"33,000.00",29079,0,0.0,28,196608611707,0,0,0,1,27,0,0,1,0,0,0
나이키,의류(나이키),드라이핏 트레일 솔라체이스,DV9306-121,의류,XXL,DV9306-121(XXL),123231413,남성,FA24,2024-07-08,2024-07-08,"75,000.00",3927,3,0.0,4,197594170230,0,0,0,0,1,3,0,0,0,0,0
나이키,의류(나이키),드라이핏 프라이머리,DV9832-010,의류,XL,DV9832-010(XL),123477791,남성,SU24,2024-05-16,2024-05-16,"65,000.00",1677,0,0.0,1,196153885967,0,0,0,0,0,1,0,0,0,0,0
나이키,의류(나이키),드라이핏 티 RLGD 롱슬리브 리셋,DX0994-010,의류,L,DX0994-010(L),123231305,남성,FA24,2024-07-08,2024-07-08,"45,000.00",3861,0,0.0,3,196151255427,0,0,0,0,3,0,0,0,0,0,0
나이키,의류(나이키),드라이핏 티 RLGD 롱슬리브 리셋,DX0994-010,의류,XL,DX0994-010(XL),123231305,남성,FA24,2024-07-08,2024-07-08,"45,000.00",3862,0,0.0,2,196151255434,0,0,0,0,2,0,0,0,0,0,0
나이키,의류(나이키),드라이핏 티 RLGD 롱슬리브 리셋,DX0994-010,의류,XXL,DX0994-010(XXL),123231305,남성,FA24,2024-07-08,2024-07-08,"45,000.00",3863,1,0.0,6,196151255441,0,0,0,0,5,1,0,0,0,0,0
나이키,의류(나이키),드라이핏 티 RLGD 롱슬리브 리셋,DX0994-100,의류,L,DX0994-100(L),123229775,남성,FA24,2024-07-08,2024-07-08,"45,000.00",3869,0,0.0,1,196151255878,0,0,0,0,1,0,0,0,0,0,0
나이키,의류(나이키),드라이핏 티 RLGD 롱슬리브 리셋,DX0994-100,의류,XL,DX0994-100(XL),123229775,남성,FA24,2024-07-08,2024-07-08,"45,000.00",3870,0,0.0,4,196151255885,0,0,0,0,4,0,0,0,0,0,0
나이키,의류(나이키),드라이핏 티 RLGD 롱슬리브 리셋,DX0994-100,의류,XXL,DX0994-100(XXL),123229775,남성,FA24,2024-07-08,2024-07-08,"45,000.00",3871,0,0.0,3,196151255892,0,0,0,0,3,0,0,0,0,0,0
나이키,의류(나이키),스우시 미디엄 서포트 브라,DX6822-010,의류,S,DX6822-010(S),123229741,여성,FA24,2024-07-08,2024-07-08,"49,000.00",2194,10,0.0,10,196608852261,0,0,0,0,0,10,0,0,0,0,0
나이키ACC,용품(나이키ACC),리커버리 롤러바,DX7053-010,용품,1SIZE,DX7053-010(1SIZE),123234080,공용,FA24,2024-07-31,2024-07-31,"73,000.00",5057,0,0.0,0,196149979250,0,0,0,0,0,0,0,1,0,0,0
나이키ACC,용품(나이키ACC),써마핏 스피어 넥워머 4.0,DX7089-082,용품,L/XL,DX7089-082(L/XL),127483130,공용,HO24,2024-11-29,2024-11-29,"45,000.00",12186,0,0.0,3,196149980157,0,0,0,0,3,0,0,0,0,0,0
나이키ACC,용품(나이키ACC),라이트웨이트 슬리브 2.0,DX7120-042,용품,L/XL,DX7120-042(L/XL),,공용,SU25,,,"33,000.00",10268,10,0.0,18,196149980720,0,0,0,7,0,10,0,0,0,0,0
나이키ACC,용품(나이키ACC),라이트웨이트 슬리브 2.0,DX7120-042,용품,L/XL,DX7120-042(L/XL),,공용,FA24,2024-09-06,2024-09-06,"33,000.00",10268,10,0.0,18,196149980720,0,0,0,1,0,0,0,0,0,0,0
나이키ACC,용품(나이키ACC),라이트웨이트 슬리브 2.0,DX7120-042,용품,S/M,DX7120-042(S/M),,공용,FA24,2024-09-06,2024-09-06,"33,000.00",10266,0,0.0,1,196149980713,0,0,0,0,1,0,0,0,0,0,0
나이키ACC,용품(나이키ACC),라이트웨이트 슬리브 2.0,DX7120-109,용품,L/XL,DX7120-109(L/XL),,공용,SU25,,,"33,000.00",10271,24,0.0,24,196149980744,0,0,0,0,0,17,0,0,0,0,0
나이키ACC,용품(나이키ACC),라이트웨이트 슬리브 2.0,DX7120-109,용품,L/XL,DX7120-109(L/XL),,공용,FA24,2024-09-06,2024-09-06,"33,000.00",10271,24,0.0,24,196149980744,0,0,0,0,0,7,0,0,0,0,0
나이키ACC,용품(나이키ACC),써마 스피어 후드 4.0,DX7874-082,용품,1SIZE,DX7874-082(1SIZE),124219670,공용,HO24,2024-11-29,2024-11-29,"47,000.00",12617,0,0.0,1,196149981185,0,0,0,0,1,0,0,0,0,0,0
나이키ACC,용품(나이키ACC),써마 핏 랩 2.0,DX7876-042,용품,1SIZE,DX7876-042(1SIZE),124219671,공용,HO24,2024-11-29,2024-11-29,"35,000.00",12631,0,0.0,12,196149981222,0,0,0,0,0,1,0,0,0,0,0
나이키ACC,용품(나이키ACC),써마 핏 랩 2.0,DX7876-042,용품,1SIZE,DX7876-042(1SIZE),124219671,공용,HO25,2025-12-11,2025-12-11,"35,000.00",12631,0,0.0,12,196149981222,0,0,0,0,0,11,0,0,0,0,0
ARC,용품(ARC),에어 쉐이드 페이스 마스크,FAG52AFMWHTO,용품,1SIZE,FAG52AFMWHTO(1SIZE),131277170,공용,25FW,2025-07-28,2025-07-28,"45,000.00",23644,0,0.0,1,8800302270567,0,0,0,1,0,0,0,0,0,0,0
ARC,용품(ARC),에어 쉐이드 바라클라바,FAG52ASBWHTO,용품,1SIZE,FAG52ASBWHTO(1SIZE),131277168,공용,25FW,2025-07-28,2025-07-28,"50,000.00",23635,0,0.0,1,8800302270758,0,0,0,0,1,0,0,0,0,0,0
ARC,용품(ARC),하이드라팩 소프트 플라스크 GX 250ml,FAG52SG2MNTO,용품,1SIZE,FAG52SG2MNTO(1SIZE),131277163,공용,25FW,2025-07-28,2025-07-28,"32,000.00",23610,0,0.0,6,8800302270468,0,0,0,4,2,0,0,0,0,0,0
나이키,신발(나이키),보메로 17,FB1309-106,신발,260,FB1309-106(260),126731917,남성,HO24,2024-12-04,2024-12-04,"189,000.00",10800,0,0.0,1,197600698727,0,0,0,0,0,0,1,0,0,0,0
나이키,용품(나이키),드라이핏 ADV 리플렉티브 플라이캡,FB5681-010,용품,M/L,FB5681-010(M/L),123229768,남성,HO25,2025-10-15,2025-11-25,"39,000.00",3807,0,0.0,10,196606819501,0,0,0,10,0,0,0,0,0,0,0
나이키,용품(나이키),드라이 핏 클럽 언스트럭쳐드 페더라이트 캡,FB5682-010,용품,L/XL,FB5682-010(L/XL),132602740,공용,HO25,2025-12-02,2025-12-17,"39,000.00",20703,2,0.0,2,196606819716,0,0,0,0,0,0,0,0,0,0,2
나이키,용품(나이키),드라이 핏 클럽 언스트럭쳐드 페더라이트 캡,FB5682-010,용품,M/L,FB5682-010(M/L),132602740,공용,HO25,2025-12-02,2025-12-24,"39,000.00",20702,121,0.0,143,196606819709,0,0,0,16,6,101,0,0,0,20,0
나이키,용품(나이키),드라이 핏 클럽 언스트럭쳐드 페더라이트 캡,FB5682-100,용품,M/L,FB5682-100(M/L),131383150,공용,FA25,2025-07-08,2025-08-06,"39,000.00",20694,49,0.0,49,196606819754,49,0,0,0,0,0,0,0,0,0,0
나이키,의류(나이키),패스트 리펠 자켓,FB7452-464,의류,L,FB7452-464(L),123229794,여성,FA24,2024-08-08,2024-08-08,"125,000.00",4141,3,0.0,4,197596492231,0,0,0,0,1,3,0,0,0,0,0
나이키,의류(나이키),패스트 리펠 자켓,FB7452-464,의류,M,FB7452-464(M),123229794,여성,FA24,2024-08-08,2024-08-08,"125,000.00",4140,3,0.0,3,197596333176,0,0,0,0,0,3,0,0,0,0,0
나이키,의류(나이키),패스트 리펠 자켓,FB7452-464,의류,S,FB7452-464(S),123229794,여성,FA24,2024-08-08,2024-08-08,"125,000.00",4139,1,0.0,1,197596176759,0,0,0,0,0,1,0,0,0,0,0
나이키,의류(나이키),패스트 리펠 자켓,FB7452-464,의류,XL,FB7452-464(XL),123229794,여성,FA24,2024-08-08,2024-08-08,"125,000.00",4142,0,0.0,1,197598566787,0,0,0,0,1,0,0,0,0,0,0
나이키,의류(나이키),써마핏 스위프트 필 자켓,FB7512-010,의류,M,FB7512-010(M),123766290,여성,HO24,2024-11-08,2024-11-08,"169,000.00",11619,1,0.0,1,196608719564,0,0,0,0,0,0,1,0,0,0,0
나이키,의류(나이키),나이키 스위프트 써마핏 필 베스트,FB7538-010,의류,L,FB7538-010(L),123229792,여성,FA24,2024-08-08,2024-08-08,"139,000.00",4125,0,0.0,0,196608720720,0,0,0,0,0,0,0,1,0,0,0
나이키,의류(나이키),IMP 라이트 윈드러너 자켓,FB7541-100,의류,M,FB7541-100(M),123229722,남성,FA24,2024-07-08,2024-07-08,"149,000.00",1611,0,0.0,0,196608721345,0,0,0,0,0,0,0,1,0,0,0
나이키,의류(나이키),IMP 라이트 윈드러너 자켓,FB7541-629,의류,XL,FB7541-629(XL),123229772,남성,FA24,2024-07-08,2024-07-08,"149,000.00",3830,0,0.0,1,197596927337,0,0,0,0,1,0,0,0,0,0,0
나이키,의류(나이키),써마 핏 ADV 리펠 다운 러닝 베스트,FB7543-010,의류,L,FB7543-010(L),123766260,남성,HO25,2025-10-30,2025-11-25,"209,000.00",11412,0,0.0,3,196608721765,0,0,0,0,3,0,0,0,0,0,0
나이키,의류(나이키),써마 핏 ADV 리펠 다운 러닝 베스트,FB7543-010,의류,M,FB7543-010(M),123766260,남성,HO25,2025-10-30,2025-11-25,"209,000.00",11411,0,0.0,2,196608721758,0,0,0,0,2,0,0,0,0,0,0
나이키,의류(나이키),써마 핏 ADV 리펠 다운 러닝 베스트,FB7543-010,의류,S,FB7543-010(S),123766260,남성,HO25,2025-10-30,2025-11-25,"209,000.00",11410,0,0.0,1,196608721741,0,0,0,0,1,0,0,0,0,0,0
나이키,의류(나이키),써마 핏 ADV 리펠 다운 러닝 베스트,FB7543-010,의류,XL,FB7543-010(XL),123766260,남성,HO25,2025-10-30,2025-11-25,"209,000.00",11413,0,0.0,3,196608721772,0,0,0,0,3,0,0,0,0,0,0
나이키,의류(나이키),써마 핏 ADV 리펠 다운 러닝 베스트,FB7543-010,의류,XXL,FB7543-010(XXL),123766260,남성,HO25,2025-10-30,2025-11-25,"209,000.00",11414,0,0.0,3,196608721789,0,0,0,0,3,0,0,0,0,0,0
나이키,의류(나이키),써마 핏 ADV 에어로로프트 리펠 다운 러닝 재킷,FB7557-010,의류,L,FB7557-010(L),123766246,남성,HO25,2025-10-30,2025-11-25,"315,000.00",11380,0,0.0,1,196608724285,0,0,0,0,1,0,0,0,0,0,0
나이키,의류(나이키),써마 핏 ADV 에어로로프트 리펠 다운 러닝 재킷,FB7557-010,의류,M,FB7557-010(M),123766246,남성,HO25,2025-10-30,2025-11-25,"315,000.00",11379,0,0.0,3,196608724278,0,0,0,0,3,0,0,0,0,0,0
나이키,의류(나이키),써마 핏 ADV 에어로로프트 리펠 다운 러닝 재킷,FB7557-010,의류,S,FB7557-010(S),123766246,남성,HO25,2025-10-30,2025-11-25,"315,000.00",11378,0,0.0,1,196608724261,0,0,0,0,1,0,0,0,0,0,0
나이키,의류(나이키),드라이핏 타이즈,FB7953-010,의류,S,FB7953-010(S),124290134,남성,SP25,2025-01-22,2025-01-22,"49,000.00",1906,0,0.0,1,196608744030,0,0,0,0,1,0,0,0,0,0,0
나이키,의류(나이키),드라이핏 타이즈,FB7953-010,의류,XL,FB7953-010(XL),124290134,남성,SP25,2025-01-22,2025-01-22,"49,000.00",1909,0,0.0,2,196608744061,0,0,0,0,2,0,0,0,0,0,0
나이키,의류(나이키),드라이핏 타이즈,FB7953-010,의류,XXL,FB7953-010(XXL),124290134,남성,SP25,2025-01-22,2025-01-22,"49,000.00",1910,1,0.0,1,196608744078,0,0,0,0,0,1,0,0,0,0,0
나이키,의류(나이키),프로 웜 타이즈,FB7962-010,의류,M,FB7962-010(M),123997171,남성,HO24,2024-10-15,2024-10-15,"59,000.00",11523,0,0.0,2,196608745655,0,0,0,0,0,0,2,0,0,0,0
나이키,의류(나이키),프로 웜 타이즈,FB7962-010,의류,XL,FB7962-010(XL),123997171,남성,HO24,2024-10-15,2024-10-15,"59,000.00",11525,0,0.0,6,196608745679,0,0,0,0,0,0,6,0,0,0,0
나이키,신발(나이키),보메로 17,FB8502-402,신발,225,FB8502-402(225),123229710,여성,SU24,2024-06-12,2024-06-12,"189,000.00",666,1,0.0,1,197593757746 ,0,0,0,0,0,1,0,0,0,0,0
나이키,신발(나이키),보메로 17,FB8502-402,신발,230,FB8502-402(230),123229710,여성,SU24,2024-06-12,2024-06-12,"189,000.00",667,1,0.0,1,197593754547 ,0,0,0,0,0,1,0,0,0,0,0
나이키,신발(나이키),페가수스 41,FD2722-006,신발,270,FD2722-006(270),123946279,남성,HO24,2024-11-08,2024-11-08,"159,000.00",10886,0,0.0,1,197602163124,0,0,0,0,1,0,0,0,0,0,0
나이키,신발(나이키),페가수스 41,FD2722-113,신발,275,FD2722-113(275),129343310,남성,SU25,2025-04-03,2025-04-03,"159,000.00",19074,0,0.0,1,198480253853,0,0,0,0,1,0,0,0,0,0,0
나이키,신발(나이키),페가수스 41,FD2722-603,신발,250,FD2722-603(250),129343320,남성,SU25,2025-04-03,2025-04-03,"159,000.00",19090,0,0.0,1,197863006482,0,0,0,0,0,0,1,0,0,0,0
나이키,신발(나이키),페가수스 41,FD2723-102,신발,250,FD2723-102(250),123229763,여성,FA24,2024-08-26,2024-08-26,"159,000.00",3662,0,0.0,0,197593787644,0,0,0,0,0,0,0,1,0,0,0
나이키,신발(나이키),알파플라이 3,FD8311-003,신발,250,FD8311-003(250),135510920,남성,FA26,2026-07-07,2026-07-07,"339,000.00",37853,3,0.0,5,198959738539,0,0,0,1,1,0,0,0,0,0,3
나이키,신발(나이키),알파플라이 3,FD8311-003,신발,255,FD8311-003(255),135510920,남성,FA26,2026-07-07,2026-07-07,"339,000.00",37854,0,0.0,3,198959728202,0,0,0,1,2,0,0,0,0,0,0
나이키,신발(나이키),알파플라이 3,FD8311-003,신발,260,FD8311-003(260),135510920,남성,FA26,2026-07-07,2026-07-07,"339,000.00",37855,0,0.0,3,198959738980,0,0,0,1,2,0,0,0,0,0,0
나이키,신발(나이키),알파플라이 3,FD8311-003,신발,265,FD8311-003(265),135510920,남성,FA26,2026-07-07,2026-07-07,"339,000.00",37856,0,0.0,5,198959742017,0,0,0,1,4,0,0,0,0,0,0
나이키,신발(나이키),알파플라이 3,FD8311-003,신발,270,FD8311-003(270),135510920,남성,FA26,2026-07-07,2026-07-07,"339,000.00",37857,0,0.0,5,198959748606,0,0,0,1,4,0,0,0,0,0,0
나이키,신발(나이키),알파플라이 3,FD8311-003,신발,275,FD8311-003(275),135510920,남성,FA26,2026-07-07,2026-07-07,"339,000.00",37858,0,0.0,3,198959748446,0,0,0,2,1,0,0,0,0,0,0
나이키,신발(나이키),알파플라이 3,FD8311-003,신발,280,FD8311-003(280),135510920,남성,FA26,2026-07-07,2026-07-07,"339,000.00",37859,0,0.0,2,198959727694,0,0,0,2,0,0,0,0,0,0,0
나이키,신발(나이키),알파플라이 3,FD8311-003,신발,285,FD8311-003(285),135510920,남성,FA26,2026-07-07,2026-07-07,"339,000.00",37860,0,0.0,2,198959735798,0,0,0,1,1,0,0,0,0,0,0
나이키,신발(나이키),알파플라이 3,FD8311-003,신발,290,FD8311-003(290),135510920,남성,FA26,2026-07-07,2026-07-07,"339,000.00",37861,0,0.0,2,198959743304,0,0,0,1,1,0,0,0,0,0,0
나이키,신발(나이키),알파플라이 3,FD8311-104,신발,265,FD8311-104(265),131778988,남성,HO25,2025-09-29,2025-09-30,"339,000.00",24946,0,0.0,1,198486785754 ,0,0,0,0,1,0,0,0,0,0,0
나이키,신발(나이키),알파플라이 3,FD8311-300,신발,250,FD8311-300(250),133564897,남성,SU26,2026-05-12,2026-05-12,"339,000.00",32903,0,0.0,1,198729710888,0,0,0,1,0,0,0,0,0,0,0
나이키,신발(나이키),알파플라이 3,FD8311-300,신발,255,FD8311-300(255),133564897,남성,SU26,2026-05-12,2026-05-12,"339,000.00",32904,0,0.0,2,198729837653,0,0,0,1,1,0,0,0,0,0,0
나이키,신발(나이키),알파플라이 3,FD8311-300,신발,260,FD8311-300(260),133564897,남성,SU26,2026-05-12,2026-05-12,"339,000.00",32905,0,0.0,2,198729726513,0,0,0,1,1,0,0,0,0,0,0
나이키,신발(나이키),알파플라이 3,FD8311-300,신발,265,FD8311-300(265),133564897,남성,SU26,2026-05-12,2026-05-12,"339,000.00",32906,0,0.0,2,198729701329,0,0,0,0,2,0,0,0,0,0,0
나이키,신발(나이키),알파플라이 3,FD8311-300,신발,270,FD8311-300(270),133564897,남성,SU26,2026-05-12,2026-05-12,"339,000.00",32907,0,0.0,3,198729793737,0,0,0,1,2,0,0,0,0,0,0
나이키,신발(나이키),알파플라이 3,FD8311-300,신발,275,FD8311-300(275),133564897,남성,SU26,2026-05-12,2026-05-12,"339,000.00",32908,0,0.0,3,198729860835,0,0,0,1,2,0,0,0,0,0,0
나이키,신발(나이키),알파플라이 3,FD8311-300,신발,280,FD8311-300(280),133564897,남성,SU26,2026-05-12,2026-05-12,"339,000.00",32909,0,0.0,1,198729625090,0,0,0,0,1,0,0,0,0,0,0
나이키,신발(나이키),알파플라이 3,FD8311-300,신발,285,FD8311-300(285),133564897,남성,SU26,2026-05-12,2026-05-12,"339,000.00",32910,0,0.0,2,198729834249,0,0,0,1,1,0,0,0,0,0,0
나이키,신발(나이키),알파플라이 3,FD8311-300,신발,290,FD8311-300(290),133564897,남성,SU26,2026-05-12,2026-05-12,"339,000.00",32911,0,0.0,1,198729755940,0,0,0,1,0,0,0,0,0,0,0
나이키,신발(나이키),알파플라이 3,FD8311-402,신발,255,FD8311-402(255),136418938,남성,FA26,2026-07-29,2026-07-29,"339,000.00",37832,1,0.0,1,198959737341,0,0,0,0,0,0,0,0,0,0,1
나이키,신발(나이키),알파플라이 3,FD8311-402,신발,260,FD8311-402(260),136418938,남성,FA26,2026-07-29,2026-07-29,"339,000.00",37833,1,0.0,1,198959750555,0,0,0,0,0,0,0,0,0,0,1
나이키,신발(나이키),알파플라이 3,FD8311-402,신발,265,FD8311-402(265),136418938,남성,FA26,2026-07-29,2026-07-29,"339,000.00",37834,2,0.0,2,198959725195,0,0,0,0,0,0,0,0,0,0,2
나이키,신발(나이키),알파플라이 3,FD8311-402,신발,270,FD8311-402(270),136418938,남성,FA26,2026-07-29,2026-07-29,"339,000.00",37835,2,0.0,2,198959730052,0,0,0,0,0,0,0,0,0,0,2
나이키,신발(나이키),알파플라이 3,FD8311-402,신발,275,FD8311-402(275),136418938,남성,FA26,2026-07-29,2026-07-29,"339,000.00",37836,2,0.0,2,198959748361,0,0,0,0,0,0,0,0,0,0,2
나이키,신발(나이키),알파플라이 3,FD8311-402,신발,280,FD8311-402(280),136418938,남성,FA26,2026-07-29,2026-07-29,"339,000.00",37837,1,0.0,1,198959745223,0,0,0,0,0,0,0,0,0,0,1
나이키,신발(나이키),알파플라이 3,FD8311-800,신발,250,FD8311-800(250),132642939,남성,SP26,2026-01-27,2026-01-27,"339,000.00",27956,0,0.0,1,198726640607,0,0,0,1,0,0,0,0,0,0,0
나이키,신발(나이키),알파플라이 3,FD8311-800,신발,255,FD8311-800(255),132642939,남성,SP26,2026-01-27,2026-01-27,"339,000.00",27957,1,0.0,2,198726650590,0,0,0,1,0,0,0,0,0,1,0
나이키,신발(나이키),알파플라이 3,FD8311-800,신발,260,FD8311-800(260),132642939,남성,SP26,2026-01-27,2026-01-27,"339,000.00",27958,1,0.0,3,198726634651,0,0,0,1,1,0,0,0,0,1,0
나이키,신발(나이키),알파플라이 3,FD8311-800,신발,265,FD8311-800(265),132642939,남성,SP26,2026-01-27,2026-01-27,"339,000.00",27959,5,0.0,5,198726656882,0,0,0,1,0,1,0,0,0,3,0
나이키,신발(나이키),알파플라이 3,FD8311-800,신발,270,FD8311-800(270),132642939,남성,SP26,2026-01-27,2026-01-27,"339,000.00",27960,3,0.0,4,198726635313,0,0,0,1,0,0,0,0,0,3,0
나이키,신발(나이키),알파플라이 3,FD8311-800,신발,275,FD8311-800(275),132642939,남성,SP26,2026-01-27,2026-01-27,"339,000.00",27961,1,0.0,2,198726636969,0,0,0,1,0,0,0,0,0,1,0
나이키,신발(나이키),알파플라이 3,FD8311-800,신발,280,FD8311-800(280),132642939,남성,SP26,2026-01-27,2026-01-27,"339,000.00",27962,1,0.0,2,198726650972,0,0,0,1,0,0,0,0,0,1,0
나이키,신발(나이키),알파플라이 3,FD8311-800,신발,285,FD8311-800(285),132642939,남성,SP26,2026-01-27,2026-01-27,"339,000.00",27963,0,0.0,1,198726655441,0,0,0,1,0,0,0,0,0,0,0
나이키,신발(나이키),알파플라이 3,FD8315-104,신발,230,FD8315-104(230),131778992,여성,HO25,2025-09-29,2025-09-26,"339,000.00",25065,0,0.0,1,198486774598 ,0,0,0,0,1,0,0,0,0,0,0
나이키,신발(나이키),알파플라이 3,FD8315-105,신발,230,FD8315-105(230),135510793,여성,FA26,2026-07-07,2026-07-07,"339,000.00",37915,7,0.0,10,198959726192,0,0,0,1,2,7,0,0,0,0,0
나이키,신발(나이키),알파플라이 3,FD8315-105,신발,235,FD8315-105(235),135510793,여성,FA26,2026-07-07,2026-07-07,"339,000.00",37916,9,0.0,13,198959730649,0,0,0,1,3,9,0,0,0,0,0
나이키,신발(나이키),알파플라이 3,FD8315-105,신발,240,FD8315-105(240),135510793,여성,FA26,2026-07-07,2026-07-07,"339,000.00",37917,13,0.0,19,198959730694,0,0,0,1,5,13,0,0,0,0,0
나이키,신발(나이키),알파플라이 3,FD8315-105,신발,245,FD8315-105(245),135510793,여성,FA26,2026-07-07,2026-07-07,"339,000.00",37918,14,0.0,18,198959743588,0,0,0,1,3,14,0,0,0,0,0
나이키,신발(나이키),알파플라이 3,FD8315-105,신발,250,FD8315-105(250),135510793,여성,FA26,2026-07-07,2026-07-07,"339,000.00",37919,8,0.0,12,198959743939,0,0,0,1,3,8,0,0,0,0,0
나이키,신발(나이키),알파플라이 3,FD8315-105,신발,255,FD8315-105(255),135510793,여성,FA26,2026-07-07,2026-07-07,"339,000.00",37920,4,0.0,6,198959739635,0,0,0,1,1,4,0,0,0,0,0
나이키,신발(나이키),알파플라이 3,FD8315-500,신발,230,FD8315-500(230),133564891,여성,SU26,2026-05-12,2026-05-12,"339,000.00",28078,1,0.0,2,198726655762,0,0,0,1,0,1,0,0,0,0,0
나이키,신발(나이키),알파플라이 3,FD8315-500,신발,235,FD8315-500(235),133564891,여성,SU26,2026-05-12,2026-05-12,"339,000.00",28079,0,0.0,1,198726650903,0,0,0,1,0,0,0,0,0,0,0
나이키,신발(나이키),알파플라이 3,FD8315-500,신발,240,FD8315-500(240),133564891,여성,SU26,2026-05-12,2026-05-12,"339,000.00",28080,0,0.0,3,198726639458,0,0,0,1,2,0,0,0,0,0,0
나이키,신발(나이키),알파플라이 3,FD8315-500,신발,245,FD8315-500(245),133564891,여성,SU26,2026-05-12,2026-05-12,"339,000.00",28081,1,0.0,3,198726642267,0,0,0,1,1,1,0,0,0,0,0
나이키,신발(나이키),알파플라이 3,FD8315-500,신발,250,FD8315-500(250),133564891,여성,SU26,2026-05-12,2026-05-12,"339,000.00",28082,0,0.0,1,198726649822,0,0,0,0,1,0,0,0,0,0,0
나이키,신발(나이키),알파플라이 3,FD8315-600,신발,240,FD8315-600(240),127482501,여성,SP25,2025-02-11,2025-02-11,"339,000.00",14344,0,0.0,1,197859137138,0,0,0,0,0,1,0,0,0,0,0
나이키,신발(나이키),에어 줌 알파플라이 3,FD8315-700,신발,235,FD8315-700(235),123228498,여성,SU24,2024-04-11,2024-04-15,"329,000.00",542,0,0.0,1,196976643508,0,0,0,0,0,1,0,0,0,0,0
나이키,신발(나이키),맥스플라이 2,FD8395-102,신발,245,FD8395-102(245),131118931,남성,FA25,2025-07-08,2025-07-08,"219,000.00",20541,0,0.0,1,197601146791,0,0,0,0,0,0,1,0,0,0,0
나이키,신발(나이키),에어 줌 빅토리 2,FD8411-600,신발,265,FD8411-600(265),124273649,남성,HO24,2024-10-10,2024-10-10,"219,000.00",11032,0,0.0,1,197600673267,0,0,0,0,1,0,0,0,0,0,0
나이키,신발(나이키),드래곤플라이 2,FD8413-102,신발,240,FD8413-102(240),129347320,남성,SU25,2025-04-04,2025-04-04,"179,000.00",18606,2,0.0,2,197601149204,0,0,0,0,0,0,0,0,0,2,0
나이키,신발(나이키),드래곤플라이 2,FD8413-102,신발,245,FD8413-102(245),129347320,남성,SU25,2025-04-04,2025-04-04,"179,000.00",18607,2,0.0,2,197601148382,0,0,0,0,0,0,0,0,0,2,0
나이키,신발(나이키),드래곤플라이 2,FD8413-102,신발,250,FD8413-102(250),129347320,남성,SU25,2025-04-04,2025-04-04,"179,000.00",18608,7,0.0,7,197601140386,0,0,0,0,0,0,0,0,0,7,0
나이키,용품(나이키),드라이핏 ADV 플라이,FJ0736-010,용품,M/L,FJ0736-010(M/L),123229384,공용,HO25,2025-10-29,2025-11-12,"55,000.00",1598,0,0.0,50,196975410163,0,0,0,23,27,0,0,0,0,0,0
나이키,용품(나이키),드라이핏 ADV 플라이,FJ0736-100,용품,L/XL,FJ0736-100(L/XL),123229383,공용,SU26,2026-04-03,2026-04-03,"59,000.00",1594,27,0.0,52,196975414963,0,0,0,5,4,13,0,0,0,0,0
나이키,용품(나이키),드라이핏 ADV 플라이,FJ0736-100,용품,L/XL,FJ0736-100(L/XL),123229383,공용,FA26,2026-07-07,2026-07-07,"59,000.00",1594,27,0.0,52,196975414963,0,0,0,8,0,22,0,0,0,0,0
나이키,용품(나이키),드라이핏 ADV 플라이,FJ0736-100,용품,M/L,FJ0736-100(M/L),123229383,공용,FA25,2025-07-11,2025-07-11,"59,000.00",1593,14,0.0,65,196975358304,0,0,0,0,5,0,0,0,0,0,0
나이키,용품(나이키),드라이핏 ADV 플라이,FJ0736-100,용품,M/L,FJ0736-100(M/L),123229383,공용,SU26,2026-04-03,2026-04-03,"59,000.00",1593,14,0.0,65,196975358304,0,0,0,5,5,0,0,0,0,0,0
나이키,용품(나이키),드라이핏 ADV 플라이,FJ0736-100,용품,M/L,FJ0736-100(M/L),123229383,공용,FA26,2026-07-07,2026-07-07,"59,000.00",1593,14,0.0,65,196975358304,0,0,0,20,0,30,0,0,0,0,0
나이키,용품(나이키),드라이핏 ADV 플라이,FJ0736-100,용품,S/M,FJ0736-100(S/M),123229383,공용,FA26,2026-07-09,2026-07-09,"59,000.00",1592,15,0.0,18,196975432080,0,0,0,3,0,15,0,0,0,0,0
나이키,용품(나이키),드라이핏 ADV 플라이 캡,FJ0736-654,용품,L/XL,FJ0736-654(L/XL),136621579,공용,FA26,2026-07-07,2026-07-07,"59,000.00",39478,7,0.0,15,198960009307,0,0,0,4,4,7,0,0,0,0,0
나이키,용품(나이키),드라이핏 ADV 플라이 캡,FJ0736-654,용품,M/L,FJ0736-654(M/L),136621579,공용,FA26,2026-07-07,2026-07-07,"59,000.00",39477,10,0.0,22,198960011751,0,0,0,7,5,10,0,0,0,0,0
나이키,용품(나이키),드라이핏 ADV 플라이 캡,FJ0736-654,용품,S/M,FJ0736-654(S/M),136621579,공용,FA26,2026-07-07,2026-07-07,"59,000.00",39476,4,0.0,9,198960008966,0,0,0,2,3,4,0,0,0,0,0
나이키ACC,용품(나이키ACC),NIKE TOWEL ACG PICANTE RED,FJ2366-613,용품,1SIZE,FJ2366-613(1SIZE),,공용,SU25,,,"99,000.00",18094,0,0.0,5,197861873970,0,0,0,0,5,0,0,0,0,0,0
나이키,의류(나이키),에어로스위프트 드라이핏 ADV 미드라이즈 3인치 쇼츠,FN2329-010,의류,L,FN2329-010(L),123229745,여성,FA26,2026-07-07,2026-07-07,"105,000.00",2332,0,0.0,4,196975048076,0,0,0,2,2,0,0,0,0,0,0
나이키,의류(나이키),에어로스위프트 드라이핏 ADV 미드라이즈 3인치 쇼츠,FN2329-010,의류,M,FN2329-010(M),123229745,여성,FA26,2026-07-07,2026-07-07,"105,000.00",2331,0,0.0,7,196975085040,0,0,0,5,2,0,0,0,0,0,0
나이키,의류(나이키),에어로스위프트 드라이핏 ADV 미드라이즈 3인치 쇼츠,FN2329-010,의류,S,FN2329-010(S),123229745,여성,HO25,2025-09-29,2025-09-26,"105,000.00",2330,0,0.0,9,196974981800,0,0,0,0,1,0,0,0,0,0,0
나이키,의류(나이키),에어로스위프트 드라이핏 ADV 미드라이즈 3인치 쇼츠,FN2329-010,의류,S,FN2329-010(S),123229745,여성,FA26,2026-07-07,2026-07-07,"105,000.00",2330,0,0.0,9,196974981800,0,0,0,4,4,0,0,0,0,0,0
나이키,의류(나이키),에어로스위프트 드라이핏 ADV 미드라이즈 3인치 쇼츠,FN2329-010,의류,XS,FN2329-010(XS),123229745,여성,SP25,2025-03-11,2025-03-11,"105,000.00",2329,11,0.0,16,196975070824,0,0,0,3,2,11,0,0,0,0,0
나이키,의류(나이키),에어로스위프트 드라이핏 ADV 미드라이즈 3인치 쇼츠,FN2329-085,의류,L,FN2329-085(L),123229744,여성,FA24,2024-07-04,2024-07-04,"95,000.00",2324,5,0.0,4,197594713772 ,0,0,0,0,4,0,0,0,0,0,0
나이키,의류(나이키),에어로스위프트 드라이핏 ADV 미드라이즈 3인치 쇼츠,FN2329-085,의류,M,FN2329-085(M),123229744,여성,FA24,2024-07-04,2024-07-04,"95,000.00",2323,7,0.0,6,197594706279 ,0,0,0,4,2,0,0,0,0,0,0
나이키,의류(나이키),에어로스위프트 드라이핏 ADV 미드라이즈 3인치 쇼츠,FN2329-085,의류,S,FN2329-085(S),123229744,여성,FA24,2024-07-04,2024-07-04,"95,000.00",2322,0,0.0,7,197594695443 ,0,0,0,0,7,0,0,0,0,0,0
나이키,의류(나이키),드라이핏 ADV 에이로스위프트 미드라이즈 브리프 라인드 3인치 쇼츠,FN2329-468,의류,L,FN2329-468(L),135522801,여성,FA26,2026-07-07,2026-07-07,"105,000.00",39426,1,0.0,4,198959029477,0,0,0,2,1,1,0,0,0,0,0
나이키,의류(나이키),드라이핏 ADV 에이로스위프트 미드라이즈 브리프 라인드 3인치 쇼츠,FN2329-468,의류,M,FN2329-468(M),135522801,여성,FA26,2026-07-07,2026-07-07,"105,000.00",39425,1,0.0,5,198959015555,0,0,0,2,2,1,0,0,0,0,0
나이키,의류(나이키),드라이핏 ADV 에이로스위프트 미드라이즈 브리프 라인드 3인치 쇼츠,FN2329-468,의류,S,FN2329-468(S),135522801,여성,FA26,2026-07-07,2026-07-07,"105,000.00",39424,0,0.0,3,198959062290,0,0,0,2,1,0,0,0,0,0,0
나이키,의류(나이키),에어로스위프트 드라이 핏 ADV 미드라이즈 브리프 라인드 3인치 러닝 쇼츠,FN2329-696,의류,XS,FN2329-696(XS),124467430,여성,SP25,2025-01-22,2025-01-22,"95,000.00",14794,1,0.0,1,197859685974,0,0,0,0,0,1,0,0,0,0,0
나이키,의류(나이키),에어로스위프트 드라이핏 ADV 싱글렛,FN2505-010,의류,L,FN2505-010(L),123229740,여성,FA24,2024-07-08,2024-07-08,"95,000.00",2116,0,0.0,1,196975094547,0,0,0,0,1,0,0,0,0,0,0
나이키,의류(나이키),에어로스위프트 드라이핏 ADV 싱글렛,FN2505-010,의류,S,FN2505-010(S),123229740,여성,SP25,2025-01-15,2025-01-15,"95,000.00",2114,0,0.0,6,196975035120,0,0,0,5,1,0,0,1,0,0,0
나이키,의류(나이키),에어로스위프트 드라이핏 ADV 싱글렛,FN2505-010,의류,XS,FN2505-010(XS),123229740,여성,SP25,2025-01-15,2025-01-15,"95,000.00",2113,32,0.0,40,196975052141,0,0,0,8,0,32,0,0,0,0,0
나이키,의류(나이키),에어로스위프트 드라이핏 ADV 싱글렛,FN2505-085,의류,M,FN2505-085(M),123231279,여성,FA24,2024-07-08,2024-07-08,"85,000.00",2131,0,0.0,1,197594714823,0,0,0,0,1,0,0,0,0,0,0
나이키,의류(나이키),에어로스위프트 드라이핏 ADV 크롭 탱크탑,FN2714-010,의류,L,FN2714-010(L),123229737,여성,HO25,2025-09-29,2025-09-26,"95,000.00",2100,0,0.0,1,197593050700,0,0,0,0,1,0,0,0,0,0,0
나이키,의류(나이키),드라이핏 원 하프라이즈 7/8 타이즈,FN3233-010,의류,L,FN3233-010(L),123229743,여성,FA24,2024-08-29,2024-08-29,"55,000.00",2308,0,0.0,3,197593071774,0,0,0,0,3,0,0,0,0,0,0
나이키,의류(나이키),드라이핏 원 하프라이즈 7/8 타이즈,FN3233-010,의류,M,FN3233-010(M),123229743,여성,FA24,2024-08-29,2024-08-29,"55,000.00",2307,0,0.0,4,197593018021,0,0,0,0,4,0,0,0,0,0,0
나이키,의류(나이키),드라이핏 원 하프라이즈 7/8 타이즈,FN3233-010,의류,S,FN3233-010(S),123229743,여성,FA24,2024-08-29,2024-08-29,"55,000.00",2306,0,0.0,2,197593030474,0,0,0,0,2,0,0,0,0,0,0
나이키,의류(나이키),드라이핏 원 하프라이즈 7/8 타이즈,FN3233-010,의류,XS,FN3233-010(XS),123229743,여성,FA24,2024-08-29,2024-08-29,"55,000.00",2305,0,0.0,6,197593111098,0,0,0,0,6,0,0,0,0,0,0
나이키,의류(나이키),에어로스위프트 드라이 핏 ADV 미드라이즈 5인치 러닝 쇼츠,FN3272-010,의류,L,FN3272-010(L),131383149,여성,FA25,2025-08-06,2025-08-06,"99,000.00",20631,0,0.0,1,197593069689,0,0,0,1,0,0,0,0,0,0,0
나이키,의류(나이키),에어로스위프트 드라이 핏 ADV 미드라이즈 5인치 러닝 쇼츠,FN3272-010,의류,S,FN3272-010(S),131383149,여성,FA25,2025-08-06,2025-08-06,"99,000.00",20629,0,0.0,3,197593019967,0,0,0,3,0,0,0,0,0,0,0
나이키,의류(나이키),에어로스위프트 드라이 핏 ADV 미드라이즈 5인치 러닝 쇼츠,FN3272-016,의류,L,FN3272-016(L),130885536,여성,SU25,2025-06-13,2025-06-13,"99,000.00",19836,0,0.0,1,198482953461,0,0,0,0,1,0,0,0,0,0,0
나이키,의류(나이키),에어로스위프트 드라이 핏 ADV 2인치 브리프 라인드 러닝 쇼츠,FN3350-010,의류,L,FN3350-010(L),132602749,남성,SU26,2026-06-09,2026-06-09,"105,000.00",25899,8,0.0,8,196976004712 ,0,0,0,0,0,8,0,0,0,0,0
나이키,의류(나이키),에어로스위프트 드라이 핏 ADV 2인치 브리프 라인드 러닝 쇼츠,FN3350-010,의류,M,FN3350-010(M),132602749,남성,SU26,2026-06-09,2026-06-09,"105,000.00",25898,5,0.0,5,196976011000 ,0,0,0,0,0,5,0,1,0,0,0
나이키,의류(나이키),에어로스위프트 드라이 핏 ADV 2인치 브리프 라인드 러닝 쇼츠,FN3350-010,의류,XL,FN3350-010(XL),132602749,남성,SU26,2026-06-09,2026-06-09,"105,000.00",25900,6,0.0,6,196976001537 ,0,0,0,0,0,6,0,0,0,0,0
나이키,의류(나이키),에어로스위프트 드라이 핏 ADV 2인치 브리프 라인드 러닝 쇼츠,FN3350-010,의류,XXL,FN3350-010(XXL),132602749,남성,SU26,2026-06-09,2026-06-09,"105,000.00",25901,2,0.0,2,196976000677 ,0,0,0,0,0,2,0,0,0,0,0
나이키,의류(나이키),드라이핏 ADV 에어로스위프트 2인치 브리프라인드 쇼츠,FN3350-085,의류,S,FN3350-085(S),123229724,남성,SU24,2024-06-12,2024-06-12,"105,000.00",1914,0,0.0,1,197596567984,0,0,0,0,1,0,0,0,0,0,0
나이키,의류(나이키),드라이핏 ADV 에어로스위프트 2인치 브리프라인드 쇼츠,FN3350-085,의류,S,FN3350-085(S),123229724,남성,FA24,2024-08-12,2024-08-12,"105,000.00",1914,0,0.0,1,197596567984,0,0,0,0,0,0,0,1,0,0,0
나이키,의류(나이키),드라이핏 ADV 에어로스위프트 2인치 브리프라인드 쇼츠,FN3350-085,의류,XXL,FN3350-085(XXL),123229724,남성,FA24,2024-08-12,2024-08-12,"105,000.00",1918,1,0.0,1,197596778397,0,0,0,0,0,1,0,0,0,0,0
나이키,의류(나이키),드라이핏 ADV 에어로스위프트 4인치 브리프라인드 쇼츠,FN3353-010,의류,L,FN3353-010(L),123231408,남성,SU26,2026-06-11,2026-06-11,"115,000.00",1940,73,0.0,73,196976009793,0,0,0,0,0,0,0,0,0,0,28
나이키,의류(나이키),드라이핏 ADV 에어로스위프트 4인치 브리프라인드 쇼츠,FN3353-010,의류,L,FN3353-010(L),123231408,남성,FA26,2026-08-28,2026-08-28,"115,000.00",1940,73,0.0,73,196976009793,0,0,0,0,0,45,0,0,0,0,0
나이키,의류(나이키),드라이핏 ADV 에어로스위프트 4인치 브리프라인드 쇼츠,FN3353-010,의류,M,FN3353-010(M),123231408,남성,SU26,2026-06-11,2026-06-11,"115,000.00",1939,55,0.0,55,196976001124,0,0,0,0,0,0,0,0,0,0,24
나이키,의류(나이키),드라이핏 ADV 에어로스위프트 4인치 브리프라인드 쇼츠,FN3353-010,의류,M,FN3353-010(M),123231408,남성,FA26,2026-08-28,2026-08-28,"115,000.00",1939,55,0.0,55,196976001124,0,0,0,0,0,31,0,0,0,0,0
나이키,의류(나이키),드라이핏 ADV 에어로스위프트 4인치 브리프라인드 쇼츠,FN3353-010,의류,S,FN3353-010(S),123231408,남성,SU26,2026-06-11,2026-06-11,"115,000.00",1938,16,0.0,16,196976007645,0,0,0,0,0,0,0,0,0,0,8
나이키,의류(나이키),드라이핏 ADV 에어로스위프트 4인치 브리프라인드 쇼츠,FN3353-010,의류,S,FN3353-010(S),123231408,남성,FA26,2026-08-28,2026-08-28,"115,000.00",1938,16,0.0,16,196976007645,0,0,0,0,0,8,0,0,0,0,0
나이키,의류(나이키),드라이핏 ADV 에어로스위프트 4인치 브리프라인드 쇼츠,FN3353-010,의류,XL,FN3353-010(XL),123231408,남성,SU26,2026-06-11,2026-06-11,"115,000.00",1941,48,0.0,48,196976000455,0,0,0,0,0,0,0,0,0,0,18
나이키,의류(나이키),드라이핏 ADV 에어로스위프트 4인치 브리프라인드 쇼츠,FN3353-010,의류,XL,FN3353-010(XL),123231408,남성,FA26,2026-08-28,2026-08-28,"115,000.00",1941,48,0.0,48,196976000455,0,0,0,0,0,30,0,0,0,0,0
나이키,의류(나이키),드라이핏 ADV 에어로스위프트 4인치 브리프라인드 쇼츠,FN3353-010,의류,XXL,FN3353-010(XXL),123231408,남성,SU26,2026-06-11,2026-06-11,"115,000.00",1942,8,0.0,8,196976010102,0,0,0,0,0,0,0,0,0,0,2
나이키,의류(나이키),드라이핏 ADV 에어로스위프트 4인치 브리프라인드 쇼츠,FN3353-010,의류,XXL,FN3353-010(XXL),123231408,남성,FA26,2026-08-28,2026-08-28,"115,000.00",1942,8,0.0,8,196976010102,0,0,0,0,0,6,0,0,0,0,0
나이키,의류(나이키),드라이핏 ADV 에어로스위프트 4인치 브리프라인드 쇼츠,FN3353-085,의류,S,FN3353-085(S),123229727,남성,SU24,2024-06-12,2024-06-12,"105,000.00",1922,0,0.0,1,197596442106,0,0,0,0,1,0,0,0,0,0,0
나이키,의류(나이키),드라이핏 ADV 에어로스위프트 4인치 브리프라인드 쇼츠,FN3353-085,의류,XXL,FN3353-085(XXL),123229727,남성,SU24,2024-06-12,2024-06-12,"105,000.00",1926,2,0.0,2,197596773224,0,0,0,0,0,2,0,0,0,0,0
나이키,의류(나이키),드라이핏 ADV 에어로스위프트 4인치 브리프 라인드 쇼츠,FN3353-418,의류,L,FN3353-418(L),136418807,남성,FA26,2026-07-29,2026-07-29,"115,000.00",39390,9,0.0,18,198960746011,0,0,0,5,4,9,0,0,0,0,0
나이키,의류(나이키),드라이핏 ADV 에어로스위프트 4인치 브리프 라인드 쇼츠,FN3353-418,의류,M,FN3353-418(M),136418807,남성,FA26,2026-07-29,2026-07-29,"115,000.00",39389,6,0.0,12,198960764381,0,0,0,3,3,6,0,0,0,0,0
나이키,의류(나이키),드라이핏 ADV 에어로스위프트 4인치 브리프 라인드 쇼츠,FN3353-418,의류,S,FN3353-418(S),136418807,남성,FA26,2026-07-29,2026-07-29,"115,000.00",39388,1,0.0,3,198960877869,0,0,0,1,1,1,0,0,0,0,0
나이키,의류(나이키),드라이핏 ADV 에어로스위프트 4인치 브리프 라인드 쇼츠,FN3353-418,의류,XL,FN3353-418(XL),136418807,남성,FA26,2026-07-29,2026-07-29,"115,000.00",39391,6,0.0,13,198960696637,0,0,0,4,3,6,0,0,0,0,0
나이키,의류(나이키),드라이핏 ADV 에어로스위프트 4인치 브리프 라인드 쇼츠,FN3353-418,의류,XXL,FN3353-418(XXL),136418807,남성,FA26,2026-07-29,2026-07-29,"115,000.00",39392,1,0.0,2,198960485958,0,0,0,1,0,1,0,0,0,0,0
나이키,의류(나이키),드라이핏 ADV 에어로스위프트 팬츠,FN3362-010,의류,L,FN3362-010(L),123539084,남성,SP25,2025-01-22,2025-03-11,"155,000.00",1884,0,0.0,1,196976010454,0,0,0,0,1,0,0,0,0,0,0
나이키,의류(나이키),드라이핏 ADV 에어로스위프트 팬츠,FN3362-010,의류,M,FN3362-010(M),123539084,남성,HO24,2024-10-10,2024-10-10,"155,000.00",1883,0,0.0,5,196976008048,0,0,0,0,5,0,0,0,0,0,0
나이키,의류(나이키),드라이핏 에어로스위프트 타이즈,FN3368-010,의류,M,FN3368-010(M),123766131,남성,SP25,2025-02-11,2025-02-11,"95,000.00",11539,0,0.0,1,196976004774,0,0,0,0,0,1,0,0,0,0,0
나이키,의류(나이키),드라이핏 ADV 에어로스위프트 브리프라인드 하프타이즈,FN3370-011,의류,L,FN3370-011(L),123229735,남성,HO25,2025-11-11,2025-11-11,"95,000.00",1964,1,0.0,51,196976001285,0,0,0,0,3,0,0,0,0,0,0
나이키,의류(나이키),드라이핏 ADV 에어로스위프트 브리프라인드 하프타이즈,FN3370-011,의류,L,FN3370-011(L),123229735,남성,SP26,2026-01-12,2026-01-12,"95,000.00",1964,1,0.0,51,196976001285,0,0,0,13,5,0,0,0,0,0,0
나이키,의류(나이키),드라이핏 ADV 에어로스위프트 브리프라인드 하프타이즈,FN3370-011,의류,L,FN3370-011(L),123229735,남성,SU26,2026-04-03,2026-06-09,"95,000.00",1964,1,0.0,51,196976001285,0,0,0,6,5,0,0,0,0,0,0
나이키,의류(나이키),드라이핏 ADV 에어로스위프트 브리프라인드 하프타이즈,FN3370-011,의류,L,FN3370-011(L),123229735,남성,FA26,2026-07-09,2026-07-09,"95,000.00",1964,1,0.0,51,196976001285,0,0,0,20,0,0,0,0,0,0,0
나이키,의류(나이키),드라이핏 ADV 에어로스위프트 브리프라인드 하프타이즈,FN3370-011,의류,M,FN3370-011(M),123229735,남성,SP26,2026-01-12,2026-01-12,"95,000.00",1963,0,0.0,17,196976003159,0,0,0,1,0,0,0,0,0,0,0
나이키,의류(나이키),드라이핏 ADV 에어로스위프트 브리프라인드 하프타이즈,FN3370-011,의류,M,FN3370-011(M),123229735,남성,SU26,2026-04-03,2026-06-09,"95,000.00",1963,0,0.0,17,196976003159,0,0,0,2,4,0,0,0,0,0,0
나이키,의류(나이키),드라이핏 ADV 에어로스위프트 브리프라인드 하프타이즈,FN3370-011,의류,M,FN3370-011(M),123229735,남성,FA26,2026-07-09,2026-07-09,"95,000.00",1963,0,0.0,17,196976003159,0,0,0,10,0,0,0,0,0,0,0
나이키,의류(나이키),드라이핏 ADV 에어로스위프트 브리프라인드 하프타이즈,FN3370-011,의류,S,FN3370-011(S),123229735,남성,SP26,2026-01-12,2026-01-12,"95,000.00",1962,1,0.0,8,196976003463,0,0,0,0,3,0,0,0,0,0,0
나이키,의류(나이키),드라이핏 ADV 에어로스위프트 브리프라인드 하프타이즈,FN3370-011,의류,S,FN3370-011(S),123229735,남성,FA26,2026-06-30,2026-08-14,"95,000.00",1962,1,0.0,8,196976003463,0,0,0,4,0,1,0,0,0,0,0
나이키,의류(나이키),드라이핏 ADV 에어로스위프트 브리프라인드 하프타이즈,FN3370-011,의류,XL,FN3370-011(XL),123229735,남성,HO25,2025-11-11,2025-12-12,"95,000.00",1965,1,0.0,22,196976004644,0,0,0,0,3,0,0,0,0,0,0
나이키,의류(나이키),드라이핏 ADV 에어로스위프트 브리프라인드 하프타이즈,FN3370-011,의류,XL,FN3370-011(XL),123229735,남성,SU26,2026-04-03,2026-06-09,"95,000.00",1965,1,0.0,22,196976004644,0,0,0,3,0,0,0,0,0,0,0
나이키,의류(나이키),드라이핏 ADV 에어로스위프트 브리프라인드 하프타이즈,FN3370-011,의류,XL,FN3370-011(XL),123229735,남성,FA26,2026-07-09,2026-07-09,"95,000.00",1965,1,0.0,22,196976004644,0,0,0,15,0,1,0,0,0,0,0
나이키,의류(나이키),드라이핏 ADV 에어로스위프트 브리프라인드 하프타이즈,FN3370-011,의류,XXL,FN3370-011(XXL),123229735,남성,SU26,2026-04-03,2026-06-09,"95,000.00",1966,0,0.0,9,196976001896,0,0,0,2,0,0,0,0,0,0,0
나이키,의류(나이키),드라이핏 ADV 에어로스위프트 브리프라인드 하프타이즈,FN3370-011,의류,XXL,FN3370-011(XXL),123229735,남성,FA26,2026-07-09,2026-07-09,"95,000.00",1966,0,0.0,9,196976001896,0,0,0,6,0,0,0,0,0,0,1
나이키,의류(나이키),드라이핏 ADV 에어로스위프트 브리프 라인드 하프타이츠,FN3370-416,의류,L,FN3370-416(L),136418809,남성,FA26,2026-07-29,2026-07-29,"95,000.00",39378,0,0.0,26,198960844366,20,0,0,0,0,2,0,0,0,0,4
나이키,의류(나이키),드라이핏 ADV 에어로스위프트 브리프 라인드 하프타이츠,FN3370-416,의류,M,FN3370-416(M),136418809,남성,FA26,2026-07-29,2026-07-29,"95,000.00",39377,0,0.0,13,198960923245,13,0,0,0,0,0,0,0,0,0,0
나이키,의류(나이키),드라이핏 ADV 에어로스위프트 브리프 라인드 하프타이츠,FN3370-416,의류,XL,FN3370-416(XL),136418809,남성,FA26,2026-07-29,2026-07-29,"95,000.00",39379,23,0.0,37,198960436684,12,0,0,0,0,25,0,0,0,0,0
나이키,의류(나이키),드라이핏 ADV 에어로스위프트 브리프 라인드 하프타이츠,FN3370-416,의류,XXL,FN3370-416(XXL),136418809,남성,FA26,2026-07-29,2026-07-29,"95,000.00",39380,18,0.0,21,198960713686,3,0,0,0,0,18,0,0,0,0,0
나이키,의류(나이키),드라이핏 페스트 하프 타이즈,FN3372-010,의류,XL,FN3372-010(XL),123229785,남성,HO25,2025-09-29,2025-09-26,"55,000.00",4006,0,0.0,1,196976004149,0,0,0,0,1,0,0,0,0,0,0
나이키,의류(나이키),드라이핏 페스트 하프 타이즈,FN3372-010,의류,XXL,FN3372-010(XXL),123229785,남성,HO25,2025-09-29,2025-09-26,"55,000.00",4007,1,0.0,1,196976007669,0,0,0,0,0,1,0,0,0,0,0
나이키,의류(나이키),클럽 숏슬리브 탑,FN3903-010,의류,L,FN3903-010(L),123229810,남성,FA24,2024-07-30,2024-07-30,"85,000.00",5011,0,0.0,10,197593310316,0,0,0,0,10,0,0,0,0,0,0
나이키,의류(나이키),클럽 숏슬리브 탑,FN3903-010,의류,M,FN3903-010(M),123229810,남성,FA24,2024-07-30,2024-07-30,"85,000.00",5010,0,0.0,3,197593327826,0,0,0,0,3,0,0,0,0,0,0
나이키,의류(나이키),클럽 숏슬리브 탑,FN3903-010,의류,XL,FN3903-010(XL),123229810,남성,FA24,2024-07-30,2024-07-30,"85,000.00",5012,0,0.0,5,197593371638,0,0,0,0,5,0,0,0,0,0,0
나이키,의류(나이키),클럽 숏슬리브 탑,FN3903-010,의류,XXL,FN3903-010(XXL),123229810,남성,FA24,2024-07-30,2024-07-30,"85,000.00",5013,0,0.0,2,197593318213,0,0,0,0,2,0,0,0,0,0,0
나이키,의류(나이키),트레일 에어리즈 자켓,FN4003-846,의류,L,FN4003-846(L),123229773,남성,FA24,2024-08-29,2024-08-29,"149,000.00",3837,0,0.0,1,197596717723,0,0,0,1,0,0,0,0,0,0,0
나이키,의류(나이키),트레일 에어리즈 자켓,FN4003-846,의류,M,FN4003-846(M),123229773,남성,FA24,2024-08-29,2024-08-29,"149,000.00",3836,2,0.0,4,197596621716,0,0,0,1,1,2,0,0,0,0,0
나이키,의류(나이키),트레일 에어리즈 자켓,FN4003-846,의류,XL,FN4003-846(XL),123229773,남성,FA24,2024-08-29,2024-08-29,"149,000.00",3838,3,0.0,6,197596882612,0,0,0,2,1,3,0,0,0,0,0
나이키,의류(나이키),트레일 에어리즈 자켓,FN4003-846,의류,XXL,FN4003-846(XXL),123229773,남성,FA24,2024-08-29,2024-08-29,"149,000.00",3839,7,0.0,8,197596317084,0,0,0,1,0,7,0,0,0,0,0
나이키,의류(나이키),에어로스위프트 드라이핏 ADV 싱글렛,FN4232-010,의류,L,FN4232-010(L),123229776,남성,HO25,2025-10-30,2025-12-12,"115,000.00",3877,110,0.0,149,196976003586,0,0,0,0,2,0,0,0,0,0,0
나이키,의류(나이키),에어로스위프트 드라이핏 ADV 싱글렛,FN4232-010,의류,L,FN4232-010(L),123229776,남성,SP26,2026-01-12,2026-01-12,"115,000.00",3877,110,0.0,149,196976003586,0,0,0,0,5,0,0,1,0,0,0
나이키,의류(나이키),에어로스위프트 드라이핏 ADV 싱글렛,FN4232-010,의류,L,FN4232-010(L),123229776,남성,SU26,2026-04-09,2026-06-09,"115,000.00",3877,110,0.0,149,196976003586,0,0,0,32,0,0,0,0,0,0,0
나이키,의류(나이키),에어로스위프트 드라이핏 ADV 싱글렛,FN4232-010,의류,L,FN4232-010(L),123229776,남성,FA26,2026-08-14,2026-08-14,"115,000.00",3877,110,0.0,149,196976003586,0,0,0,0,0,110,0,0,0,0,0
나이키,의류(나이키),에어로스위프트 드라이핏 ADV 싱글렛,FN4232-010,의류,M,FN4232-010(M),123229776,남성,HO25,2025-10-30,2025-10-30,"115,000.00",3876,73,0.0,98,196975997756,0,0,0,0,4,0,0,0,0,0,0
나이키,의류(나이키),에어로스위프트 드라이핏 ADV 싱글렛,FN4232-010,의류,M,FN4232-010(M),123229776,남성,SP26,2026-01-12,2026-01-12,"115,000.00",3876,73,0.0,98,196975997756,0,0,0,0,3,0,0,0,0,0,0
나이키,의류(나이키),에어로스위프트 드라이핏 ADV 싱글렛,FN4232-010,의류,M,FN4232-010(M),123229776,남성,SU26,2026-04-09,2026-06-09,"115,000.00",3876,73,0.0,98,196975997756,0,0,0,18,0,1,0,0,0,0,0
나이키,의류(나이키),에어로스위프트 드라이핏 ADV 싱글렛,FN4232-010,의류,M,FN4232-010(M),123229776,남성,FA26,2026-08-14,2026-08-14,"115,000.00",3876,73,0.0,98,196975997756,0,0,0,0,0,72,0,0,0,0,0
나이키,의류(나이키),에어로스위프트 드라이핏 ADV 싱글렛,FN4232-010,의류,S,FN4232-010(S),123229776,남성,SU26,2026-04-09,2026-06-09,"115,000.00",3875,9,0.0,11,196976004798,0,0,0,2,0,0,0,0,0,0,0
나이키,의류(나이키),에어로스위프트 드라이핏 ADV 싱글렛,FN4232-010,의류,S,FN4232-010(S),123229776,남성,FA26,2026-08-14,2026-08-14,"115,000.00",3875,9,0.0,11,196976004798,0,0,0,0,0,9,0,0,0,0,0
나이키,의류(나이키),에어로스위프트 드라이핏 ADV 싱글렛,FN4232-010,의류,XL,FN4232-010(XL),123229776,남성,SP26,2026-01-12,2026-01-12,"115,000.00",3878,88,0.0,103,196976009953,0,0,0,0,4,0,0,0,0,0,0
나이키,의류(나이키),에어로스위프트 드라이핏 ADV 싱글렛,FN4232-010,의류,XL,FN4232-010(XL),123229776,남성,SU26,2026-04-09,2026-06-09,"115,000.00",3878,88,0.0,103,196976009953,0,0,0,11,0,0,0,0,0,0,0
나이키,의류(나이키),에어로스위프트 드라이핏 ADV 싱글렛,FN4232-010,의류,XL,FN4232-010(XL),123229776,남성,FA26,2026-08-14,2026-08-14,"115,000.00",3878,88,0.0,103,196976009953,0,0,0,0,0,88,0,0,0,0,0
나이키,의류(나이키),에어로스위프트 드라이핏 ADV 싱글렛,FN4232-010,의류,XXL,FN4232-010(XXL),123229776,남성,SP25,2025-01-15,2025-01-15,"115,000.00",3879,12,0.0,13,196976002169,0,0,0,1,0,0,0,0,0,0,0
나이키,의류(나이키),에어로스위프트 드라이핏 ADV 싱글렛,FN4232-010,의류,XXL,FN4232-010(XXL),123229776,남성,FA26,2026-08-14,2026-08-14,"115,000.00",3879,12,0.0,13,196976002169,0,0,0,0,0,12,0,0,0,0,0
나이키,의류(나이키),에어로스위프트 드라이핏 ADV 싱글렛,FN4232-085,의류,M,FN4232-085(M),123229723,남성,FA24,2024-08-12,2024-08-12,"109,000.00",1859,0,0.0,1,197596687125,0,0,0,0,1,0,0,0,0,0,0
나이키,의류(나이키),에어로스위프트 드라이핏 ADV 싱글렛,FN4232-085,의류,XL,FN4232-085(XL),123229723,남성,FA24,2024-08-12,2024-08-12,"109,000.00",1861,0,0.0,2,197596175127,0,0,0,0,2,0,0,1,0,0,0
나이키,의류(나이키),에어로스위프트 드라이핏 ADV 싱글렛,FN4232-085,의류,XXL,FN4232-085(XXL),123229723,남성,SU24,2024-06-12,2024-06-12,"109,000.00",1862,0,0.0,1,197596173260,0,0,0,0,1,0,0,0,0,0,0
나이키,의류(나이키),드라이핏 ADV 에어로스위프트 싱글렛,FN4232-418,의류,L,FN4232-418(L),136418813,남성,FA26,2026-07-29,2026-07-29,"115,000.00",39322,20,0.0,42,198960896419,0,0,0,13,9,20,0,0,0,0,0
나이키,의류(나이키),드라이핏 ADV 에어로스위프트 싱글렛,FN4232-418,의류,M,FN4232-418(M),136418813,남성,FA26,2026-07-29,2026-07-29,"115,000.00",39321,12,0.0,26,198960882528,0,0,0,8,6,12,0,0,0,0,0
나이키,의류(나이키),드라이핏 ADV 에어로스위프트 싱글렛,FN4232-418,의류,S,FN4232-418(S),136418813,남성,FA26,2026-07-29,2026-07-29,"115,000.00",39320,2,0.0,4,198960489178,0,0,0,1,1,2,0,0,0,0,0
나이키,의류(나이키),드라이핏 ADV 에어로스위프트 싱글렛,FN4232-418,의류,XL,FN4232-418(XL),136418813,남성,FA26,2026-07-29,2026-07-29,"115,000.00",39323,14,0.0,31,198960748442,0,0,0,11,6,14,0,0,0,0,0
나이키,의류(나이키),드라이핏 ADV 에어로스위프트 싱글렛,FN4232-418,의류,XXL,FN4232-418(XXL),136418813,남성,FA26,2026-07-29,2026-07-29,"115,000.00",39324,2,0.0,5,198960438626,0,0,0,2,1,2,0,0,0,0,0
나이키,의류(나이키),드라이핏 ADV 에어로스위프트 싱글렛,FN4232-570,의류,L,FN4232-570(L),133843303,남성,SU26,2026-05-12,2026-06-09,"115,000.00",33807,4,0.0,4,198728730276,0,0,0,0,0,4,0,0,0,0,0
나이키,의류(나이키),드라이핏 ADV 에어로스위프트 싱글렛,FN4232-570,의류,M,FN4232-570(M),133843303,남성,SU26,2026-05-12,2026-06-09,"115,000.00",33806,2,0.0,2,198728722592,0,0,0,0,0,2,0,0,0,0,0
나이키,의류(나이키),드라이핏 ADV 에어로스위프트 싱글렛,FN4232-570,의류,S,FN4232-570(S),133843303,남성,SU26,2026-05-12,2026-06-09,"115,000.00",33805,1,0.0,1,198728714498,0,0,0,0,0,1,0,0,0,0,0
나이키,의류(나이키),드라이핏 ADV 에어로스위프트 싱글렛,FN4232-570,의류,XL,FN4232-570(XL),133843303,남성,SU26,2026-05-12,2026-06-09,"115,000.00",33808,3,0.0,3,198728729614,0,0,0,0,0,3,0,0,0,0,0
나이키,의류(나이키),에어로스위프트 드라이 핏 ADV 러닝 싱글렛,FN4232-845,의류,L,FN4232-845(L),132642926,남성,SP26,2026-01-27,2026-01-27,"115,000.00",28795,0,0.0,3,198488528106,0,0,0,0,3,0,0,0,0,0,0
나이키,의류(나이키),에어로스위프트 드라이 핏 ADV 러닝 싱글렛,FN4232-845,의류,M,FN4232-845(M),132642926,남성,SP26,2026-01-27,2026-01-27,"115,000.00",28794,0,0.0,1,198488522654,0,0,0,0,1,0,0,0,0,0,0
나이키,신발(나이키),줌 플라이 6,FN8454-003,신발,255,FN8454-003(255),131779012,남성,HO25,2025-09-29,2025-09-26,"209,000.00",25385,0,0.0,1,198481561421 ,0,0,0,0,1,0,0,0,0,0,0
나이키,신발(나이키),줌 플라이 6,FN8454-003,신발,260,FN8454-003(260),131779012,남성,HO25,2025-09-29,2025-09-26,"209,000.00",25386,0,0.0,1,198481381531 ,0,0,0,0,1,0,0,0,0,0,0
나이키,신발(나이키),줌 플라이 6,FN8454-003,신발,270,FN8454-003(270),131779012,남성,HO25,2025-09-29,2025-09-26,"209,000.00",25388,0,0.0,1,198481416592 ,0,0,0,0,1,0,0,0,0,0,0
나이키,신발(나이키),줌 플라이 6,FN8454-003,신발,275,FN8454-003(275),131779012,남성,HO25,2025-09-29,2025-09-26,"209,000.00",25389,0,0.0,1,198481251506 ,0,0,0,0,1,0,0,0,0,0,0
나이키,신발(나이키),줌 플라이 6,FN8454-003,신발,280,FN8454-003(280),131779012,남성,HO25,2025-09-29,2025-09-26,"209,000.00",25390,0,0.0,1,198481567928 ,0,0,0,0,1,0,0,0,0,0,0
나이키,신발(나이키),줌 플라이 6,FN8454-003,신발,290,FN8454-003(290),131779012,남성,HO25,2025-09-29,2025-09-26,"209,000.00",25392,0,0.0,1,198481343652 ,0,0,0,0,1,0,0,0,0,0,0
나이키,신발(나이키),줌 플라이 6,FN8455-102,신발,230,FN8455-102(230),124028995,여성,SP25,2025-01-16,2025-01-16,"209,000.00",11235,0,0.0,1,197601203968,0,0,0,0,1,0,0,0,0,0,0
나이키,신발(나이키),줌 플라이 6,FN8455-107,신발,235,FN8455-107(235),135510673,여성,FA26,2026-07-07,2026-07-07,"209,000.00",37938,2,0.0,2,198959729292,2,0,0,0,0,0,0,0,0,0,0
나이키,신발(나이키),줌 플라이 6,FN8455-107,신발,240,FN8455-107(240),135510673,여성,FA26,2026-07-07,2026-07-07,"209,000.00",37939,2,0.0,2,198959744431,2,0,0,0,0,0,0,0,0,0,0
나이키,신발(나이키),줌 플라이 6,FN8455-107,신발,245,FN8455-107(245),135510673,여성,FA26,2026-07-07,2026-07-07,"209,000.00",37940,2,0.0,2,198959746640,2,0,0,0,0,0,0,0,0,0,0
나이키,신발(나이키),줌 플라이 6,FN8455-107,신발,250,FN8455-107(250),135510673,여성,FA26,2026-07-07,2026-07-07,"209,000.00",37941,2,0.0,2,198959734760,2,0,0,0,0,0,0,0,0,0,0
나이키,신발(나이키),줌 플라이 6,FN8455-601,신발,230,FN8455-601(230),127482509,여성,SP25,2025-02-11,2025-02-11,"209,000.00",14384,1,0.0,1,197859120987,0,0,0,0,0,1,0,0,0,0,0
나이키,신발(나이키),줌 플라이 6,FN8455-601,신발,235,FN8455-601(235),127482509,여성,SP25,2025-02-11,2025-02-11,"209,000.00",14385,2,0.0,2,197859129232,0,0,0,0,0,2,0,0,0,0,0
나이키,신발(나이키),줌 플라이 6,FN8455-601,신발,240,FN8455-601(240),127482509,여성,SP25,2025-02-11,2025-02-11,"209,000.00",14386,1,0.0,1,197859132874,0,0,0,0,0,1,0,0,0,0,0
나이키,신발(나이키),리액트X 페가수스 트레일 5 GTX,FQ0908-002,신발,250,FQ0908-002(250),123231296,남성,SP26,2026-01-12,2026-01-12,"219,000.00",2990,2,0.0,2,197597071077,0,0,0,0,0,2,0,0,0,0,0
나이키,신발(나이키),리액트X 페가수스 트레일 5 GTX,FQ0908-002,신발,255,FQ0908-002(255),123231296,남성,SP26,2026-01-12,2026-01-12,"219,000.00",2991,3,0.0,3,197597081694,0,0,0,0,0,3,0,0,0,0,0
나이키,신발(나이키),리액트X 페가수스 트레일 5 GTX,FQ0908-002,신발,260,FQ0908-002(260),123231296,남성,SP26,2026-01-12,2026-01-12,"219,000.00",2992,7,0.0,8,197597095325,0,0,0,1,0,7,0,0,0,0,0
나이키,신발(나이키),리액트X 페가수스 트레일 5 GTX,FQ0908-002,신발,265,FQ0908-002(265),123231296,남성,SP26,2026-01-12,2026-01-12,"219,000.00",2993,4,0.0,5,197597073835,0,0,0,1,0,4,0,0,0,0,0
나이키,신발(나이키),리액트X 페가수스 트레일 5 GTX,FQ0908-002,신발,270,FQ0908-002(270),123231296,남성,SP26,2026-01-12,2026-01-12,"219,000.00",2994,10,0.0,11,197597079325,0,0,0,1,0,10,0,0,0,0,0
나이키,신발(나이키),리액트X 페가수스 트레일 5 GTX,FQ0908-002,신발,275,FQ0908-002(275),123231296,남성,SP26,2026-01-12,2026-01-12,"219,000.00",2995,6,0.0,7,197597068183,0,0,0,1,0,6,0,0,0,0,0
나이키,신발(나이키),리액트X 페가수스 트레일 5 GTX,FQ0908-002,신발,280,FQ0908-002(280),123231296,남성,SP26,2026-01-12,2026-01-12,"219,000.00",2996,1,0.0,2,197597074498,0,0,0,1,0,1,0,0,0,0,0
나이키,신발(나이키),리액트X 페가수스 트레일 5 GTX,FQ0908-002,신발,285,FQ0908-002(285),123231296,남성,SP26,2026-01-12,2026-01-12,"219,000.00",2997,2,0.0,2,197597094199,0,0,0,0,0,2,0,0,0,0,0
나이키,신발(나이키),리액트X 페가수스 트레일 5 GTX,FQ0908-006,신발,250,FQ0908-006(250),123970608,남성,HO24,2024-10-10,2024-10-10,"209,000.00",10966,0,0.0,1,197600681194,0,0,0,0,1,0,0,0,0,0,0
나이키,신발(나이키),리액트X 페가수스 트레일 5 GTX,FQ0908-006,신발,255,FQ0908-006(255),123970608,남성,HO24,2024-10-10,2024-10-10,"209,000.00",10967,1,0.0,2,197600716247,0,0,0,0,1,1,0,0,0,0,0
나이키,신발(나이키),리액트X 페가수스 트레일 5 GTX,FQ0908-006,신발,265,FQ0908-006(265),123970608,남성,HO24,2024-10-10,2024-10-10,"209,000.00",10969,1,0.0,1,197600686366,0,0,0,0,0,1,0,0,0,0,0
나이키,신발(나이키),리액트X 페가수스 트레일 5 GTX,FQ0908-006,신발,275,FQ0908-006(275),123970608,남성,HO24,2024-10-10,2024-10-10,"209,000.00",10971,0,0.0,1,197600687615,0,0,0,0,1,0,0,0,0,0,0
나이키,신발(나이키),리액트X 페가수스 트레일 5 GTX,FQ0908-006,신발,280,FQ0908-006(280),123970608,남성,HO24,2024-10-10,2024-10-10,"209,000.00",10972,0,0.0,1,197600705203,0,0,0,0,1,0,0,0,0,0,0
나이키,신발(나이키),리액트X 페가수스 트레일 5 GTX,FQ0908-006,신발,285,FQ0908-006(285),123970608,남성,HO24,2024-10-10,2024-10-10,"209,000.00",10973,0,0.0,1,197600701823,0,0,0,0,1,0,0,0,0,0,0
나이키,신발(나이키),리엑트 X 페가수스 트레일 5 GTX,FQ0908-014,신발,255,FQ0908-014(255),132551814,남성,SP26,2026-01-12,2026-01-12,"219,000.00",28723,1,0.0,1,198487736588,0,0,0,0,0,1,0,0,0,0,0
나이키,신발(나이키),리엑트 X 페가수스 트레일 5 GTX,FQ0908-014,신발,260,FQ0908-014(260),132551814,남성,SP26,2026-01-12,2026-01-12,"219,000.00",28724,2,0.0,2,198487736229,0,0,0,0,0,2,0,0,0,0,0
나이키,신발(나이키),리엑트 X 페가수스 트레일 5 GTX,FQ0908-014,신발,265,FQ0908-014(265),132551814,남성,SP26,2026-01-12,2026-01-12,"219,000.00",28725,2,0.0,2,198487735956,0,0,0,0,0,2,0,0,0,0,0
나이키,신발(나이키),리엑트 X 페가수스 트레일 5 GTX,FQ0908-014,신발,270,FQ0908-014(270),132551814,남성,SP26,2026-01-12,2026-01-12,"219,000.00",28726,2,0.0,2,198487735697,0,0,0,0,0,2,0,0,0,0,0
나이키,신발(나이키),리엑트 X 페가수스 트레일 5 GTX,FQ0908-014,신발,280,FQ0908-014(280),132551814,남성,SP26,2026-01-12,2026-01-12,"219,000.00",28728,1,0.0,1,198487735567,0,0,0,0,0,1,0,0,0,0,0
나이키,신발(나이키),리액트X 페가수스 트레일 5 GTX,FQ0908-300,신발,275,FQ0908-300(275),123229753,남성,FA24,2024-08-18,2024-08-18,"209,000.00",2974,0,0.0,1,197597094342,0,0,0,0,1,0,0,0,0,0,0
나이키,신발(나이키),리액트X 페가수스 트레일 5 GTX,FQ0912-400,신발,230,FQ0912-400(230),123946293,여성,HO24,2024-10-15,2024-10-15,"209,000.00",11340,1,0.0,1,197600689329,0,0,0,0,0,0,1,0,0,0,0
나이키,신발(나이키),리액트X 페가수스 트레일 5 GTX,FQ0912-400,신발,235,FQ0912-400(235),123946293,여성,HO24,2024-10-15,2024-10-15,"209,000.00",11341,1,0.0,1,197600659414,0,0,0,0,0,0,1,0,0,0,0
나이키,신발(나이키),리액트X 페가수스 트레일 5 GTX,FQ0912-400,신발,240,FQ0912-400(240),123946293,여성,HO24,2024-10-15,2024-10-15,"209,000.00",11342,1,0.0,1,197600696396,0,0,0,0,0,0,1,0,0,0,0
나이키,신발(나이키),리액트X 페가수스 트레일 5 GTX,FQ0912-400,신발,250,FQ0912-400(250),123946293,여성,HO24,2024-10-15,2024-10-15,"209,000.00",11344,1,0.0,1,197600703681,0,0,0,0,0,0,1,0,0,0,0
나이키,신발(나이키),리액트X 페가수스 트레일 5 GTX,FQ0912-400,신발,255,FQ0912-400(255),123946293,여성,HO24,2024-10-15,2024-10-15,"209,000.00",11345,1,0.0,1,197600707085,0,0,0,0,0,0,1,0,0,0,0
나이키ACC,용품(나이키ACC),스테인리스 스틸 리차지 척 보틀 24oz 그래픽 ACG,FQ1552-093,용품,1SIZE,FQ1552-093(1SIZE),,공용,SU25,,,"65,000.00",18083,4,0.0,5,197862213584,0,0,0,1,0,4,0,0,0,0,0
나이키,신발(나이키),인빈서블 3 프리미엄,FQ5027-100,신발,230,FQ5027-100(230),129343254,여성,SP25,2025-02-13,2025-02-13,"229,000.00",15469,3,0.0,3,197860582996,0,0,0,0,0,3,0,0,0,0,0
나이키,신발(나이키),인빈서블 3 프리미엄,FQ5027-100,신발,235,FQ5027-100(235),129343254,여성,SP25,2025-02-13,2025-02-13,"229,000.00",15470,1,0.0,1,197860590816,0,0,0,0,0,1,0,0,0,0,0
나이키,신발(나이키),인빈서블 3 프리미엄,FQ5027-100,신발,245,FQ5027-100(245),129343254,여성,SP25,2025-02-13,2025-02-13,"229,000.00",15472,3,0.0,3,197860573383,0,0,0,0,0,3,0,0,0,0,0
나이키,신발(나이키),인빈서블 3 프리미엄,FQ5027-100,신발,250,FQ5027-100(250),129343254,여성,SP25,2025-02-13,2025-02-13,"229,000.00",15473,1,0.0,1,197860568006,0,0,0,0,0,1,0,0,0,0,0
나이키,신발(나이키),인빈서블 3 프리미엄,FQ5027-100,신발,255,FQ5027-100(255),129343254,여성,SP25,2025-02-13,2025-02-13,"229,000.00",15474,1,0.0,1,197860587915,0,0,0,0,0,1,0,0,0,0,0
나이키,신발(나이키),페가수스 플러스,FQ7261-003,신발,235,FQ7261-003(235),123946286,여성,HO24,2024-11-08,2024-11-08,"219,000.00",11173,1,0.0,1,197600711105,0,0,0,0,0,1,0,0,0,0,0
나이키,신발(나이키),페가수스 플러스,FQ7262-001,신발,265,FQ7262-001(265),123229749,남성,FA24,2024-08-08,2024-08-08,"219,000.00",2867,0,0.0,1,197597079295,0,0,0,0,1,0,0,0,0,0,0
나이키,신발(나이키),페가수스 플러스,FQ7262-002,신발,265,FQ7262-002(265),123231289,남성,FA24,2024-08-12,2024-08-12,"219,000.00",2846,1,0.0,1,197597076331,0,0,0,0,0,1,0,0,0,0,0
나이키,신발(나이키),페가수스 플러스,FQ7262-004,신발,280,FQ7262-004(280),123856166,남성,HO24,2024-10-10,2024-10-10,"219,000.00",10741,0,0.0,1,197600710337,0,0,0,0,0,1,0,0,0,0,0
나이키,신발(나이키),페가수스 플러스,FQ7262-100,신발,260,FQ7262-100(260),123946277,남성,HO24,2024-11-08,2024-11-08,"219,000.00",10674,0,0.0,0,197597079776,0,0,0,0,0,0,0,1,0,0,0
나이키,신발(나이키),페가수스 플러스,FQ7262-103,신발,265,FQ7262-103(265),133315641,남성,SP26,2026-03-18,2026-03-18,"219,000.00",32433,0,0.0,1,198488000022,0,0,0,0,1,0,0,0,0,0,0
나이키,신발(나이키),페가수스 플러스,FQ7262-103,신발,280,FQ7262-103(280),133315641,남성,SP26,2026-03-18,2026-03-18,"219,000.00",32436,0,0.0,1,198488000329,0,0,0,0,1,0,0,0,0,0,0
나이키ACC,용품(나이키ACC),드리프트 UV 심리스 랩,FV0356-045,용품,1SIZE,FV0356-045(1SIZE),124219856,공용,HO24,2024-11-29,2024-11-29,"35,000.00",12624,0,0.0,5,196968941933,0,0,0,0,5,0,0,0,0,0,0
나이키,신발(나이키),줌 X 드레곤플라이 2,FV2326-900,신발,240,FV2326-900(240),123231247,남성,FA24,2024-07-30,2024-07-30,"199,000.00",186,1,0.0,1,197594659476,0,0,0,0,0,1,0,0,0,0,0
나이키,신발(나이키),줌 X 드레곤플라이 2,FV2326-900,신발,245,FV2326-900(245),123231247,남성,FA24,2024-07-30,2024-07-30,"199,000.00",187,1,0.0,1,197594658059,0,0,0,0,0,1,0,0,0,0,0
나이키,신발(나이키),라이벌 플라이 4,FV6040-100,신발,260,FV6040-100(260),126731919,남성,HO24,2024-10-10,2024-12-04,"119,000.00",10926,0,0.0,1,197601149525,0,0,0,0,0,0,1,0,0,0,0
나이키,신발(나이키),라이벌 플라이 4,FV6040-100,신발,265,FV6040-100(265),126731919,남성,HO24,2024-10-10,2024-12-04,"119,000.00",10927,0,0.0,1,197601141185,0,0,0,0,0,0,1,0,0,0,0
나이키,신발(나이키),라이벌 플라이 4,FV6040-100,신발,270,FV6040-100(270),126731919,남성,HO24,2024-10-10,2024-12-04,"119,000.00",10928,0,0.0,1,197601140843,0,0,0,0,0,0,1,0,0,0,0
나이키,신발(나이키),라이벌 플라이 4,FV6040-100,신발,275,FV6040-100(275),126731919,남성,HO24,2024-10-10,2024-12-04,"119,000.00",10929,2,0.0,2,197601152006,0,0,0,0,0,0,2,0,0,0,0
나이키,신발(나이키),라이벌 플라이 4,FV6040-100,신발,280,FV6040-100(280),126731919,남성,HO24,2024-10-10,2024-12-04,"119,000.00",10930,4,0.0,4,197601150644,0,0,0,0,0,0,4,0,0,0,0
나이키,신발(나이키),라이벌 플라이 4,FV6040-100,신발,285,FV6040-100(285),126731919,남성,HO24,2024-10-10,2024-12-04,"119,000.00",10931,3,0.0,3,197601144360,0,0,0,0,0,0,3,0,0,0,0
나이키,의류(나이키),러닝 디비전 드라이핏 PKT 탱크탑,FV6382-478,의류,XL,FV6382-478(XL),123231311,여성,FA24,2024-08-29,2024-08-29,"85,000.00",4190,0,0.0,1,197596806502,0,0,0,0,0,0,1,0,0,0,0
나이키,의류(나이키),러닝 디비젼 리플렉티브 롱슬리브,FV6419-010,의류,L,FV6419-010(L),123766297,여성,HO24,2024-11-08,2024-11-08,"109,000.00",11636,0,0.0,1,197600332751,0,0,0,0,0,0,1,0,0,0,0
나이키,의류(나이키),드라이핏 IMP 라이트 윈드러너 킵초게,FV9607-121,의류,L,FV9607-121(L),123811803,남성,HO24,2024-10-25,2024-10-25,"159,000.00",11460,1,0.0,1,197601130110,0,0,0,0,0,0,1,0,0,0,0
나이키,의류(나이키),드라이핏 원 하이라이즈 7/8 타이즈,FV9621-010,의류,L,FV9621-010(L),123997174,여성,HO24,2024-10-18,2024-10-18,"65,000.00",11668,2,0.0,2,197600296138,0,0,0,0,0,0,2,0,0,0,0
나이키,의류(나이키),드라이핏 원 하이라이즈 7/8 타이즈,FV9621-010,의류,M,FV9621-010(M),123997174,여성,HO24,2024-10-18,2024-10-18,"65,000.00",11667,1,0.0,2,197600229990,0,0,0,0,0,0,2,0,0,0,0
나이키,의류(나이키),드라이핏 원 하이라이즈 7/8 타이즈,FV9621-010,의류,S,FV9621-010(S),123997174,여성,HO24,2024-10-18,2024-10-18,"65,000.00",11666,2,0.0,2,197600352230,0,0,0,0,0,0,2,0,0,0,0
나이키,의류(나이키),드라이핏 트레일 스트라이드 MB 쇼츠 7인치 브리프라인드 쇼츠,FV9950-247,의류,S,FV9950-247(S),123229788,남성,FA24,2024-08-05,2024-08-05,"79,000.00",4059,10,0.0,11,197596335668,0,0,0,0,1,10,0,0,0,0,0
나이키,의류(나이키),드라이핏 트레일 미드레이어 하프집업,FV9995-247,의류,L,FV9995-247(L),123229774,남성,FA24,2024-08-12,2024-08-12,"99,000.00",3853,0,0.0,4,197599054412,0,0,0,0,4,0,0,0,0,0,0
나이키,의류(나이키),드라이핏 트레일 미드레이어 하프집업,FV9995-247,의류,M,FV9995-247(M),123229774,남성,FA24,2024-08-12,2024-08-12,"99,000.00",3852,0,0.0,3,197599049708,0,0,0,0,3,0,0,0,0,0,0
나이키,의류(나이키),드라이핏 트레일 미드레이어 하프집업,FV9995-247,의류,XL,FV9995-247(XL),123229774,남성,FA24,2024-08-12,2024-08-12,"99,000.00",3854,0,0.0,7,197599053750,0,0,0,0,7,0,0,0,0,0,0
나이키,의류(나이키),드라이핏 트레일 미드레이어 하프집업,FV9995-247,의류,XXL,FV9995-247(XXL),123229774,남성,FA24,2024-08-12,2024-08-12,"99,000.00",3855,2,0.0,2,197599052333,0,0,0,0,0,2,0,0,0,0,0
나이키,의류(나이키),써마핏 프리마로프트 트레일 베스트,FZ0002-716,의류,XXL,FZ0002-716(XXL),123766267,남성,HO24,2024-11-08,2024-11-08,"189,000.00",11430,0,0.0,1,197601089234,0,0,0,0,0,0,1,0,0,0,0
나이키,의류(나이키),써마핏 프리마로프트 트레일 자켓,FZ0004-716,의류,XXL,FZ0004-716(XXL),123766252,남성,HO24,2024-12-18,2024-12-18,"259,000.00",11398,1,0.0,1,197598912089,0,0,0,0,0,0,1,0,0,0,0
나이키,의류(나이키),고 하이라이즈 7/8 타이즈,FZ0006-010,의류,L,FZ0006-010(L),123997175,여성,HO24,2024-11-08,2024-11-08,"139,000.00",11660,1,0.0,4,197600273856,0,0,0,1,2,1,0,0,0,0,0
나이키,의류(나이키),고 하이라이즈 7/8 타이즈,FZ0006-010,의류,M,FZ0006-010(M),123997175,여성,HO24,2024-11-08,2024-11-08,"139,000.00",11659,1,0.0,3,197600395763,0,0,0,1,1,1,0,0,0,0,0
나이키,의류(나이키),고 하이라이즈 7/8 타이즈,FZ0006-010,의류,S,FZ0006-010(S),123997175,여성,HO24,2024-11-08,2024-11-08,"139,000.00",11658,6,0.0,9,197600369443,0,0,0,1,2,6,0,0,0,0,0
나이키,의류(나이키),드라이핏 러닝 디비전 스트라이드 5인치 브리프라인드 쇼츠,FZ0612-010,의류,L,FZ0612-010(L),123229787,남성,FA24,2024-07-04,2024-07-04,"89,000.00",4045,0,0.0,0,197596226744,0,0,0,0,0,0,0,1,0,0,0
나이키,의류(나이키),드라이핏 라이즈 365 런 에너지 숏슬리브탑,FZ1081-809,의류,XL,FZ1081-809(XL),123231307,남성,FA24,2024-08-05,2024-08-05,"69,000.00",3934,2,0.0,2,197599610601,0,0,0,0,0,2,0,0,0,0,0
나이키,의류(나이키),드라이핏 라이즈 365 런 에너지 숏슬리브탑,FZ1081-809,의류,XXL,FZ1081-809(XXL),123231307,남성,FA24,2024-08-05,2024-08-05,"69,000.00",3935,1,0.0,1,197596345551,0,0,0,0,0,1,0,0,0,0,0
나이키,의류(나이키),써마핏 리펠 엘리멘트 집업,FZ1116-370,의류,L,FZ1116-370(L),123766116,남성,HO24,2024-11-08,2024-11-08,"129,000.00",11476,1,0.0,1,197601056854,0,0,0,0,0,1,0,0,0,0,0
나이키,의류(나이키),써마핏 리펠 엘리멘트 집업,FZ1116-370,의류,M,FZ1116-370(M),123766116,남성,HO24,2024-11-08,2024-11-08,"129,000.00",11475,0,0.0,0,197601082013,0,0,0,0,0,0,0,1,0,0,0
나이키,의류(나이키),써마핏 리펠 엘리멘트 집업,FZ1116-370,의류,XL,FZ1116-370(XL),123766116,남성,HO24,2024-11-08,2024-11-08,"129,000.00",11477,1,0.0,1,197601074919,0,0,0,0,0,1,0,0,0,0,0
나이키,의류(나이키),드라이핏 러닝 디비젼 4인치 2in1 쇼츠,FZ1124-035,의류,L,FZ1124-035(L),123766134,남성,HO24,2024-11-08,2024-11-08,"119,000.00",11548,0,0.0,1,197601026529,0,0,0,0,1,0,0,0,0,0,0
나이키,의류(나이키),드라이핏 러닝 디비젼 4인치 2in1 쇼츠,FZ1124-035,의류,XXL,FZ1124-035(XXL),123766134,남성,HO24,2024-11-08,2024-11-08,"119,000.00",11550,1,0.0,1,197601052726,0,0,0,0,0,1,0,0,0,0,0
나이키,의류(나이키),써마핏 러닝디비젼 베스트,FZ1132-035,의류,M,FZ1132-035(M),123766113,남성,HO24,2024-12-04,2024-12-04,"179,000.00",11435,0,0.0,0,197601592031,0,0,0,0,0,0,0,1,0,0,0
나이키,신발(나이키),페가수스 41 PRM,FZ1626-500,신발,230,FZ1626-500(230),123946292,여성,HO24,2024-11-08,2024-11-08,"169,000.00",11298,4,0.0,4,197601528160,0,0,0,0,0,4,0,0,0,0,0
나이키,신발(나이키),페가수스 41 PRM,FZ1626-500,신발,235,FZ1626-500(235),123946292,여성,HO24,2024-11-08,2024-11-08,"169,000.00",11299,3,0.0,3,197601527897,0,0,0,0,0,3,0,0,0,0,0
나이키,신발(나이키),페가수스 41 PRM,FZ1626-500,신발,240,FZ1626-500(240),123946292,여성,HO24,2024-11-08,2024-11-08,"169,000.00",11300,6,0.0,6,197601527590,0,0,0,0,0,6,0,0,0,0,0
나이키,신발(나이키),페가수스 41 PRM,FZ1626-500,신발,245,FZ1626-500(245),123946292,여성,HO24,2024-11-08,2024-11-08,"169,000.00",11301,3,0.0,3,197601527811,0,0,0,0,0,3,0,0,0,0,0
나이키,신발(나이키),페가수스 41 PRM,FZ1626-500,신발,250,FZ1626-500(250),123946292,여성,HO24,2024-11-08,2024-11-08,"169,000.00",11302,4,0.0,4,197601528023,0,0,0,0,0,4,0,0,0,0,0
나이키ACC,용품(나이키ACC),드라이 핏 경량 글로브,FZ5763-157,용품,M,FZ5763-157(M),127483131,공용,HO24,2024-11-29,2024-12-12,"59,000.00",12648,0,0.0,2,197601541510,0,0,0,0,1,1,0,0,0,0,0
나이키ACC,용품(나이키ACC),드라이 핏 경량 글로브,FZ5763-157,용품,S,FZ5763-157(S),127483131,공용,HO24,2024-11-29,2024-12-12,"59,000.00",12647,40,0.0,40,197601541343,0,0,0,0,0,40,0,0,0,0,0
나이키ACC,용품(나이키ACC),ACG DF LW GLOVE SAFETY,FZ5763-871,용품,L,FZ5763-871(L),,공용,HO25,2025-12-10,2025-12-10,"59,000.00",27657,0,0.0,21,198485518223,0,0,0,0,21,0,0,0,0,0,0
나이키ACC,용품(나이키ACC),ACG DF LW GLOVE SAFETY,FZ5763-871,용품,M,FZ5763-871(M),,공용,HO25,2025-12-10,2025-12-10,"59,000.00",27656,0,0.0,26,198485539846,0,0,0,0,26,0,0,0,0,0,0
나이키ACC,용품(나이키ACC),ACG DF LW GLOVE SAFETY,FZ5763-871,용품,S,FZ5763-871(S),,공용,HO25,2025-12-10,2025-12-10,"59,000.00",27655,0,0.0,19,198485521964,0,0,0,0,19,0,0,0,0,0,0
나이키,신발(나이키),드래곤플라이 2 엘리트,FZ9315-100,신발,240,FZ9315-100(240),,남성,HO25,2025-11-27,2025-11-27,"219,000.00",25634,1,0.0,1,198483680687 ,0,0,0,0,0,1,0,0,0,0,0
골드윈,의류(골드윈),임팩트 에어 카고 하프 타이츠,GC15152-BLACK,의류,S,GC15152-BLACK(S),133427044,남성,26SS,2026-04-21,2026-04-21,"160,000.00",34390,0,0.0,1,4571657118715,0,0,0,1,0,0,0,0,0,0,0
골드윈,의류(골드윈),임팩트 에어 카고 하프 타이츠,GC15152-BLACK,의류,XL,GC15152-BLACK(XL),133427044,남성,26SS,2026-04-21,2026-04-21,"160,000.00",34393,0,0.0,1,4571657118746,0,0,0,1,0,0,0,0,0,0,0
골드윈,용품(골드윈),C3fit 아치 서포트 쿼터 삭스,GC23301-BLACK,용품,2,GC23301-BLACK(2),133513152,공용,26SS,2026-03-17,2026-04-21,"24,000.00",32132,0,0.0,2,4580777871172,0,0,0,2,0,0,0,0,0,0,0
골드윈,용품(골드윈),C3fit 아치 서포트 쿼터 삭스,GC23301-BLACK,용품,3,GC23301-BLACK(3),133513152,공용,26SS,2026-03-17,2026-04-21,"24,000.00",32133,0,0.0,2,4580777871189,0,0,0,2,0,0,0,0,0,0,0
골드윈,용품(골드윈),C3fit 아치 서포트 쿼터 삭스,GC23301-WHITE,용품,2,GC23301-WHITE(2),133513154,공용,26SS,2026-03-17,2026-04-21,"24,000.00",32149,0,0.0,2,4580777871233,0,0,0,2,0,0,0,0,0,0,0
골드윈,용품(골드윈),C3fit 아치 서포트 쿼터 삭스,GC23301-WHITE,용품,3,GC23301-WHITE(3),133513154,공용,26SS,2026-03-17,2026-04-21,"24,000.00",32150,0,0.0,2,4580777871240,0,0,0,2,0,0,0,0,0,0,0
골드윈,용품(골드윈),페이퍼 파이버 타비 쿼터 삭스,GC25105-BLACK,용품,3,GC25105-BLACK(3),133513149,공용,26SS,2026-03-17,2026-04-21,"38,000.00",32184,0,0.0,2,4571657120138,0,0,0,2,0,0,0,0,0,0,0
골드윈,용품(골드윈),페이퍼 파이버 타비 쿼터 삭스,GC25105-OFF WHITE,용품,2,GC25105-OFF WHITE(2),133513150,공용,26SS,2026-03-17,2026-04-21,"38,000.00",32166,0,0.0,2,4571657120169,0,0,0,2,0,0,0,0,0,0,0
골드윈,의류(골드윈),에어리 셸 패커블 윈드 자켓,GM16124,의류,3,GM16124(3),133092102,남성,26SS,2026-03-09,2026-03-09,"390,000.00",31949,0,0.0,2,4571657942020,0,0,0,1,1,0,0,0,0,0,0
골드윈,의류(골드윈),에어리 셸 패커블 윈드 자켓,GM16124,의류,4,GM16124(4),133092102,남성,26SS,2026-03-09,2026-03-09,"390,000.00",31950,0,0.0,1,4571657942037,0,0,0,0,1,0,0,0,0,0,0
골드윈,의류(골드윈),에어리 셸 패커블 윈드 자켓,GM16124,의류,5,GM16124(5),133092102,남성,26SS,2026-03-09,2026-03-09,"390,000.00",31951,1,0.0,1,,0,0,0,0,0,1,0,0,0,0,0
골드윈,의류(골드윈),듀얼 레이어드 롱슬리브 후디,GM35323,의류,3,GM35323(3),133092100,남성,26SS,2026-03-09,2026-03-09,"264,000.00",31962,0,0.0,1,4571657465352,0,0,0,0,1,0,0,0,0,0,0
골드윈,의류(골드윈),듀얼 레이어드 롱슬리브 후디,GM35323,의류,4,GM35323(4),133092100,남성,26SS,2026-03-09,2026-03-09,"264,000.00",31963,0,0.0,1,4571657465369,0,0,0,0,1,0,0,0,0,0,0
골드윈,의류(골드윈),워프 드라이 티셔츠,GM66102-EBONY GRAY,의류,1,GM66102-EBONY GRAY(1),133217554,남성,26SS,2026-03-17,2026-02-25,"160,000.00",32092,1,0.0,1,,0,0,0,0,0,0,0,0,0,1,0
골드윈,의류(골드윈),워프 드라이 티셔츠,GM66102-EBONY GRAY,의류,2,GM66102-EBONY GRAY(2),133217554,남성,26SS,2026-03-17,2026-02-25,"160,000.00",32093,2,0.0,3,,0,0,0,0,0,1,0,0,0,2,0
골드윈,의류(골드윈),워프 드라이 티셔츠,GM66102-EBONY GRAY,의류,3,GM66102-EBONY GRAY(3),133217554,남성,26SS,2026-03-17,2026-02-25,"160,000.00",32094,3,0.0,3,,0,0,0,0,0,1,0,0,0,2,0
골드윈,의류(골드윈),워프 드라이 티셔츠,GM66102-EBONY GRAY,의류,4,GM66102-EBONY GRAY(4),133217554,남성,26SS,2026-03-17,2026-02-25,"160,000.00",32095,2,0.0,1,,0,0,0,0,0,0,0,0,0,1,0
골드윈,의류(골드윈),워프 드라이 티셔츠,GM66102-SLEET GRAY,의류,1,GM66102-SLEET GRAY(1),133217530,남성,26SS,2026-03-17,2026-02-25,"160,000.00",32079,1,0.0,1,,0,0,0,0,0,1,0,0,0,0,0
골드윈,의류(골드윈),워프 드라이 티셔츠,GM66102-SLEET GRAY,의류,2,GM66102-SLEET GRAY(2),133217530,남성,26SS,2026-03-17,2026-02-25,"160,000.00",32080,1,0.0,1,,0,0,0,0,0,1,0,0,0,0,0
골드윈,의류(골드윈),워프 드라이 티셔츠,GM66102-SLEET GRAY,의류,4,GM66102-SLEET GRAY(4),133217530,남성,26SS,2026-03-17,2026-02-25,"160,000.00",32082,1,0.0,1,,0,0,0,0,0,1,0,0,0,0,0
골드윈,의류(골드윈),워프 드라이 티셔츠,GM66102-SLEET GRAY,의류,5,GM66102-SLEET GRAY(5),133217530,남성,26SS,2026-03-17,2026-02-25,"160,000.00",32083,1,0.0,1,,0,0,0,0,0,1,0,0,0,0,0
골드윈,의류(골드윈),와플 드라이 티셔츠,GM66119,의류,1,GM66119(1),133094122,남성,26SS,2026-03-09,2026-03-09,"120,000.00",31973,1,0.0,1,,0,0,0,0,0,1,0,0,0,0,0
골드윈,의류(골드윈),와플 드라이 티셔츠,GM66119,의류,2,GM66119(2),133094122,남성,26SS,2026-03-09,2026-03-09,"120,000.00",31974,0,0.0,1,4571657945021,0,0,0,0,1,0,0,0,0,0,0
골드윈,의류(골드윈),와플 드라이 티셔츠,GM66119,의류,3,GM66119(3),133094122,남성,26SS,2026-03-09,2026-03-09,"120,000.00",31975,0,0.0,1,4571657945038,0,0,0,0,1,0,0,0,0,0,0
골드윈,의류(골드윈),와플 드라이 티셔츠,GM66119,의류,4,GM66119(4),133094122,남성,26SS,2026-03-09,2026-03-09,"120,000.00",31976,0,0.0,1,4571657945045,0,0,0,0,1,0,0,0,0,0,0
골드윈,의류(골드윈),에어 핏 스토리지 쇼츠,GM76159-BLACK,의류,L,GM76159-BLACK(L),133427017,남성,26SS,2026-04-21,2026-04-21,"248,000.00",34404,0,0.0,1,4571657946622,0,0,0,1,0,0,0,0,0,0,0
골드윈,의류(골드윈),에어 핏 스토리지 쇼츠,GM76159-BLACK,의류,M,GM76159-BLACK(M),133427017,남성,26SS,2026-04-21,2026-04-21,"248,000.00",34403,0,0.0,1,4571657946615,0,0,0,1,0,0,0,0,0,0,0
골드윈,의류(골드윈),에어 핏 스토리지 쇼츠,GM76159-BLACK,의류,S,GM76159-BLACK(S),133427017,남성,26SS,2026-04-21,2026-04-21,"248,000.00",34402,0,0.0,1,4571657946608,0,0,0,1,0,0,0,0,0,0,0
골드윈,의류(골드윈),에어 핏 스토리지 쇼츠,GM76159-BLACK,의류,XS,GM76159-BLACK(XS),133427017,남성,26SS,,,"248,000.00",34401,1,0.0,1,,0,0,0,0,0,1,0,0,0,0,0
골드윈,의류(골드윈),에어 핏 스토리지 쇼츠,GM76159-JET BROWN,의류,M,GM76159-JET BROWN(M),133427011,남성,26SS,2026-04-21,2026-04-21,"248,000.00",34415,0,0.0,1,4571657946660,0,0,0,1,0,0,0,0,0,0,0
골드윈,의류(골드윈),에어 핏 스토리지 쇼츠,GM76159-JET BROWN,의류,XS,GM76159-JET BROWN(XS),133427011,남성,26SS,,,"248,000.00",34413,1,0.0,1,,0,0,0,0,0,1,0,0,0,0,0
골드윈,용품(골드윈),유틸리티 젯 메쉬 캡,GM96183-BLACK,용품,1SIZE,GM96183-BLACK(1SIZE),133217223,공용,26SS,2026-03-17,2026-02-25,"98,000.00",32113,0,0.0,1,4571657946820,0,0,0,0,1,0,0,0,0,0,0
곤텍스,용품(곤텍스),곤텍스 1 (무지외반),GONTEX 1-Beige,용품,1SIZE,GONTEX 1-Beige(1SIZE),,공용,25SS,2025-02-03,2025-02-03,"9,800.00",16911,0,0.0,4,4582329043914,0,0,0,1,3,0,0,0,0,0,0
곤텍스,용품(곤텍스),곤텍스 1 (무지외반),GONTEX 1-Black,용품,1SIZE,GONTEX 1-Black(1SIZE),,공용,25SS,2025-02-03,2025-02-03,"9,800.00",16904,0,0.0,1,4582329043945,0,0,0,0,1,0,0,0,0,0,0
곤텍스,용품(곤텍스),곤텍스 2 (무릎),GONTEX ２-Beige,용품,1SIZE,GONTEX ２-Beige(1SIZE),,공용,25SS,2025-02-03,2025-02-03,"12,000.00",16932,0,0.0,1,4582329043013,0,0,0,0,1,0,0,0,0,0,0
곤텍스,용품(곤텍스),곤텍스 2 (무릎),GONTEX ２-Blue,용품,1SIZE,GONTEX ２-Blue(1SIZE),,공용,25SS,2025-02-03,2025-02-03,"12,000.00",16946,0,0.0,2,4582329043051,0,0,0,0,2,0,0,0,0,0,0
곤텍스,용품(곤텍스),곤텍스 2 (무릎),GONTEX ２-Leopard,용품,1SIZE,GONTEX ２-Leopard(1SIZE),,공용,25SS,2025-02-03,2025-02-03,"12,000.00",16925,0,0.0,3,4582329043891,0,0,0,1,2,0,0,0,0,0,0
곤텍스,용품(곤텍스),곤텍스 2 (무릎),GONTEX ２-Military,용품,1SIZE,GONTEX ２-Military(1SIZE),,공용,25SS,2025-02-03,2025-02-03,"12,000.00",16918,0,0.0,5,4582329043990,0,0,0,2,3,0,0,0,0,0,0
곤텍스,용품(곤텍스),곤텍스 2 (무릎),GONTEX ２-Zebra,용품,1SIZE,GONTEX ２-Zebra(1SIZE),,공용,25SS,2025-02-03,2025-02-03,"12,000.00",16939,0,0.0,2,4582329048063,0,0,0,0,2,0,0,0,0,0,0
곤텍스,용품(곤텍스),곤텍스 3 (발목),GONTEX 3-Beige,용품,1SIZE,GONTEX 3-Beige(1SIZE),,공용,25SS,2025-02-03,2025-02-03,"13,500.00",16953,0,0.0,6,4582329043938,0,0,0,5,1,0,0,0,0,0,0
곤텍스,용품(곤텍스),곤텍스 3 (발목),GONTEX 3-Blue,용품,1SIZE,GONTEX 3-Blue(1SIZE),,공용,25SS,2025-02-03,2025-02-03,"13,500.00",16960,0,0.0,2,4582329043976,0,0,0,1,1,0,0,0,0,0,0
곤텍스,용품(곤텍스),곤텍스 4 (발바닥),GONTEX ４-Blue,용품,1SIZE,GONTEX ４-Blue(1SIZE),,공용,25SS,2025-02-03,2025-02-03,"11,000.00",16974,0,0.0,3,4582329046939,0,0,0,1,2,0,0,0,0,0,0
곤텍스,용품(곤텍스),곤텍스 4 (발바닥),GONTEX ４-Leopard,용품,1SIZE,GONTEX ４-Leopard(1SIZE),,공용,25SS,2025-02-03,2025-02-03,"11,000.00",16967,0,0.0,4,4582329043853,0,0,0,1,3,0,0,0,0,0,0
곤텍스,용품(곤텍스),곤텍스 5 (하산전용 무릎),GONTEX ５-Beige,용품,1SIZE,GONTEX ５-Beige(1SIZE),,공용,25SS,2025-02-03,2025-02-03,"12,000.00",16988,0,0.0,6,4582329046311,0,0,0,3,3,0,0,0,0,0,0
곤텍스,용품(곤텍스),곤텍스 5 (하산전용 무릎),GONTEX ５-Blue,용품,1SIZE,GONTEX ５-Blue(1SIZE),,공용,25SS,2025-02-03,2025-02-03,"12,000.00",16981,0,0.0,6,4582329046335,0,0,0,2,4,0,0,0,0,0,0
곤텍스,용품(곤텍스),곤텍스 5 (하산전용 무릎),GONTEX ５-Leopard,용품,1SIZE,GONTEX ５-Leopard(1SIZE),,공용,25SS,2025-02-03,2025-02-03,"12,000.00",17072,0,0.0,10,4582329046359,0,0,0,2,8,0,0,0,0,0,0
곤텍스,용품(곤텍스),곤텍스 5 (하산전용 무릎),GONTEX ５-Military,용품,1SIZE,GONTEX ５-Military(1SIZE),,공용,25SS,2025-02-03,2025-02-03,"12,000.00",16995,0,0.0,7,4582329046397,0,0,0,0,7,0,0,0,0,0,0
곤텍스,용품(곤텍스),곤텍스 5 (하산전용 무릎),GONTEX ５-Zebra,용품,1SIZE,GONTEX ５-Zebra(1SIZE),,공용,25SS,2025-02-03,2025-02-03,"12,000.00",17002,0,0.0,5,4582329048070,0,0,0,1,4,0,0,0,0,0,0
곤텍스,용품(곤텍스),곤텍스 멀티컬러 테이프 5cm,GONTEX Multicolor Tape 5cm-Beige,용품,1SIZE,GONTEX Multicolor Tape 5cm-Beige(1SIZE),,공용,25SS,2025-02-03,2025-02-03,"13,500.00",17009,3,0.0,5,4582329042115,0,0,0,0,2,3,0,0,0,0,0
곤텍스,용품(곤텍스),곤텍스 멀티컬러 테이프 5cm,GONTEX Multicolor Tape 5cm-Blue,용품,1SIZE,GONTEX Multicolor Tape 5cm-Blue(1SIZE),,공용,25SS,2025-02-03,2025-02-03,"13,500.00",17016,3,0.0,5,4582329042139,0,0,0,0,2,3,0,0,0,0,0
곤텍스,용품(곤텍스),곤텍스 멀티컬러 테이프 5cm,GONTEX Multicolor Tape 5cm-Leopard,용품,1SIZE,GONTEX Multicolor Tape 5cm-Leopard(1SIZE),,공용,25SS,2025-02-03,2025-02-03,"13,500.00",17023,3,0.0,3,4582329042894,0,0,0,0,0,3,0,0,0,0,0
곤텍스,용품(곤텍스),곤텍스 멀티컬러 테이프 5cm,GONTEX Multicolor Tape 5cm-Military,용품,1SIZE,GONTEX Multicolor Tape 5cm-Military(1SIZE),,공용,25SS,2025-02-03,2025-02-03,"13,500.00",17030,3,0.0,3,4582329042191,0,0,0,0,0,3,0,0,0,0,0
곤텍스,용품(곤텍스),곤텍스 멀티컬러 테이프 5cm,GONTEX Multicolor Tape 5cm-Zebra,용품,1SIZE,GONTEX Multicolor Tape 5cm-Zebra(1SIZE),,공용,25SS,2025-02-03,2025-02-03,"13,500.00",17044,3,0.0,3,4582329042696,0,0,0,0,0,3,0,0,0,0,0
나이키,용품(나이키),트레일 러닝 크루 삭스,HF0854-010,용품,L,HF0854-010(L),126731926,공용,SP25,,,"29,000.00",14588,20,0.0,20,197600415638,0,0,0,0,0,17,0,0,0,0,0
나이키,용품(나이키),트레일 러닝 크루 삭스,HF0854-010,용품,L,HF0854-010(L),126731926,공용,SU25,2025-04-23,2025-04-23,"29,000.00",14588,20,0.0,20,197600415638,0,0,0,0,0,3,0,0,0,0,0
나이키,용품(나이키),트레일 러닝 크루 삭스,HF0854-010,용품,M,HF0854-010(M),126731926,공용,SU25,2025-04-23,2025-04-23,"29,000.00",14587,0,0.0,1,197600410558,0,0,0,0,1,0,0,0,0,0,0
나이키,신발(나이키),페가수스 41 프리퀄,HF4300-100,신발,260,HF4300-100(260),123229809,남성,FA24,2024-08-26,2024-08-26,"159,000.00",4360,0,0.0,0,197593776884,0,0,0,0,0,0,0,1,0,0,0
나이키,신발(나이키),울트라플라이 2,HF5668-101,신발,255,HF5668-101(255),133315662,남성,SU26,2026-04-03,2026-04-03,"319,000.00",33456,0,0.0,1,198961628804,0,0,0,1,0,0,0,0,0,0,0
나이키,신발(나이키),울트라플라이 2,HF5668-101,신발,260,HF5668-101(260),133315662,남성,SU26,2026-04-03,2026-04-03,"319,000.00",33457,1,0.0,0,198961619604,0,0,0,0,0,0,0,2,0,0,0
나이키,신발(나이키),울트라플라이 2,HF5668-101,신발,270,HF5668-101(270),133315662,남성,SU26,2026-04-03,2026-04-03,"319,000.00",33459,0,0.0,1,198961618447,0,0,0,1,0,0,0,0,0,0,0
나이키,신발(나이키),울트라플라이 2,HF5668-101,신발,280,HF5668-101(280),133315662,남성,SU26,2026-04-03,2026-04-03,"319,000.00",33461,0,0.0,2,198961607205,0,0,0,2,0,0,0,0,0,0,0
나이키,신발(나이키),울트라플라이 2,HF5668-101,신발,285,HF5668-101(285),133315662,남성,SU26,2026-04-03,2026-04-03,"319,000.00",33462,0,0.0,1,198961613473,0,0,0,1,0,0,0,0,0,0,0
나이키,신발(나이키),울트라플라이 2,HF5668-101,신발,290,HF5668-101(290),133315662,남성,SU26,2026-04-03,2026-04-03,"319,000.00",33463,0,0.0,0,198961606895,0,0,0,0,0,0,0,1,0,0,0
나이키,신발(나이키),ACG 울트라플라이,HF5668-300,신발,250,HF5668-300(250),136419189,남성,FA26,2026-07-30,2026-07-30,"319,000.00",38754,1,0.0,3,198959929487,0,0,0,1,1,1,0,0,0,0,0
나이키,신발(나이키),ACG 울트라플라이,HF5668-300,신발,255,HF5668-300(255),136419189,남성,FA26,2026-07-30,2026-07-30,"319,000.00",38755,4,0.0,6,198959900899,0,0,0,1,1,4,0,0,0,0,0
나이키,신발(나이키),ACG 울트라플라이,HF5668-300,신발,260,HF5668-300(260),136419189,남성,FA26,2026-07-30,2026-07-30,"319,000.00",38756,4,0.0,9,198959763982,0,0,0,3,2,4,0,0,0,0,0
나이키,신발(나이키),ACG 울트라플라이,HF5668-300,신발,265,HF5668-300(265),136419189,남성,FA26,2026-07-30,2026-07-30,"319,000.00",38757,5,0.0,13,198959760608,0,0,0,5,3,5,0,0,0,0,0
나이키,신발(나이키),ACG 울트라플라이,HF5668-300,신발,270,HF5668-300(270),136419189,남성,FA26,2026-07-30,2026-07-30,"319,000.00",38758,9,0.0,18,198959991224,0,0,0,5,4,9,0,0,0,0,0
나이키,신발(나이키),ACG 울트라플라이,HF5668-300,신발,275,HF5668-300(275),136419189,남성,FA26,2026-07-30,2026-07-30,"319,000.00",38759,5,0.0,10,198959943742,0,0,0,3,2,5,0,0,0,0,0
나이키,신발(나이키),ACG 울트라플라이,HF5668-300,신발,280,HF5668-300(280),136419189,남성,FA26,2026-07-30,2026-07-30,"319,000.00",38760,4,0.0,9,198959929302,0,0,0,3,2,4,0,0,0,0,0
나이키,신발(나이키),ACG 울트라플라이,HF5668-300,신발,285,HF5668-300(285),136419189,남성,FA26,2026-07-30,2026-07-30,"319,000.00",38761,2,0.0,5,198959996434,0,0,0,2,1,2,0,0,0,0,0
나이키,신발(나이키),ACG 울트라플라이,HF5668-300,신발,290,HF5668-300(290),136419189,남성,FA26,2026-07-30,2026-07-30,"319,000.00",38762,1,0.0,2,198959911581,0,0,0,1,0,1,0,0,0,0,0
나이키,신발(나이키),ACG 울트라플라이,HF5668-600,신발,250,HF5668-600(250),135510536,남성,FA26,2026-07-07,2026-07-07,"319,000.00",38733,1,0.0,3,198959982024,0,0,0,1,1,1,0,0,0,0,0
나이키,신발(나이키),ACG 울트라플라이,HF5668-600,신발,255,HF5668-600(255),135510536,남성,FA26,2026-07-07,2026-07-07,"319,000.00",38734,3,0.0,5,198959937277,0,0,0,1,1,3,0,0,0,0,0
나이키,신발(나이키),ACG 울트라플라이,HF5668-600,신발,260,HF5668-600(260),135510536,남성,FA26,2026-07-07,2026-07-07,"319,000.00",38735,6,0.0,9,198959965218,0,0,0,1,2,6,0,0,0,0,0
나이키,신발(나이키),ACG 울트라플라이,HF5668-600,신발,265,HF5668-600(265),135510536,남성,FA26,2026-07-07,2026-07-07,"319,000.00",38736,9,0.0,13,198959961166,0,0,0,1,3,9,0,0,0,0,0
나이키,신발(나이키),ACG 울트라플라이,HF5668-600,신발,270,HF5668-600(270),135510536,남성,FA26,2026-07-07,2026-07-07,"319,000.00",38737,10,0.0,16,198959919525,0,0,0,2,4,10,0,0,0,0,0
나이키,신발(나이키),ACG 울트라플라이,HF5668-600,신발,275,HF5668-600(275),135510536,남성,FA26,2026-07-07,2026-07-07,"319,000.00",38738,6,0.0,9,198959965225,0,0,0,1,2,6,0,0,0,0,0
나이키,신발(나이키),ACG 울트라플라이,HF5668-600,신발,280,HF5668-600(280),135510536,남성,FA26,2026-07-07,2026-07-07,"319,000.00",38739,6,0.0,8,198959932111,0,0,0,1,1,6,0,0,0,0,0
나이키,신발(나이키),ACG 울트라플라이,HF5668-600,신발,285,HF5668-600(285),135510536,남성,FA26,2026-07-07,2026-07-07,"319,000.00",38740,4,0.0,6,198959704046,0,0,0,1,1,4,0,0,0,0,0
나이키,신발(나이키),ACG 울트라플라이,HF5668-600,신발,290,HF5668-600(290),135510536,남성,FA26,2026-07-07,2026-07-07,"319,000.00",38741,0,0.0,2,198959775473,0,0,0,1,1,0,0,0,0,0,0
나이키,신발(나이키),ACG 울트라플라이,HF5668-600,신발,300,HF5668-600(300),135510536,남성,FA26,2026-07-07,2026-07-07,"319,000.00",38743,1,0.0,1,198959920613,0,0,0,0,0,1,0,0,0,0,0
나이키,신발(나이키),울트라플라이 2,HF5668-801,신발,250,HF5668-801(250),132644501,남성,SP26,2026-01-22,2026-01-22,"319,000.00",28971,0,0.0,1,198487999075,0,0,0,0,1,0,0,0,0,0,0
나이키,신발(나이키),울트라플라이 2,HF5668-801,신발,255,HF5668-801(255),132644501,남성,SP26,2026-01-22,2026-01-22,"319,000.00",28972,0,0.0,2,198487995688,0,0,0,0,2,0,0,0,0,0,0
나이키,신발(나이키),울트라플라이 2,HF5668-801,신발,260,HF5668-801(260),132644501,남성,SP26,2026-01-22,2026-01-22,"319,000.00",28973,1,0.0,8,198487995374,0,0,0,1,6,1,0,0,0,0,0
나이키,신발(나이키),울트라플라이 2,HF5668-801,신발,265,HF5668-801(265),132644501,남성,SP26,2026-01-22,2026-01-22,"319,000.00",28974,0,0.0,6,198488000923,0,0,0,1,5,0,0,0,0,0,0
나이키,신발(나이키),울트라플라이 2,HF5668-801,신발,270,HF5668-801(270),132644501,남성,SP26,2026-01-22,2026-01-22,"319,000.00",28975,0,0.0,9,198487990980,0,0,0,1,8,0,0,0,0,0,0
나이키,신발(나이키),울트라플라이 2,HF5668-801,신발,275,HF5668-801(275),132644501,남성,SP26,2026-01-22,2026-01-22,"319,000.00",28976,0,0.0,4,198487993356,0,0,0,1,3,0,0,1,0,0,0
나이키,신발(나이키),울트라플라이 2,HF5668-801,신발,280,HF5668-801(280),132644501,남성,SP26,2026-01-22,2026-01-22,"319,000.00",28977,0,0.0,4,198487990584,0,0,0,2,2,0,0,0,0,0,0
나이키,신발(나이키),베이퍼플라이 4 프로토,HF6411-100,신발,230,HF6411-100(230),128609822,여성,SP25,2025-02-26,2025-02-26,"309,000.00",14363,0,0.0,1,197862161281,0,0,0,0,1,0,0,0,0,0,0
나이키,신발(나이키),베이퍼플라이 4,HF6412-001,신발,240,HF6412-001(240),129346613,여성,SU25,2025-04-04,2025-04-04,"309,000.00",18690,0,0.0,1,197863018300,0,0,0,0,1,0,0,0,0,0,0
나이키,신발(나이키),줌 X 베이퍼플라이 4,HF6412-503,신발,230,HF6412-503(230),132551808,여성,SP26,2026-01-12,2026-01-12,"309,000.00",28120,3,0.0,3,198726694570,0,0,0,0,0,3,0,0,0,0,0
나이키,신발(나이키),줌 X 베이퍼플라이 4,HF6412-503,신발,235,HF6412-503(235),132551808,여성,SP26,2026-01-12,2026-01-12,"309,000.00",28121,2,0.0,3,198726698202,0,0,0,1,0,2,0,0,0,0,0
나이키,신발(나이키),줌 X 베이퍼플라이 4,HF6412-503,신발,240,HF6412-503(240),132551808,여성,SP26,2026-01-12,2026-01-12,"309,000.00",28122,10,0.0,11,198726703289,0,0,0,1,0,10,0,0,0,0,0
나이키,신발(나이키),줌 X 베이퍼플라이 4,HF6412-503,신발,245,HF6412-503(245),132551808,여성,SP26,2026-01-12,2026-01-12,"309,000.00",28123,2,0.0,3,198726701599,0,0,0,1,0,2,0,0,0,0,0
나이키,신발(나이키),줌 X 베이퍼플라이 4,HF6412-503,신발,250,HF6412-503(250),132551808,여성,SP26,2026-01-12,2026-01-12,"309,000.00",28124,4,0.0,5,198726700127,0,0,0,1,0,4,0,0,0,0,0
나이키,신발(나이키),줌 X 베이퍼플라이 4,HF6412-503,신발,255,HF6412-503(255),132551808,여성,SP26,2026-01-12,2026-01-12,"309,000.00",28125,1,0.0,2,198726695119,0,0,0,1,0,1,0,0,0,0,0
나이키,신발(나이키),줌 X 베이퍼플라이 4,HF6412-800,신발,230,HF6412-800(230),132642934,여성,SP26,2026-01-27,2026-01-27,"309,000.00",28141,0,0.0,1,198726643233,0,0,0,0,1,0,0,0,0,0,0
나이키,신발(나이키),줌 X 베이퍼플라이 4,HF6412-800,신발,235,HF6412-800(235),132642934,여성,SP26,2026-01-27,2026-01-27,"309,000.00",28142,1,0.0,2,198726648726,0,0,0,0,1,1,0,0,0,0,0
나이키,신발(나이키),줌 X 베이퍼플라이 4,HF6412-800,신발,240,HF6412-800(240),132642934,여성,SP26,2026-01-27,2026-01-27,"309,000.00",28143,0,0.0,1,198726653362,0,0,0,0,1,0,0,0,0,0,0
나이키,신발(나이키),줌 X 베이퍼플라이 4,HF6412-800,신발,245,HF6412-800(245),132642934,여성,SP26,2026-01-27,2026-01-27,"309,000.00",28144,0,0.0,1,198726655687,0,0,0,0,1,0,0,0,0,0,0
나이키,신발(나이키),줌 X 베이퍼플라이 4,HF6412-800,신발,255,HF6412-800(255),132642934,여성,SP26,2026-01-27,2026-01-27,"309,000.00",28146,1,0.0,1,198726656004,0,0,0,0,0,1,0,0,0,0,0
나이키,신발(나이키),베이퍼플라이 4,HF6414-100,신발,280,HF6414-100(280),129805269,남성,SU25,2025-05-09,2025-06-13,"309,000.00",18341,1,0.0,1,197863021386,0,0,0,0,0,0,0,0,1,0,0
나이키,신발(나이키),베이퍼플라이 4,HF6414-100,신발,285,HF6414-100(285),129805269,남성,SU25,2025-05-09,2025-06-13,"309,000.00",18342,1,0.0,1,197863034553,0,0,0,0,0,0,0,0,1,0,0
나이키,신발(나이키),베이퍼플라이 4,HF6414-100,신발,290,HF6414-100(290),129805269,남성,SU25,2025-05-09,2025-06-13,"309,000.00",18343,1,0.0,1,197863018713,0,0,0,0,0,0,0,0,1,0,0
나이키,신발(나이키),베이퍼플라이 4,HF6414-300,신발,250,HF6414-300(250),133609996,남성,SU26,2026-05-14,2026-05-14,"309,000.00",32991,3,0.0,3,198729871886,0,0,0,0,0,3,0,0,0,0,0
나이키,신발(나이키),베이퍼플라이 4,HF6414-300,신발,255,HF6414-300(255),133609996,남성,SU26,2026-05-14,2026-05-14,"309,000.00",32992,5,0.0,5,198729754547,0,0,0,0,0,5,0,0,0,0,0
나이키,신발(나이키),베이퍼플라이 4,HF6414-300,신발,260,HF6414-300(260),133609996,남성,SU26,2026-05-14,2026-05-14,"309,000.00",32993,9,0.0,9,198729770035,0,0,0,0,0,9,0,0,0,0,0
나이키,신발(나이키),베이퍼플라이 4,HF6414-300,신발,265,HF6414-300(265),133609996,남성,SU26,2026-05-14,2026-05-14,"309,000.00",32994,10,0.0,10,198729726803,0,0,0,0,0,10,0,0,0,0,0
나이키,신발(나이키),베이퍼플라이 4,HF6414-300,신발,270,HF6414-300(270),133609996,남성,SU26,2026-05-14,2026-05-14,"309,000.00",32995,16,0.0,16,198729767424,0,0,0,0,0,16,0,0,0,0,0
나이키,신발(나이키),베이퍼플라이 4,HF6414-300,신발,275,HF6414-300(275),133609996,남성,SU26,2026-05-14,2026-05-14,"309,000.00",32996,12,0.0,12,198729868930,0,0,0,0,0,12,0,0,0,0,0
나이키,신발(나이키),베이퍼플라이 4,HF6414-300,신발,280,HF6414-300(280),133609996,남성,SU26,2026-05-14,2026-05-14,"309,000.00",32997,8,0.0,8,198729850287,0,0,0,0,0,8,0,0,0,0,0
나이키,신발(나이키),베이퍼플라이 4,HF6414-300,신발,285,HF6414-300(285),133609996,남성,SU26,2026-05-14,2026-05-14,"309,000.00",32998,4,0.0,4,198729717146,0,0,0,0,0,4,0,0,0,0,0
나이키,신발(나이키),베이퍼플라이 4,HF6414-300,신발,290,HF6414-300(290),133609996,남성,SU26,2026-05-14,2026-05-14,"309,000.00",32999,2,0.0,2,198729878731,0,0,0,0,0,2,0,0,0,0,0
나이키,신발(나이키),베이퍼플라이 4,HF6414-600,신발,265,HF6414-600(265),129668882,남성,SU25,2025-04-16,2025-04-16,"309,000.00",18359,1,0.0,1,197863040905,0,0,0,0,0,0,0,1,0,0,0
나이키,신발(나이키),베이퍼플라이 4,HF6414-600,신발,265,HF6414-600(265),129668882,남성,FA25,2025-08-22,2025-08-22,"309,000.00",18359,1,0.0,1,197863040905,0,0,0,0,0,1,0,0,0,0,0
나이키,신발(나이키),베이퍼플라이 4,HF6414-600,신발,270,HF6414-600(270),129668882,남성,SU25,2025-04-16,2025-04-16,"309,000.00",18360,1,0.0,2,197863039671,0,0,0,0,1,0,0,0,0,0,0
나이키,신발(나이키),베이퍼플라이 4,HF6414-600,신발,270,HF6414-600(270),129668882,남성,FA25,2025-08-22,2025-08-22,"309,000.00",18360,1,0.0,2,197863039671,0,0,0,0,0,1,0,0,0,0,0
나이키,신발(나이키),베이퍼플라이 4,HF6414-600,신발,280,HF6414-600(280),129668882,남성,SU25,2025-04-16,2025-04-16,"309,000.00",18362,1,0.0,1,197863040172,0,0,0,0,0,1,0,0,0,0,0
나이키,신발(나이키),줌 X 베이퍼플라이 4,HF6414-800,신발,255,HF6414-800(255),132642937,남성,SP26,2026-01-27,2026-01-27,"309,000.00",28020,0,0.0,2,198726646685,0,0,0,1,1,0,0,0,0,0,0
나이키,신발(나이키),줌 X 베이퍼플라이 4,HF6414-800,신발,260,HF6414-800(260),132642937,남성,SP26,2026-01-27,2026-01-27,"309,000.00",28021,0,0.0,2,198726647378,0,0,0,1,1,0,0,0,0,0,0
나이키,신발(나이키),줌 X 베이퍼플라이 4,HF6414-800,신발,265,HF6414-800(265),132642937,남성,SP26,2026-01-27,2026-01-27,"309,000.00",28022,0,0.0,2,198726653744,0,0,0,1,1,0,0,0,0,0,0
나이키,신발(나이키),줌 X 베이퍼플라이 4,HF6414-800,신발,270,HF6414-800(270),132642937,남성,SP26,2026-01-27,2026-01-27,"309,000.00",28023,0,0.0,2,198726648061,0,0,0,1,1,0,0,0,0,0,0
나이키,신발(나이키),줌 X 베이퍼플라이 4,HF6414-800,신발,275,HF6414-800(275),132642937,남성,SP26,2026-01-27,2026-01-27,"309,000.00",28024,0,0.0,1,198726648498,0,0,0,1,0,0,0,0,0,0,0
나이키,신발(나이키),줌 X 베이퍼플라이 4,HF6414-800,신발,280,HF6414-800(280),132642937,남성,SP26,2026-01-27,2026-01-27,"309,000.00",28025,0,0.0,1,198726651115,0,0,0,0,1,0,0,0,0,0,0
나이키,신발(나이키),줌 X 스트릭플라이 2,HF6416-401,신발,285,HF6416-401(285),131778989,남성,HO25,2025-09-29,2025-09-26,"219,000.00",25055,2,0.0,2,198486968638 ,0,0,0,0,0,2,0,0,0,0,0
나이키,신발(나이키),스트릭플라이 2,HF6416-600,신발,275,HF6416-600(275),,남성,FA25,2025-07-29,2025-07-29,"219,000.00",23813,0,0.0,1,197862881714,0,0,0,0,0,0,1,0,0,0,0
나이키,의류(나이키),에어로스위프트 BTC 남성 드라이 핏 ADV 러닝 싱글렛,HF6616-100,의류,XL,HF6616-100(XL),130346206,남성,SU25,2025-05-09,2025-05-09,"115,000.00",18866,0,0.0,40,197863815053,0,0,0,0,0,0,40,0,0,0,0
나이키,의류(나이키),러닝 디비젼 3인치 언라인드 리플렉티브 쇼츠,HF6929-011,의류,M,HF6929-011(M),123766144,여성,HO24,2024-10-25,2024-10-25,"89,000.00",11674,1,0.0,2,197600340800,0,0,0,0,0,0,2,0,0,0,0
나이키ACC,용품(나이키ACC),NIKE ZONED KNIT CALF SLEEVES SUMMIT WHITE/PHOTON DUST/BLACK,HF9391-123,용품,S/M,HF9391-123(S/M),,공용,SU25,,,"69,000.00",18138,2,0.0,4,197594728431,0,0,0,0,2,2,0,0,0,0,0
나이키ACC,용품(나이키ACC),트랙백팩,HF9418-080,용품,1SIZE,HF9418-080(1SIZE),123708923,공용,SU24,2024-04-25,2024-06-24,"139,000.00",2516,0,0.0,13,197594741508,0,0,0,0,1,0,0,0,0,0,0
나이키ACC,용품(나이키ACC),트랙백팩,HF9418-080,용품,1SIZE,HF9418-080(1SIZE),123708923,공용,HO25,2025-12-10,2025-12-10,"139,000.00",2516,0,0.0,13,197594741508,0,0,0,7,5,0,0,0,0,0,0
나이키,신발(나이키),스트럭처 26,HJ1101-004,신발,230,HJ1101-004(230),131779019,여성,HO25,2025-09-29,2025-09-26,"169,000.00",25990,0,0.0,1,198482470692 ,0,0,0,0,1,0,0,0,0,0,0
나이키,신발(나이키),스트럭처 26,HJ1101-004,신발,235,HJ1101-004(235),131779019,여성,HO25,2025-09-29,2025-09-26,"169,000.00",25991,0,0.0,2,198482505530 ,0,0,0,0,2,0,0,0,0,0,0
나이키,신발(나이키),스트럭처 26,HJ1101-004,신발,240,HJ1101-004(240),131779019,여성,HO25,2025-09-29,2025-09-26,"169,000.00",25992,0,0.0,1,198482480868 ,0,0,0,0,1,0,0,0,0,0,0
나이키,신발(나이키),스트럭처 26,HJ1101-004,신발,245,HJ1101-004(245),131779019,여성,HO25,2025-09-29,2025-09-26,"169,000.00",25993,0,0.0,1,198482434069 ,0,0,0,0,1,0,0,0,0,0,0
나이키,신발(나이키),스트럭처 26,HJ1101-105,신발,230,HJ1101-105(230),133063899,여성,SP26,2026-03-05,2026-03-05,"169,000.00",28634,0,0.0,2,198487992434,0,0,0,0,0,0,2,0,0,0,0
나이키,신발(나이키),스트럭처 26,HJ1101-105,신발,235,HJ1101-105(235),133063899,여성,SP26,2026-03-05,2026-03-05,"169,000.00",28635,0,0.0,3,198487991987,0,0,0,0,0,0,3,0,0,0,0
나이키,신발(나이키),스트럭처 26,HJ1101-105,신발,240,HJ1101-105(240),133063899,여성,SP26,2026-03-05,2026-03-05,"169,000.00",28636,0,0.0,4,198487991079,0,0,0,0,0,0,4,0,0,0,0
나이키,신발(나이키),스트럭처 26,HJ1101-105,신발,245,HJ1101-105(245),133063899,여성,SP26,2026-03-05,2026-03-05,"169,000.00",28637,1,0.0,3,198488000039,0,0,0,0,0,0,3,0,0,0,0
나이키,신발(나이키),스트럭처 26,HJ1101-105,신발,250,HJ1101-105(250),133063899,여성,SP26,2026-03-05,2026-03-05,"169,000.00",28638,0,0.0,2,198487998573,0,0,0,0,0,0,2,0,0,0,0
나이키,신발(나이키),스트럭처 26,HJ1101-500,신발,230,HJ1101-500(230),132803502,여성,SP26,2026-01-27,2026-01-28,"169,000.00",28655,0,0.0,2,198488792422,0,0,0,0,0,0,2,0,0,0,0
나이키,신발(나이키),스트럭처 26,HJ1101-500,신발,235,HJ1101-500(235),132803502,여성,SP26,2026-01-27,2026-01-28,"169,000.00",28656,0,0.0,3,198488717616,0,0,0,0,0,0,3,0,0,0,0
나이키,신발(나이키),스트럭처 26,HJ1101-500,신발,240,HJ1101-500(240),132803502,여성,SP26,2026-01-27,2026-01-28,"169,000.00",28657,0,0.0,4,198488773520,0,0,0,0,0,0,4,0,0,0,0
나이키,신발(나이키),스트럭처 26,HJ1101-500,신발,245,HJ1101-500(245),132803502,여성,SP26,2026-01-27,2026-01-28,"169,000.00",28658,3,0.0,3,198488790503,0,0,0,0,0,3,0,0,0,0,0
나이키,신발(나이키),스트럭처 26,HJ1101-500,신발,250,HJ1101-500(250),132803502,여성,SP26,2026-01-27,2026-01-28,"169,000.00",28659,1,0.0,1,198488773025,0,0,0,0,0,1,0,0,0,0,0
나이키,신발(나이키),스트럭처 26,HJ1101-500,신발,255,HJ1101-500(255),132803502,여성,SP26,2026-01-27,2026-01-28,"169,000.00",28660,1,0.0,1,198488737508,0,0,0,0,0,1,0,0,0,0,0
나이키,신발(나이키),스트럭처 26,HJ1101-607,신발,230,HJ1101-607(230),132551822,여성,SP26,2026-01-12,2026-01-12,"169,000.00",28676,0,0.0,2,198487994155,0,0,0,0,0,0,2,0,0,0,0
나이키,신발(나이키),스트럭처 26,HJ1101-607,신발,235,HJ1101-607(235),132551822,여성,SP26,2026-01-12,2026-01-12,"169,000.00",28677,0,0.0,3,198487996869,0,0,0,0,0,0,3,0,0,0,0
나이키,신발(나이키),스트럭처 26,HJ1101-607,신발,240,HJ1101-607(240),132551822,여성,SP26,2026-01-12,2026-01-12,"169,000.00",28678,0,0.0,3,198487994162,0,0,0,0,0,0,3,0,0,0,0
나이키,신발(나이키),스트럭처 26,HJ1101-607,신발,245,HJ1101-607(245),132551822,여성,SP26,2026-01-12,2026-01-12,"169,000.00",28679,0,0.0,3,198487991888,0,0,0,0,0,0,3,0,0,0,0
나이키,신발(나이키),스트럭처 26,HJ1101-607,신발,250,HJ1101-607(250),132551822,여성,SP26,2026-01-12,2026-01-12,"169,000.00",28680,0,0.0,2,198487999679,0,0,0,0,0,0,2,0,0,0,0
나이키,신발(나이키),스트럭처 26,HJ1102-106,신발,250,HJ1102-106(250),132551823,남성,SP26,2026-01-12,2026-01-12,"169,000.00",28491,1,0.0,1,198726622498,0,0,0,0,0,1,0,0,0,0,0
나이키,신발(나이키),스트럭처 26,HJ1102-106,신발,255,HJ1102-106(255),132551823,남성,SP26,2026-01-12,2026-01-12,"169,000.00",28492,0,0.0,1,198726622290,0,0,0,0,0,0,1,0,0,0,0
나이키,신발(나이키),스트럭처 26,HJ1102-106,신발,260,HJ1102-106(260),132551823,남성,SP26,2026-01-12,2026-01-12,"169,000.00",28493,0,0.0,2,198726627059,0,0,0,0,0,0,2,0,0,0,0
나이키,신발(나이키),스트럭처 26,HJ1102-106,신발,265,HJ1102-106(265),132551823,남성,SP26,2026-01-12,2026-01-12,"169,000.00",28494,0,0.0,4,198726630424,0,0,0,0,0,0,4,0,0,0,0
나이키,신발(나이키),스트럭처 26,HJ1102-106,신발,270,HJ1102-106(270),132551823,남성,SP26,2026-01-12,2026-01-12,"169,000.00",28495,1,0.0,5,198726623754,0,0,0,0,0,0,5,0,0,0,0
나이키,신발(나이키),스트럭처 26,HJ1102-106,신발,275,HJ1102-106(275),132551823,남성,SP26,2026-01-12,2026-01-12,"169,000.00",28496,0,0.0,3,198726623679,0,0,0,0,0,0,3,0,0,0,0
나이키,신발(나이키),스트럭처 26,HJ1102-106,신발,280,HJ1102-106(280),132551823,남성,SP26,2026-01-12,2026-01-12,"169,000.00",28497,0,0.0,2,198726621712,0,0,0,0,0,0,2,0,0,0,0
나이키,신발(나이키),스트럭처 26,HJ1102-106,신발,285,HJ1102-106(285),132551823,남성,SP26,2026-01-12,2026-01-12,"169,000.00",28498,0,0.0,1,198726616077,0,0,0,0,0,0,1,0,0,0,0
나이키,신발(나이키),스트럭처 26,HJ1102-300,신발,275,HJ1102-300(275),131962379,남성,HO25,2025-10-24,2025-10-24,"169,000.00",25410,0,0.0,1,198486892384 ,0,0,0,0,1,0,0,0,0,0,0
나이키,신발(나이키),스트럭처 26,HJ1102-300,신발,280,HJ1102-300(280),131962379,남성,HO25,2025-10-24,2025-10-24,"169,000.00",25411,0,0.0,1,198486926485 ,0,0,0,0,1,0,0,0,0,0,0
나이키,신발(나이키),스트럭처 26,HJ1102-300,신발,285,HJ1102-300(285),131962379,남성,HO25,2025-10-24,2025-10-24,"169,000.00",25412,0,0.0,1,198486888073 ,0,0,0,0,1,0,0,0,0,0,0
나이키,의류(나이키),러닝 디비전 리플렉티브 자켓,HJ2194-010,의류,M,HJ2194-010(M),124467431,여성,SP25,2025-01-23,2025-01-23,"185,000.00",14836,2,0.0,4,197859693610,0,0,0,1,1,2,0,0,0,0,0
나이키,의류(나이키),러닝 디비전 리플렉티브 자켓,HJ2194-010,의류,S,HJ2194-010(S),124467431,여성,SP25,2025-01-23,2025-01-23,"185,000.00",14835,0,0.0,2,197859678211,0,0,0,1,0,1,0,0,0,0,0
나이키,의류(나이키),러닝 디비전 리플렉티브 자켓,HJ2194-010,의류,XS,HJ2194-010(XS),124467431,여성,SP25,2025-01-23,2025-01-23,"185,000.00",14834,6,0.0,10,197859668304,0,0,0,3,1,6,0,0,0,0,0
나이키,의류(나이키),트레일 드라이 핏 집업 러닝 탑,HJ2249-856,의류,M,HJ2249-856(M),124467434,여성,SP25,2025-01-22,2025-01-22,"115,000.00",14868,3,0.0,4,197859672882,0,0,0,0,1,3,0,0,0,0,0
나이키,의류(나이키),트레일 드라이 핏 집업 러닝 탑,HJ2249-856,의류,S,HJ2249-856(S),124467434,여성,SP25,2025-01-22,2025-01-22,"115,000.00",14867,2,0.0,2,197859685578,0,0,0,0,0,2,0,0,0,0,0
나이키,의류(나이키),트레일 드라이 핏 집업 러닝 탑,HJ2249-856,의류,XS,HJ2249-856(XS),124467434,여성,SP25,2025-01-22,2025-01-22,"115,000.00",14866,9,0.0,9,197859666256,0,0,0,0,0,9,0,1,0,0,0
나이키,의류(나이키),트레일 리펠 자켓,HJ2251-010,의류,M,HJ2251-010(M),124467432,여성,SP25,2025-01-22,2025-01-22,"155,000.00",14844,0,0.0,1,197859701988,0,0,0,0,1,0,0,0,0,0,0
나이키,의류(나이키),트레일 리펠 자켓,HJ2251-010,의류,S,HJ2251-010(S),124467432,여성,SP25,2025-01-22,2025-01-22,"155,000.00",14843,0,0.0,1,197859673940,0,0,0,0,1,0,0,0,0,0,0
나이키,의류(나이키),트레일 리펠 자켓,HJ2251-010,의류,XS,HJ2251-010(XS),124467432,여성,SP25,2025-01-22,2025-01-22,"155,000.00",14842,8,0.0,10,197859699803,0,0,0,0,2,8,0,0,0,0,0
나이키,의류(나이키),트레일 리펠 자켓,HJ2251-030,의류,S,HJ2251-030(S),124467433,여성,SP25,2025-01-22,2025-01-22,"155,000.00",14851,0,0.0,1,197859688692,0,0,0,0,1,0,0,0,0,0,0
나이키,의류(나이키),트레일 리펠 자켓,HJ2251-030,의류,XS,HJ2251-030(XS),124467433,여성,SP25,2025-01-22,2025-01-22,"155,000.00",14850,0,0.0,1,197859703753,0,0,0,0,1,0,0,0,0,0,0
나이키,의류(나이키),스위프트 하이웨이스트 7/8 포켓 러닝 레깅스,HJ2253-010,의류,L,HJ2253-010(L),124348611,여성,HO25,2025-10-29,2025-10-29,"95,000.00",14773,0,0.0,1,197860189942,0,0,0,0,1,0,0,0,0,0,0
나이키,의류(나이키),스위프트 하이웨이스트 7/8 포켓 러닝 레깅스,HJ2253-010,의류,M,HJ2253-010(M),124348611,여성,HO25,2025-10-29,2025-10-29,"95,000.00",14772,0,0.0,1,197860190511,0,0,0,0,1,0,0,0,0,0,0
나이키,의류(나이키),스위프트 하이웨이스트 4인치 타이트 포켓 러닝 쇼츠,HJ2259-010,의류,L,HJ2259-010(L),124348610,여성,FA26,2026-07-07,2026-07-07,"89,000.00",14805,1,0.0,7,197860186828,0,0,0,5,1,1,0,0,0,0,0
나이키,의류(나이키),스위프트 하이웨이스트 4인치 타이트 포켓 러닝 쇼츠,HJ2259-010,의류,M,HJ2259-010(M),124348610,여성,FA26,2026-07-07,2026-07-07,"89,000.00",14804,8,0.0,16,197860176706,0,0,0,5,3,8,0,0,0,0,0
나이키,의류(나이키),스위프트 하이웨이스트 4인치 타이트 포켓 러닝 쇼츠,HJ2259-010,의류,S,HJ2259-010(S),124348610,여성,FA26,2026-07-07,2026-07-07,"89,000.00",14803,14,0.0,21,197860171473,0,0,0,4,3,14,0,0,0,0,0
나이키,의류(나이키),스위프트 하이웨이스트 4인치 타이트 포켓 러닝 쇼츠,HJ2259-010,의류,XS,HJ2259-010(XS),124348610,여성,FA26,2026-07-07,2026-07-07,"89,000.00",14802,1,0.0,2,197860191266,0,0,0,1,0,1,0,0,0,0,0
나이키,의류(나이키),트레일 드라이 핏 탱크 탑,HJ2313-533,의류,L,HJ2313-533(L),130885523,여성,SU25,2025-06-13,2025-06-13,"75,000.00",19033,0,0.0,1,197862498462,0,0,0,0,1,0,0,0,0,0,0
나이키,의류(나이키),트레일 드라이 핏 탱크 탑,HJ2313-533,의류,XL,HJ2313-533(XL),130885523,여성,SU25,2025-06-13,2025-06-13,"75,000.00",19034,1,0.0,1,197862463743,0,0,0,0,0,1,0,0,0,0,0
나이키,의류(나이키),에어로스위프트 드라이 핏 ADV 숏 슬리브 탑,HJ3378-010,의류,L,HJ3378-010(L),127482517,남성,HO25,2025-09-29,2025-09-26,"115,000.00",14600,26,0.0,29,197860503229,0,0,0,0,1,0,0,0,0,0,0
나이키,의류(나이키),에어로스위프트 드라이 핏 ADV 숏 슬리브 탑,HJ3378-010,의류,L,HJ3378-010(L),127482517,남성,FA26,2026-08-14,2026-08-14,"115,000.00",14600,26,0.0,29,197860503229,0,0,0,5,0,23,0,0,0,0,0
나이키,의류(나이키),에어로스위프트 드라이 핏 ADV 숏 슬리브 탑,HJ3378-010,의류,M,HJ3378-010(M),127482517,남성,SU25,2025-04-04,2025-04-04,"115,000.00",14599,13,0.0,22,197860506206,0,0,0,0,3,0,0,0,0,0,0
나이키,의류(나이키),에어로스위프트 드라이 핏 ADV 숏 슬리브 탑,HJ3378-010,의류,M,HJ3378-010(M),127482517,남성,HO25,2025-09-29,2025-09-26,"115,000.00",14599,13,0.0,22,197860506206,0,0,0,0,1,0,0,0,0,0,0
나이키,의류(나이키),에어로스위프트 드라이 핏 ADV 숏 슬리브 탑,HJ3378-010,의류,M,HJ3378-010(M),127482517,남성,FA26,2026-08-14,2026-08-14,"115,000.00",14599,13,0.0,22,197860506206,0,0,0,5,0,13,0,0,0,0,0
나이키,의류(나이키),에어로스위프트 드라이 핏 ADV 숏 슬리브 탑,HJ3378-010,의류,S,HJ3378-010(S),127482517,남성,HO25,2025-09-29,2025-09-26,"115,000.00",14598,2,0.0,4,197860498877,0,0,0,0,1,0,0,0,0,0,0
나이키,의류(나이키),에어로스위프트 드라이 핏 ADV 숏 슬리브 탑,HJ3378-010,의류,S,HJ3378-010(S),127482517,남성,FA26,2026-08-14,2026-08-14,"115,000.00",14598,2,0.0,4,197860498877,0,0,0,1,0,2,0,0,0,0,0
나이키,의류(나이키),에어로스위프트 드라이 핏 ADV 숏 슬리브 탑,HJ3378-010,의류,XL,HJ3378-010(XL),127482517,남성,SP26,2026-03-05,2026-03-05,"115,000.00",14601,28,0.0,33,197860507425,0,0,0,0,0,1,0,0,0,0,0
나이키,의류(나이키),에어로스위프트 드라이 핏 ADV 숏 슬리브 탑,HJ3378-010,의류,XL,HJ3378-010(XL),127482517,남성,FA26,2026-08-14,2026-08-14,"115,000.00",14601,28,0.0,33,197860507425,0,0,0,3,0,29,0,0,0,0,0
나이키,의류(나이키),에어로스위프트 드라이 핏 ADV 숏 슬리브 탑,HJ3378-010,의류,XXL,HJ3378-010(XXL),127482517,남성,SP25,2025-02-11,2025-03-07,"115,000.00",14602,13,0.0,22,197860508897,0,0,0,0,3,0,0,0,0,0,0
나이키,의류(나이키),에어로스위프트 드라이 핏 ADV 숏 슬리브 탑,HJ3378-010,의류,XXL,HJ3378-010(XXL),127482517,남성,SU25,2025-04-04,2025-04-04,"115,000.00",14602,13,0.0,22,197860508897,0,0,0,0,5,0,0,0,0,0,0
나이키,의류(나이키),에어로스위프트 드라이 핏 ADV 숏 슬리브 탑,HJ3378-010,의류,XXL,HJ3378-010(XXL),127482517,남성,HO25,2025-09-29,2025-09-26,"115,000.00",14602,13,0.0,22,197860508897,0,0,0,0,1,0,0,0,0,0,0
나이키,의류(나이키),에어로스위프트 드라이 핏 ADV 숏 슬리브 탑,HJ3378-010,의류,XXL,HJ3378-010(XXL),127482517,남성,FA26,2026-08-14,2026-08-14,"115,000.00",14602,13,0.0,22,197860508897,0,0,0,0,0,13,0,0,0,0,0
나이키,의류(나이키),에어로스위프트 드라이 핏 ADV 숏 슬리브 탑,HJ3378-057,의류,L,HJ3378-057(L),131383155,남성,FA25,2025-07-30,2025-07-30,"115,000.00",23824,10,0.0,10,198482241506,2,0,0,0,8,0,0,0,0,0,0
나이키,의류(나이키),에어로스위프트 드라이 핏 ADV 숏 슬리브 탑,HJ3378-057,의류,M,HJ3378-057(M),131383155,남성,FA25,2025-07-30,2025-07-30,"115,000.00",23823,2,0.0,2,198482248208,1,0,0,0,1,0,0,0,0,0,0
나이키,의류(나이키),에어로스위프트 드라이 핏 ADV 숏 슬리브 탑,HJ3378-057,의류,S,HJ3378-057(S),131383155,남성,FA25,2025-07-30,2025-07-30,"115,000.00",23822,2,0.0,2,198482246358,2,0,0,0,0,0,0,0,0,0,0
나이키,의류(나이키),에어로스위프트 드라이 핏 ADV 숏 슬리브 탑,HJ3378-057,의류,XL,HJ3378-057(XL),131383155,남성,FA25,2025-07-30,2025-07-30,"115,000.00",23825,2,0.0,2,198482294687,2,0,0,0,0,0,0,0,0,0,0
나이키,의류(나이키),에어로스위프트 드라이 핏 ADV 숏 슬리브 탑,HJ3378-736,의류,L,HJ3378-736(L),130346201,남성,SU25,2025-04-23,2025-07-08,"115,000.00",18857,0,0.0,1,197862652666,0,0,0,0,1,0,0,0,0,0,0
나이키,의류(나이키),에어로스위프트 드라이 핏 ADV 엘리트 엔트리 싱글렛,HJ3381-736,의류,L,HJ3381-736(L),127482522,남성,SP25,2025-02-11,2025-02-11,"125,000.00",14624,0,0.0,1,197860502611,0,0,0,0,1,0,0,0,0,0,0
나이키,의류(나이키),에어로스위프트 드라이 핏 ADV 엘리트 엔트리 싱글렛,HJ3381-736,의류,S,HJ3381-736(S),127482522,남성,SP25,2025-02-11,2025-02-11,"125,000.00",14622,2,0.0,2,197860500181,0,0,0,0,0,2,0,0,0,0,0
나이키,의류(나이키),에어로스위프트 드라이 핏 ADV 엘리트 엔트리 쇼츠,HJ3385-736,의류,L,HJ3385-736(L),124467425,남성,SP25,2025-01-22,2025-01-22,"125,000.00",14656,0,0.0,2,197860501287,0,0,0,1,1,0,0,0,0,0,0
나이키,의류(나이키),에어로스위프트 드라이 핏 ADV 엘리트 엔트리 쇼츠,HJ3385-736,의류,XL,HJ3385-736(XL),124467425,남성,SP25,2025-01-22,2025-01-22,"125,000.00",14657,9,0.0,12,197860504455,0,0,0,2,1,9,0,0,0,0,0
나이키,의류(나이키),에어로스위프트 드라이 핏 ADV 엘리트 엔트리 쇼츠,HJ3385-736,의류,XXL,HJ3385-736(XXL),124467425,남성,SP25,2025-01-22,2025-01-22,"125,000.00",14658,4,0.0,5,197860504257,0,0,0,1,0,4,0,0,0,0,0
나이키,의류(나이키),드라이 핏 야코브 숏 슬리브 탑,HJ3535-010,의류,L,HJ3535-010(L),,남성,SU25,2025-07-08,2025-07-08,"69,000.00",18913,0,0.0,2,197862625127,0,0,0,2,0,0,0,0,0,0,0
나이키,의류(나이키),드라이 핏 야코브 숏 슬리브 탑,HJ3535-010,의류,M,HJ3535-010(M),,남성,SU25,2025-07-08,2025-07-08,"69,000.00",18912,0,0.0,1,197862685732,0,0,0,1,0,0,0,0,0,0,0
나이키,의류(나이키),드라이 핏 야코브 숏 슬리브 탑,HJ3535-133,의류,L,HJ3535-133(L),,남성,SU25,2025-07-08,2025-07-08,"69,000.00",18921,2,0.0,2,197862619072,0,0,0,0,0,2,0,0,0,0,0
나이키,의류(나이키),드라이 핏 야코브 숏 슬리브 탑,HJ3535-133,의류,M,HJ3535-133(M),,남성,SU25,2025-07-08,2025-07-08,"69,000.00",18920,4,0.0,4,197862655100,0,0,0,0,0,4,0,0,0,0,0
나이키,의류(나이키),드라이 핏 야코브 숏 슬리브 탑,HJ3535-133,의류,XL,HJ3535-133(XL),,남성,SU25,2025-07-08,2025-07-08,"69,000.00",18922,1,0.0,1,197862622010,0,0,0,0,0,1,0,0,0,0,0
나이키,의류(나이키),드라이 핏 야코브 숏 슬리브 탑,HJ3535-133,의류,XXL,HJ3535-133(XXL),,남성,SU25,2025-07-08,2025-07-08,"69,000.00",18923,2,0.0,2,197862651874,0,0,0,0,0,2,0,0,0,0,0
나이키,의류(나이키),던 레인지 드라이 핏 러닝 팬츠,HJ3577-010,의류,XXL,HJ3577-010(XXL),124467424,남성,SP25,2025-01-23,2025-01-23,"145,000.00",14650,1,0.0,1,197859462070,0,0,0,0,0,1,0,0,0,0,0
나이키,의류(나이키),솔라 체이스 드라이 핏 ADV 숏 슬리브 탑,HJ3581-133,의류,XXL,HJ3581-133(XXL),131301025,남성,FA25,2025-07-08,2025-07-08,"75,000.00",20665,4,0.0,4,198481960828,0,0,0,0,0,4,0,0,0,0,0
나이키,의류(나이키),솔라 체이스 드라이 핏 ADV 숏 슬리브 탑,HJ3581-133,의류,XXXL,HJ3581-133(XXXL),131301025,남성,FA25,,,0.00,20666,6,0.0,6,198482177324,0,0,0,0,0,6,0,0,0,0,0
나이키,의류(나이키),솔라 체이스 드라이 핏 ADV 숏 슬리브 탑,HJ3581-133,의류,XXXXL,HJ3581-133(XXXXL),131301025,남성,FA25,,,0.00,20660,3,0.0,3,198482290887,0,0,0,0,0,3,0,0,0,0,0
나이키,의류(나이키),솔라 체이스 드라이 핏 ADV 숏 슬리브 탑,HJ3581-633,의류,XXL,HJ3581-633(XXL),131301023,남성,FA25,2025-07-08,2025-07-08,"75,000.00",20657,3,0.0,3,198482273620,0,0,0,0,0,3,0,0,0,0,0
나이키,의류(나이키),솔라 체이스 드라이 핏 ADV 숏 슬리브 탑,HJ3581-633,의류,XXXL,HJ3581-633(XXXL),131301023,남성,FA25,,,0.00,20658,6,0.0,6,198482169831,0,0,0,0,0,6,0,0,0,0,0
나이키,의류(나이키),솔라 체이스 드라이 핏 ADV 숏 슬리브 탑,HJ3581-633,의류,XXXXL,HJ3581-633(XXXXL),131301023,남성,FA25,,,0.00,20652,3,0.0,3,198482249779,0,0,0,0,0,3,0,0,0,0,0
나이키,의류(나이키),짐 컬쳐 CC 숏 슬리브 탑,HJ3688-110,의류,M,HJ3688-110(M),129510848,남성,SU25,2025-04-09,2025-04-09,"49,000.00",18976,0,0.0,0,197862398311,0,0,0,0,0,0,0,1,0,0,0
나이키,용품(나이키),에이스 드라이 핏 바이저,HJ3689-010,용품,L/XL,HJ3689-010(L/XL),130974342,공용,SU25,2025-04-04,2025-06-13,"29,000.00",18841,0,0.0,5,197601316477,0,0,0,3,2,0,0,0,0,0,0
나이키,용품(나이키),에이스 드라이 핏 바이저,HJ3689-010,용품,M/L,HJ3689-010(M/L),130974342,공용,SU25,2025-04-04,2025-06-13,"29,000.00",18840,0,0.0,9,197601320078,0,0,0,4,5,0,0,0,0,0,0
나이키,용품(나이키),에이스 드라이 핏 바이저,HJ3689-100,용품,M/L,HJ3689-100(M/L),130974343,공용,SU25,2025-04-04,2025-06-13,"29,000.00",18848,0,0.0,4,197601318242,0,0,0,4,0,0,0,0,0,0,0
나이키,의류(나이키),러닝 디비전 UV 러닝 자켓,HJ4143-010,의류,M,HJ4143-010(M),129346592,남성,SU25,2025-04-04,2025-04-04,"209,000.00",19146,0,0.0,1,197862671445,0,0,0,0,1,0,0,0,0,0,0
나이키,의류(나이키),러닝 디비전 UV 러닝 자켓,HJ4143-010,의류,XL,HJ4143-010(XL),129346592,남성,SU25,2025-04-04,2025-04-04,"209,000.00",19148,0,0.0,1,197862686111,0,0,0,0,1,0,0,0,0,0,0
나이키,의류(나이키),드라이 핏 런 에너지 마일러 탱크 탑,HJ4165-010,의류,M,HJ4165-010(M),130346210,남성,SU25,2025-05-14,2025-05-14,"49,000.00",18960,0,0.0,1,197862930238,0,0,0,0,1,0,0,0,0,0,0
나이키,용품(나이키),아펙스 버킷,HJ4395-475,용품,L,HJ4395-475(L),123477817,공용,FA24,2024-08-26,2024-08-26,"49,000.00",4463,12,0.0,15,197601221429,0,0,0,2,1,12,0,0,0,0,0
나이키,용품(나이키),아펙스 버킷,HJ4395-475,용품,M,HJ4395-475(M),123477817,공용,FA24,2024-08-26,2024-08-26,"49,000.00",4462,13,0.0,16,197601221450,0,0,0,2,1,13,0,0,0,0,0
나이키,용품(나이키),아펙스 버킷,HJ4395-475,용품,S,HJ4395-475(S),123477817,공용,FA24,2024-08-26,2024-08-26,"49,000.00",4461,4,0.0,6,197601221498,0,0,0,1,1,4,0,0,0,0,0
나이키,의류(나이키),스위프트 드라이 핏 미드라이즈 투인원 러닝 쇼츠,HJ5377-010,의류,L,HJ5377-010(L),124348602,여성,FA25,2025-07-08,2025-07-08,"75,000.00",14821,1,0.0,1,197859673032,0,0,0,0,1,0,0,0,0,0,0
나이키,의류(나이키),스위프트 드라이 핏 미드라이즈 투인원 러닝 쇼츠,HJ5377-010,의류,M,HJ5377-010(M),124348602,여성,FA25,2025-07-08,2025-07-08,"75,000.00",14820,1,0.0,1,197859681471,0,0,0,0,1,0,0,0,0,0,0
나이키,의류(나이키),스위프트 드라이 핏 미드라이즈 투인원 러닝 쇼츠,HJ5377-010,의류,XS,HJ5377-010(XS),124348602,여성,SP25,2025-01-09,2025-01-09,"75,000.00",14818,16,0.0,16,197859670147,0,0,0,0,0,16,0,0,0,0,0
나이키,용품(나이키),ACG 데이맥스 백팩,HJ8178-010,용품,1SIZE,HJ8178-010(1SIZE),,공용,FA26,2026-09-02,2026-09-02,"169,000.00",39563,30,0.0,30,,0,0,0,0,0,30,0,0,0,0,0
나이키,용품(나이키),ACG 데이맥스 백팩,HJ8178-382,용품,1SIZE,HJ8178-382(1SIZE),133843214,남성,SU26,2026-06-09,2026-06-09,"169,000.00",34048,50,0.0,50,198728882913,0,0,0,0,0,25,0,0,0,25,0
나이키,용품(나이키),ACG 데이맥스 크로스바디,HJ8180-382,용품,1SIZE,HJ8180-382(1SIZE),133843212,남성,SU26,2026-06-09,2026-06-09,"85,000.00",34052,44,0.0,44,198728883088,0,0,0,0,0,44,0,0,0,0,0
나이키,용품(나이키),NSW 카고 토드백,HJ9025-902,용품,1SIZE,HJ9025-902(1SIZE),123231319,공용,FA24,2024-07-24,2024-08-12,"95,000.00",4469,6,0.0,7,197598533406,0,0,0,0,1,6,0,0,0,0,0
나이키,의류(나이키),스위프트 하이서포트 브라,HM5221-010,의류,M,HM5221-010(M),132642001,여성,SU26,2026-04-03,2026-04-03,"75,000.00",28863,0,0.0,1,198727063825,0,0,0,1,0,0,0,0,0,0,0
나이키,의류(나이키),스위프트 하이서포트 브라,HM5221-010,의류,S,HM5221-010(S),132642001,여성,SP26,2026-01-27,2026-01-27,"75,000.00",28862,9,0.0,10,198727067069,0,0,0,0,0,3,0,0,0,0,0
나이키,의류(나이키),스위프트 하이서포트 브라,HM5221-010,의류,S,HM5221-010(S),132642001,여성,SU26,2026-04-03,2026-04-03,"75,000.00",28862,9,0.0,10,198727067069,0,0,0,1,0,6,0,0,0,0,0
나이키,의류(나이키),스위프트 하이서포트 브라,HM5221-010,의류,XS,HM5221-010(XS),132642001,여성,SP26,,,0.00,28861,2,0.0,3,198727070588,0,0,0,1,0,2,0,0,0,0,0
나이키,의류(나이키),스위프트 하이서포트 브라,HM5221-502,의류,M,HM5221-502(M),132642924,여성,SP26,2026-01-27,2026-01-27,"75,000.00",28871,2,0.0,2,198727067311,0,0,0,0,0,2,0,0,0,0,0
나이키,의류(나이키),스위프트 하이서포트 브라,HM5221-502,의류,S,HM5221-502(S),132642924,여성,SP26,2026-01-27,2026-01-27,"75,000.00",28870,3,0.0,3,198727066949,0,0,0,0,0,3,0,0,0,0,0
나이키,의류(나이키),스위프트 하이서포트 브라,HM5221-502,의류,XS,HM5221-502(XS),132642924,여성,SP26,,,0.00,28869,5,0.0,5,198727063337,0,0,0,0,0,5,0,0,0,0,0
나이키,의류(나이키),스위프트 하이서포트 브라,HM5221-503,의류,L,HM5221-503(L),133319658,여성,SU26,2026-04-07,2026-04-07,"75,000.00",33951,3,0.0,3,198727073503,0,0,0,0,0,3,0,0,0,0,0
나이키,의류(나이키),스위프트 하이서포트 브라,HM5221-503,의류,M,HM5221-503(M),133319658,여성,SU26,2026-04-07,2026-04-07,"75,000.00",33950,5,0.0,5,198727074814,0,0,0,0,0,5,0,0,0,0,0
나이키,의류(나이키),스위프트 하이서포트 브라,HM5221-503,의류,S,HM5221-503(S),133319658,여성,SU26,2026-04-07,2026-04-07,"75,000.00",33949,6,0.0,6,198727066420,0,0,0,0,0,6,0,0,0,0,0
나이키,의류(나이키),스위프트 하이서포트 브라,HM5221-897,의류,M,HM5221-897(M),132642925,여성,SP26,2026-01-27,2026-01-27,"75,000.00",28927,2,0.0,2,198727062392,0,0,0,0,0,2,0,0,0,0,0
나이키,의류(나이키),스위프트 하이서포트 브라,HM5221-897,의류,S,HM5221-897(S),132642925,여성,SP26,2026-01-27,2026-01-27,"75,000.00",28926,2,0.0,2,198727063122,0,0,0,0,0,2,0,0,0,0,0
나이키,의류(나이키),스위프트 하이서포트 브라,HM5221-897,의류,XS,HM5221-897(XS),132642925,여성,SP26,,,0.00,28925,5,0.0,5,198727064679,0,0,0,0,0,5,0,0,0,0,0
나이키,신발(나이키),보메로 프리미엄,HM5973-005,신발,230,HM5973-005(230),135511358,여성,FA26,2026-07-07,2026-07-07,"299,000.00",38377,0,0.0,2,198961433088,0,0,0,1,1,0,0,0,0,0,0
나이키,신발(나이키),보메로 프리미엄,HM5973-005,신발,235,HM5973-005(235),135511358,여성,FA26,2026-07-07,2026-07-07,"299,000.00",38378,0,0.0,2,198961665083,0,0,0,1,1,0,0,0,0,0,0
나이키,신발(나이키),보메로 프리미엄,HM5973-005,신발,240,HM5973-005(240),135511358,여성,FA26,2026-07-07,2026-07-07,"299,000.00",38379,0,0.0,3,198961447931,0,0,0,2,1,0,0,0,0,0,0
나이키,신발(나이키),보메로 프리미엄,HM5973-005,신발,245,HM5973-005(245),135511358,여성,FA26,2026-07-07,2026-07-07,"299,000.00",38380,0,0.0,3,198961671596,0,0,0,1,2,0,0,0,0,0,0
나이키,신발(나이키),보메로 프리미엄,HM5973-005,신발,250,HM5973-005(250),135511358,여성,FA26,2026-07-07,2026-07-07,"299,000.00",38381,0,0.0,1,198961430162,0,0,0,1,0,0,0,0,0,0,0
나이키,신발(나이키),보메로 프리미엄,HM5973-600,신발,230,HM5973-600(230),136418972,여성,FA26,2026-07-29,2026-07-29,"299,000.00",38355,2,0.0,2,198959781443,0,0,0,0,0,1,0,0,0,0,1
나이키,신발(나이키),보메로 프리미엄,HM5973-600,신발,235,HM5973-600(235),136418972,여성,FA26,2026-07-29,2026-07-29,"299,000.00",38356,3,0.0,3,198959760585,0,0,0,0,0,2,0,0,0,0,1
나이키,신발(나이키),보메로 프리미엄,HM5973-600,신발,240,HM5973-600(240),136418972,여성,FA26,2026-07-29,2026-07-29,"299,000.00",38357,5,0.0,5,198959767430,0,0,0,0,0,3,0,0,0,0,2
나이키,신발(나이키),보메로 프리미엄,HM5973-600,신발,245,HM5973-600(245),136418972,여성,FA26,2026-07-29,2026-07-29,"299,000.00",38358,5,0.0,5,198959754485,0,0,0,0,0,3,0,0,0,0,2
나이키,신발(나이키),보메로 프리미엄,HM5973-600,신발,250,HM5973-600(250),136418972,여성,FA26,2026-07-29,2026-07-29,"299,000.00",38359,3,0.0,3,198959769052,0,0,0,0,0,2,0,0,0,0,1
나이키,신발(나이키),보메로 프리미엄,HM5973-600,신발,255,HM5973-600(255),136418972,여성,FA26,2026-07-29,2026-07-29,"299,000.00",38360,2,0.0,2,198959774315,0,0,0,0,0,1,0,0,0,0,1
나이키,신발(나이키),보메로 프리미엄,HM5973-606,신발,230,HM5973-606(230),133564918,여성,SU26,2026-05-12,2026-05-12,"299,000.00",33073,0,0.0,1,198729774958,0,0,0,0,1,0,0,0,0,0,0
나이키,신발(나이키),보메로 프리미엄,HM5973-606,신발,235,HM5973-606(235),133564918,여성,SU26,2026-05-12,2026-05-12,"299,000.00",33074,0,0.0,1,198729716750,0,0,0,1,0,0,0,0,0,0,0
나이키,신발(나이키),보메로 프리미엄,HM5973-606,신발,240,HM5973-606(240),133564918,여성,SU26,2026-05-12,2026-05-12,"299,000.00",33075,0,0.0,3,198729845313,0,0,0,2,1,0,0,0,0,0,0
나이키,신발(나이키),보메로 프리미엄,HM5973-606,신발,245,HM5973-606(245),133564918,여성,SU26,2026-05-12,2026-05-12,"299,000.00",33076,0,0.0,1,198729842497,0,0,0,1,0,0,0,0,0,0,0
나이키,신발(나이키),보메로 프리미엄,HM5973-606,신발,250,HM5973-606(250),133564918,여성,SU26,2026-05-12,2026-05-12,"299,000.00",33077,0,0.0,1,198729798640,0,0,0,0,1,0,0,0,0,0,0
나이키,신발(나이키),보메로 18,HM6803-007,신발,260,HM6803-007(260),135700519,남성,FA26,2026-07-07,2026-07-07,"189,000.00",19220,1,0.0,1,197863392417,1,0,0,0,0,0,0,0,0,0,0
나이키,신발(나이키),보메로 18,HM6803-007,신발,265,HM6803-007(265),135700519,남성,FA26,2026-07-07,2026-07-07,"189,000.00",19221,2,0.0,2,197863393483,2,0,0,0,0,0,0,0,0,0,0
나이키,신발(나이키),보메로 18,HM6803-007,신발,270,HM6803-007(270),135700519,남성,FA26,2026-07-07,2026-07-07,"189,000.00",19222,2,0.0,2,197863392608,2,0,0,0,0,0,0,0,0,0,0
나이키,신발(나이키),보메로 18,HM6803-007,신발,275,HM6803-007(275),135700519,남성,FA26,2026-07-07,2026-07-07,"189,000.00",19223,2,0.0,2,197863393674,2,0,0,0,0,0,0,0,0,0,0
나이키,신발(나이키),보메로 18,HM6803-007,신발,280,HM6803-007(280),135700519,남성,FA26,2026-07-07,2026-07-07,"189,000.00",19224,2,0.0,2,197863392073,2,0,0,0,0,0,0,0,0,0,0
나이키,신발(나이키),보메로 18,HM6803-007,신발,285,HM6803-007(285),135700519,남성,FA26,2026-07-07,2026-07-07,"189,000.00",19225,1,0.0,2,197863391977,1,0,0,0,1,0,0,0,0,0,0
나이키,신발(나이키),보메로 18,HM6803-019,신발,250,HM6803-019(250),136418957,남성,FA26,2026-07-29,2026-07-29,"189,000.00",38183,1,0.0,1,198959723863,0,0,0,0,0,0,0,0,0,0,1
나이키,신발(나이키),보메로 18,HM6803-019,신발,255,HM6803-019(255),136418957,남성,FA26,2026-07-29,2026-07-29,"189,000.00",38184,1,0.0,1,198959370760,0,0,0,0,0,0,0,0,0,0,1
나이키,신발(나이키),보메로 18,HM6803-019,신발,260,HM6803-019(260),136418957,남성,FA26,2026-07-29,2026-07-29,"189,000.00",38185,2,0.0,2,198959394759,0,0,0,0,0,0,0,0,0,0,2
나이키,신발(나이키),보메로 18,HM6803-019,신발,265,HM6803-019(265),136418957,남성,FA26,2026-07-29,2026-07-29,"189,000.00",38186,2,0.0,5,198959597570,0,0,0,2,1,0,0,0,0,0,2
나이키,신발(나이키),보메로 18,HM6803-019,신발,270,HM6803-019(270),136418957,남성,FA26,2026-07-29,2026-07-29,"189,000.00",38187,5,0.0,7,198959532175,0,0,0,1,1,2,0,0,0,0,3
나이키,신발(나이키),보메로 18,HM6803-019,신발,275,HM6803-019(275),136418957,남성,FA26,2026-07-29,2026-07-29,"189,000.00",38188,2,0.0,3,198959499195,0,0,0,1,0,0,0,0,0,0,2
나이키,신발(나이키),보메로 18,HM6803-019,신발,280,HM6803-019(280),136418957,남성,FA26,2026-07-29,2026-07-29,"189,000.00",38189,2,0.0,3,198959362208,0,0,0,1,0,1,0,0,0,0,1
나이키,신발(나이키),보메로 18,HM6803-019,신발,285,HM6803-019(285),136418957,남성,FA26,2026-07-29,2026-07-29,"189,000.00",38190,1,0.0,2,198959505834,0,0,0,1,0,0,0,0,0,0,1
나이키,신발(나이키),보메로 18,HM6803-019,신발,290,HM6803-019(290),136418957,남성,FA26,2026-07-29,2026-07-29,"189,000.00",38191,1,0.0,1,198959365490,0,0,0,0,0,1,0,0,0,0,0
나이키,신발(나이키),보메로 18,HM6803-021,신발,250,HM6803-021(250),,남성,FA26,2026-08-28,2026-08-28,"189,000.00",38205,1,0.0,3,198959505438,0,1,1,0,0,1,0,0,0,0,0
나이키,신발(나이키),보메로 18,HM6803-021,신발,255,HM6803-021(255),,남성,FA26,2026-08-28,2026-08-28,"189,000.00",38206,2,0.0,4,198959711242,0,1,1,0,0,2,0,0,0,0,0
나이키,신발(나이키),보메로 18,HM6803-021,신발,260,HM6803-021(260),,남성,FA26,2026-08-28,2026-08-28,"189,000.00",38207,6,0.0,8,198959604094,0,1,1,0,0,6,0,0,0,0,0
나이키,신발(나이키),보메로 18,HM6803-021,신발,265,HM6803-021(265),,남성,FA26,2026-08-28,2026-08-28,"189,000.00",38208,5,0.0,11,198959600492,0,3,3,0,0,5,0,0,0,0,0
나이키,신발(나이키),보메로 18,HM6803-021,신발,270,HM6803-021(270),,남성,FA26,2026-08-28,2026-08-28,"189,000.00",38209,8,0.0,14,198959707658,0,3,3,0,0,8,0,0,0,0,0
나이키,신발(나이키),보메로 18,HM6803-021,신발,275,HM6803-021(275),,남성,FA26,2026-08-28,2026-08-28,"189,000.00",38210,4,0.0,8,198959722811,0,2,2,0,0,4,0,0,0,0,0
나이키,신발(나이키),보메로 18,HM6803-021,신발,280,HM6803-021(280),,남성,FA26,2026-08-28,2026-08-28,"189,000.00",38211,5,0.0,7,198959371354,0,1,1,0,0,5,0,0,0,0,0
나이키,신발(나이키),보메로 18,HM6803-021,신발,285,HM6803-021(285),,남성,FA26,2026-08-28,2026-08-28,"189,000.00",38212,1,0.0,3,198959716711,0,1,1,0,0,1,0,0,0,0,0
나이키,신발(나이키),보메로 18,HM6803-021,신발,290,HM6803-021(290),,남성,FA26,2026-08-28,2026-08-28,"189,000.00",38213,0,0.0,2,198959388734,0,1,1,0,0,0,0,0,0,0,0
나이키,신발(나이키),보메로 18,HM6804-102,신발,250,HM6804-102(250),128562828,여성,SP25,2025-02-19,2025-03-19,"179,000.00",14472,0,0.0,1,197860774100,0,0,0,0,1,0,0,0,0,0,0
나이키,신발(나이키),보메로 18,HM6804-118,신발,230,HM6804-118(230),,여성,FA26,2026-08-28,2026-08-28,"189,000.00",38641,4,0.0,8,198959782457,0,2,2,0,0,4,0,0,0,0,0
나이키,신발(나이키),보메로 18,HM6804-118,신발,235,HM6804-118(235),,여성,FA26,2026-08-28,2026-08-28,"189,000.00",38642,5,0.0,11,198959779259,0,3,3,0,0,5,0,0,0,0,0
나이키,신발(나이키),보메로 18,HM6804-118,신발,240,HM6804-118(240),,여성,FA26,2026-08-28,2026-08-28,"189,000.00",38643,11,0.0,17,198959766174,0,3,3,0,0,11,0,0,0,0,0
나이키,신발(나이키),보메로 18,HM6804-118,신발,245,HM6804-118(245),,여성,FA26,2026-08-28,2026-08-28,"189,000.00",38644,5,0.0,11,198959773547,0,3,3,0,0,5,0,0,0,0,0
나이키,신발(나이키),보메로 18,HM6804-118,신발,250,HM6804-118(250),,여성,FA26,2026-08-28,2026-08-28,"189,000.00",38645,6,0.0,8,198959773516,0,1,1,0,0,6,0,0,0,0,0
나이키,신발(나이키),보메로 18,HM6804-118,신발,255,HM6804-118(255),,여성,FA26,2026-08-28,2026-08-28,"189,000.00",38646,3,0.0,5,198959782136,0,1,1,0,0,3,0,0,0,0,0
나이키,신발(나이키),보메로 18,HM6804-600,신발,230,HM6804-600(230),129511238,여성,SU25,2025-04-11,2025-04-11,"179,000.00",19128,1,0.0,1,197860774803,0,0,0,0,0,1,0,0,0,0,0
나이키ACC,용품(나이키ACC),W PACER LIGHTWEIGHT RG,HM6831-082,용품,L,HM6831-082(L),,여성,HO25,2025-12-10,2025-12-10,"29,000.00",27705,0,0.0,6,197599059561,0,0,0,0,6,0,0,0,0,0,0
나이키ACC,용품(나이키ACC),W PACER LIGHTWEIGHT RG,HM6831-082,용품,M,HM6831-082(M),,여성,HO25,2025-12-10,2025-12-10,"29,000.00",27704,0,0.0,10,197599054665,0,0,0,0,10,0,0,0,0,0,0
나이키ACC,용품(나이키ACC),W PACER LIGHTWEIGHT RG,HM6831-082,용품,S,HM6831-082(S),,여성,HO25,2025-12-10,2025-12-10,"29,000.00",27703,0,0.0,9,197599059479,0,0,0,0,9,0,0,0,0,0,0
나이키ACC,용품(나이키ACC),페이서 미드웨이트 러닝 글러브,HM6832-018,용품,L,HM6832-018(L),127483129,공용,HO24,2024-10-30,2024-10-30,"35,000.00",12170,0,0.0,68,197599058403,0,0,0,0,57,0,0,0,0,0,0
나이키ACC,용품(나이키ACC),페이서 미드웨이트 러닝 글러브,HM6832-018,용품,L,HM6832-018(L),127483129,공용,HO25,2025-12-10,2025-12-10,"35,000.00",12170,0,0.0,68,197599058403,0,0,0,0,11,0,0,0,0,0,0
나이키ACC,용품(나이키ACC),페이서 미드웨이트 러닝 글러브,HM6832-018,용품,M,HM6832-018(M),127483129,공용,HO24,2024-10-30,2024-10-30,"35,000.00",12169,0,0.0,47,197599058199,0,0,0,0,35,0,0,0,0,0,0
나이키ACC,용품(나이키ACC),페이서 미드웨이트 러닝 글러브,HM6832-018,용품,M,HM6832-018(M),127483129,공용,HO25,2025-12-10,2025-12-10,"35,000.00",12169,0,0.0,47,197599058199,0,0,0,0,12,0,0,0,0,0,0
나이키ACC,용품(나이키ACC),페이서 미드웨이트 러닝 글러브,HM6832-018,용품,S,HM6832-018(S),127483129,공용,HO24,2024-10-30,2024-10-30,"35,000.00",12168,0,0.0,32,197599056355,0,0,0,0,32,0,0,0,0,0,0
나이키ACC,용품(나이키ACC),페이서 미드웨이트 여성 러닝 글러브,HM6833-018,용품,L,HM6833-018(L),,공용,HO25,2025-12-10,2025-12-10,"35,000.00",12177,0,0.0,6,197599054788,0,0,0,0,6,0,0,0,0,0,0
나이키ACC,용품(나이키ACC),페이서 미드웨이트 여성 러닝 글러브,HM6833-018,용품,M,HM6833-018(M),,공용,HO25,2025-12-10,2025-12-10,"35,000.00",12176,0,0.0,11,197599059349,0,0,0,0,11,0,0,0,0,0,0
나이키,의류(나이키),드라이핏 파운더스 숏슬리브탑,HM8292-100,의류,XXL,HM8292-100(XXL),123231308,남성,FA24,2024-06-28,2024-06-28,"45,000.00",3991,2,0.0,2,197599646020,0,0,0,0,0,2,0,0,0,0,0
나이키,의류(나이키),스위프트 드라이핏 숏슬리브,HM9699-503,의류,L,HM9699-503(L),133315609,여성,SU26,2026-04-03,2026-04-03,"69,000.00",33786,1,0.0,3,198727080822,0,0,0,1,1,1,0,0,0,0,0
나이키,의류(나이키),스위프트 드라이핏 숏슬리브,HM9699-503,의류,M,HM9699-503(M),133315609,여성,SU26,2026-04-03,2026-04-03,"69,000.00",33785,2,0.0,4,198727091927,0,0,0,1,1,2,0,0,0,0,0
나이키,의류(나이키),스위프트 드라이핏 숏슬리브,HM9699-503,의류,S,HM9699-503(S),133315609,여성,SU26,2026-04-03,2026-04-03,"69,000.00",33784,4,0.0,6,198727099329,0,0,0,1,1,4,0,0,0,0,0
아디다스,신발(아디다스),테렉스 아그라빅 TT,HP7011,신발,255,HP7011(255),133835641,남성,26FW,2026-06-22,2026-06-22,"209,000.00",35217,2,0.0,4,4068806894755,0,0,0,1,1,2,0,0,0,0,0
아디다스,신발(아디다스),테렉스 아그라빅 TT,HP7011,신발,260,HP7011(260),133835641,남성,26FW,2026-06-22,2026-06-22,"209,000.00",35218,6,0.0,8,4068806894779,0,0,0,1,1,6,0,0,0,0,0
아디다스,신발(아디다스),테렉스 아그라빅 TT,HP7011,신발,265,HP7011(265),133835641,남성,26FW,2026-06-22,2026-06-22,"209,000.00",35219,7,0.0,10,4068806898432,0,0,0,2,1,7,0,0,0,0,0
아디다스,신발(아디다스),테렉스 아그라빅 TT,HP7011,신발,270,HP7011(270),133835641,남성,26FW,2026-06-22,2026-06-22,"209,000.00",35220,6,0.0,8,4068806894717,0,0,0,1,1,6,0,0,0,0,0
아디다스,신발(아디다스),테렉스 아그라빅 TT,HP7011,신발,275,HP7011(275),133835641,남성,26FW,2026-06-22,2026-06-22,"209,000.00",35221,2,0.0,4,4068806894748,0,0,0,1,1,2,0,0,0,0,0
아디다스,신발(아디다스),테렉스 아그라빅 TT,HP7011,신발,280,HP7011(280),133835641,남성,26FW,2026-06-22,2026-06-22,"209,000.00",35222,0,0.0,2,4068806894663,0,0,0,1,1,0,0,0,0,0,0
아디다스,신발(아디다스),테렉스 아그라빅 TT,HP7011,신발,285,HP7011(285),133835641,남성,26FW,2026-06-22,2026-06-22,"209,000.00",35223,2,0.0,2,,0,0,0,0,0,2,0,0,0,0,0
아디다스,신발(아디다스),테렉스 아그라빅 TT,HP7013,신발,230,HP7013(230),133835640,여성,26FW,2026-06-22,2026-06-22,"209,000.00",35254,2,0.0,4,4068806910059,0,0,0,1,1,1,0,0,0,0,1
아디다스,신발(아디다스),테렉스 아그라빅 TT,HP7013,신발,235,HP7013(235),133835640,여성,26FW,2026-06-22,2026-06-22,"209,000.00",35255,2,0.0,4,4068806909985,0,0,0,1,1,1,0,0,0,0,1
아디다스,신발(아디다스),테렉스 아그라빅 TT,HP7013,신발,240,HP7013(240),133835640,여성,26FW,2026-06-22,2026-06-22,"209,000.00",35256,3,0.0,5,4068806910066,0,0,0,1,1,1,0,0,0,0,2
아디다스,신발(아디다스),테렉스 아그라빅 TT,HP7013,신발,245,HP7013(245),133835640,여성,26FW,2026-06-22,2026-06-22,"209,000.00",35257,3,0.0,5,4068806910004,0,0,0,1,1,1,0,0,0,0,2
아디다스,신발(아디다스),테렉스 아그라빅 TT,HP7013,신발,250,HP7013(250),133835640,여성,26FW,2026-06-22,2026-06-22,"209,000.00",35258,2,0.0,2,,0,0,0,0,0,1,0,0,0,0,1
나이키,의류(나이키),스위프트 드라이 핏 UV 쿼터집 탑,HQ0500-233,의류,M,HQ0500-233(M),124348606,여성,SP25,2025-01-09,2025-01-09,"99,000.00",14876,0,0.0,1,197859689910,0,0,0,0,1,0,0,0,0,0,0
나이키,의류(나이키),스위프트 드라이 핏 UV 쿼터집 탑,HQ0500-233,의류,S,HQ0500-233(S),124348606,여성,SP25,2025-01-09,2025-01-09,"99,000.00",14875,0,0.0,2,197859694594,0,0,0,0,2,0,0,0,0,0,0
나이키,의류(나이키),스위프트 드라이 핏 UV 쿼터집 탑,HQ0500-233,의류,XS,HQ0500-233(XS),124348606,여성,SP25,2025-01-09,2025-01-09,"99,000.00",14874,0,0.0,3,197859672318,0,0,0,0,3,0,0,0,0,0,0
나이키,의류(나이키),스위프트 드라이 핏 UV 쿼터집 탑,HQ0500-696,의류,L,HQ0500-696(L),124467436,여성,SP25,2025-01-09,2025-01-09,"99,000.00",15459,0,0.0,1,197860487109,0,0,0,0,1,0,0,0,0,0,0
나이키,의류(나이키),스위프트 드라이 핏 UV 쿼터집 탑,HQ0500-696,의류,M,HQ0500-696(M),124467436,여성,SP25,2025-01-09,2025-01-09,"99,000.00",15458,0,0.0,3,197860487772,0,0,0,0,2,1,0,0,0,0,0
나이키,의류(나이키),스위프트 드라이 핏 UV 쿼터집 탑,HQ0500-696,의류,S,HQ0500-696(S),124467436,여성,SP25,2025-01-09,2025-01-09,"99,000.00",15457,0,0.0,1,197860465176,0,0,0,0,1,0,0,0,0,0,0
나이키,의류(나이키),스위프트 드라이 핏 UV 쿼터집 탑,HQ0500-696,의류,XL,HQ0500-696(XL),124467436,여성,SP25,2025-01-09,2025-01-09,"99,000.00",15460,1,0.0,1,197860473300,0,0,0,0,0,1,0,0,0,0,0
나이키,의류(나이키),스위프트 드라이핏 UV 롱슬리브 크루,HQ0504-010,의류,L,HQ0504-010(L),,여성,FA26,2026-09-02,2026-09-02,"79,000.00",39186,10,0.0,10,,0,0,0,0,0,10,0,0,0,0,0
나이키,의류(나이키),스위프트 드라이핏 UV 롱슬리브 크루,HQ0504-010,의류,M,HQ0504-010(M),,여성,FA26,2026-09-02,2026-09-02,"79,000.00",39185,15,0.0,15,,0,0,0,0,0,15,0,0,0,0,0
나이키,의류(나이키),스위프트 드라이핏 UV 롱슬리브 크루,HQ0504-010,의류,S,HQ0504-010(S),,여성,FA26,2026-09-02,2026-09-02,"79,000.00",39184,15,0.0,15,,0,0,0,0,0,15,0,0,0,0,0
나이키,의류(나이키),스위프트 드라이 핏 러닝 탱크 탑,HQ0621-607,의류,XL,HQ0621-607(XL),129346615,여성,SU25,2025-04-04,2025-04-04,"65,000.00",19196,1,0.0,1,197862316209,0,0,0,0,0,1,0,0,0,0,0
나이키,의류(나이키),스위프트 리펠 패커블 러닝 자켓,HQ0651-133,의류,L,HQ0651-133(L),129346595,여성,FA26,2026-07-07,2026-07-07,"155,000.00",19187,2,0.0,5,197859704101,0,0,0,2,1,2,0,0,0,0,0
나이키,의류(나이키),스위프트 리펠 패커블 러닝 자켓,HQ0651-133,의류,M,HQ0651-133(M),129346595,여성,FA26,2026-07-07,2026-07-07,"155,000.00",19186,2,0.0,6,197859694341,0,0,0,2,2,2,0,0,0,0,0
나이키,의류(나이키),스위프트 리펠 패커블 러닝 자켓,HQ0651-133,의류,S,HQ0651-133(S),129346595,여성,SU25,2025-04-04,2025-04-04,"155,000.00",19185,3,0.0,8,197859687060,0,0,0,0,1,0,0,0,0,0,0
나이키,의류(나이키),스위프트 리펠 패커블 러닝 자켓,HQ0651-133,의류,S,HQ0651-133(S),129346595,여성,FA26,2026-07-07,2026-07-07,"155,000.00",19185,3,0.0,8,197859687060,0,0,0,2,2,3,0,0,0,0,0
나이키,의류(나이키),스위프트 리펠 패커블 러닝 자켓,HQ0651-214,의류,XS,HQ0651-214(XS),124348608,여성,SP25,2025-01-09,2025-01-09,"155,000.00",14858,5,0.0,5,197860553828,0,0,0,0,0,5,0,0,0,0,0
나이키,의류(나이키),스위프트 리펠 패커블 러닝 자켓,HQ0651-701,의류,M,HQ0651-701(M),129346594,여성,SU25,2025-04-04,2025-04-04,"155,000.00",19178,0,0.0,1,197862369892,0,0,0,0,1,0,0,0,0,0,0
나이키,의류(나이키),스위프트 리펠 패커블 러닝 자켓,HQ0651-701,의류,S,HQ0651-701(S),129346594,여성,SU25,2025-04-04,2025-04-04,"155,000.00",19177,0,0.0,2,197862382532,0,0,0,0,2,0,0,0,0,0,0
나이키,의류(나이키),스위프트 리펠 패커블 러닝 자켓,HQ0651-701,의류,XL,HQ0651-701(XL),129346594,여성,SU25,2025-04-04,2025-04-04,"155,000.00",19180,0,0.0,1,197862405781,0,0,0,0,1,0,0,0,0,0,0
나이키,신발(나이키),페가수스 41,HQ1720-600,신발,230,HQ1720-600(230),129343023,여성,SP25,2025-02-13,2025-02-13,"169,000.00",14489,0,0.0,1,197859121762,0,0,0,0,1,0,0,0,0,0,0
나이키,신발(나이키),보메로 프리미엄,HQ2050-002,신발,250,HQ2050-002(250),136418974,남성,FA26,2026-07-29,2026-07-29,"299,000.00",37963,0,0.0,1,198959499492,0,0,0,1,0,0,0,0,0,0,0
나이키,신발(나이키),보메로 프리미엄,HQ2050-002,신발,255,HQ2050-002(255),136418974,남성,FA26,2026-07-29,2026-07-29,"299,000.00",37964,0,0.0,1,198959525924,0,0,0,1,0,0,0,0,0,0,0
나이키,신발(나이키),보메로 프리미엄,HQ2050-002,신발,260,HQ2050-002(260),136418974,남성,FA26,2026-07-29,2026-07-29,"299,000.00",37965,1,0.0,2,198959717435,1,0,0,1,0,0,0,0,0,0,0
나이키,신발(나이키),보메로 프리미엄,HQ2050-002,신발,265,HQ2050-002(265),136418974,남성,FA26,2026-07-29,2026-07-29,"299,000.00",37966,1,0.0,2,198959600836,1,0,0,1,0,0,0,0,0,0,0
나이키,신발(나이키),보메로 프리미엄,HQ2050-002,신발,270,HQ2050-002(270),136418974,남성,FA26,2026-07-29,2026-07-29,"299,000.00",37967,2,0.0,4,198959363526,2,0,0,2,0,0,0,0,0,0,0
나이키,신발(나이키),보메로 프리미엄,HQ2050-002,신발,275,HQ2050-002(275),136418974,남성,FA26,2026-07-29,2026-07-29,"299,000.00",37968,1,0.0,3,198959580336,1,0,0,2,0,0,0,0,0,0,0
나이키,신발(나이키),보메로 프리미엄,HQ2050-103,신발,260,HQ2050-103(260),132551830,남성,SP26,2026-01-12,2026-01-12,"289,000.00",28220,0,0.0,0,198487994896,0,0,0,0,0,0,0,1,0,0,0
나이키,신발(나이키),보메로 프리미엄,HQ2050-104,신발,250,HQ2050-104(250),135921960,남성,FA26,2026-07-09,2026-07-09,"299,000.00",37985,0,0.0,2,198959713284,0,0,0,0,2,0,0,0,0,0,0
나이키,신발(나이키),보메로 프리미엄,HQ2050-104,신발,255,HQ2050-104(255),135921960,남성,FA26,2026-07-09,2026-07-22,"299,000.00",37986,0,0.0,3,198959403123,0,0,0,0,3,0,0,0,0,0,0
나이키,신발(나이키),보메로 프리미엄,HQ2050-104,신발,260,HQ2050-104(260),135921960,남성,FA26,2026-07-09,2026-07-22,"299,000.00",37987,0,0.0,4,198959366275,0,0,0,0,4,0,0,0,0,0,0
나이키,신발(나이키),보메로 프리미엄,HQ2050-104,신발,265,HQ2050-104(265),135921960,남성,FA26,2026-07-09,2026-07-22,"299,000.00",37988,0,0.0,7,198959513600,0,0,0,0,7,0,0,0,0,0,0
나이키,신발(나이키),보메로 프리미엄,HQ2050-104,신발,270,HQ2050-104(270),135921960,남성,FA26,2026-07-09,2026-07-22,"299,000.00",37989,0,0.0,6,198959724280,0,0,0,0,6,0,0,0,0,0,0
나이키,신발(나이키),보메로 프리미엄,HQ2050-104,신발,275,HQ2050-104(275),135921960,남성,FA26,2026-07-09,2026-07-22,"299,000.00",37990,0,0.0,7,198959724549,0,0,0,0,7,0,0,0,0,0,0
나이키,신발(나이키),보메로 프리미엄,HQ2050-104,신발,280,HQ2050-104(280),135921960,남성,FA26,2026-07-09,2026-07-09,"299,000.00",37991,0,0.0,1,198959706811,0,0,0,0,1,0,0,0,0,0,0
나이키,신발(나이키),보메로 프리미엄,HQ2050-104,신발,285,HQ2050-104(285),135921960,남성,FA26,2026-07-09,2026-07-09,"299,000.00",37992,0,0.0,2,198959388543,0,1,0,0,1,0,0,0,0,0,0
나이키,신발(나이키),보메로 프리미엄,HQ2050-106,신발,255,HQ2050-106(255),133564920,남성,SU26,2026-05-12,2026-05-12,"299,000.00",33057,0,0.0,1,198729846884,0,0,0,0,1,0,0,0,0,0,0
나이키,신발(나이키),보메로 프리미엄,HQ2050-106,신발,265,HQ2050-106(265),133564920,남성,SU26,2026-05-12,2026-05-12,"299,000.00",33059,0,0.0,0,198729863263,0,0,0,0,0,0,0,1,0,0,0
나이키,신발(나이키),보메로 프리미엄,HQ2050-106,신발,270,HQ2050-106(270),133564920,남성,SU26,2026-05-12,2026-05-12,"299,000.00",33060,0,0.0,0,198729740403,0,0,0,0,0,0,0,1,0,0,0
나이키,신발(나이키),보메로 프리미엄,HQ2050-106,신발,275,HQ2050-106(275),133564920,남성,SU26,2026-05-12,2026-05-12,"299,000.00",33061,0,0.0,1,198729740403,0,0,0,1,0,0,0,0,0,0,0
나이키,신발(나이키),보메로 프리미엄,HQ2050-106,신발,280,HQ2050-106(280),133564920,남성,SU26,2026-05-12,2026-05-12,"299,000.00",33062,0,0.0,2,198729720252,0,0,0,2,0,0,0,0,0,0,0
나이키,신발(나이키),보메로 프리미엄,HQ2050-106,신발,285,HQ2050-106(285),133564920,남성,SU26,2026-05-12,2026-05-12,"299,000.00",33063,0,0.0,1,198729784032,0,0,0,1,0,0,0,0,0,0,0
나이키,신발(나이키),보메로 프리미엄 CM,HQ2050-701,신발,250,HQ2050-701(250),132642945,남성,SP26,2026-01-27,2026-01-27,"289,000.00",28533,0,0.0,0,198488037912,0,0,0,0,0,0,0,1,0,0,0
나이키ACC,용품(나이키ACC),드라이 핏 트레일 랩,HQ2350-012,용품,1SIZE,HQ2350-012(1SIZE),124219719,공용,HO24,2024-11-29,2024-11-29,"49,000.00",12652,5,0.0,12,197599883791,0,0,0,0,6,6,0,0,0,0,0
나이키,신발(나이키),페가수스 프리미엄,HQ2592-004,신발,265,HQ2592-004(265),130885511,남성,SU25,2025-06-13,2025-06-13,"279,000.00",18380,1,0.0,3,198480417170,0,0,0,0,0,2,0,0,0,0,0
나이키,신발(나이키),페가수스 프리미엄,HQ2592-004,신발,265,HQ2592-004(265),130885511,남성,FA25,2025-10-17,2025-10-17,"279,000.00",18380,1,0.0,3,198480417170,1,0,0,0,0,0,0,0,0,0,0
나이키,신발(나이키),페가수스 프리미엄,HQ2592-004,신발,275,HQ2592-004(275),130885511,남성,SU25,2025-06-13,2025-06-13,"279,000.00",18382,0,0.0,1,198480157298,0,0,0,0,0,1,0,0,0,0,0
나이키,신발(나이키),페가수스 프리미엄,HQ2592-005,신발,250,HQ2592-005(250),131589585,남성,FA26,2026-06-26,2026-07-07,"289,000.00",21269,2,0.0,4,198481487639,0,0,0,1,1,2,0,0,0,0,0
나이키,신발(나이키),페가수스 프리미엄,HQ2592-005,신발,255,HQ2592-005(255),131589585,남성,FA26,2026-07-07,2026-07-07,"289,000.00",21270,5,0.0,8,198481522064,0,0,0,1,2,5,0,0,0,0,0
나이키,신발(나이키),페가수스 프리미엄,HQ2592-005,신발,260,HQ2592-005(260),131589585,남성,FA26,2026-07-07,2026-07-07,"289,000.00",21271,11,0.0,15,198481418626,0,0,0,1,3,11,0,0,0,0,0
나이키,신발(나이키),페가수스 프리미엄,HQ2592-005,신발,265,HQ2592-005(265),131589585,남성,FA26,2026-07-07,2026-07-07,"289,000.00",21272,13,0.0,18,198481444168,1,0,0,1,3,13,0,0,0,0,0
나이키,신발(나이키),페가수스 프리미엄,HQ2592-005,신발,270,HQ2592-005(270),131589585,남성,FA26,2026-07-07,2026-07-07,"289,000.00",21273,18,0.0,23,198481435951,0,0,0,1,4,18,0,0,0,0,0
나이키,신발(나이키),페가수스 프리미엄,HQ2592-005,신발,275,HQ2592-005(275),131589585,남성,FA26,2026-07-07,2026-07-07,"289,000.00",21274,10,0.0,14,198481391288,0,0,0,1,3,10,0,0,0,0,0
나이키,신발(나이키),페가수스 프리미엄,HQ2592-005,신발,280,HQ2592-005(280),131589585,남성,FA25,2025-09-04,2025-09-04,"289,000.00",21275,4,0.0,7,198481508730,0,0,0,0,0,0,0,1,0,0,0
나이키,신발(나이키),페가수스 프리미엄,HQ2592-005,신발,280,HQ2592-005(280),131589585,남성,FA26,2026-07-07,2026-07-07,"289,000.00",21275,4,0.0,7,198481508730,0,0,0,1,2,4,0,0,0,0,0
나이키,신발(나이키),페가수스 프리미엄,HQ2592-005,신발,285,HQ2592-005(285),131589585,남성,FA26,2026-07-07,2026-07-07,"289,000.00",21276,3,0.0,5,198481325436,0,0,0,1,1,3,0,0,0,0,0
나이키,신발(나이키),페가수스 프리미엄,HQ2592-005,신발,290,HQ2592-005(290),131589585,남성,FA26,2026-07-07,2026-07-07,"289,000.00",21277,1,0.0,1,198481506088,0,0,0,0,0,1,0,0,0,0,0
나이키,신발(나이키),페가수스 프리미엄,HQ2592-017,신발,250,HQ2592-017(250),135700526,남성,FA26,2026-07-07,2026-07-07,"289,000.00",38029,2,0.0,2,198959743250,0,0,0,0,0,1,0,0,0,1,0
나이키,신발(나이키),페가수스 프리미엄,HQ2592-017,신발,255,HQ2592-017(255),135700526,남성,FA26,2026-07-07,2026-07-07,"289,000.00",38030,1,0.0,3,198959749238,0,0,0,1,1,1,0,0,0,0,0
나이키,신발(나이키),페가수스 프리미엄,HQ2592-017,신발,260,HQ2592-017(260),135700526,남성,FA26,2026-07-07,2026-07-07,"289,000.00",38031,3,0.0,5,198959740099,0,0,0,1,1,2,0,0,0,1,0
나이키,신발(나이키),페가수스 프리미엄,HQ2592-017,신발,265,HQ2592-017(265),135700526,남성,FA26,2026-07-07,2026-07-07,"289,000.00",38032,4,0.0,6,198959726093,0,0,0,1,1,2,0,0,0,2,0
나이키,신발(나이키),페가수스 프리미엄,HQ2592-017,신발,270,HQ2592-017(270),135700526,남성,FA26,2026-07-07,2026-07-07,"289,000.00",38033,9,0.0,11,198959742673,0,0,0,1,1,5,0,0,0,4,0
나이키,신발(나이키),페가수스 프리미엄,HQ2592-017,신발,275,HQ2592-017(275),135700526,남성,FA26,2026-07-07,2026-07-07,"289,000.00",38034,6,0.0,8,198959731684,0,0,0,1,1,3,0,0,0,3,0
나이키,신발(나이키),페가수스 프리미엄,HQ2592-017,신발,280,HQ2592-017(280),135700526,남성,FA26,2026-07-07,2026-07-07,"289,000.00",38035,2,0.0,4,198959732643,0,0,0,1,1,1,0,0,0,1,0
나이키,신발(나이키),페가수스 프리미엄,HQ2592-017,신발,285,HQ2592-017(285),135700526,남성,FA26,2026-07-07,2026-07-07,"289,000.00",38036,0,0.0,2,198959745469,0,0,0,1,1,0,0,0,0,0,0
나이키,신발(나이키),페가수스 프리미엄,HQ2592-017,신발,290,HQ2592-017(290),135700526,남성,FA26,2026-07-07,2026-07-07,"289,000.00",38037,1,0.0,1,198959744547,0,0,0,0,0,1,0,0,0,0,0
나이키,신발(나이키),페가수스 프리미엄,HQ2592-105,신발,255,HQ2592-105(255),132642931,남성,SP26,2026-01-27,2026-01-27,"279,000.00",28261,1,0.0,1,198487996319,0,0,0,0,0,1,0,0,0,0,0
나이키,신발(나이키),페가수스 프리미엄,HQ2592-105,신발,260,HQ2592-105(260),132642931,남성,SP26,2026-01-27,2026-01-27,"279,000.00",28262,1,0.0,1,198487999464,0,0,0,0,0,1,0,0,0,0,0
나이키,신발(나이키),페가수스 프리미엄,HQ2593-107,신발,230,HQ2593-107(230),,여성,FA26,2026-09-02,2026-09-02,"289,000.00",38421,4,0.0,4,198959736344,0,0,0,0,0,4,0,0,0,0,0
나이키,신발(나이키),페가수스 프리미엄,HQ2593-107,신발,235,HQ2593-107(235),,여성,FA26,2026-09-02,2026-09-02,"289,000.00",38422,6,0.0,6,198959743489,0,0,0,0,0,6,0,0,0,0,0
나이키,신발(나이키),페가수스 프리미엄,HQ2593-107,신발,240,HQ2593-107(240),,여성,FA26,2026-09-02,2026-09-02,"289,000.00",38423,7,0.0,7,198959745698,0,0,0,0,0,7,0,0,0,0,0
나이키,신발(나이키),페가수스 프리미엄,HQ2593-107,신발,245,HQ2593-107(245),,여성,FA26,2026-09-02,2026-09-02,"289,000.00",38424,7,0.0,7,198959746398,0,0,0,0,0,7,0,0,0,0,0
나이키,신발(나이키),페가수스 프리미엄,HQ2593-107,신발,250,HQ2593-107(250),,여성,FA26,2026-09-02,2026-09-02,"289,000.00",38425,2,0.0,2,198959728066,0,0,0,0,0,2,0,0,0,0,0
나이키,신발(나이키),페가수스 프리미엄,HQ2593-107,신발,255,HQ2593-107(255),,여성,FA26,2026-09-02,2026-09-02,"289,000.00",38426,2,0.0,2,198959748156,0,0,0,0,0,2,0,0,0,0,0
나이키,신발(나이키),페가수스 프리미엄,HQ2593-502,신발,230,HQ2593-502(230),132551819,여성,SP26,2026-01-12,2026-01-12,"279,000.00",28697,1,0.0,1,198487993370,0,0,0,0,0,1,0,0,0,0,0
나이키,신발(나이키),페가수스 프리미엄,HQ2593-502,신발,235,HQ2593-502(235),132551819,여성,SP26,2026-01-12,2026-01-12,"279,000.00",28698,1,0.0,1,198487998276,0,0,0,0,0,1,0,0,0,0,0
나이키,신발(나이키),페가수스 프리미엄,HQ2593-502,신발,240,HQ2593-502(240),132551819,여성,SP26,2026-01-12,2026-01-12,"279,000.00",28699,4,0.0,4,198487990065,0,0,0,0,0,4,0,0,0,0,0
나이키,신발(나이키),페가수스 프리미엄,HQ2593-502,신발,245,HQ2593-502(245),132551819,여성,SP26,2026-01-12,2026-01-12,"279,000.00",28700,4,0.0,4,198488001241,0,0,0,0,0,4,0,0,0,0,0
나이키,신발(나이키),페가수스 프리미엄,HQ2593-502,신발,250,HQ2593-502(250),132551819,여성,SP26,2026-01-12,2026-01-12,"279,000.00",28701,2,0.0,2,198487991635,0,0,0,0,0,2,0,0,0,0,0
나이키,신발(나이키),페가수스 프리미엄,HQ2593-502,신발,255,HQ2593-502(255),132551819,여성,SP26,2026-01-12,2026-01-12,"279,000.00",28702,1,0.0,1,198487998993,0,0,0,0,0,1,0,0,0,0,0
나이키,신발(나이키),스트럭처 플러스,HQ3048-001,신발,250,HQ3048-001(250),132465352,남성,SP26,2025-12-24,2025-12-24,"209,000.00",30780,1,0.0,2,198726359202,0,0,0,1,0,0,0,0,0,0,0
나이키,신발(나이키),스트럭처 플러스,HQ3048-001,신발,250,HQ3048-001(250),132465352,남성,FA26,2026-07-29,2026-07-29,"209,000.00",30780,1,0.0,2,198726359202,0,0,0,0,0,1,0,0,0,0,0
나이키,신발(나이키),스트럭처 플러스,HQ3048-001,신발,255,HQ3048-001(255),132465352,남성,FA26,2026-07-29,2026-07-29,"209,000.00",30781,2,0.0,2,198726350285,0,0,0,0,0,1,0,0,0,0,1
나이키,신발(나이키),스트럭처 플러스,HQ3048-001,신발,260,HQ3048-001(260),132465352,남성,SP26,2025-12-24,2025-12-24,"209,000.00",30782,3,0.0,4,198726354191,0,0,0,0,1,0,0,0,0,0,0
나이키,신발(나이키),스트럭처 플러스,HQ3048-001,신발,260,HQ3048-001(260),132465352,남성,FA26,2026-07-29,2026-07-29,"209,000.00",30782,3,0.0,4,198726354191,0,0,0,0,0,2,0,0,0,0,1
나이키,신발(나이키),스트럭처 플러스,HQ3048-001,신발,265,HQ3048-001(265),132465352,남성,SP26,2025-12-24,2025-12-24,"209,000.00",30783,8,0.0,11,198726358465,0,0,0,1,2,2,0,0,0,0,0
나이키,신발(나이키),스트럭처 플러스,HQ3048-001,신발,265,HQ3048-001(265),132465352,남성,FA26,2026-07-29,2026-07-29,"209,000.00",30783,8,0.0,11,198726358465,0,0,0,0,0,4,0,0,0,0,2
나이키,신발(나이키),스트럭처 플러스,HQ3048-001,신발,270,HQ3048-001(270),132465352,남성,SP26,2025-12-24,2025-12-24,"209,000.00",30784,7,0.0,8,198726360260,0,0,0,0,1,0,0,0,0,0,0
나이키,신발(나이키),스트럭처 플러스,HQ3048-001,신발,270,HQ3048-001(270),132465352,남성,FA26,2026-07-29,2026-07-29,"209,000.00",30784,7,0.0,8,198726360260,0,0,0,0,0,4,0,0,0,0,3
나이키,신발(나이키),스트럭처 플러스,HQ3048-001,신발,275,HQ3048-001(275),132465352,남성,SP26,2025-12-24,2025-12-24,"209,000.00",30785,5,0.0,6,198726346288,0,0,0,1,0,0,0,0,0,0,0
나이키,신발(나이키),스트럭처 플러스,HQ3048-001,신발,275,HQ3048-001(275),132465352,남성,FA26,2026-07-29,2026-07-29,"209,000.00",30785,5,0.0,6,198726346288,0,0,0,0,0,3,0,0,0,0,2
나이키,신발(나이키),스트럭처 플러스,HQ3048-001,신발,280,HQ3048-001(280),132465352,남성,FA26,2026-07-29,2026-07-29,"209,000.00",30786,3,0.0,3,198726351053,0,0,0,0,0,2,0,0,0,0,1
나이키,신발(나이키),스트럭처 플러스,HQ3048-001,신발,285,HQ3048-001(285),132465352,남성,FA26,2026-07-29,2026-07-29,"209,000.00",30787,2,0.0,2,198726353927,0,0,0,0,0,1,0,0,0,0,1
나이키,신발(나이키),스트럭처 플러스,HQ3048-001,신발,290,HQ3048-001(290),132465352,남성,FA26,2026-07-29,2026-07-29,"209,000.00",30788,1,0.0,1,198726354245,0,0,0,0,0,1,0,0,0,0,0
나이키,신발(나이키),스트럭처 플러스,HQ3048-003,신발,250,HQ3048-003(250),132551824,남성,SP26,2026-01-12,2026-01-12,"199,000.00",27738,1,0.0,1,198730566122,0,0,0,0,0,1,0,0,0,0,0
나이키,신발(나이키),스트럭처 플러스,HQ3048-003,신발,255,HQ3048-003(255),132551824,남성,SP26,2026-01-12,2026-01-12,"199,000.00",27739,0,0.0,2,198730551920,0,0,0,0,0,0,2,0,0,0,0
나이키,신발(나이키),스트럭처 플러스,HQ3048-003,신발,260,HQ3048-003(260),132551824,남성,SP26,2026-01-12,2026-01-12,"199,000.00",27740,1,0.0,3,198730564760,0,0,0,0,0,0,3,0,0,0,0
나이키,신발(나이키),스트럭처 플러스,HQ3048-003,신발,265,HQ3048-003(265),132551824,남성,SP26,2026-01-12,2026-01-12,"199,000.00",27741,0,0.0,5,198730544632,0,0,0,0,0,0,5,0,0,0,0
나이키,신발(나이키),스트럭처 플러스,HQ3048-003,신발,270,HQ3048-003(270),132551824,남성,SP26,2026-01-12,2026-01-12,"199,000.00",27742,0,0.0,7,198730555874,0,0,0,0,0,0,7,0,0,0,0
나이키,신발(나이키),스트럭처 플러스,HQ3048-003,신발,275,HQ3048-003(275),132551824,남성,SP26,2026-01-12,2026-01-12,"199,000.00",27743,0,0.0,4,198730541792,0,0,0,0,0,0,4,0,0,0,0
나이키,신발(나이키),스트럭처 플러스,HQ3048-003,신발,280,HQ3048-003(280),132551824,남성,SP26,2026-01-12,2026-01-12,"199,000.00",27744,0,0.0,2,198730545752,0,0,0,0,0,0,2,0,0,0,0
나이키,신발(나이키),스트럭처 플러스,HQ3048-003,신발,285,HQ3048-003(285),132551824,남성,SP26,2026-01-12,2026-01-12,"199,000.00",27745,0,0.0,1,198730548593,0,0,0,0,0,0,1,0,0,0,0
나이키,신발(나이키),스트럭처 플러스,HQ3048-003,신발,290,HQ3048-003(290),132551824,남성,SP26,2026-01-12,2026-01-12,"199,000.00",27746,0,0.0,1,198730562131,0,0,0,0,0,0,1,0,0,0,0
나이키,신발(나이키),스트럭처 플러스,HQ3048-004,신발,250,HQ3048-004(250),135511248,남성,FA26,2026-07-07,2026-07-07,"209,000.00",38139,2,0.0,2,198959531703,0,0,0,0,0,2,0,0,0,0,0
나이키,신발(나이키),스트럭처 플러스,HQ3048-004,신발,255,HQ3048-004(255),135511248,남성,FA26,2026-07-07,2026-07-07,"209,000.00",38140,2,0.0,2,198959399037,0,0,0,0,0,2,0,0,0,0,0
나이키,신발(나이키),스트럭처 플러스,HQ3048-004,신발,260,HQ3048-004(260),135511248,남성,FA26,2026-07-07,2026-07-07,"209,000.00",38141,5,0.0,7,198959373181,0,0,0,1,1,5,0,0,0,0,0
나이키,신발(나이키),스트럭처 플러스,HQ3048-004,신발,265,HQ3048-004(265),135511248,남성,FA26,2026-07-07,2026-07-07,"209,000.00",38142,6,0.0,9,198959393714,0,0,0,1,2,6,0,0,0,0,0
나이키,신발(나이키),스트럭처 플러스,HQ3048-004,신발,270,HQ3048-004(270),135511248,남성,FA26,2026-07-07,2026-07-07,"209,000.00",38143,5,0.0,8,198959516793,0,0,0,1,2,5,0,0,0,0,0
나이키,신발(나이키),스트럭처 플러스,HQ3048-004,신발,275,HQ3048-004(275),135511248,남성,FA26,2026-07-07,2026-07-07,"209,000.00",38144,4,0.0,7,198959502703,0,0,0,1,2,4,0,0,0,0,0
나이키,신발(나이키),스트럭처 플러스,HQ3048-004,신발,280,HQ3048-004(280),135511248,남성,FA26,2026-07-07,2026-07-07,"209,000.00",38145,3,0.0,5,198959405226,0,0,0,1,1,3,0,0,0,0,0
나이키,신발(나이키),스트럭처 플러스,HQ3048-004,신발,285,HQ3048-004(285),135511248,남성,FA26,2026-07-07,2026-07-07,"209,000.00",38146,3,0.0,3,198959391154,0,0,0,0,0,3,0,0,0,0,0
나이키,신발(나이키),스트럭처 플러스,HQ3048-005,신발,250,HQ3048-005(250),136418940,남성,FA26,2026-07-29,2026-07-29,"209,000.00",38161,1,0.0,1,198959515635,0,0,0,0,0,1,0,0,0,0,0
나이키,신발(나이키),스트럭처 플러스,HQ3048-005,신발,255,HQ3048-005(255),136418940,남성,FA26,2026-07-29,2026-07-29,"209,000.00",38162,2,0.0,2,198959601192,0,0,0,0,0,1,0,0,0,0,1
나이키,신발(나이키),스트럭처 플러스,HQ3048-005,신발,260,HQ3048-005(260),136418940,남성,FA26,2026-07-29,2026-07-29,"209,000.00",38163,3,0.0,3,198959378841,0,0,0,0,0,2,0,0,0,0,1
나이키,신발(나이키),스트럭처 플러스,HQ3048-005,신발,265,HQ3048-005(265),136418940,남성,FA26,2026-07-29,2026-07-29,"209,000.00",38164,6,0.0,6,198959498228,0,0,0,0,0,4,0,0,0,0,2
나이키,신발(나이키),스트럭처 플러스,HQ3048-005,신발,270,HQ3048-005(270),136418940,남성,FA26,2026-07-29,2026-07-29,"209,000.00",38165,7,0.0,7,198959372405,0,0,0,0,0,4,0,0,0,0,3
나이키,신발(나이키),스트럭처 플러스,HQ3048-005,신발,275,HQ3048-005(275),136418940,남성,FA26,2026-07-29,2026-07-29,"209,000.00",38166,5,0.0,5,198959513945,0,0,0,0,0,3,0,0,0,0,2
나이키,신발(나이키),스트럭처 플러스,HQ3048-005,신발,280,HQ3048-005(280),136418940,남성,FA26,2026-07-29,2026-07-29,"209,000.00",38167,3,0.0,3,198959596924,0,0,0,0,0,2,0,0,0,0,1
나이키,신발(나이키),스트럭처 플러스,HQ3048-005,신발,285,HQ3048-005(285),136418940,남성,FA26,2026-07-29,2026-07-29,"209,000.00",38168,1,0.0,1,198959505032,0,0,0,0,0,0,0,0,0,0,1
나이키,신발(나이키),스트럭처 플러스,HQ3048-101,신발,250,HQ3048-101(250),132803504,남성,SP26,2026-02-04,2026-02-04,"199,000.00",27759,0,0.0,2,198726365432,0,0,0,1,1,0,0,0,0,0,0
나이키,신발(나이키),스트럭처 플러스,HQ3048-101,신발,255,HQ3048-101(255),132803504,남성,SP26,2026-02-04,2026-02-04,"199,000.00",27760,0,0.0,2,198726365609,0,0,0,1,1,0,0,0,0,0,0
나이키,신발(나이키),스트럭처 플러스,HQ3048-101,신발,260,HQ3048-101(260),132803504,남성,SP26,2026-02-04,2026-02-04,"199,000.00",27761,0,0.0,1,198726366026,0,0,0,1,0,0,0,0,0,0,0
나이키,신발(나이키),스트럭처 플러스,HQ3048-101,신발,290,HQ3048-101(290),132803504,남성,SP26,2026-02-04,2026-02-04,"199,000.00",27767,0,0.0,1,198726365173,0,0,0,1,0,0,0,0,0,0,0
나이키,신발(나이키),스트럭처 플러스,HQ3048-500,신발,250,HQ3048-500(250),132803505,남성,SP26,2026-02-03,2026-02-03,"199,000.00",27780,0,0.0,2,198726363841,0,0,0,0,0,0,2,0,0,0,0
나이키,신발(나이키),스트럭처 플러스,HQ3048-500,신발,255,HQ3048-500(255),132803505,남성,SP26,2026-02-03,2026-02-03,"199,000.00",27781,0,0.0,3,198726364770,0,0,0,0,0,0,3,0,0,0,0
나이키,신발(나이키),스트럭처 플러스,HQ3048-500,신발,260,HQ3048-500(260),132803505,남성,SP26,2026-02-03,2026-02-03,"199,000.00",27782,0,0.0,8,198726363926,0,0,0,0,0,0,8,0,0,0,0
나이키,신발(나이키),스트럭처 플러스,HQ3048-500,신발,265,HQ3048-500(265),132803505,남성,SP26,2026-02-03,2026-02-03,"199,000.00",27783,0,0.0,10,198726365678,0,0,0,0,0,0,10,0,0,0,0
나이키,신발(나이키),스트럭처 플러스,HQ3048-500,신발,270,HQ3048-500(270),132803505,남성,SP26,2026-02-03,2026-02-03,"199,000.00",27784,0,0.0,12,198726365579,0,0,0,0,0,0,12,0,0,0,0
나이키,신발(나이키),스트럭처 플러스,HQ3048-500,신발,275,HQ3048-500(275),132803505,남성,SP26,2026-02-03,2026-02-03,"199,000.00",27785,0,0.0,6,198726364879,0,0,0,0,0,0,6,0,0,0,0
나이키,신발(나이키),스트럭처 플러스,HQ3048-500,신발,280,HQ3048-500(280),132803505,남성,SP26,2026-02-03,2026-02-03,"199,000.00",27786,0,0.0,5,198726363711,0,0,0,0,0,0,5,0,0,0,0
나이키,신발(나이키),스트럭처 플러스,HQ3048-500,신발,285,HQ3048-500(285),132803505,남성,SP26,2026-02-03,2026-02-03,"199,000.00",27787,0,0.0,2,198726365982,0,0,0,0,0,0,2,0,0,0,0
나이키,신발(나이키),스트럭처 플러스,HQ3048-500,신발,290,HQ3048-500(290),132803505,남성,SP26,2026-02-03,2026-02-03,"199,000.00",27788,0,0.0,1,198726365388,0,0,0,0,0,0,1,0,0,0,0
나이키,신발(나이키),스트럭처 플러스,HQ3048-501,신발,250,HQ3048-501(250),132465351,남성,SP26,2025-12-30,2025-12-30,"199,000.00",30822,1,0.0,1,198726365005,0,0,0,0,0,1,0,0,0,0,0
나이키,신발(나이키),스트럭처 플러스,HQ3048-501,신발,255,HQ3048-501(255),132465351,남성,SP26,2025-12-30,2025-12-30,"199,000.00",30823,1,0.0,1,198726364930,0,0,0,0,0,1,0,0,0,0,0
나이키,신발(나이키),스트럭처 플러스,HQ3048-501,신발,260,HQ3048-501(260),132465351,남성,SP26,2025-12-30,2025-12-30,"199,000.00",30824,0,0.0,1,198726365913,0,0,0,0,1,0,0,0,0,0,0
나이키,신발(나이키),스트럭처 플러스,HQ3048-501,신발,265,HQ3048-501(265),132465351,남성,SP26,2025-12-30,2025-12-30,"199,000.00",30825,0,0.0,2,198726364114,0,0,0,0,2,0,0,0,0,0,0
나이키,신발(나이키),스트럭처 플러스,HQ3048-501,신발,270,HQ3048-501(270),132465351,남성,SP26,2025-12-30,2025-12-30,"199,000.00",30826,1,0.0,3,198726365210,0,0,0,0,2,1,0,0,0,0,0
나이키,신발(나이키),스트럭처 플러스,HQ3048-501,신발,275,HQ3048-501(275),132465351,남성,SP26,2025-12-30,2025-12-30,"199,000.00",30827,2,0.0,3,198726365456,0,0,0,0,1,2,0,0,0,0,0
나이키,신발(나이키),스트럭처 플러스,HQ3048-501,신발,280,HQ3048-501(280),132465351,남성,SP26,2025-12-30,2025-12-30,"199,000.00",30828,1,0.0,1,198726365920,0,0,0,0,0,1,0,0,0,0,0
나이키,신발(나이키),스트럭처 플러스,HQ3048-501,신발,285,HQ3048-501(285),132465351,남성,SP26,2025-12-30,2025-12-30,"199,000.00",30829,1,0.0,1,198726364992,0,0,0,0,0,1,0,0,0,0,0
나이키,신발(나이키),스트럭처 플러스,HQ3049-001,신발,235,HQ3049-001(235),132462944,여성,SP26,2025-12-24,2025-12-24,"199,000.00",30798,1,0.0,1,198726357857,0,0,0,0,0,1,0,0,0,0,0
나이키,신발(나이키),스트럭처 플러스,HQ3049-001,신발,240,HQ3049-001(240),132462944,여성,SP26,2025-12-24,2025-12-24,"199,000.00",30799,4,0.0,5,198726361205,0,0,0,0,1,4,0,0,0,0,0
나이키,신발(나이키),스트럭처 플러스,HQ3049-001,신발,245,HQ3049-001(245),132462944,여성,SP26,2025-12-24,2025-12-24,"199,000.00",30800,1,0.0,2,198726353491,0,0,0,0,1,1,0,0,0,0,0
나이키,신발(나이키),스트럭처 플러스,HQ3049-001,신발,250,HQ3049-001(250),132462944,여성,SP26,2025-12-24,2025-12-24,"199,000.00",30801,1,0.0,2,198726356867,0,0,0,0,1,1,0,0,0,0,0
나이키,신발(나이키),스트럭처 플러스,HQ3049-001,신발,255,HQ3049-001(255),132462944,여성,SP26,2025-12-24,2025-12-24,"199,000.00",30802,1,0.0,1,198726355525,0,0,0,0,0,1,0,0,0,0,0
나이키,신발(나이키),스트럭처 플러스,HQ3049-100,신발,230,HQ3049-100(230),135511059,여성,FA26,2026-07-07,2026-07-07,"209,000.00",38553,2,0.0,2,198726366262,0,0,0,0,0,2,0,0,0,0,0
나이키,신발(나이키),스트럭처 플러스,HQ3049-100,신발,235,HQ3049-100(235),135511059,여성,FA26,2026-07-07,2026-07-07,"209,000.00",38554,3,0.0,5,198726365944,0,0,0,1,1,3,0,0,0,0,0
나이키,신발(나이키),스트럭처 플러스,HQ3049-100,신발,240,HQ3049-100(240),135511059,여성,FA26,2026-07-07,2026-07-07,"209,000.00",38555,6,0.0,9,198726364558,0,0,0,1,2,6,0,0,0,0,0
나이키,신발(나이키),스트럭처 플러스,HQ3049-100,신발,245,HQ3049-100(245),135511059,여성,FA26,2026-07-07,2026-07-07,"209,000.00",38556,4,0.0,6,198726363650,0,0,0,1,1,4,0,0,0,0,0
나이키,신발(나이키),스트럭처 플러스,HQ3049-100,신발,250,HQ3049-100(250),135511059,여성,FA26,2026-07-07,2026-07-07,"209,000.00",38557,1,0.0,3,198726364169,0,0,0,1,1,1,0,0,0,0,0
나이키,신발(나이키),스트럭처 플러스,HQ3049-100,신발,255,HQ3049-100(255),135511059,여성,FA26,2026-07-07,2026-07-07,"209,000.00",38558,2,0.0,2,198726363957,0,0,0,0,0,2,0,0,0,0,0
나이키,신발(나이키),스트럭처 플러스,HQ3049-500,신발,230,HQ3049-500(230),132462946,여성,SP26,2025-12-30,2025-12-30,"199,000.00",27818,0,0.0,4,198726364893,0,0,0,0,0,0,4,0,0,0,0
나이키,신발(나이키),스트럭처 플러스,HQ3049-500,신발,235,HQ3049-500(235),132462946,여성,SP26,2025-12-30,2025-12-30,"199,000.00",27819,0,0.0,4,198726364572,0,0,0,0,0,0,4,0,0,0,0
나이키,신발(나이키),스트럭처 플러스,HQ3049-500,신발,240,HQ3049-500(240),132462946,여성,SP26,2025-12-30,2025-12-30,"199,000.00",27820,0,0.0,9,198726364046,0,0,0,0,0,0,9,0,0,0,0
나이키,신발(나이키),스트럭처 플러스,HQ3049-500,신발,245,HQ3049-500(245),132462946,여성,SP26,2025-12-30,2025-12-30,"199,000.00",27821,0,0.0,6,198726365968,0,0,0,0,0,0,6,0,0,0,0
나이키,신발(나이키),스트럭처 플러스,HQ3049-500,신발,250,HQ3049-500(250),132462946,여성,SP26,2025-12-30,2025-12-30,"199,000.00",27822,0,0.0,4,198726364732,0,0,0,0,0,0,4,0,0,0,0
나이키,신발(나이키),스트럭처 플러스,HQ3049-500,신발,255,HQ3049-500(255),132462946,여성,SP26,2025-12-30,2025-12-30,"199,000.00",27823,0,0.0,2,198726365418,0,0,0,0,0,0,2,0,0,0,0
나이키,신발(나이키),스트럭처 플러스,HQ3049-502,신발,230,HQ3049-502(230),132551826,여성,SP26,2026-01-12,2026-01-12,"199,000.00",27839,0,0.0,4,198726365531,0,0,0,0,0,0,4,0,0,0,0
나이키,신발(나이키),스트럭처 플러스,HQ3049-502,신발,235,HQ3049-502(235),132551826,여성,SP26,2026-01-12,2026-01-12,"199,000.00",27840,0,0.0,4,198726364251,0,0,0,0,0,0,4,0,0,0,0
나이키,신발(나이키),스트럭처 플러스,HQ3049-502,신발,240,HQ3049-502(240),132551826,여성,SP26,2026-01-12,2026-01-12,"199,000.00",27841,4,0.0,9,198726363520,0,0,0,0,0,4,5,0,0,0,0
나이키,신발(나이키),스트럭처 플러스,HQ3049-502,신발,245,HQ3049-502(245),132551826,여성,SP26,2026-01-12,2026-01-12,"199,000.00",27842,1,0.0,6,198726366200,0,0,0,0,0,1,5,0,0,0,0
나이키,신발(나이키),스트럭처 플러스,HQ3049-502,신발,250,HQ3049-502(250),132551826,여성,SP26,2026-01-12,2026-01-12,"199,000.00",27843,0,0.0,3,198726365043,0,0,0,0,0,0,3,0,0,0,0
나이키,신발(나이키),스트럭처 플러스,HQ3049-502,신발,255,HQ3049-502(255),132551826,여성,SP26,2026-01-12,2026-01-12,"199,000.00",27844,0,0.0,2,198726363902,0,0,0,0,0,0,2,0,0,0,0
나이키,신발(나이키),줌 X 베이퍼플라이 3 HKNE,HQ3504-100,신발,255,HQ3504-100(255),124038710,남성,HO24,2024-12-05,2024-12-05,"309,000.00",10631,0,0.0,1,197601790338,0,0,0,0,0,0,1,0,0,0,0
나이키,신발(나이키),라이벌 플라이 4 HKNE,HQ3512-100,신발,260,HQ3512-100(260),124038713,남성,HO24,2024-12-05,2024-12-05,"129,000.00",10905,0,0.0,1,197601801508,0,0,0,0,0,0,1,0,0,0,0
나이키,신발(나이키),라이벌 플라이 4 HKNE,HQ3512-100,신발,265,HQ3512-100(265),124038713,남성,HO24,2024-12-05,2024-12-05,"129,000.00",10906,0,0.0,1,197601802680,0,0,0,0,0,0,1,0,0,0,0
나이키,신발(나이키),라이벌 플라이 4 HKNE,HQ3512-100,신발,270,HQ3512-100(270),124038713,남성,HO24,2024-12-05,2024-12-05,"129,000.00",10907,0,0.0,1,197601800891,0,0,0,0,0,0,1,0,0,0,0
나이키,의류(나이키),에어로스위프트 드라이 핏 ADV 야코브 싱글렛,HQ4195-010,의류,L,HQ4195-010(L),130346207,남성,SU25,2025-05-14,2025-05-14,"115,000.00",18873,0,0.0,1,197862671636,0,0,0,0,0,1,0,0,0,0,0
나이키,신발(나이키),마인드 001,HQ4307-001,신발,250,HQ4307-001(250),132448246,남성,FA26,2026-06-26,2026-07-27,"119,000.00",29834,0,0.0,2,198488803470,0,0,0,0,3,0,0,0,0,0,0
나이키,신발(나이키),마인드 001,HQ4307-001,신발,290,HQ4307-001(290),132448246,남성,FA26,2026-06-26,2026-08-13,"119,000.00",29842,0,0.0,0,198488660653,0,0,0,0,1,0,0,0,0,0,0
나이키,신발(나이키),마인드 001,HQ4307-003,신발,290,HQ4307-003(290),132448248,남성,SU26,2026-06-12,2026-06-12,"119,000.00",29863,0,0.0,1,198727210854,0,0,0,0,1,0,0,0,0,0,0
나이키,용품(나이키),마인드 001,HQ4307-200,용품,250,HQ4307-200(250),134159891,남성,FA26,2026-07-07,2026-07-30,"119,000.00",39531,3,0.0,4,198959736542,0,0,0,0,2,0,0,0,0,3,0
나이키,용품(나이키),마인드 001,HQ4307-200,용품,260,HQ4307-200(260),134159891,남성,FA26,2026-07-07,2026-07-30,"119,000.00",39533,24,0.0,29,198959736481,0,0,0,0,6,0,0,0,0,24,0
나이키,용품(나이키),마인드 001,HQ4307-200,용품,270,HQ4307-200(270),134159891,남성,FA26,2026-07-07,2026-07-30,"119,000.00",39535,5,0.0,7,198959735286,0,0,0,0,2,0,0,0,0,5,1
나이키,용품(나이키),마인드 001,HQ4307-200,용품,280,HQ4307-200(280),134159891,남성,FA26,2026-07-07,2026-07-30,"119,000.00",39537,0,0.0,8,198959740129,0,0,0,0,8,0,0,0,0,0,0
나이키,용품(나이키),마인드 001,HQ4309-101,용품,230,HQ4309-101(230),136565528,여성,FA26,2026-08-11,2026-08-13,"119,000.00",39548,19,0.0,28,198959740563,0,0,0,9,10,9,0,0,0,0,10
나이키,용품(나이키),마인드 001,HQ4309-101,용품,240,HQ4309-101(240),136565528,여성,FA26,2026-08-11,2026-08-13,"119,000.00",39550,28,0.0,42,198959742123,0,0,0,10,14,18,0,0,0,0,10
나이키,용품(나이키),마인드 001,HQ4309-101,용품,250,HQ4309-101(250),136565528,여성,FA26,2026-08-11,2026-08-13,"119,000.00",39552,1,0.0,4,198959730687,0,0,0,2,10,0,0,0,0,0,1
나이키,용품(나이키),마인드 001,HQ4309-101,용품,260,HQ4309-101(260),136565528,여성,FA26,2026-08-11,2026-08-11,"119,000.00",39554,0,0.0,1,198959749900,0,0,0,0,1,0,0,0,0,0,0
아디다스,신발(아디다스),테렉스 아그라빅 TT,HQ5070,신발,230,HQ5070(230),133710637,남성,26FW,2026-05-29,2026-05-29,"209,000.00",35233,1,0.0,3,4068818591178,0,0,0,1,1,1,0,0,0,0,0
아디다스,신발(아디다스),테렉스 아그라빅 TT,HQ5070,신발,235,HQ5070(235),133710637,남성,26FW,2026-05-29,2026-05-29,"209,000.00",35234,2,0.0,4,4068818591185,0,0,0,1,1,2,0,0,0,0,0
아디다스,신발(아디다스),테렉스 아그라빅 TT,HQ5070,신발,240,HQ5070(240),133710637,남성,26FW,2026-05-29,2026-05-29,"209,000.00",35235,2,0.0,4,4068819129875,0,0,0,1,1,2,0,0,0,0,0
아디다스,신발(아디다스),테렉스 아그라빅 TT,HQ5070,신발,245,HQ5070(245),133710637,남성,26FW,2026-05-29,2026-05-29,"209,000.00",35236,0,0.0,2,4068819126232,0,0,0,1,1,0,0,0,0,0,0
아디다스,신발(아디다스),테렉스 아그라빅 TT,HQ5070,신발,250,HQ5070(250),133710637,남성,26FW,2026-05-29,2026-05-29,"209,000.00",35237,0,0.0,2,4068819129868,0,0,0,1,1,0,0,0,0,0,0
아디다스,신발(아디다스),테렉스 아그라빅 TT,HQ5070,신발,255,HQ5070(255),133710637,남성,26FW,2026-05-29,2026-05-29,"209,000.00",35238,1,0.0,3,4068819126140,0,0,0,1,1,1,0,0,0,0,0
아디다스,신발(아디다스),테렉스 아그라빅 TT,HQ5070,신발,260,HQ5070(260),133710637,남성,26FW,2026-05-29,2026-05-29,"209,000.00",35239,4,0.0,6,4068819126201,0,0,0,1,1,4,0,0,0,0,0
아디다스,신발(아디다스),테렉스 아그라빅 TT,HQ5070,신발,265,HQ5070(265),133710637,남성,26FW,2026-05-29,2026-05-29,"209,000.00",35240,6,0.0,8,4068819126171,0,0,0,1,1,6,0,0,0,0,0
아디다스,신발(아디다스),테렉스 아그라빅 TT,HQ5070,신발,270,HQ5070(270),133710637,남성,26FW,2026-05-29,2026-05-29,"209,000.00",35241,4,0.0,5,4068819129851,0,0,0,0,1,4,0,0,0,0,0
아디다스,신발(아디다스),테렉스 아그라빅 TT,HQ5070,신발,275,HQ5070(275),133710637,남성,26FW,2026-05-29,2026-05-29,"209,000.00",35242,2,0.0,4,4068819126126,0,0,0,1,1,2,0,0,0,0,0
아디다스,신발(아디다스),테렉스 아그라빅 TT,HQ5070,신발,280,HQ5070(280),133710637,남성,26FW,2026-05-29,2026-05-29,"209,000.00",35243,1,0.0,3,4068819126225,0,0,0,1,1,1,0,0,0,0,0
아디다스,신발(아디다스),테렉스 아그라빅 TT,HQ5070,신발,285,HQ5070(285),133710637,남성,26FW,2026-05-29,2026-05-29,"209,000.00",35244,1,0.0,2,4068819126188,0,0,0,1,0,1,0,0,0,0,0
나이키,신발(나이키),보메로 18 고어텍스,HQ7001-300,신발,260,HQ7001-300(260),132021712,남성,HO25,2025-10-29,2025-10-29,"209,000.00",25323,1,0.0,1,198486944809 ,0,0,0,0,0,1,0,0,0,0,0
나이키,신발(나이키),보메로 18 고어텍스,HQ7002-300,신발,230,HQ7002-300(230),132021714,여성,HO25,2025-10-29,2025-10-29,"209,000.00",25548,1,0.0,1,198486889377 ,0,0,0,0,0,1,0,0,0,0,0
나이키,신발(나이키),보메로 18 고어텍스,HQ7002-300,신발,235,HQ7002-300(235),132021714,여성,HO25,2025-10-29,2025-10-29,"209,000.00",25549,1,0.0,1,198486899703 ,0,0,0,0,0,1,0,0,0,0,0
나이키,신발(나이키),보메로 18 고어텍스,HQ7002-300,신발,245,HQ7002-300(245),132021714,여성,HO25,2025-10-29,2025-10-29,"209,000.00",25551,0,0.0,1,198486884785 ,0,0,0,0,0,1,0,0,0,0,0
나이키ACC,용품(나이키ACC),ACG 드라이핏 UV 바라클라바,HQ7398-050,용품,1SIZE,HQ7398-050(1SIZE),124219333,공용,HO24,2024-12-16,2024-12-16,"79,000.00",12187,0,0.0,1,197601580595,0,0,0,0,0,1,0,0,0,0,0
아디다스,신발(아디다스),하이퍼부스트 RUN,HQ7711,신발,235,HQ7711(235),135922091,여성,26FW,2026-07-20,2026-07-20,"219,000.00",34883,0,0.0,2,4069999457956,0,0,0,1,1,0,0,0,0,0,0
아디다스,신발(아디다스),하이퍼부스트 RUN,HQ7711,신발,240,HQ7711(240),135922091,여성,26FW,2026-07-20,2026-07-20,"219,000.00",34884,0,0.0,1,4069999457987,0,0,0,1,0,0,0,0,0,0,0
아디다스,신발(아디다스),하이퍼부스트 RUN,HQ7711,신발,245,HQ7711(245),135922091,여성,26FW,2026-07-20,2026-07-20,"219,000.00",34885,0,0.0,2,4069999457932,0,0,0,1,1,0,0,0,0,0,0
아디다스,신발(아디다스),하이퍼부스트 RUN,HQ7711,신발,250,HQ7711(250),135922091,여성,26FW,2026-07-20,2026-07-20,"219,000.00",34886,0,0.0,1,4069999457963,0,0,0,1,0,0,0,0,0,0,0
나이키,의류(나이키),드라이 핏 ADV 런 5인치 브리프 라인드 러닝 쇼츠,HV2009-010,의류,XXL,HV2009-010(XXL),131383152,남성,FA25,2025-08-06,2025-08-06,"125,000.00",21106,1,0.0,1,198485933095,0,0,0,0,0,1,0,0,0,0,0
나이키,의류(나이키),트레일 드라이 핏 6인치 브리프 라인드 러닝 쇼츠,HV2163-133,의류,L,HV2163-133(L),131118933,남성,FA25,2025-07-08,2025-07-08,"79,000.00",20647,4,0.0,4,198482321833,0,0,0,0,0,4,0,0,0,0,0
나이키,의류(나이키),트레일 드라이 핏 6인치 브리프 라인드 러닝 쇼츠,HV2163-133,의류,M,HV2163-133(M),131118933,남성,FA25,2025-07-08,2025-07-08,"79,000.00",20646,3,0.0,3,198482312480,0,0,0,0,1,2,0,0,0,0,0
나이키,의류(나이키),트레일 드라이 핏 6인치 브리프 라인드 러닝 쇼츠,HV2163-133,의류,S,HV2163-133(S),131118933,남성,FA25,2025-07-08,2025-07-08,"79,000.00",20645,0,0.0,1,198482327453,0,0,0,0,0,1,0,0,0,0,0
나이키,의류(나이키),트레일 드라이 핏 6인치 브리프 라인드 러닝 쇼츠,HV2163-133,의류,XL,HV2163-133(XL),131118933,남성,FA25,2025-07-08,2025-07-08,"79,000.00",20648,4,0.0,4,198482322335,0,0,0,0,0,4,0,0,0,0,0
나이키,의류(나이키),트레일 드라이 핏 6인치 브리프 라인드 러닝 쇼츠,HV2163-133,의류,XXL,HV2163-133(XXL),131118933,남성,FA25,2025-07-08,2025-07-08,"79,000.00",20649,2,0.0,2,198482316549,0,0,0,0,0,2,0,0,0,0,0
나이키,의류(나이키),스트라이드 드라이 핏 쿼터집 러닝 탑,HV2181-010,의류,L,HV2181-010(L),124347610,남성,SP25,2025-01-09,2025-01-09,"89,000.00",14741,0,0.0,1,197860499904,0,0,0,0,1,0,0,0,0,0,0
나이키,의류(나이키),스트라이드 드라이 핏 쿼터집 러닝 탑,HV2181-010,의류,M,HV2181-010(M),124347610,남성,SP25,2025-01-09,2025-01-09,"89,000.00",14740,0,0.0,1,197860501751,0,0,0,0,1,0,0,0,0,0,0
나이키,의류(나이키),스트라이드 드라이 핏 쿼터집 러닝 탑,HV2181-010,의류,XL,HV2181-010(XL),124347610,남성,SP25,2025-01-09,2025-01-09,"89,000.00",14742,0,0.0,2,197860507500,0,0,0,0,2,0,0,0,0,0,0
나이키,의류(나이키),스트라이드 드라이 핏 쿼터집 러닝 탑,HV2181-084,의류,L,HV2181-084(L),124348587,남성,SP25,2025-01-09,2025-01-09,"89,000.00",14749,0,0.0,0,197860506107,0,0,0,0,0,0,0,1,0,0,0
나이키,의류(나이키),하이웨이스트 리플렉티브 액센트 7/8 러닝 레깅스,HV2288-010,의류,M,HV2288-010(M),132021719,여성,HO25,2025-10-29,2025-10-29,"125,000.00",25858,0,0.0,1,198483260889 ,0,0,0,0,1,0,0,0,0,0,0
나이키,의류(나이키),하이웨이스트 리플렉티브 액센트 7/8 러닝 레깅스,HV2288-010,의류,S,HV2288-010(S),132021719,여성,HO25,2025-10-29,2025-10-29,"125,000.00",25857,0,0.0,2,198483251511 ,0,0,0,0,2,0,0,0,0,0,0
나이키,의류(나이키),써마 핏 리펠 윈터라이즈드 하프집 러닝 탑,HV2708-017,의류,XL,HV2708-017(XL),132021716,남성,HO25,2025-10-29,2025-10-29,"115,000.00",25748,0,0.0,1,198486876674 ,0,0,0,0,1,0,0,0,0,0,0
나이키,의류(나이키),써마 핏 리펠 윈터라이즈드 하프집 러닝 탑,HV2708-017,의류,XXL,HV2708-017(XXL),132021716,남성,HO25,2025-10-29,2025-10-29,"115,000.00",25749,1,0.0,1,198486830799 ,0,0,0,0,0,1,0,0,0,0,0
나이키,의류(나이키),피나클 런 타이츠,HV2717-010,의류,L,HV2717-010(L),132602954,남성,HO25,2025-12-02,2025-12-02,"125,000.00",25875,0,0.0,1,198486814218 ,0,0,0,0,1,0,0,0,0,0,0
나이키,의류(나이키),피나클 런 타이츠,HV2717-010,의류,M,HV2717-010(M),132602954,남성,HO25,2025-12-02,2025-12-02,"125,000.00",25874,0,0.0,1,198486866606 ,0,0,0,0,1,0,0,0,0,0,0
나이키,의류(나이키),피나클 런 타이츠,HV2717-010,의류,XL,HV2717-010(XL),132602954,남성,HO25,2025-12-02,2025-12-02,"125,000.00",25876,0,0.0,2,198486798105 ,0,0,0,0,2,0,0,0,0,0,0
나이키,의류(나이키),드라이 핏 ADV 울 롱 슬리브 탑,HV2719-010,의류,XL,HV2719-010(XL),131589584,남성,FA25,2025-09-04,2025-09-04,"145,000.00",21097,0,0.0,1,198482317683,0,0,0,0,1,0,0,0,0,0,0
나이키,의류(나이키),드라이 핏 ADV 울 롱 슬리브 탑,HV2719-010,의류,XXL,HV2719-010(XXL),131589584,남성,FA25,2025-09-04,2025-09-04,"145,000.00",21098,0,0.0,1,198482315146,0,0,0,0,1,0,0,0,0,0,0
나이키,의류(나이키),스위프트 써마 핏 러닝 자켓,HV2745-010,의류,L,HV2745-010(L),131779017,여성,HO25,2025-09-29,2025-09-26,"175,000.00",25739,0,0.0,1,198481492497 ,0,0,0,0,1,0,0,0,0,0,0
나이키,의류(나이키),스위프트 써마핏 ADV 리플렉티브  러닝 베스트,HV2763-078,의류,M,HV2763-078(M),132021749,여성,HO25,2025-10-29,2025-10-29,"199,000.00",25730,0,0.0,1,198481532926 ,0,0,0,0,1,0,0,0,0,0,0
나이키,의류(나이키),스위프트 써마핏 ADV 리플렉티브  러닝 베스트,HV2763-078,의류,S,HV2763-078(S),132021749,여성,HO25,2025-10-29,2025-10-29,"199,000.00",25729,0,0.0,1,198481328710 ,0,0,0,0,1,0,0,0,0,0,0
나이키,의류(나이키),써마 핏 ADV 리플렉티브 액센트 쿼터집 러닝 탑,HV2945-389,의류,L,HV2945-389(L),132021717,여성,HO25,2025-10-29,2025-10-29,"115,000.00",25779,0,0.0,1,198483415517 ,0,0,0,0,1,0,0,0,0,0,0
나이키,의류(나이키),써마 핏 ADV 리플렉티브 액센트 쿼터집 러닝 탑,HV2945-389,의류,M,HV2945-389(M),132021717,여성,HO25,2025-10-29,2025-10-29,"115,000.00",25778,0,0.0,1,198483419225 ,0,0,0,0,1,0,0,0,0,0,0
나이키,의류(나이키),써마 핏 ADV 리플렉티브 액센트 쿼터집 러닝 탑,HV2945-389,의류,XL,HV2945-389(XL),132021717,여성,HO25,2025-10-29,2025-10-29,"115,000.00",25780,0,0.0,1,198483415739 ,0,0,0,0,1,0,0,0,0,0,0
나이키,의류(나이키),스트라이드 드라이 핏 러닝 팬츠,HV4545-010,의류,L,HV4545-010(L),131779018,남성,FA26,2026-08-06,2026-08-06,"119,000.00",25883,14,0.0,17,197860503861 ,0,0,0,3,0,14,0,0,0,0,0
나이키,의류(나이키),스트라이드 드라이 핏 러닝 팬츠,HV4545-010,의류,M,HV4545-010(M),131779018,남성,FA26,2026-08-06,2026-08-06,"119,000.00",25882,9,0.0,12,197860498822 ,0,0,0,3,0,9,0,0,0,0,0
나이키,의류(나이키),스트라이드 드라이 핏 러닝 팬츠,HV4545-010,의류,S,HV4545-010(S),131779018,남성,FA26,2026-08-26,2026-08-26,"119,000.00",25881,3,0.0,3,197860507746 ,0,0,0,0,0,3,0,0,0,0,0
나이키,의류(나이키),스트라이드 드라이 핏 러닝 팬츠,HV4545-010,의류,XL,HV4545-010(XL),131779018,남성,FA26,2026-08-06,2026-08-06,"119,000.00",25884,6,0.0,9,197860499553 ,0,0,0,3,0,6,0,0,0,0,0
나이키,의류(나이키),스트라이드 드라이 핏 러닝 팬츠,HV4545-010,의류,XXL,HV4545-010(XXL),131779018,남성,FA26,2026-08-06,2026-08-06,"119,000.00",25885,1,0.0,1,197860498594 ,0,0,0,0,0,1,0,0,0,0,0
나이키,의류(나이키),스트라이드 리펠 UV 러닝 자켓,HV4549-010,의류,L,HV4549-010(L),126731927,남성,SP25,2025-01-15,2025-01-15,"155,000.00",14664,0,0.0,1,197860507814,0,0,0,0,1,0,0,0,0,0,0
나이키,의류(나이키),스트라이드 리펠 UV 러닝 자켓,HV4549-010,의류,M,HV4549-010(M),126731927,남성,SP25,2025-01-15,2025-01-15,"155,000.00",14663,1,0.0,3,197860508903,0,0,0,0,1,0,0,0,0,0,0
나이키,의류(나이키),스트라이드 리펠 UV 러닝 자켓,HV4549-010,의류,M,HV4549-010(M),126731927,남성,FA25,2025-07-08,2025-07-08,"155,000.00",14663,1,0.0,3,197860508903,0,0,0,1,0,1,0,0,0,0,0
나이키,의류(나이키),스트라이드 리펠 UV 러닝 자켓,HV4549-010,의류,XL,HV4549-010(XL),126731927,남성,SP25,2025-01-15,2025-01-15,"155,000.00",14665,0,0.0,2,197860498792,0,0,0,0,0,1,0,0,0,0,0
나이키,의류(나이키),스트라이드 리펠 UV 러닝 자켓,HV4549-010,의류,XL,HV4549-010(XL),126731927,남성,FA25,2025-07-08,2025-07-08,"155,000.00",14665,0,0.0,2,197860498792,0,0,0,1,0,0,0,0,0,0,0
나이키,의류(나이키),스트라이드 리펠 UV 러닝 자켓,HV4549-010,의류,XXL,HV4549-010(XXL),126731927,남성,SP25,2025-01-15,2025-01-15,"155,000.00",14666,2,0.0,1,197860507562,0,0,0,0,0,1,0,0,0,0,0
나이키,의류(나이키),스트라이드 리펠 UV 러닝 자켓,HV4549-014,의류,L,HV4549-014(L),132021715,남성,HO25,2025-10-29,2025-10-29,"155,000.00",25723,0,0.0,2,198482570002 ,0,0,0,0,2,0,0,0,0,0,0
나이키,의류(나이키),스트라이드 리펠 UV 러닝 자켓,HV4549-014,의류,XL,HV4549-014(XL),132021715,남성,HO25,2025-10-29,2025-10-29,"155,000.00",25724,0,0.0,1,198482461508 ,0,0,0,0,1,0,0,0,0,0,0
나이키,의류(나이키),스트라이드 리펠 UV 러닝 자켓,HV4549-014,의류,XXL,HV4549-014(XXL),132021715,남성,HO25,2025-10-29,2025-10-29,"155,000.00",25725,1,0.0,1,198482504496 ,0,0,0,0,0,1,0,0,0,0,0
나이키,의류(나이키),UV 리펠 스트라이드 재킷,HV4549-430,의류,L,HV4549-430(L),133315634,남성,SU26,2026-04-03,2026-04-03,"155,000.00",33622,5,0.0,5,198728735646,0,0,0,0,0,5,0,0,0,0,0
나이키,의류(나이키),UV 리펠 스트라이드 재킷,HV4549-430,의류,M,HV4549-430(M),133315634,남성,SU26,2026-04-03,2026-04-03,"155,000.00",33621,3,0.0,3,198728721052,0,0,0,0,0,3,0,0,0,0,0
나이키,의류(나이키),UV 리펠 스트라이드 재킷,HV4549-430,의류,XL,HV4549-430(XL),133315634,남성,SU26,2026-04-03,2026-04-03,"155,000.00",33623,5,0.0,5,198728731150,0,0,0,0,0,5,0,0,0,0,0
나이키,의류(나이키),UV 리펠 스트라이드 재킷,HV4549-430,의류,XXL,HV4549-430(XXL),133315634,남성,SU26,2026-04-03,2026-04-03,"155,000.00",33624,2,0.0,2,198730681566,0,0,0,0,0,2,0,0,0,0,0
나이키,의류(나이키),스트라이드 드라이 핏 ADV 숏 슬리브 탑,HV5204-084,의류,L,HV5204-084(L),124348598,남성,FA26,2026-07-07,2026-07-07,"69,000.00",14616,0,0.0,4,197860500471,0,0,0,1,3,0,0,0,0,0,0
나이키,의류(나이키),스트라이드 드라이 핏 ADV 숏 슬리브 탑,HV5204-084,의류,M,HV5204-084(M),124348598,남성,SP25,2025-01-09,2025-01-09,"69,000.00",14615,0,0.0,6,197860501423,0,0,0,0,1,0,0,0,0,0,0
나이키,의류(나이키),스트라이드 드라이 핏 ADV 숏 슬리브 탑,HV5204-084,의류,M,HV5204-084(M),124348598,남성,FA25,2025-07-08,2025-07-08,"69,000.00",14615,0,0.0,6,197860501423,0,0,0,0,1,0,0,0,0,0,0
나이키,의류(나이키),스트라이드 드라이 핏 ADV 숏 슬리브 탑,HV5204-084,의류,M,HV5204-084(M),124348598,남성,HO25,2025-09-29,2025-09-26,"69,000.00",14615,0,0.0,6,197860501423,0,0,0,0,1,0,0,0,0,0,0
나이키,의류(나이키),스트라이드 드라이 핏 ADV 숏 슬리브 탑,HV5204-084,의류,M,HV5204-084(M),124348598,남성,FA26,2026-07-07,2026-07-07,"69,000.00",14615,0,0.0,6,197860501423,0,0,0,1,2,0,0,0,0,0,0
나이키,의류(나이키),스트라이드 드라이 핏 ADV 숏 슬리브 탑,HV5204-084,의류,XL,HV5204-084(XL),124348598,남성,SP25,2025-01-09,2025-01-09,"69,000.00",14617,0,0.0,6,197860508583,0,0,0,0,1,0,0,0,0,0,0
나이키,의류(나이키),스트라이드 드라이 핏 ADV 숏 슬리브 탑,HV5204-084,의류,XL,HV5204-084(XL),124348598,남성,FA25,2025-07-08,2025-07-08,"69,000.00",14617,0,0.0,6,197860508583,0,0,0,0,1,0,0,0,0,0,0
나이키,의류(나이키),스트라이드 드라이 핏 ADV 숏 슬리브 탑,HV5204-084,의류,XL,HV5204-084(XL),124348598,남성,HO25,2025-09-29,2025-09-26,"69,000.00",14617,0,0.0,6,197860508583,0,0,0,0,1,0,0,0,0,0,0
나이키,의류(나이키),스트라이드 드라이 핏 ADV 숏 슬리브 탑,HV5204-084,의류,XL,HV5204-084(XL),124348598,남성,FA26,2026-07-07,2026-07-07,"69,000.00",14617,0,0.0,6,197860508583,0,0,0,1,1,1,0,0,0,0,0
나이키,의류(나이키),스트라이드 드라이 핏 ADV 숏 슬리브 탑,HV5204-084,의류,XXL,HV5204-084(XXL),124348598,남성,FA26,2026-07-07,2026-07-07,"69,000.00",14618,1,0.0,2,197860504752,0,0,0,0,1,1,0,0,0,0,0
나이키,의류(나이키),스트라이드 드라이 핏 ADV 숏 슬리브 탑,HV5204-100,의류,XL,HV5204-100(XL),131779005,남성,HO25,2025-09-29,2025-09-26,"69,000.00",25828,0,0.0,1,197860508200 ,0,0,0,0,1,0,0,0,0,0,0
나이키,의류(나이키),스트라이드 드라이 핏 ADV 숏 슬리브 탑,HV5204-100,의류,XXL,HV5204-100(XXL),131779005,남성,HO25,2025-09-29,2025-09-26,"69,000.00",25829,1,0.0,1,197860502246 ,0,0,0,0,0,1,0,0,0,0,0
나이키,의류(나이키),스트라이드 드라이 핏 ADV 숏 슬리브 탑,HV5204-377,의류,L,HV5204-377(L),132642928,남성,SP26,2026-01-27,2026-01-27,"69,000.00",28803,4,0.0,7,198726330300,0,0,0,3,0,4,0,0,0,0,0
나이키,의류(나이키),스트라이드 드라이 핏 ADV 숏 슬리브 탑,HV5204-377,의류,M,HV5204-377(M),132642928,남성,SP26,2026-01-27,2026-01-27,"69,000.00",28802,0,0.0,1,198726329694,0,0,0,1,0,0,0,0,0,0,0
나이키,의류(나이키),스트라이드 드라이 핏 ADV 숏 슬리브 탑,HV5204-377,의류,XL,HV5204-377(XL),132642928,남성,SP26,2026-01-27,2026-01-27,"69,000.00",28804,6,0.0,8,198726330522,0,0,0,2,0,6,0,0,0,0,0
나이키,의류(나이키),스트라이드 드라이 핏 ADV 숏 슬리브 탑,HV5204-377,의류,XXL,HV5204-377(XXL),132642928,남성,SP26,2026-01-27,2026-01-27,"69,000.00",28805,3,0.0,4,198726321117,0,0,0,1,0,3,0,0,0,0,0
나이키,의류(나이키),스트라이드 드라이 핏 ADV 숏 슬리브 탑,HV5204-635,의류,XL,HV5204-635(XL),131118969,남성,FA25,2025-07-08,2025-07-08,"69,000.00",20680,0,0.0,1,197863936222,0,0,0,0,1,0,0,0,0,0,0
나이키,의류(나이키),드라이핏 ADV 스트라이드 탱크,HV5211-010,의류,M,HV5211-010(M),133477421,남성,SU26,2026-04-29,2026-04-30,"65,000.00",33854,0,0.0,1,197860498778,0,0,0,1,0,0,0,0,0,0,0
나이키,의류(나이키),드라이핏 ADV 스트라이드 탱크,HV5211-100,의류,L,HV5211-100(L),133315604,남성,SU26,2026-04-03,2026-04-03,"65,000.00",33847,5,0.0,8,197860601314,0,0,0,2,1,2,0,0,0,3,0
나이키,의류(나이키),드라이핏 ADV 스트라이드 탱크,HV5211-100,의류,M,HV5211-100(M),133315604,남성,SU26,2026-04-03,2026-04-03,"65,000.00",33846,2,0.0,4,197860505384,0,0,0,1,1,1,0,0,0,1,0
나이키,의류(나이키),드라이핏 ADV 스트라이드 탱크,HV5211-100,의류,XL,HV5211-100(XL),133315604,남성,SU26,2026-04-03,2026-04-03,"65,000.00",33848,4,0.0,6,197860504127,0,0,0,1,1,1,0,0,0,3,0
나이키,의류(나이키),드라이핏 ADV 스트라이드 탱크,HV5211-100,의류,XXL,HV5211-100(XXL),133315604,남성,SU26,2026-04-03,2026-04-03,"65,000.00",33849,0,0.0,2,197860500143,0,0,0,1,1,0,0,0,0,0,0
나이키,의류(나이키),스위프트 드라이 핏 미드라이즈 팬츠,HV6089-010,의류,L,HV6089-010(L),132602979,여성,SP26,2026-01-12,2026-01-12,"115,000.00",28848,1,0.0,2,198482125479,0,0,0,0,1,1,0,0,0,0,0
나이키,의류(나이키),스위프트 드라이 핏 미드라이즈 팬츠,HV6089-010,의류,M,HV6089-010(M),132602979,여성,SP26,2026-01-12,2026-01-12,"115,000.00",28847,4,0.0,5,198482141523,0,0,0,0,1,4,0,0,0,0,0
나이키,의류(나이키),스위프트 드라이 핏 미드라이즈 팬츠,HV6089-010,의류,S,HV6089-010(S),132602979,여성,SP26,2026-01-12,2026-01-12,"115,000.00",28846,4,0.0,6,198482151867,0,0,0,0,2,4,0,0,0,0,0
나이키,의류(나이키),스위프트 드라이 핏 미드라이즈 팬츠,HV6089-502,의류,L,HV6089-502(L),132641996,여성,SP26,2026-01-27,2026-01-27,"115,000.00",28856,1,0.0,2,198726442270,0,0,0,0,1,1,0,0,0,0,0
나이키,의류(나이키),스위프트 드라이 핏 미드라이즈 팬츠,HV6089-502,의류,M,HV6089-502(M),132641996,여성,SP26,2026-01-27,2026-01-27,"115,000.00",28855,3,0.0,5,198726439256,0,0,0,0,2,3,0,0,0,0,0
나이키,의류(나이키),스위프트 드라이 핏 미드라이즈 팬츠,HV6089-502,의류,S,HV6089-502(S),132641996,여성,SP26,2026-01-27,2026-01-27,"115,000.00",28854,4,0.0,6,198726474110,0,0,0,0,2,4,0,0,0,0,0
나이키,용품(나이키),패스트 라이트웨이트 크루 1PR,HV6919-010,용품,L,HV6919-010(L),133063778,공용,SP26,2026-01-12,2026-01-12,0.00,28910,1,0.0,7,198481642373,0,0,0,4,0,3,0,0,0,0,0
나이키,용품(나이키),패스트 라이트웨이트 크루 1PR,HV6919-010,용품,M,HV6919-010(M),133063778,공용,SP26,2026-03-05,2026-03-05,"22,000.00",28909,2,0.0,13,198481608843,0,0,0,13,0,0,0,0,0,0,0
나이키,용품(나이키),라이트웨이트 크루 삭스 1팩,HV6919-100,용품,L,HV6919-100(L),131401358,공용,SP26,2026-01-12,2026-01-12,"22,000.00",20709,82,0.0,163,198481603268,0,0,0,9,46,52,0,0,0,0,0
나이키,용품(나이키),라이트웨이트 크루 삭스 1팩,HV6919-100,용품,L,HV6919-100(L),131401358,공용,SU26,2026-06-09,2026-06-09,"22,000.00",20709,82,0.0,163,198481603268,0,0,0,26,0,30,0,0,0,0,0
나이키,용품(나이키),라이트웨이트 크루 삭스 1팩,HV6919-100,용품,M,HV6919-100(M),131401358,공용,SP26,2026-01-12,2026-01-27,"22,000.00",20708,1,0.0,13,198481609819,0,0,0,2,0,0,0,0,0,0,0
나이키,용품(나이키),라이트웨이트 크루 삭스 1팩,HV6919-100,용품,M,HV6919-100(M),131401358,공용,SU26,2026-05-12,2026-06-09,"22,000.00",20708,1,0.0,13,198481609819,0,0,0,6,4,1,0,0,0,0,0
나이키,신발(나이키),ACG 제가마 트레일,HV8113-002,신발,250,HV8113-002(250),133697449,남성,SU26,2026-05-22,2026-05-22,"219,000.00",33497,1,0.0,2,198729371751,0,0,0,1,0,0,0,0,0,0,0
나이키,신발(나이키),ACG 제가마 트레일,HV8113-002,신발,250,HV8113-002(250),133697449,남성,FA26,2026-08-28,2026-08-28,"219,000.00",33497,1,0.0,2,198729371751,0,0,0,0,0,1,0,0,0,0,0
나이키,신발(나이키),ACG 제가마 트레일,HV8113-002,신발,255,HV8113-002(255),133697449,남성,FA26,2026-08-28,2026-08-28,"219,000.00",33498,1,0.0,3,198729235244,0,1,1,0,0,1,0,0,0,0,0
나이키,신발(나이키),ACG 제가마 트레일,HV8113-002,신발,260,HV8113-002(260),133697449,남성,FA26,2026-08-28,2026-08-28,"219,000.00",33499,4,0.0,6,198729322487,0,1,1,0,0,4,0,0,0,0,0
나이키,신발(나이키),ACG 제가마 트레일,HV8113-002,신발,265,HV8113-002(265),133697449,남성,FA26,2026-08-28,2026-08-28,"219,000.00",33500,6,0.0,10,198729393326,0,2,2,0,0,6,0,0,0,0,0
나이키,신발(나이키),ACG 제가마 트레일,HV8113-002,신발,270,HV8113-002(270),133697449,남성,SU26,2026-05-22,2026-05-22,"219,000.00",33501,8,0.0,12,198729375384,0,0,0,0,0,0,0,1,0,0,0
나이키,신발(나이키),ACG 제가마 트레일,HV8113-002,신발,270,HV8113-002(270),133697449,남성,FA26,2026-08-28,2026-08-28,"219,000.00",33501,8,0.0,12,198729375384,0,2,2,0,0,8,0,0,0,0,0
나이키,신발(나이키),ACG 제가마 트레일,HV8113-002,신발,275,HV8113-002(275),133697449,남성,FA26,2026-08-28,2026-08-28,"219,000.00",33502,5,0.0,7,198729277718,0,1,1,0,0,5,0,0,0,0,0
나이키,신발(나이키),ACG 제가마 트레일,HV8113-002,신발,280,HV8113-002(280),133697449,남성,FA26,2026-08-28,2026-08-28,"219,000.00",33503,3,0.0,5,198729417688,0,1,1,0,0,3,0,0,0,0,0
나이키,신발(나이키),ACG 제가마 트레일,HV8113-002,신발,285,HV8113-002(285),133697449,남성,FA26,2026-08-28,2026-08-28,"219,000.00",33504,1,0.0,3,198729444301,0,1,1,0,0,1,0,0,0,0,0
나이키,신발(나이키),ACG 제가마 트레일,HV8113-300,신발,250,HV8113-300(250),,남성,FA26,2026-08-28,2026-08-28,"219,000.00",38796,2,0.0,2,198959899889,0,0,0,0,0,2,0,0,0,0,0
나이키,신발(나이키),ACG 제가마 트레일,HV8113-300,신발,255,HV8113-300(255),,남성,FA26,2026-08-28,2026-08-28,"219,000.00",38797,2,0.0,4,198959881280,0,1,1,0,0,2,0,0,0,0,0
나이키,신발(나이키),ACG 제가마 트레일,HV8113-300,신발,260,HV8113-300(260),,남성,FA26,2026-08-28,2026-08-28,"219,000.00",38798,4,0.0,6,198959947252,0,1,1,0,0,4,0,0,0,0,0
나이키,신발(나이키),ACG 제가마 트레일,HV8113-300,신발,265,HV8113-300(265),,남성,FA26,2026-08-28,2026-08-28,"219,000.00",38799,4,0.0,8,198959978171,0,2,2,0,0,4,0,0,0,0,0
나이키,신발(나이키),ACG 제가마 트레일,HV8113-300,신발,270,HV8113-300(270),,남성,FA26,2026-08-28,2026-08-28,"219,000.00",38800,7,0.0,12,198959994362,0,3,2,0,0,7,0,0,0,0,0
나이키,신발(나이키),ACG 제가마 트레일,HV8113-300,신발,275,HV8113-300(275),,남성,FA26,2026-08-28,2026-08-28,"219,000.00",38801,2,0.0,6,198959811096,0,2,2,0,0,2,0,0,0,0,0
나이키,신발(나이키),ACG 제가마 트레일,HV8113-300,신발,280,HV8113-300(280),,남성,FA26,2026-08-28,2026-08-28,"219,000.00",38802,3,0.0,5,198959919815,0,1,1,0,0,3,0,0,0,0,0
나이키,신발(나이키),ACG 제가마 트레일,HV8113-300,신발,285,HV8113-300(285),,남성,FA26,2026-08-28,2026-08-28,"219,000.00",38803,1,0.0,3,198959931497,0,1,1,0,0,1,0,0,0,0,0
나이키,신발(나이키),ACG 제가마 트레일,HV8113-600,신발,250,HV8113-600(250),,남성,FA26,2026-08-28,2026-08-28,"219,000.00",38817,1,0.0,1,198959986374,0,0,0,0,0,1,0,0,0,0,0
나이키,신발(나이키),ACG 제가마 트레일,HV8113-600,신발,255,HV8113-600(255),,남성,FA26,2026-08-28,2026-08-28,"219,000.00",38818,1,0.0,3,198959915015,0,1,1,0,0,1,0,0,0,0,0
나이키,신발(나이키),ACG 제가마 트레일,HV8113-600,신발,260,HV8113-600(260),,남성,FA26,2026-08-28,2026-08-28,"219,000.00",38819,2,0.0,4,198959913028,0,1,1,0,0,2,0,0,0,0,0
나이키,신발(나이키),ACG 제가마 트레일,HV8113-600,신발,265,HV8113-600(265),,남성,FA26,2026-08-28,2026-08-28,"219,000.00",38820,3,0.0,5,198959990791,0,1,1,0,0,3,0,0,0,0,0
나이키,신발(나이키),ACG 제가마 트레일,HV8113-600,신발,270,HV8113-600(270),,남성,FA26,2026-08-28,2026-08-28,"219,000.00",38821,4,0.0,6,198959946385,0,1,1,0,0,4,0,0,0,0,0
나이키,신발(나이키),ACG 제가마 트레일,HV8113-600,신발,275,HV8113-600(275),,남성,FA26,2026-08-28,2026-08-28,"219,000.00",38822,2,0.0,4,198959933828,0,1,1,0,0,2,0,0,0,0,0
나이키,신발(나이키),ACG 제가마 트레일,HV8113-600,신발,280,HV8113-600(280),,남성,FA26,2026-08-28,2026-08-28,"219,000.00",38823,1,0.0,3,198959945302,0,1,1,0,0,1,0,0,0,0,0
나이키,신발(나이키),ACG 제가마 트레일,HV8113-600,신발,285,HV8113-600(285),,남성,FA26,2026-08-28,2026-08-28,"219,000.00",38824,0,0.0,2,198959933408,0,1,1,0,0,0,0,0,0,0,0
나이키,신발(나이키),ACG 제가마 트레일,HV8113-600,신발,290,HV8113-600(290),,남성,FA26,2026-08-28,2026-08-28,"219,000.00",38825,1,0.0,1,198959907805,0,0,0,0,0,1,0,0,0,0,0
나이키,신발(나이키),ACG 제가마 트레일,HV8115-002,신발,230,HV8115-002(230),,여성,FA26,2026-08-28,2026-08-28,"219,000.00",38876,3,0.0,5,198729201843,0,1,1,0,0,3,0,0,0,0,0
나이키,신발(나이키),ACG 제가마 트레일,HV8115-002,신발,235,HV8115-002(235),,여성,FA26,2026-08-28,2026-08-28,"219,000.00",38877,6,0.0,10,198729226860,0,2,2,0,0,6,0,0,0,0,0
나이키,신발(나이키),ACG 제가마 트레일,HV8115-002,신발,240,HV8115-002(240),,여성,FA26,2026-08-28,2026-08-28,"219,000.00",38878,9,0.0,13,198729065940,0,2,2,0,0,9,0,0,0,0,0
나이키,신발(나이키),ACG 제가마 트레일,HV8115-002,신발,245,HV8115-002(245),,여성,FA26,2026-08-28,2026-08-28,"219,000.00",38879,6,0.0,10,198729222077,0,2,2,0,0,6,0,0,0,0,0
나이키,신발(나이키),ACG 제가마 트레일,HV8115-002,신발,250,HV8115-002(250),,여성,FA26,2026-08-28,2026-08-28,"219,000.00",38880,4,0.0,8,198729098696,0,2,2,0,0,4,0,0,0,0,0
나이키,신발(나이키),ACG 제가마 트레일,HV8115-002,신발,255,HV8115-002(255),,여성,FA26,2026-08-28,2026-08-28,"219,000.00",38881,2,0.0,4,198729184054,0,1,1,0,0,2,0,0,0,0,0
나이키,신발(나이키),ACG 제가마 트레일,HV8115-103,신발,230,HV8115-103(230),133469075,여성,SU26,2026-04-21,2026-04-21,"219,000.00",33514,0,0.0,1,198729132888,1,0,0,0,0,0,0,0,0,0,0
나이키,신발(나이키),ACG 제가마 트레일,HV8115-103,신발,235,HV8115-103(235),133469075,여성,SU26,2026-04-21,2026-04-21,"219,000.00",33515,0,0.0,1,198729074898,1,0,0,0,0,0,0,0,0,0,0
나이키,신발(나이키),ACG 제가마 트레일,HV8115-103,신발,245,HV8115-103(245),133469075,여성,SU26,2026-04-21,2026-04-21,"219,000.00",33517,0,0.0,1,198729213952,0,0,0,0,1,0,0,0,0,0,0
나이키,신발(나이키),ACG 제가마 트레일,HV8115-103,신발,250,HV8115-103(250),133469075,여성,SU26,2026-04-21,2026-04-21,"219,000.00",33518,0,0.0,1,198729208545,0,0,0,0,1,0,0,0,0,0,0
나이키,신발(나이키),ACG 제가마 트레일,HV8115-200,신발,230,HV8115-200(230),136419186,여성,FA26,2026-07-29,2026-07-29,"219,000.00",38897,1,0.0,3,198729325181,0,0,0,1,1,1,0,0,0,0,0
나이키,신발(나이키),ACG 제가마 트레일,HV8115-200,신발,235,HV8115-200(235),136419186,여성,FA26,2026-07-29,2026-07-29,"219,000.00",38898,3,0.0,6,198729406873,0,0,0,2,1,3,0,0,0,0,0
나이키,신발(나이키),ACG 제가마 트레일,HV8115-200,신발,240,HV8115-200(240),136419186,여성,FA26,2026-07-29,2026-07-29,"219,000.00",38899,4,0.0,8,198729324023,0,0,0,2,2,4,0,0,0,0,0
나이키,신발(나이키),ACG 제가마 트레일,HV8115-200,신발,245,HV8115-200(245),136419186,여성,FA26,2026-07-29,2026-07-29,"219,000.00",38900,3,0.0,6,198729292940,0,0,0,2,1,3,0,0,0,0,0
나이키,신발(나이키),ACG 제가마 트레일,HV8115-200,신발,250,HV8115-200(250),136419186,여성,FA26,2026-07-29,2026-07-29,"219,000.00",38901,1,0.0,3,198729453341,0,0,0,1,1,1,0,0,0,0,0
나이키,신발(나이키),ACG 제가마 트레일,HV8115-300,신발,230,HV8115-300(230),136419182,여성,FA26,2026-07-29,2026-07-29,"219,000.00",38918,1,0.0,3,198959807730,0,0,0,1,1,1,0,0,0,0,0
나이키,신발(나이키),ACG 제가마 트레일,HV8115-300,신발,235,HV8115-300(235),136419182,여성,FA26,2026-07-29,2026-07-29,"219,000.00",38919,3,0.0,4,198959974999,0,0,0,0,1,3,0,0,0,0,0
나이키,신발(나이키),ACG 제가마 트레일,HV8115-300,신발,240,HV8115-300(240),136419182,여성,FA26,2026-07-29,2026-07-29,"219,000.00",38920,4,0.0,8,198959835597,0,0,0,2,2,4,0,0,0,0,0
나이키,신발(나이키),ACG 제가마 트레일,HV8115-300,신발,245,HV8115-300(245),136419182,여성,FA26,2026-07-29,2026-07-29,"219,000.00",38921,2,0.0,4,198959937505,0,0,0,1,1,2,0,0,0,0,0
나이키,신발(나이키),ACG 제가마 트레일,HV8115-300,신발,250,HV8115-300(250),136419182,여성,FA26,2026-07-29,2026-07-29,"219,000.00",38922,2,0.0,5,198959931091,0,0,0,2,1,2,0,0,0,0,0
나이키,신발(나이키),ACG 제가마 트레일,HV8115-300,신발,255,HV8115-300(255),136419182,여성,FA26,2026-07-29,2026-07-29,"219,000.00",38923,1,0.0,2,198959871465,0,0,0,1,0,1,0,0,0,0,0
나이키,신발(나이키),ACG 페가수스 트레일,HV8116-002,신발,250,HV8116-002(250),133697448,남성,SU26,2026-04-10,2026-05-22,"179,000.00",33329,2,0.0,6,198729184511,0,0,0,1,1,2,0,0,0,0,0
나이키,신발(나이키),ACG 페가수스 트레일,HV8116-002,신발,250,HV8116-002(250),133697448,남성,FA26,2026-07-29,2026-07-29,"179,000.00",33329,2,0.0,6,198729184511,0,0,0,1,1,0,0,0,0,0,0
나이키,신발(나이키),ACG 페가수스 트레일,HV8116-002,신발,255,HV8116-002(255),133697448,남성,SU26,2026-04-10,2026-05-22,"179,000.00",33330,6,0.0,11,198729228673,0,0,0,1,1,5,0,0,0,0,0
나이키,신발(나이키),ACG 페가수스 트레일,HV8116-002,신발,255,HV8116-002(255),133697448,남성,FA26,2026-07-29,2026-07-29,"179,000.00",33330,6,0.0,11,198729228673,0,0,0,2,1,1,0,0,0,0,0
나이키,신발(나이키),ACG 페가수스 트레일,HV8116-002,신발,260,HV8116-002(260),133697448,남성,SU26,2026-04-10,2026-05-22,"179,000.00",33331,8,0.0,17,198729083012,0,0,0,1,2,5,0,0,0,0,0
나이키,신발(나이키),ACG 페가수스 트레일,HV8116-002,신발,260,HV8116-002(260),133697448,남성,FA26,2026-07-29,2026-07-29,"179,000.00",33331,8,0.0,17,198729083012,0,0,0,4,2,3,0,0,0,0,0
나이키,신발(나이키),ACG 페가수스 트레일,HV8116-002,신발,265,HV8116-002(265),133697448,남성,SU26,2026-04-10,2026-05-22,"179,000.00",33332,15,0.0,26,198729191717,0,0,0,1,2,12,0,0,0,0,0
나이키,신발(나이키),ACG 페가수스 트레일,HV8116-002,신발,265,HV8116-002(265),133697448,남성,FA26,2026-07-29,2026-07-29,"179,000.00",33332,15,0.0,26,198729191717,0,0,0,5,3,3,0,0,0,0,0
나이키,신발(나이키),ACG 페가수스 트레일,HV8116-002,신발,270,HV8116-002(270),133697448,남성,SU26,2026-04-10,2026-05-22,"179,000.00",33333,17,0.0,30,198729208125,0,0,0,1,2,13,0,0,0,0,0
나이키,신발(나이키),ACG 페가수스 트레일,HV8116-002,신발,270,HV8116-002(270),133697448,남성,FA26,2026-07-29,2026-07-29,"179,000.00",33333,17,0.0,30,198729208125,3,0,0,6,1,4,0,0,0,0,0
나이키,신발(나이키),ACG 페가수스 트레일,HV8116-002,신발,275,HV8116-002(275),133697448,남성,SU26,2026-04-10,2026-05-22,"179,000.00",33334,13,0.0,20,198729170781,0,0,0,0,1,11,0,0,0,0,0
나이키,신발(나이키),ACG 페가수스 트레일,HV8116-002,신발,275,HV8116-002(275),133697448,남성,FA26,2026-07-29,2026-07-29,"179,000.00",33334,13,0.0,20,198729170781,0,0,0,3,3,2,0,0,0,0,0
나이키,신발(나이키),ACG 페가수스 트레일,HV8116-002,신발,280,HV8116-002(280),133697448,남성,SU26,2026-04-10,2026-05-22,"179,000.00",33335,6,0.0,11,198729229687,0,0,0,1,1,4,0,0,0,0,0
나이키,신발(나이키),ACG 페가수스 트레일,HV8116-002,신발,280,HV8116-002(280),133697448,남성,FA26,2026-07-29,2026-07-29,"179,000.00",33335,6,0.0,11,198729229687,0,0,0,2,1,2,0,0,0,0,0
나이키,신발(나이키),ACG 페가수스 트레일,HV8116-002,신발,285,HV8116-002(285),133697448,남성,SU26,2026-04-10,2026-05-22,"179,000.00",33336,3,0.0,8,198729189509,0,0,0,1,1,2,0,0,0,0,0
나이키,신발(나이키),ACG 페가수스 트레일,HV8116-002,신발,285,HV8116-002(285),133697448,남성,FA26,2026-07-29,2026-07-29,"179,000.00",33336,3,0.0,8,198729189509,0,0,0,2,1,1,0,0,0,0,0
나이키,신발(나이키),ACG 페가수스 트레일,HV8116-002,신발,290,HV8116-002(290),133697448,남성,SU26,2026-04-10,2026-05-22,"179,000.00",33337,1,0.0,3,198729120786,0,0,0,1,0,0,0,0,0,0,0
나이키,신발(나이키),ACG 페가수스 트레일,HV8116-002,신발,290,HV8116-002(290),133697448,남성,FA26,2026-07-29,2026-07-29,"179,000.00",33337,1,0.0,3,198729120786,0,0,0,1,0,1,0,0,0,0,0
나이키,신발(나이키),ACG 페가수스 트레일,HV8116-301,신발,250,HV8116-301(250),136419179,남성,FA26,2026-07-29,2026-07-29,"179,000.00",38838,1,0.0,2,198959807808,0,0,0,1,0,1,0,0,0,0,0
나이키,신발(나이키),ACG 페가수스 트레일,HV8116-301,신발,255,HV8116-301(255),136419179,남성,FA26,2026-07-29,2026-07-29,"179,000.00",38839,2,0.0,4,198959941670,0,0,0,1,1,2,0,0,0,0,0
나이키,신발(나이키),ACG 페가수스 트레일,HV8116-301,신발,260,HV8116-301(260),136419179,남성,FA26,2026-07-29,2026-07-29,"179,000.00",38840,4,0.0,9,198959900813,0,0,0,3,2,4,0,0,0,0,0
나이키,신발(나이키),ACG 페가수스 트레일,HV8116-301,신발,265,HV8116-301(265),136419179,남성,FA26,2026-07-29,2026-07-29,"179,000.00",38841,6,0.0,11,198959906358,0,0,0,3,2,6,0,0,0,0,0
나이키,신발(나이키),ACG 페가수스 트레일,HV8116-301,신발,270,HV8116-301(270),136419179,남성,FA26,2026-07-29,2026-07-29,"179,000.00",38842,7,0.0,14,198959934337,0,0,0,4,3,7,0,0,0,0,0
나이키,신발(나이키),ACG 페가수스 트레일,HV8116-301,신발,275,HV8116-301(275),136419179,남성,FA26,2026-07-29,2026-07-29,"179,000.00",38843,4,0.0,9,198959853232,0,0,0,3,2,4,0,0,0,0,0
나이키,신발(나이키),ACG 페가수스 트레일,HV8116-301,신발,280,HV8116-301(280),136419179,남성,FA26,2026-07-29,2026-07-29,"179,000.00",38844,2,0.0,5,198959939578,0,0,0,2,1,2,0,0,0,0,0
나이키,신발(나이키),ACG 페가수스 트레일,HV8116-301,신발,285,HV8116-301(285),136419179,남성,FA26,2026-07-29,2026-07-29,"179,000.00",38845,2,0.0,4,198959860117,0,0,0,1,1,2,0,0,0,0,0
나이키,신발(나이키),ACG 페가수스 트레일,HV8116-301,신발,290,HV8116-301(290),136419179,남성,FA26,2026-07-29,2026-07-29,"179,000.00",38846,1,0.0,2,198959812666,0,0,0,1,0,1,0,0,0,0,0
나이키,신발(나이키),ACG 페가수스 트레일,HV8116-310,신발,250,HV8116-310(250),133410109,남성,SU26,2026-04-10,2026-04-10,"179,000.00",33539,3,0.0,4,198958711595,0,0,0,1,0,3,0,0,0,0,0
나이키,신발(나이키),ACG 페가수스 트레일,HV8116-310,신발,255,HV8116-310(255),133410109,남성,SU26,2026-04-10,2026-04-10,"179,000.00",33540,5,0.0,6,198958711748,0,0,0,1,0,5,0,0,0,0,0
나이키,신발(나이키),ACG 페가수스 트레일,HV8116-310,신발,260,HV8116-310(260),133410109,남성,SU26,2026-04-10,2026-04-10,"179,000.00",33541,4,0.0,5,198958710765,0,0,0,1,0,4,0,0,0,0,0
나이키,신발(나이키),ACG 페가수스 트레일,HV8116-310,신발,265,HV8116-310(265),133410109,남성,SU26,2026-04-10,2026-04-10,"179,000.00",33542,6,0.0,7,198958711472,0,0,0,1,0,6,0,0,0,0,0
나이키,신발(나이키),ACG 페가수스 트레일,HV8116-310,신발,270,HV8116-310(270),133410109,남성,SU26,2026-04-10,2026-04-10,"179,000.00",33543,7,0.0,8,198958710291,0,0,0,1,0,7,0,0,0,0,0
나이키,신발(나이키),ACG 페가수스 트레일,HV8116-310,신발,275,HV8116-310(275),133410109,남성,SU26,2026-04-10,2026-04-10,"179,000.00",33544,7,0.0,8,198958711861,0,0,0,1,0,7,0,0,0,0,0
나이키,신발(나이키),ACG 페가수스 트레일,HV8116-310,신발,280,HV8116-310(280),133410109,남성,SU26,2026-04-10,2026-04-10,"179,000.00",33545,2,0.0,3,198958713216,0,0,0,1,0,2,0,0,0,0,0
나이키,신발(나이키),ACG 페가수스 트레일,HV8116-310,신발,285,HV8116-310(285),133410109,남성,SU26,2026-04-10,2026-04-10,"179,000.00",33546,2,0.0,2,198958712431,0,0,0,0,0,2,0,0,0,0,0
나이키,신발(나이키),ACG 페가수스 트레일,HV8116-310,신발,290,HV8116-310(290),133410109,남성,SU26,2026-04-10,2026-04-10,"179,000.00",33547,1,0.0,2,198958710390,0,0,0,1,0,1,0,0,0,0,0
나이키,신발(나이키),ACG 페가수스 트레일,HV8121-200,신발,230,HV8121-200(230),136419176,여성,FA26,2026-07-29,2026-07-29,"179,000.00",38939,1,0.0,3,198729187772,0,0,0,1,1,1,0,0,0,0,0
나이키,신발(나이키),ACG 페가수스 트레일,HV8121-200,신발,235,HV8121-200(235),136419176,여성,FA26,2026-07-29,2026-07-29,"179,000.00",38940,2,0.0,5,198729230324,0,0,0,2,1,2,0,0,0,0,0
나이키,신발(나이키),ACG 페가수스 트레일,HV8121-200,신발,240,HV8121-200(240),136419176,여성,FA26,2026-07-29,2026-07-29,"179,000.00",38941,4,0.0,8,198729192820,0,0,0,2,2,4,0,0,0,0,0
나이키,신발(나이키),ACG 페가수스 트레일,HV8121-200,신발,245,HV8121-200(245),136419176,여성,FA26,2026-07-29,2026-07-29,"179,000.00",38942,3,0.0,6,198729215024,0,0,0,2,1,3,0,0,0,0,0
나이키,신발(나이키),ACG 페가수스 트레일,HV8121-200,신발,250,HV8121-200(250),136419176,여성,FA26,2026-07-29,2026-07-29,"179,000.00",38943,2,0.0,5,198729193131,0,0,0,2,1,2,0,0,0,0,0
나이키,신발(나이키),ACG 페가수스 트레일,HV8121-200,신발,255,HV8121-200(255),136419176,여성,FA26,2026-07-29,2026-07-29,"179,000.00",38944,1,0.0,2,198729215093,0,0,0,1,0,1,0,0,0,0,0
나이키,신발(나이키),ACG 페가수스 트레일,HV8121-310,신발,230,HV8121-310(230),133410108,여성,SU26,2026-04-10,2026-04-10,"179,000.00",33556,3,0.0,5,198958711182,0,0,0,1,1,3,0,0,0,0,0
나이키,신발(나이키),ACG 페가수스 트레일,HV8121-310,신발,235,HV8121-310(235),133410108,여성,SU26,2026-04-10,2026-04-10,"179,000.00",33557,5,0.0,6,198958710444,0,0,0,1,0,5,0,0,0,0,0
나이키,신발(나이키),ACG 페가수스 트레일,HV8121-310,신발,240,HV8121-310(240),133410108,여성,SU26,2026-04-10,2026-04-10,"179,000.00",33558,9,0.0,12,198958712745,0,0,0,1,2,9,0,0,0,0,0
나이키,신발(나이키),ACG 페가수스 트레일,HV8121-310,신발,245,HV8121-310(245),133410108,여성,SU26,2026-04-10,2026-04-10,"179,000.00",33559,7,0.0,10,198958713629,0,0,0,1,2,7,0,0,0,0,0
나이키,신발(나이키),ACG 페가수스 트레일,HV8121-310,신발,250,HV8121-310(250),133410108,여성,SU26,2026-04-10,2026-04-10,"179,000.00",33560,4,0.0,5,198958710208,0,0,0,1,0,4,0,0,0,0,0
나이키,신발(나이키),ACG 페가수스 트레일,HV8121-310,신발,255,HV8121-310(255),133410108,여성,SU26,2026-04-10,2026-04-10,"179,000.00",33561,1,0.0,2,198958711311,0,0,0,1,0,1,0,0,0,0,0
나이키,신발(나이키),보메로 플러스,HV8150-002,신발,280,HV8150-002(280),,남성,FA25,2025-08-08,2025-08-08,"219,000.00",21380,0,0.0,1,198481441471,0,0,0,0,1,0,0,0,0,0,0
나이키,신발(나이키),보메로 플러스,HV8150-002,신발,285,HV8150-002(285),,남성,FA25,2025-08-08,2025-08-08,"219,000.00",21381,0,0.0,1,198481398607,0,0,0,0,1,0,0,0,0,0,0
나이키,신발(나이키),보메로 플러스,HV8150-003,신발,250,HV8150-003(250),135511526,남성,SU26,2026-04-03,2026-04-03,"219,000.00",21416,0,0.0,3,198481245703,0,0,0,1,0,0,0,0,0,0,0
나이키,신발(나이키),보메로 플러스,HV8150-003,신발,250,HV8150-003(250),135511526,남성,FA26,2026-07-07,2026-07-07,"219,000.00",21416,0,0.0,3,198481245703,0,0,0,1,1,0,0,0,0,0,0
나이키,신발(나이키),보메로 플러스,HV8150-003,신발,255,HV8150-003(255),135511526,남성,SP26,2026-01-12,2026-01-12,"219,000.00",21417,0,0.0,3,198481434640,0,0,0,0,1,0,0,0,0,0,0
나이키,신발(나이키),보메로 플러스,HV8150-003,신발,255,HV8150-003(255),135511526,남성,FA26,2026-07-07,2026-07-07,"219,000.00",21417,0,0.0,3,198481434640,0,0,0,1,1,0,0,0,0,0,0
나이키,신발(나이키),보메로 플러스,HV8150-003,신발,260,HV8150-003(260),135511526,남성,FA26,2026-07-07,2026-07-07,"219,000.00",21418,0,0.0,3,198481397341,0,0,0,2,1,0,0,0,0,0,0
나이키,신발(나이키),보메로 플러스,HV8150-003,신발,265,HV8150-003(265),135511526,남성,SU26,2026-04-03,2026-04-03,"219,000.00",21419,3,0.0,7,198481417438,0,0,0,0,0,0,0,0,0,0,3
나이키,신발(나이키),보메로 플러스,HV8150-003,신발,265,HV8150-003(265),135511526,남성,FA26,2026-07-07,2026-07-07,"219,000.00",21419,3,0.0,7,198481417438,0,0,0,3,1,0,0,0,0,0,0
나이키,신발(나이키),보메로 플러스,HV8150-003,신발,270,HV8150-003(270),135511526,남성,SU26,2026-04-03,2026-04-03,"219,000.00",21420,1,0.0,5,198481414314,0,0,0,0,0,0,0,0,0,0,1
나이키,신발(나이키),보메로 플러스,HV8150-003,신발,270,HV8150-003(270),135511526,남성,FA26,2026-07-07,2026-07-07,"219,000.00",21420,1,0.0,5,198481414314,0,0,0,2,2,0,0,0,0,0,0
나이키,신발(나이키),보메로 플러스,HV8150-003,신발,275,HV8150-003(275),135511526,남성,FA26,2026-07-07,2026-07-07,"219,000.00",21421,0,0.0,6,198481142200,0,0,0,3,3,0,0,0,0,0,0
나이키,신발(나이키),보메로 플러스,HV8150-003,신발,280,HV8150-003(280),135511526,남성,SU26,2026-04-03,2026-04-03,"219,000.00",21422,1,0.0,4,198481469871,0,0,0,0,0,0,0,0,0,0,1
나이키,신발(나이키),보메로 플러스,HV8150-003,신발,280,HV8150-003(280),135511526,남성,FA26,2026-07-07,2026-07-07,"219,000.00",21422,1,0.0,4,198481469871,0,0,0,2,1,0,0,0,0,0,0
나이키,신발(나이키),보메로 플러스,HV8150-003,신발,285,HV8150-003(285),135511526,남성,FA26,2026-07-07,2026-07-07,"219,000.00",21423,0,0.0,3,198481353538,0,0,0,2,1,0,0,0,0,0,0
나이키,신발(나이키),보메로 플러스,HV8150-003,신발,290,HV8150-003(290),135511526,남성,FA26,2026-07-07,2026-07-07,"219,000.00",21424,0,0.0,3,198481501816,0,0,0,2,1,0,0,0,0,0,0
나이키,신발(나이키),보메로 플러스,HV8150-004,신발,280,HV8150-004(280),,남성,FA25,2025-07-25,2025-07-25,"219,000.00",21170,0,0.0,1,198483483288,0,0,0,0,1,0,0,0,0,0,0
나이키,신발(나이키),보메로 플러스,HV8150-009,신발,285,HV8150-009(285),,남성,SP26,2026-01-12,2026-01-12,"219,000.00",28372,0,0.0,1,198487988031,0,0,0,0,1,0,0,0,0,0,0
나이키,신발(나이키),보메로 플러스,HV8150-017,신발,250,HV8150-017(250),136418969,남성,FA26,2026-07-29,2026-07-29,"219,000.00",38095,0,0.0,1,198959507661,0,0,0,1,0,0,0,0,0,0,0
나이키,신발(나이키),보메로 플러스,HV8150-017,신발,255,HV8150-017(255),136418969,남성,FA26,2026-07-29,2026-07-29,"219,000.00",38096,0,0.0,1,198959374898,0,0,0,1,0,0,0,0,0,0,0
나이키,신발(나이키),보메로 플러스,HV8150-017,신발,265,HV8150-017(265),136418969,남성,FA26,2026-07-29,2026-07-29,"219,000.00",38098,0,0.0,1,198959404014,0,0,0,1,0,0,0,0,0,0,0
나이키,신발(나이키),보메로 플러스,HV8150-017,신발,270,HV8150-017(270),136418969,남성,FA26,2026-07-29,2026-07-29,"219,000.00",38099,0,0.0,1,198959714830,0,0,0,0,1,0,0,0,0,0,0
나이키,신발(나이키),보메로 플러스,HV8150-017,신발,275,HV8150-017(275),136418969,남성,FA26,2026-07-29,2026-07-29,"219,000.00",38100,0,0.0,2,198959520028,0,0,0,1,1,0,0,0,0,0,0
나이키,신발(나이키),보메로 플러스,HV8150-017,신발,280,HV8150-017(280),136418969,남성,FA26,2026-07-29,2026-07-29,"219,000.00",38101,0,0.0,2,198959712577,0,0,0,1,1,0,0,0,0,0,0
나이키,신발(나이키),보메로 플러스,HV8150-017,신발,285,HV8150-017(285),136418969,남성,FA26,2026-07-29,2026-07-29,"219,000.00",38102,0,0.0,1,198959497610,0,0,0,1,0,0,0,0,0,0,0
나이키,신발(나이키),보메로 플러스,HV8150-102,신발,250,HV8150-102(250),133833694,남성,SU26,2026-04-03,2026-06-09,"219,000.00",21395,2,0.0,6,198481359868,0,0,0,0,1,0,0,0,0,0,0
나이키,신발(나이키),보메로 플러스,HV8150-102,신발,250,HV8150-102(250),133833694,남성,FA26,2026-07-07,2026-07-07,"219,000.00",21395,2,0.0,6,198481359868,0,0,0,2,1,2,0,0,0,0,0
나이키,신발(나이키),보메로 플러스,HV8150-102,신발,255,HV8150-102(255),133833694,남성,SU26,2026-04-03,2026-06-09,"219,000.00",21396,1,0.0,7,198481421497,0,0,0,0,1,0,0,0,0,0,0
나이키,신발(나이키),보메로 플러스,HV8150-102,신발,255,HV8150-102(255),133833694,남성,FA26,2026-07-07,2026-07-07,"219,000.00",21396,1,0.0,7,198481421497,0,0,0,3,2,1,0,0,0,0,0
나이키,신발(나이키),보메로 플러스,HV8150-102,신발,260,HV8150-102(260),133833694,남성,FA25,2025-09-24,2025-09-24,"219,000.00",21397,8,0.0,15,198481469147,0,0,0,0,0,0,0,1,0,0,0
나이키,신발(나이키),보메로 플러스,HV8150-102,신발,260,HV8150-102(260),133833694,남성,SU26,2026-04-03,2026-06-09,"219,000.00",21397,8,0.0,15,198481469147,0,0,0,0,1,0,0,0,0,0,0
나이키,신발(나이키),보메로 플러스,HV8150-102,신발,260,HV8150-102(260),133833694,남성,FA26,2026-07-07,2026-07-07,"219,000.00",21397,8,0.0,15,198481469147,0,0,0,2,3,9,0,0,0,0,0
나이키,신발(나이키),보메로 플러스,HV8150-102,신발,265,HV8150-102(265),133833694,남성,SU26,2026-04-03,2026-06-09,"219,000.00",21398,11,0.0,21,198481429691,0,0,0,0,3,0,0,0,0,0,0
나이키,신발(나이키),보메로 플러스,HV8150-102,신발,265,HV8150-102(265),133833694,남성,FA26,2026-07-07,2026-07-07,"219,000.00",21398,11,0.0,21,198481429691,0,0,0,3,4,11,0,0,0,0,0
나이키,신발(나이키),보메로 플러스,HV8150-102,신발,270,HV8150-102(270),133833694,남성,SU26,2026-04-03,2026-06-09,"219,000.00",21399,13,0.0,23,198481340880,0,0,0,0,4,0,0,0,0,0,0
나이키,신발(나이키),보메로 플러스,HV8150-102,신발,270,HV8150-102(270),133833694,남성,FA26,2026-07-07,2026-07-07,"219,000.00",21399,13,0.0,23,198481340880,0,0,0,2,4,13,0,0,0,0,0
나이키,신발(나이키),보메로 플러스,HV8150-102,신발,275,HV8150-102(275),133833694,남성,SU26,2026-04-03,2026-06-09,"219,000.00",21400,11,0.0,21,198481456338,0,0,0,0,4,0,0,0,0,0,0
나이키,신발(나이키),보메로 플러스,HV8150-102,신발,275,HV8150-102(275),133833694,남성,FA26,2026-07-07,2026-07-07,"219,000.00",21400,11,0.0,21,198481456338,0,0,0,3,3,11,0,0,0,0,0
나이키,신발(나이키),보메로 플러스,HV8150-102,신발,280,HV8150-102(280),133833694,남성,SU26,2026-04-03,2026-06-09,"219,000.00",21401,5,0.0,11,198481567904,0,0,0,0,3,0,0,0,0,0,0
나이키,신발(나이키),보메로 플러스,HV8150-102,신발,280,HV8150-102(280),133833694,남성,FA26,2026-07-07,2026-07-07,"219,000.00",21401,5,0.0,11,198481567904,0,0,0,1,2,5,0,0,0,0,0
나이키,신발(나이키),보메로 플러스,HV8150-102,신발,285,HV8150-102(285),133833694,남성,SU26,2026-04-03,2026-06-09,"219,000.00",21402,1,0.0,4,198481422326,0,0,0,1,1,0,0,0,0,0,0
나이키,신발(나이키),보메로 플러스,HV8150-102,신발,285,HV8150-102(285),133833694,남성,FA26,2026-07-07,2026-07-07,"219,000.00",21402,1,0.0,4,198481422326,0,0,0,1,1,0,0,0,0,0,0
나이키,신발(나이키),보메로 플러스,HV8150-102,신발,290,HV8150-102(290),133833694,남성,FA26,2026-07-07,2026-07-07,"219,000.00",21403,0,0.0,3,198481269341,0,0,0,2,1,0,0,0,0,0,0
나이키,신발(나이키),보메로 플러스,HV8150-102,신발,300,HV8150-102(300),133833694,남성,FA26,2026-07-07,2026-07-07,"219,000.00",21405,0,0.0,1,198481456338,0,0,0,1,0,0,0,0,0,0,0
나이키,신발(나이키),보메로 플러스,HV8150-120,신발,260,HV8150-120(260),,남성,SP26,2026-01-27,2026-01-27,"219,000.00",28388,0,0.0,1,198488001227,0,0,0,0,1,0,0,0,0,0,0
나이키,신발(나이키),보메로 플러스,HV8150-120,신발,265,HV8150-120(265),,남성,SP26,2026-01-27,2026-01-27,"219,000.00",28389,0,0.0,1,198487997132,0,0,0,0,1,0,0,0,0,0,0
나이키,신발(나이키),보메로 플러스,HV8150-120,신발,270,HV8150-120(270),,남성,SP26,2026-01-27,2026-01-27,"219,000.00",28390,0,0.0,1,198487994902,0,0,0,0,1,0,0,0,0,0,0
나이키,신발(나이키),보메로 플러스,HV8150-120,신발,275,HV8150-120(275),,남성,SP26,2026-01-27,2026-01-27,"219,000.00",28391,0,0.0,1,198487999624,0,0,0,0,1,0,0,0,0,0,0
나이키,신발(나이키),보메로 플러스,HV8150-300,신발,255,HV8150-300(255),,남성,HO25,2025-09-29,2025-09-26,"219,000.00",25343,0,0.0,1,198483527814 ,0,0,0,0,1,0,0,0,0,0,0
나이키,신발(나이키),보메로 플러스,HV8150-300,신발,260,HV8150-300(260),,남성,HO25,2025-09-29,2025-09-26,"219,000.00",25344,0,0.0,1,198483530791 ,0,0,0,0,1,0,0,0,0,0,0
나이키,신발(나이키),보메로 플러스,HV8150-405,신발,250,HV8150-405(250),,남성,SU26,2026-04-03,2026-04-03,"219,000.00",33161,0,0.0,1,198729858245,0,0,0,1,0,0,0,0,0,0,0
나이키,신발(나이키),보메로 플러스,HV8150-405,신발,255,HV8150-405(255),,남성,SU26,2026-04-03,2026-04-03,"219,000.00",33162,0,0.0,2,198729621023,0,0,0,2,0,0,0,0,0,0,0
나이키,신발(나이키),보메로 플러스,HV8150-405,신발,260,HV8150-405(260),,남성,SU26,2026-04-03,2026-04-03,"219,000.00",33163,0,0.0,3,198729566478,0,0,0,3,0,0,0,1,0,0,0
나이키,신발(나이키),보메로 플러스,HV8150-405,신발,270,HV8150-405(270),,남성,SU26,2026-04-03,2026-04-03,"219,000.00",33165,1,0.0,2,198729766755,0,0,0,1,0,1,0,0,0,0,0
나이키,신발(나이키),보메로 플러스,HV8150-405,신발,275,HV8150-405(275),,남성,SU26,2026-04-03,2026-04-03,"219,000.00",33166,0,0.0,2,198729879646,0,0,0,2,0,0,0,0,0,0,0
나이키,신발(나이키),보메로 플러스,HV8150-405,신발,285,HV8150-405(285),,남성,SU26,2026-04-03,2026-04-03,"219,000.00",33168,0,0.0,1,198729778628,0,0,0,1,0,0,0,0,0,0,0
나이키,신발(나이키),보메로 플러스,HV8154-001,신발,230,HV8154-001(230),135700510,"남,여",SU26,2026-04-03,2026-04-03,"219,000.00",21027,0,0.0,5,198481460700,0,0,0,0,2,0,0,0,0,0,0
나이키,신발(나이키),보메로 플러스,HV8154-001,신발,230,HV8154-001(230),135700510,"남,여",FA26,2026-07-07,2026-07-07,"219,000.00",21027,0,0.0,5,198481460700,0,0,0,1,2,0,0,0,0,0,0
나이키,신발(나이키),보메로 플러스,HV8154-001,신발,235,HV8154-001(235),135700510,"남,여",SP26,2026-01-12,2026-01-12,"219,000.00",21028,6,0.0,18,198481530793,0,0,0,0,1,0,0,0,0,0,0
나이키,신발(나이키),보메로 플러스,HV8154-001,신발,235,HV8154-001(235),135700510,"남,여",SU26,2026-04-03,2026-04-03,"219,000.00",21028,6,0.0,18,198481530793,0,0,0,4,1,0,0,0,0,0,1
나이키,신발(나이키),보메로 플러스,HV8154-001,신발,235,HV8154-001(235),135700510,"남,여",FA26,2026-07-07,2026-07-07,"219,000.00",21028,6,0.0,18,198481530793,0,0,0,3,3,5,0,0,0,0,0
나이키,신발(나이키),보메로 플러스,HV8154-001,신발,240,HV8154-001(240),135700510,"남,여",SU26,2026-04-03,2026-04-03,"219,000.00",21029,2,0.0,10,198481334834,0,0,0,0,1,0,0,0,0,0,0
나이키,신발(나이키),보메로 플러스,HV8154-001,신발,240,HV8154-001(240),135700510,"남,여",FA26,2026-07-07,2026-07-07,"219,000.00",21029,2,0.0,10,198481334834,0,0,0,4,4,1,0,0,0,0,0
나이키,신발(나이키),보메로 플러스,HV8154-001,신발,245,HV8154-001(245),135700510,"남,여",SP26,2026-01-12,2026-01-12,"219,000.00",21030,0,0.0,8,198481444892,0,0,0,0,1,0,0,0,0,0,0
나이키,신발(나이키),보메로 플러스,HV8154-001,신발,245,HV8154-001(245),135700510,"남,여",SU26,2026-04-03,2026-04-03,"219,000.00",21030,0,0.0,8,198481444892,0,0,0,0,1,0,0,0,0,0,1
나이키,신발(나이키),보메로 플러스,HV8154-001,신발,245,HV8154-001(245),135700510,"남,여",FA26,2026-07-07,2026-07-07,"219,000.00",21030,0,0.0,8,198481444892,0,0,0,2,3,0,0,0,0,0,0
나이키,신발(나이키),보메로 플러스,HV8154-001,신발,250,HV8154-001(250),135700510,"남,여",SP26,2026-01-12,2026-01-12,"219,000.00",21031,0,0.0,6,198481416448,0,0,0,0,1,0,0,0,0,0,0
나이키,신발(나이키),보메로 플러스,HV8154-001,신발,250,HV8154-001(250),135700510,"남,여",SU26,2026-04-03,2026-04-03,"219,000.00",21031,0,0.0,6,198481416448,0,0,0,0,2,0,0,0,0,0,0
나이키,신발(나이키),보메로 플러스,HV8154-001,신발,250,HV8154-001(250),135700510,"남,여",FA26,2026-07-07,2026-07-07,"219,000.00",21031,0,0.0,6,198481416448,0,0,0,1,2,0,0,0,0,0,0
나이키,신발(나이키),보메로 플러스,HV8154-001,신발,255,HV8154-001(255),135700510,"남,여",FA26,2026-07-07,2026-07-07,"219,000.00",21032,0,0.0,2,198481318650,0,0,0,1,1,0,0,0,0,0,0
나이키,신발(나이키),보메로 플러스,HV8154-012,신발,250,HV8154-012(250),,여성,SU26,2026-04-07,2026-04-07,"219,000.00",33203,1,0.0,1,198729806567,0,0,0,1,0,0,0,0,0,0,0
나이키,신발(나이키),보메로 플러스,HV8154-012,신발,255,HV8154-012(255),,여성,SU26,2026-04-07,2026-04-07,"219,000.00",33204,0,0.0,1,198729874030,0,0,0,1,0,0,0,0,0,0,0
나이키,신발(나이키),보메로 플러스,HV8154-102,신발,230,HV8154-102(230),133833709,여성,SU26,2026-04-03,2026-04-03,"219,000.00",21006,0,0.0,1,198481563135,0,0,0,0,1,0,0,0,0,0,0
나이키,신발(나이키),보메로 플러스,HV8154-102,신발,235,HV8154-102(235),133833709,여성,SU26,2026-04-03,2026-04-03,"219,000.00",21007,0,0.0,5,198481389285,0,0,0,3,2,0,0,0,0,0,0
나이키,신발(나이키),보메로 플러스,HV8154-102,신발,240,HV8154-102(240),133833709,여성,SU26,2026-04-03,2026-04-03,"219,000.00",21008,0,0.0,4,198481496617,0,0,0,2,2,0,0,0,0,0,0
나이키,신발(나이키),보메로 플러스,HV8154-102,신발,245,HV8154-102(245),133833709,여성,SU26,2026-04-03,2026-04-03,"219,000.00",21009,0,0.0,5,198481525782,0,0,0,3,2,0,0,0,0,0,0
나이키,신발(나이키),보메로 플러스,HV8154-102,신발,250,HV8154-102(250),133833709,여성,SU26,2026-04-03,2026-04-03,"219,000.00",21010,0,0.0,5,198481570317,1,0,0,1,2,1,0,0,0,0,0
나이키,신발(나이키),보메로 플러스,HV8154-109,신발,230,HV8154-109(230),136418966,여성,FA26,2026-07-29,2026-07-29,"219,000.00",38531,4,0.0,9,198959402096,0,0,0,3,2,0,0,0,0,0,4
나이키,신발(나이키),보메로 플러스,HV8154-109,신발,235,HV8154-109(235),136418966,여성,FA26,2026-07-29,2026-07-29,"219,000.00",38532,6,0.0,14,198959395244,0,0,0,5,3,0,0,0,0,0,6
나이키,신발(나이키),보메로 플러스,HV8154-109,신발,240,HV8154-109(240),136418966,여성,FA26,2026-07-29,2026-07-29,"219,000.00",38533,9,0.0,20,198959533592,0,0,0,6,5,0,0,0,0,0,9
나이키,신발(나이키),보메로 플러스,HV8154-109,신발,245,HV8154-109(245),136418966,여성,FA26,2026-07-29,2026-07-29,"219,000.00",38534,6,0.0,10,198959369054,0,0,0,2,2,0,0,0,0,0,6
나이키,신발(나이키),보메로 플러스,HV8154-109,신발,250,HV8154-109(250),136418966,여성,FA26,2026-07-29,2026-07-29,"219,000.00",38535,4,0.0,9,198959718630,0,0,0,3,2,0,0,0,0,0,4
나이키,신발(나이키),보메로 플러스,HV8154-109,신발,255,HV8154-109(255),136418966,여성,FA26,2026-07-29,2026-07-29,"219,000.00",38536,2,0.0,5,198959502192,0,0,0,2,1,0,0,0,0,0,2
나이키,신발(나이키),보메로 플러스,HV8154-504,신발,230,HV8154-504(230),136418963,여성,FA26,2026-07-29,2026-07-29,"219,000.00",38509,2,0.0,2,198959393783,0,0,0,0,0,0,0,0,0,0,2
나이키,신발(나이키),보메로 플러스,HV8154-504,신발,235,HV8154-504(235),136418963,여성,FA26,2026-07-29,2026-07-29,"219,000.00",38510,4,0.0,7,198959372740,0,0,0,2,1,1,0,0,0,0,3
나이키,신발(나이키),보메로 플러스,HV8154-504,신발,240,HV8154-504(240),136418963,여성,FA26,2026-07-29,2026-07-29,"219,000.00",38511,5,0.0,10,198959719927,0,0,0,3,2,0,0,0,0,0,5
나이키,신발(나이키),보메로 플러스,HV8154-504,신발,245,HV8154-504(245),136418963,여성,FA26,2026-07-29,2026-07-29,"219,000.00",38512,4,0.0,9,198959502086,0,0,0,3,2,0,0,0,0,0,4
나이키,신발(나이키),보메로 플러스,HV8154-504,신발,250,HV8154-504(250),136418963,여성,FA26,2026-07-29,2026-07-29,"219,000.00",38513,2,0.0,4,198959381841,0,0,0,1,1,0,0,0,0,0,2
나이키,신발(나이키),보메로 플러스,HV8154-504,신발,255,HV8154-504(255),136418963,여성,FA26,2026-07-29,2026-07-29,"219,000.00",38514,1,0.0,2,198959403604,0,0,0,1,0,0,0,0,0,0,1
나이키,신발(나이키),보메로 플러스,HV8154-601,신발,230,HV8154-601(230),,여성,FA25,2025-07-30,2025-07-30,"219,000.00",20985,0,0.0,1,198481532728,0,0,0,0,1,0,0,0,0,0,0
나이키,의류(나이키),스위프트 드라이 핏 UV 쿼터집 탑,HV8922-499,의류,L,HV8922-499(L),131779002,여성,HO25,2025-09-29,2025-09-26,"105,000.00",25795,0,0.0,1,198484534347 ,0,0,0,0,1,0,0,0,0,0,0
나이키,의류(나이키),스위프트 드라이 핏 UV 쿼터집 탑,HV8922-499,의류,M,HV8922-499(M),131779002,여성,HO25,2025-09-29,2025-09-26,"105,000.00",25794,0,0.0,1,198484532664 ,0,0,0,0,1,0,0,0,0,0,0
나이키,의류(나이키),NSW 티셔츠 위닝 이너프,HV9489-010,의류,M,HV9489-010(M),123231314,남성,FA24,2024-07-24,2024-08-12,"45,000.00",4423,2,0.0,2,197860755543,0,0,0,0,0,2,0,0,0,0,0
나이키,의류(나이키),NSW 티셔츠 위닝 원,HV9491-100,의류,XL,HV9491-100(XL),123231315,여성,FA24,2024-07-24,2024-08-12,"45,000.00",4432,1,0.0,1,197860755710,0,0,0,0,0,1,0,0,0,0,0
나이키,의류(나이키),NSW 티셔츠 위닝 콰이어틀리,HV9495-010,의류,XL,HV9495-010(XL),123231316,여성,FA24,2024-07-24,2024-08-12,"45,000.00",4440,1,0.0,1,197860755048,0,0,0,0,0,1,0,0,0,0,0
나이키,의류(나이키),NSW 티셔츠 위닝 이너프,HV9497-010,의류,XL,HV9497-010(XL),123231317,여성,FA24,2024-07-24,2024-08-12,"45,000.00",4448,1,0.0,1,197860755079,0,0,0,0,0,1,0,0,0,0,0
나이키,의류(나이키),NSW 티셔츠 위닝 콰이어틀리,HV9500-010,의류,L,HV9500-010(L),126731916,키즈,FA24,2024-07-24,2024-08-12,"35,000.00",4455,1,0.0,1,197860755956,0,0,0,0,0,1,0,0,0,0,0
나이키,의류(나이키),NSW 티셔츠 위닝 콰이어틀리,HV9500-010,의류,M,HV9500-010(M),126731916,키즈,FA24,2024-07-24,2024-08-12,"35,000.00",4454,1,0.0,1,197860755802,0,0,0,0,0,1,0,0,0,0,0
나이키,의류(나이키),NSW 티셔츠 위닝 콰이어틀리,HV9500-010,의류,S,HV9500-010(S),126731916,키즈,FA24,2024-07-24,2024-08-12,"35,000.00",4453,2,0.0,2,197860755901,0,0,0,0,0,2,0,0,0,0,0
아디다스,의류(아디다스),아디제로 아카이브 러닝 재킷,HZ3692,의류,L,HZ3692(L),132875757,남성,26SS,2026-02-20,2026-02-20,"159,000.00",27095,4,0.0,8,4068808390910,0,0,0,2,2,2,0,0,0,2,0
아디다스,의류(아디다스),아디제로 아카이브 러닝 재킷,HZ3692,의류,M,HZ3692(M),132875757,남성,26SS,2026-02-20,2026-02-20,"159,000.00",27094,0,0.0,2,4068808390934,0,0,0,1,1,0,0,0,0,0,0
아디다스,의류(아디다스),아디제로 아카이브 러닝 재킷,HZ3692,의류,XL,HZ3692(XL),132875757,남성,26SS,2026-02-20,2026-02-20,"159,000.00",27096,3,0.0,8,4068808390958,0,0,0,3,2,1,0,0,0,2,0
아디다스,의류(아디다스),아디제로 아카이브 러닝 재킷,HZ3692,의류,XXL,HZ3692(XXL),132875757,남성,26SS,2026-02-20,2026-02-20,"159,000.00",27097,1,0.0,4,4068808390927,0,0,0,2,1,0,0,0,0,1,0
아디다스,의류(아디다스),아디제로 아카이브 러닝 재킷,HZ3696,의류,L,HZ3696(L),132875756,여성,26SS,2026-02-20,2026-02-20,"159,000.00",27143,1,0.0,3,4068808390743,0,0,0,1,1,1,0,0,0,0,0
아디다스,의류(아디다스),아디제로 아카이브 러닝 재킷,HZ3696,의류,M,HZ3696(M),132875756,여성,26SS,2026-02-20,2026-02-20,"159,000.00",27142,0,0.0,2,4068808387095,0,0,0,1,1,0,0,0,0,0,0
아디다스,의류(아디다스),아디제로 아카이브 러닝 재킷,HZ3696,의류,S,HZ3696(S),132875756,여성,26SS,2026-02-20,2026-02-20,"159,000.00",27141,1,0.0,3,4068808387088,0,0,0,1,1,1,0,0,0,0,0
아디다스,의류(아디다스),아디제로 아카이브 러닝 재킷,HZ3696,의류,XL,HZ3696(XL),132875756,여성,26SS,2026-02-20,2026-02-20,"159,000.00",27144,1,0.0,1,,0,0,0,0,0,1,0,0,0,0,0
나이키ACC,용품(나이키ACC),NIKE DRI-FIT FURY CLASSIC HEADBAND UNIVERSITY RED/WHITE,IB0351-681,용품,1SIZE,IB0351-681(1SIZE),,공용,SU25,,,"21,000.00",17959,0,0.0,1,197860464384,0,0,0,0,1,0,0,0,0,0,0
나이키ACC,용품(나이키ACC),드라이핏 퓨리 엘레베이트 헤드밴드,IB0355-001,용품,1SIZE,IB0355-001(1SIZE),135951180,공용,FA26,2026-07-20,2026-07-20,"23,000.00",34211,14,0.0,32,197860464391,0,0,0,10,9,14,0,0,0,0,0
나이키,신발(나이키),페가수스 42,IB1873-003,신발,250,IB1873-003(250),133489193,남성,SU26,2026-04-30,2026-04-30,"169,000.00",33287,5,0.0,8,198730398198,0,0,0,1,2,1,0,0,0,0,0
나이키,신발(나이키),페가수스 42,IB1873-003,신발,250,IB1873-003(250),133489193,남성,FA26,2026-07-20,2026-08-14,"169,000.00",33287,5,0.0,8,198730398198,0,0,0,0,0,4,0,0,0,0,0
나이키,신발(나이키),페가수스 42,IB1873-003,신발,255,IB1873-003(255),133489193,남성,SU26,2026-04-30,2026-04-30,"169,000.00",33288,9,0.0,11,198730383088,1,0,0,1,1,0,0,0,0,0,0
나이키,신발(나이키),페가수스 42,IB1873-003,신발,255,IB1873-003(255),133489193,남성,FA26,2026-07-20,2026-08-14,"169,000.00",33288,9,0.0,11,198730383088,0,0,0,0,0,8,0,0,0,0,0
나이키,신발(나이키),페가수스 42,IB1873-003,신발,260,IB1873-003(260),133489193,남성,SU26,2026-04-30,2026-04-30,"169,000.00",33289,14,0.0,18,198730405896,0,0,0,1,3,2,0,0,0,0,0
나이키,신발(나이키),페가수스 42,IB1873-003,신발,260,IB1873-003(260),133489193,남성,FA26,2026-07-20,2026-08-14,"169,000.00",33289,14,0.0,18,198730405896,0,0,0,0,0,12,0,0,0,0,0
나이키,신발(나이키),페가수스 42,IB1873-003,신발,265,IB1873-003(265),133489193,남성,SU26,2026-04-30,2026-04-30,"169,000.00",33290,25,0.0,32,198730400983,0,0,0,0,6,0,0,0,0,0,0
나이키,신발(나이키),페가수스 42,IB1873-003,신발,265,IB1873-003(265),133489193,남성,FA26,2026-07-20,2026-08-14,"169,000.00",33290,25,0.0,32,198730400983,0,0,0,1,0,25,0,0,0,0,0
나이키,신발(나이키),페가수스 42,IB1873-003,신발,270,IB1873-003(270),133489193,남성,SU26,2026-04-30,2026-04-30,"169,000.00",33291,28,0.0,38,198730397184,0,0,0,0,9,0,0,0,0,0,0
나이키,신발(나이키),페가수스 42,IB1873-003,신발,270,IB1873-003(270),133489193,남성,FA26,2026-07-20,2026-08-14,"169,000.00",33291,28,0.0,38,198730397184,1,0,0,2,0,27,0,0,0,0,0
나이키,신발(나이키),페가수스 42,IB1873-003,신발,275,IB1873-003(275),133489193,남성,SU26,2026-04-30,2026-04-30,"169,000.00",33292,16,0.0,22,198730383019,0,0,0,1,6,0,0,0,0,0,0
나이키,신발(나이키),페가수스 42,IB1873-003,신발,275,IB1873-003(275),133489193,남성,FA26,2026-07-20,2026-08-14,"169,000.00",33292,16,0.0,22,198730383019,0,0,0,0,0,16,0,0,0,0,0
나이키,신발(나이키),페가수스 42,IB1873-003,신발,280,IB1873-003(280),133489193,남성,SU26,2026-04-30,2026-04-30,"169,000.00",33293,11,0.0,16,198730392011,0,0,0,1,4,1,0,0,0,0,0
나이키,신발(나이키),페가수스 42,IB1873-003,신발,280,IB1873-003(280),133489193,남성,FA26,2026-07-20,2026-08-24,"169,000.00",33293,11,0.0,16,198730392011,0,0,0,0,0,10,0,0,0,0,0
나이키,신발(나이키),페가수스 42,IB1873-003,신발,285,IB1873-003(285),133489193,남성,SU26,2026-04-30,2026-04-30,"169,000.00",33294,4,0.0,7,198730405346,0,0,0,0,2,0,0,0,0,0,0
나이키,신발(나이키),페가수스 42,IB1873-003,신발,285,IB1873-003(285),133489193,남성,FA26,2026-07-20,2026-08-14,"169,000.00",33294,4,0.0,7,198730405346,0,0,0,1,0,4,0,0,0,0,0
나이키,신발(나이키),페가수스 42,IB1873-003,신발,290,IB1873-003(290),133489193,남성,FA26,2026-07-20,2026-08-14,"169,000.00",33295,2,0.0,3,198730385822,0,0,0,1,0,2,0,0,0,0,0
나이키,신발(나이키),페가수스 42,IB1873-003,신발,300,IB1873-003(300),133489193,남성,FA26,2026-08-20,2026-08-12,"169,000.00",33297,2,0.0,2,198730389011,0,0,0,0,0,2,0,0,0,0,0
나이키,신발(나이키),페가수스 42,IB1873-101,신발,250,IB1873-101(250),135700542,남성,FA26,2026-07-07,2026-07-07,"169,000.00",38293,1,0.0,2,198729721365,1,0,0,0,1,0,0,0,0,0,0
나이키,신발(나이키),페가수스 42,IB1873-101,신발,255,IB1873-101(255),135700542,남성,FA26,2026-07-07,2026-07-07,"169,000.00",38294,1,0.0,3,198729792211,1,0,0,0,2,0,0,0,0,0,0
나이키,신발(나이키),페가수스 42,IB1873-101,신발,260,IB1873-101(260),135700542,남성,FA26,2026-07-07,2026-07-07,"169,000.00",38295,1,0.0,4,198729884497,1,0,0,0,3,0,0,0,0,0,0
나이키,신발(나이키),페가수스 42,IB1873-101,신발,265,IB1873-101(265),135700542,남성,FA26,2026-07-07,2026-07-07,"169,000.00",38296,2,0.0,6,198729795618,1,0,0,0,4,1,0,0,0,0,0
나이키,신발(나이키),페가수스 42,IB1873-101,신발,270,IB1873-101(270),135700542,남성,FA26,2026-07-07,2026-07-07,"169,000.00",38297,3,0.0,7,198729778642,1,0,0,2,2,2,0,0,0,0,0
나이키,신발(나이키),페가수스 42,IB1873-101,신발,275,IB1873-101(275),135700542,남성,FA26,2026-07-07,2026-07-07,"169,000.00",38298,3,0.0,6,198729833365,1,0,0,0,3,2,0,0,0,0,0
나이키,신발(나이키),페가수스 42,IB1873-101,신발,280,IB1873-101(280),135700542,남성,FA26,2026-07-07,2026-07-07,"169,000.00",38299,1,0.0,3,198729839121,1,0,0,1,1,0,0,0,0,0,0
나이키,신발(나이키),페가수스 42,IB1873-101,신발,285,IB1873-101(285),135700542,남성,FA26,2026-07-07,2026-07-07,"169,000.00",38300,1,0.0,2,198729719515,1,0,0,0,1,0,0,0,0,0,0
나이키,신발(나이키),페가수스 42,IB1873-101,신발,290,IB1873-101(290),135700542,남성,FA26,2026-07-07,2026-07-07,"169,000.00",38301,1,0.0,2,198729793591,1,0,0,0,1,0,0,0,0,0,0
나이키,신발(나이키),페가수스 42,IB1873-107,신발,255,IB1873-107(255),136418946,남성,FA26,2026-07-29,2026-07-29,"169,000.00",38316,1,0.0,1,198960902684,0,0,0,0,0,0,0,0,0,0,1
나이키,신발(나이키),페가수스 42,IB1873-107,신발,260,IB1873-107(260),136418946,남성,FA26,2026-07-29,2026-07-29,"169,000.00",38317,2,0.0,3,198960933206,0,0,0,1,0,0,0,0,0,0,2
나이키,신발(나이키),페가수스 42,IB1873-107,신발,265,IB1873-107(265),136418946,남성,FA26,2026-07-29,2026-07-29,"169,000.00",38318,5,0.0,5,198960883723,3,0,0,0,0,0,0,0,0,0,2
나이키,신발(나이키),페가수스 42,IB1873-107,신발,270,IB1873-107(270),136418946,남성,FA26,2026-07-29,2026-07-29,"169,000.00",38319,5,0.0,5,198960424445,3,0,0,0,0,0,0,0,0,0,2
나이키,신발(나이키),페가수스 42,IB1873-107,신발,275,IB1873-107(275),136418946,남성,FA26,2026-07-29,2026-07-29,"169,000.00",38320,4,0.0,5,198960705094,2,0,0,0,1,0,0,0,0,0,2
나이키,신발(나이키),페가수스 42,IB1873-107,신발,280,IB1873-107(280),136418946,남성,FA26,2026-07-29,2026-07-29,"169,000.00",38321,2,0.0,3,198960822487,1,0,0,0,1,0,0,0,0,0,1
나이키,신발(나이키),페가수스 42,IB1873-107,신발,285,IB1873-107(285),136418946,남성,FA26,2026-07-29,2026-07-29,"169,000.00",38322,2,0.0,2,198960639665,1,0,0,0,0,0,0,0,0,0,1
나이키,신발(나이키),페가수스 42,IB1873-110,신발,250,IB1873-110(250),133334271,남성,SU26,2026-04-09,2026-04-09,"169,000.00",33308,0,0.0,2,198729830920,0,0,0,1,1,0,0,0,0,0,0
나이키,신발(나이키),페가수스 42,IB1873-110,신발,255,IB1873-110(255),133334271,남성,SU26,2026-04-09,2026-04-09,"169,000.00",33309,0,0.0,2,198729691743,0,0,0,1,1,0,0,0,0,0,0
나이키,신발(나이키),페가수스 42,IB1873-110,신발,270,IB1873-110(270),133334271,남성,SU26,2026-04-09,2026-04-09,"169,000.00",33312,0,0.0,1,198729781277,0,0,0,1,0,0,0,0,0,0,0
나이키,신발(나이키),페가수스 42,IB1873-110,신발,275,IB1873-110(275),133334271,남성,SU26,2026-04-09,2026-04-09,"169,000.00",33313,1,0.0,2,198729714718,0,0,0,0,1,1,0,0,0,0,0
나이키,신발(나이키),페가수스 42,IB1873-110,신발,285,IB1873-110(285),133334271,남성,SU26,2026-04-09,2026-04-09,"169,000.00",33315,0,0.0,2,198729809629,0,0,0,1,1,0,0,0,0,0,0
나이키,신발(나이키),페가수스 42,IB1873-702,신발,250,IB1873-702(250),133327071,남성,SU26,2026-04-07,2026-04-07,"169,000.00",33350,0,0.0,1,198729728654,0,0,0,0,1,0,0,0,0,0,0
나이키,신발(나이키),페가수스 42,IB1873-702,신발,255,IB1873-702(255),133327071,남성,SU26,2026-04-07,2026-04-07,"169,000.00",33351,0,0.0,1,198729853943,0,0,0,0,1,0,0,0,0,0,0
나이키,신발(나이키),페가수스 42,IB1873-702,신발,260,IB1873-702(260),133327071,남성,SU26,2026-04-07,2026-04-07,"169,000.00",33352,0,0.0,1,198729847775,0,0,0,1,0,0,0,0,0,0,0
나이키,신발(나이키),페가수스 42,IB1873-702,신발,265,IB1873-702(265),133327071,남성,SU26,2026-04-07,2026-04-07,"169,000.00",33353,0,0.0,2,198729875136,0,0,0,1,1,0,0,0,0,0,0
나이키,신발(나이키),페가수스 42,IB1873-702,신발,270,IB1873-702(270),133327071,남성,SU26,2026-04-07,2026-04-07,"169,000.00",33354,0,0.0,2,198729872258,0,0,0,1,1,0,0,0,0,0,0
나이키,신발(나이키),페가수스 42,IB1873-702,신발,275,IB1873-702(275),133327071,남성,SU26,2026-04-07,2026-04-07,"169,000.00",33355,0,0.0,1,198729779946,0,0,0,1,0,0,0,0,0,0,0
나이키,신발(나이키),페가수스 42,IB1873-702,신발,280,IB1873-702(280),133327071,남성,SU26,2026-04-07,2026-04-07,"169,000.00",33356,0,0.0,2,198729855862,0,0,0,1,1,0,0,0,0,0,0
나이키,신발(나이키),페가수스 42,IB1881-002,신발,230,IB1881-002(230),133327043,여성,SU26,2026-04-03,2026-04-03,"169,000.00",33409,4,0.0,6,198730395104,0,0,0,1,1,4,0,0,0,0,0
나이키,신발(나이키),페가수스 42,IB1881-002,신발,235,IB1881-002(235),133327043,여성,SU26,2026-04-03,2026-04-03,"169,000.00",33410,0,0.0,3,198730389691,0,0,0,1,2,0,0,0,0,0,0
나이키,신발(나이키),페가수스 42,IB1881-002,신발,240,IB1881-002(240),133327043,여성,SU26,2026-04-03,2026-04-03,"169,000.00",33411,3,0.0,6,198730383958,0,0,0,2,1,3,0,0,0,0,0
나이키,신발(나이키),페가수스 42,IB1881-002,신발,245,IB1881-002(245),133327043,여성,SU26,2026-04-03,2026-04-03,"169,000.00",33412,7,0.0,10,198730391267,0,0,0,1,2,7,0,0,0,0,0
나이키,신발(나이키),페가수스 42,IB1881-002,신발,250,IB1881-002(250),133327043,여성,SU26,2026-04-03,2026-04-03,"169,000.00",33413,3,0.0,4,198730387055,0,0,0,0,1,3,0,0,0,0,0
나이키,신발(나이키),페가수스 42,IB1881-002,신발,255,IB1881-002(255),133327043,여성,SU26,2026-04-03,2026-04-03,"169,000.00",33414,0,0.0,1,198730400280,0,0,0,0,1,0,0,0,0,0,0
나이키,신발(나이키),페가수스 42,IB1881-003,신발,230,IB1881-003(230),133564916,여성,SU26,2026-05-12,2026-05-12,"169,000.00",33430,2,0.0,4,198958778451,1,0,0,0,2,1,0,0,0,0,0
나이키,신발(나이키),페가수스 42,IB1881-003,신발,235,IB1881-003(235),133564916,여성,SU26,2026-05-12,2026-05-12,"169,000.00",33431,2,0.0,5,198958778390,1,0,0,0,3,1,0,0,0,0,0
나이키,신발(나이키),페가수스 42,IB1881-003,신발,240,IB1881-003(240),133564916,여성,SU26,2026-05-12,2026-05-12,"169,000.00",33432,4,0.0,7,198958777621,3,0,0,0,3,1,0,0,0,0,0
나이키,신발(나이키),페가수스 42,IB1881-003,신발,245,IB1881-003(245),133564916,여성,SU26,2026-05-12,2026-05-12,"169,000.00",33433,0,0.0,3,198958776976,0,0,0,1,2,0,0,0,0,0,0
나이키,신발(나이키),페가수스 42,IB1881-003,신발,250,IB1881-003(250),133564916,여성,SU26,2026-05-12,2026-05-12,"169,000.00",33434,3,0.0,4,198958778239,3,0,0,0,1,0,0,0,0,0,0
나이키,신발(나이키),페가수스 42,IB1881-003,신발,255,IB1881-003(255),133564916,여성,SU26,2026-05-12,2026-05-12,"169,000.00",33435,1,0.0,2,198958778420,1,0,0,1,0,0,0,0,0,0,0
나이키,신발(나이키),페가수스 42,IB1881-004,신발,230,IB1881-004(230),136418945,여성,FA26,2026-07-29,2026-07-29,"169,000.00",38663,3,0.0,7,198960930250,0,0,0,2,2,0,0,0,0,0,3
나이키,신발(나이키),페가수스 42,IB1881-004,신발,235,IB1881-004(235),136418945,여성,FA26,2026-07-29,2026-07-29,"169,000.00",38664,6,0.0,10,198960927915,0,0,0,3,1,2,0,0,0,0,4
나이키,신발(나이키),페가수스 42,IB1881-004,신발,240,IB1881-004(240),136418945,여성,FA26,2026-07-29,2026-07-29,"169,000.00",38665,7,0.0,13,198960930953,0,0,0,4,2,1,0,0,0,0,6
나이키,신발(나이키),페가수스 42,IB1881-004,신발,245,IB1881-004(245),136418945,여성,FA26,2026-07-29,2026-07-29,"169,000.00",38666,7,0.0,15,198960936214,0,0,0,5,3,1,0,0,0,0,6
나이키,신발(나이키),페가수스 42,IB1881-004,신발,250,IB1881-004(250),136418945,여성,FA26,2026-07-29,2026-07-29,"169,000.00",38667,4,0.0,9,198960929988,0,0,0,3,2,0,0,0,0,0,4
나이키,신발(나이키),페가수스 42,IB1881-004,신발,255,IB1881-004(255),136418945,여성,FA26,2026-07-29,2026-07-29,"169,000.00",38668,1,0.0,3,198960936009,0,0,0,1,1,0,0,0,0,0,1
나이키,신발(나이키),페가수스 42,IB1881-102,신발,240,IB1881-102(240),133327064,여성,SU26,2026-04-07,2026-04-07,"169,000.00",33390,1,0.0,1,198729774392,0,0,0,0,0,1,0,0,0,0,0
나이키,신발(나이키),페가수스 42,IB1881-102,신발,245,IB1881-102(245),133327064,여성,SU26,2026-04-07,2026-04-07,"169,000.00",33391,1,0.0,1,198729873477,1,0,0,0,0,0,0,0,0,0,0
나이키,신발(나이키),페가수스 42,IB1881-102,신발,250,IB1881-102(250),133327064,여성,SU26,2026-04-07,2026-04-07,"169,000.00",33392,2,0.0,2,198729854209,1,0,0,0,0,1,0,0,0,0,0
나이키,신발(나이키),페가수스 42,IB1881-602,신발,225,IB1881-602(225),133327057,여성,SU26,2026-04-07,2026-04-07,"169,000.00",34166,3,0.0,3,198958995773,0,0,0,0,0,3,0,0,0,0,0
나이키,신발(나이키),페가수스 42,IB1881-602,신발,230,IB1881-602(230),133327057,여성,SU26,2026-04-07,2026-04-07,"169,000.00",34167,1,0.0,2,198959025141,0,0,0,0,1,1,0,0,0,0,0
나이키,신발(나이키),페가수스 42,IB1881-602,신발,235,IB1881-602(235),133327057,여성,SU26,2026-04-07,2026-04-07,"169,000.00",34168,4,0.0,5,198958993885,0,0,0,1,0,4,0,0,0,0,0
나이키,신발(나이키),페가수스 42,IB1881-602,신발,240,IB1881-602(240),133327057,여성,SU26,2026-04-07,2026-04-07,"169,000.00",34169,11,0.0,14,198958988188,0,0,0,1,2,11,0,0,0,0,0
나이키,신발(나이키),페가수스 42,IB1881-602,신발,245,IB1881-602(245),133327057,여성,SU26,2026-04-07,2026-04-07,"169,000.00",34170,2,0.0,7,198958889843,0,0,0,1,4,2,0,0,0,0,0
나이키,신발(나이키),페가수스 42,IB1881-602,신발,250,IB1881-602(250),133327057,여성,SU26,2026-04-07,2026-04-07,"169,000.00",34171,1,0.0,4,198958993311,0,0,0,0,3,1,0,0,0,0,0
나이키,신발(나이키),페가수스 42,IB1881-602,신발,255,IB1881-602(255),133327057,여성,SU26,2026-04-07,2026-04-07,"169,000.00",34172,2,0.0,3,198959059092,0,0,0,1,0,2,0,0,0,0,0
나이키,의류(나이키),스위프트 드라이 핏 풀집 미드 레이어 러닝 탑,IB1999-010,의류,L,IB1999-010(L),131589013,여성,HO25,2025-09-29,2025-09-26,"115,000.00",20607,0,0.0,1,198482960902,0,0,0,0,1,0,0,0,0,0,0
나이키,의류(나이키),스위프트 드라이 핏 풀집 미드 레이어 러닝 탑,IB1999-010,의류,S,IB1999-010(S),131589013,여성,FA25,2025-08-28,2025-08-28,"115,000.00",20605,0,0.0,2,198482912017,0,0,0,0,2,0,0,0,0,0,0
나이키,의류(나이키),스위프트 드라이 핏 풀집 미드 레이어 러닝 탑,IB1999-010,의류,XL,IB1999-010(XL),131589013,여성,FA25,2025-08-28,2025-08-28,"115,000.00",20608,0,0.0,1,198482997847,0,0,0,0,1,0,0,0,0,0,0
나이키,의류(나이키),스위프트 드라이 핏 풀집 미드 레이어 러닝 탑,IB1999-133,의류,L,IB1999-133(L),131589685,여성,FA25,2025-09-04,2025-09-04,"115,000.00",20615,0,0.0,2,198482926021,0,0,0,0,2,0,0,0,0,0,0
나이키,의류(나이키),스위프트 드라이 핏 풀집 미드 레이어 러닝 탑,IB1999-133,의류,XL,IB1999-133(XL),131589685,여성,FA25,2025-09-04,2025-09-04,"115,000.00",20616,0,0.0,1,198482911706,0,0,0,0,1,0,0,0,0,0,0
나이키,의류(나이키),스위프트 드라이 핏 풀집 미드 레이어 러닝 탑,IB1999-675,의류,L,IB1999-675(L),131589687,여성,FA25,2025-09-04,2025-09-04,"115,000.00",20623,0,0.0,1,198482994167,0,0,0,1,0,0,0,0,0,0,0
나이키,의류(나이키),스위프트 드라이 핏 풀집 미드 레이어 러닝 탑,IB1999-675,의류,M,IB1999-675(M),131589687,여성,FA25,2025-09-04,2025-09-04,"115,000.00",20622,2,0.0,3,198482953492,0,0,0,1,0,2,0,0,0,0,0
나이키,의류(나이키),스위프트 드라이 핏 풀집 미드 레이어 러닝 탑,IB1999-675,의류,S,IB1999-675(S),131589687,여성,FA25,2025-09-04,2025-09-04,"115,000.00",20621,2,0.0,4,198482939731,0,0,0,1,1,2,0,0,0,0,0
나이키,용품(나이키),라이트웨이트 런 크루,IB6114-010,용품,L,IB6114-010(L),133410099,남성,FA26,,,"22,000.00",33989,79,0.0,90,198481603367,0,0,0,0,0,54,0,0,0,0,0
나이키,용품(나이키),라이트웨이트 런 크루,IB6114-010,용품,L,IB6114-010(L),133410099,남성,SU26,2026-04-14,2026-04-14,"22,000.00",33989,79,0.0,90,198481603367,0,0,0,11,0,25,0,0,0,0,0
나이키,용품(나이키),라이트웨이트 런 크루,IB6114-010,용품,M,IB6114-010(M),133410099,남성,FA26,2026-07-29,2026-07-29,"25,000.00",33988,12,0.0,21,198481596843,0,0,0,9,0,12,0,0,0,0,0
나이키,용품(나이키),라이트웨이트 마이크로 크루 삭스 1팩,IB6114-100,용품,L,IB6114-100(L),132602296,공용,SU26,,,"22,000.00",25681,419,0.0,432,198481577422 ,0,0,0,13,0,47,0,0,0,0,0
나이키,용품(나이키),라이트웨이트 마이크로 크루 삭스 1팩,IB6114-100,용품,L,IB6114-100(L),132602296,공용,HO25,2025-12-09,2025-12-12,"22,000.00",25681,419,0.0,432,198481577422 ,0,0,0,0,1,221,0,0,0,0,0
나이키,용품(나이키),라이트웨이트 마이크로 크루 삭스 1팩,IB6114-100,용품,L,IB6114-100(L),132602296,공용,FA26,2026-07-07,2026-07-07,"22,000.00",25681,419,0.0,432,198481577422 ,0,0,0,0,0,150,0,0,0,0,0
나이키,용품(나이키),라이트웨이트 마이크로 크루 삭스 1팩,IB6114-100,용품,M,IB6114-100(M),132602296,공용,SU26,2026-04-03,2026-04-03,"25,000.00",25680,71,0.0,86,198481636280 ,0,0,0,4,2,0,0,0,0,0,0
나이키,용품(나이키),라이트웨이트 마이크로 크루 삭스 1팩,IB6114-100,용품,M,IB6114-100(M),132602296,공용,FA26,2026-07-07,2026-07-07,"25,000.00",25680,71,0.0,86,198481636280 ,0,0,0,10,0,70,0,0,0,0,0
나이키,용품(나이키),라이트웨이트 마이크로 크루 삭스 1팩,IB6114-100,용품,XL,IB6114-100(XL),132602296,공용,HO25,2025-12-12,2025-12-12,"22,000.00",25682,29,0.0,34,198481596591 ,0,0,0,3,6,25,0,0,0,0,0
나이키,용품(나이키),라이트웨이트 런 크루,IB6114-407,용품,L,IB6114-407(L),133564861,남성,SU26,,,"22,000.00",34023,0,0.0,6,198730271019,0,0,0,5,1,0,0,0,0,0,0
나이키,용품(나이키),라이트웨이트 런 크루,IB6114-441,용품,L,IB6114-441(L),136418930,공용,FA26,,,0.00,39506,31,0.0,36,198959993211,0,0,0,5,0,31,0,0,0,0,0
나이키,용품(나이키),라이트웨이트 런 크루,IB6114-441,용품,M,IB6114-441(M),136418930,공용,FA26,2026-07-29,2026-07-29,"25,000.00",39505,5,0.0,15,198959897779,0,0,0,10,0,5,0,0,0,0,0
나이키,용품(나이키),라이트웨이트 마이크로 크루 삭스 1팩,IB6114-702,용품,L,IB6114-702(L),132602051,공용,FA26,,,"22,000.00",25697,33,0.0,48,198481632770 ,0,0,0,0,0,28,0,0,0,0,0
나이키,용품(나이키),라이트웨이트 마이크로 크루 삭스 1팩,IB6114-702,용품,L,IB6114-702(L),132602051,공용,SU26,,,"22,000.00",25697,33,0.0,48,198481632770 ,0,0,0,1,0,0,0,0,0,0,0
나이키,용품(나이키),라이트웨이트 마이크로 크루 삭스 1팩,IB6114-702,용품,L,IB6114-702(L),132602051,공용,HO25,2025-11-24,2025-12-12,"22,000.00",25697,33,0.0,48,198481632770 ,0,0,0,10,4,5,0,0,0,0,0
나이키,용품(나이키),라이트웨이트 마이크로 크루 삭스 1팩,IB6114-702,용품,M,IB6114-702(M),132602051,공용,FA26,2026-07-29,2026-07-29,"25,000.00",25696,7,0.0,17,198481637256 ,0,0,0,10,0,7,0,0,0,0,0
나이키,용품(나이키),라이트웨이트 마이크로 크루 삭스 1팩,IB6114-702,용품,XL,IB6114-702(XL),132602051,공용,HO25,2025-12-12,2025-12-12,"22,000.00",25698,11,0.0,11,198481605941 ,0,0,0,0,0,11,0,0,0,0,0
나이키,신발(나이키),드래곤플라이 2 엘리트 야코브,IB8745-100,신발,240,IB8745-100(240),130335054,남성,SU25,2025-05-09,2025-05-09,"219,000.00",18522,0,0.0,1,197863770833,0,0,0,0,0,0,1,0,0,0,0
나이키,의류(나이키),ACG ADV 판타즈마 재킷,IF0102-698,의류,L,IF0102-698(L),135912052,여성,FA26,2026-07-07,2026-07-07,"219,000.00",39049,4,0.0,6,198959947443,0,0,0,1,1,4,0,0,0,0,0
나이키,의류(나이키),ACG ADV 판타즈마 재킷,IF0102-698,의류,M,IF0102-698(M),135912052,여성,FA26,2026-07-07,2026-07-07,"219,000.00",39048,3,0.0,6,198959810303,0,0,0,1,2,3,0,0,0,0,0
나이키,의류(나이키),ACG ADV 판타즈마 재킷,IF0102-698,의류,S,IF0102-698(S),135912052,여성,FA26,2026-07-07,2026-07-15,"219,000.00",39047,5,0.0,6,198959963917,0,0,0,1,0,5,0,0,0,0,0
나이키,신발(나이키),보메로 18 와이드,IF0514-101,신발,250,IF0514-101(250),135700516,남성,FA26,2026-07-07,2026-07-07,"189,000.00",38227,2,0.0,2,198959762213,0,0,0,0,0,2,0,0,0,0,0
나이키,신발(나이키),보메로 18 와이드,IF0514-101,신발,255,IF0514-101(255),135700516,남성,FA26,2026-07-07,2026-07-07,"189,000.00",38228,2,0.0,2,198959782594,0,0,0,0,0,2,0,0,0,0,0
나이키,신발(나이키),보메로 18 와이드,IF0514-101,신발,260,IF0514-101(260),135700516,남성,FA26,2026-07-07,2026-07-07,"189,000.00",38229,0,0.0,2,198959778801,0,0,0,1,1,0,0,0,0,0,0
나이키,신발(나이키),보메로 18 와이드,IF0514-101,신발,265,IF0514-101(265),135700516,남성,FA26,2026-07-07,2026-07-07,"189,000.00",38230,2,0.0,4,198959759213,0,0,0,1,1,2,0,0,0,0,0
나이키,신발(나이키),보메로 18 와이드,IF0514-101,신발,270,IF0514-101(270),135700516,남성,FA26,2026-07-07,2026-07-07,"189,000.00",38231,0,0.0,2,198959762510,0,0,0,1,1,0,0,0,0,0,0
나이키,신발(나이키),보메로 18 와이드,IF0514-101,신발,275,IF0514-101(275),135700516,남성,FA26,2026-07-07,2026-07-07,"189,000.00",38232,2,0.0,4,198959771253,0,0,0,1,1,2,0,0,0,0,0
나이키,신발(나이키),보메로 18 와이드,IF0514-101,신발,280,IF0514-101(280),135700516,남성,FA26,2026-07-07,2026-07-07,"189,000.00",38233,0,0.0,2,198959777231,0,0,0,1,1,0,0,0,0,0,0
나이키,신발(나이키),보메로 18 와이드,IF0514-101,신발,285,IF0514-101(285),135700516,남성,FA26,2026-07-07,2026-07-07,"189,000.00",38234,1,0.0,1,198959757394,0,0,0,0,0,1,0,0,0,0,0
나이키,신발(나이키),보메로 18 와이드,IF0514-101,신발,290,IF0514-101(290),135700516,남성,FA26,2026-07-07,2026-07-07,"189,000.00",38235,1,0.0,1,198959760998,0,0,0,0,0,1,0,0,0,0,0
나이키,신발(나이키),보메로 18 와이드,IF0515-105,신발,230,IF0515-105(230),136418950,여성,FA26,2026-07-29,2026-07-29,"189,000.00",38619,2,0.0,4,198959794658,0,0,0,1,1,0,0,0,0,0,2
나이키,신발(나이키),보메로 18 와이드,IF0515-105,신발,235,IF0515-105(235),136418950,여성,FA26,2026-07-29,2026-07-29,"189,000.00",38620,3,0.0,6,198959813120,0,0,0,2,1,1,0,0,0,0,2
나이키,신발(나이키),보메로 18 와이드,IF0515-105,신발,240,IF0515-105(240),136418950,여성,FA26,2026-07-29,2026-07-29,"189,000.00",38621,4,0.0,8,198959796003,0,0,0,2,2,1,0,0,0,0,3
나이키,신발(나이키),보메로 18 와이드,IF0515-105,신발,245,IF0515-105(245),136418950,여성,FA26,2026-07-29,2026-07-29,"189,000.00",38622,3,0.0,6,198959808669,0,0,0,2,1,1,0,0,0,0,2
나이키,신발(나이키),보메로 18 와이드,IF0515-105,신발,250,IF0515-105(250),136418950,여성,FA26,2026-07-29,2026-07-29,"189,000.00",38623,2,0.0,4,198959799165,0,0,0,1,1,0,0,0,0,0,2
나이키,신발(나이키),보메로 18 와이드,IF0515-105,신발,255,IF0515-105(255),136418950,여성,FA26,2026-07-29,2026-07-29,"189,000.00",38624,1,0.0,2,198959787483,0,0,0,1,0,0,0,0,0,0,1
나이키ACC,용품(나이키ACC),NIKE JACQUARD TOWEL MEDIUM GRAPHIC DUSTY CACTUS,IF0600-322,용품,1SIZE,IF0600-322(1SIZE),,공용,SU25,,,"39,000.00",18031,1,0.0,1,197863506388,0,0,0,0,0,1,0,0,0,0,0
나이키ACC,용품(나이키ACC),NIKE JACQUARD TOWEL MEDIUM GRAPHIC SAFETY ORANGE,IF0600-836,용품,1SIZE,IF0600-836(1SIZE),,공용,SU25,,,"39,000.00",18040,2,0.0,3,197863531199,0,0,0,0,1,2,0,0,0,0,0
나이키,의류(나이키),ACG 판타즈마 재킷,IF1144-236,의류,L,IF1144-236(L),135912055,남성,FA26,2026-07-07,2026-07-07,"219,000.00",38958,7,0.0,13,198959935365,0,0,0,3,3,7,0,0,0,0,0
나이키,의류(나이키),ACG 판타즈마 재킷,IF1144-236,의류,M,IF1144-236(M),135912055,남성,FA26,2026-07-07,2026-07-07,"219,000.00",38957,1,0.0,5,198959944411,0,0,0,2,2,1,0,0,0,0,0
나이키,의류(나이키),ACG 판타즈마 재킷,IF1144-236,의류,S,IF1144-236(S),135912055,남성,FA26,2026-07-07,2026-07-07,"219,000.00",38956,2,0.0,2,198959899490,0,0,0,0,0,2,0,0,0,0,0
나이키,의류(나이키),ACG 판타즈마 재킷,IF1144-236,의류,XL,IF1144-236(XL),135912055,남성,FA26,2026-07-07,2026-07-07,"219,000.00",38959,7,0.0,13,198959980853,0,0,0,3,3,7,0,0,0,0,0
나이키,의류(나이키),ACG 판타즈마 재킷,IF1144-236,의류,XXL,IF1144-236(XXL),135912055,남성,FA26,2026-07-07,2026-07-07,"219,000.00",38960,3,0.0,5,198959959552,0,0,0,1,1,3,0,0,0,0,0
나이키,의류(나이키),드라이핏 ADV 에어로스위프트 싱글렛,IF1253-010,의류,L,IF1253-010(L),133319691,여성,FA26,2026-09-02,2026-09-02,"119,000.00",33823,9,0.0,9,198726748501,0,0,0,0,0,9,0,0,0,0,0
나이키,의류(나이키),드라이핏 ADV 에어로스위프트 싱글렛,IF1253-010,의류,M,IF1253-010(M),133319691,여성,SU26,2026-04-07,2026-04-07,"119,000.00",33822,17,0.0,18,198726765454,0,0,0,0,1,0,0,0,0,0,0
나이키,의류(나이키),드라이핏 ADV 에어로스위프트 싱글렛,IF1253-010,의류,M,IF1253-010(M),133319691,여성,FA26,2026-09-02,2026-09-02,"119,000.00",33822,17,0.0,18,198726765454,0,0,0,0,0,17,0,0,0,0,0
나이키,의류(나이키),드라이핏 ADV 에어로스위프트 싱글렛,IF1253-010,의류,S,IF1253-010(S),133319691,여성,SU26,2026-04-07,2026-04-07,"119,000.00",33821,14,0.0,17,198726763290,0,0,0,0,3,0,0,0,0,0,0
나이키,의류(나이키),드라이핏 ADV 에어로스위프트 싱글렛,IF1253-010,의류,S,IF1253-010(S),133319691,여성,FA26,2026-09-02,2026-09-02,"119,000.00",33821,14,0.0,17,198726763290,0,0,0,0,0,14,0,0,0,0,0
나이키,의류(나이키),드라이핏 ADV 에어로스위프트 싱글렛,IF1253-010,의류,XS,IF1253-010(XS),133319691,여성,SU26,2026-04-07,2026-04-07,"115,000.00",33820,0,0.0,2,198726749157,0,0,0,0,2,0,0,0,0,0,0
나이키,의류(나이키),에어로스위프트 드라이 핏 ADV 미드라이즈 3인치 쇼츠 키피에곤,IF1630-532,의류,XL,IF1630-532(XL),130885547,여성,SU25,,,"105,000.00",19853,1,0.0,1,198481414796,0,0,0,0,0,1,0,0,0,0,0
나이키,의류(나이키),스위프트 브리드 쇼츠,IF1679-010,의류,L,IF1679-010(L),133410100,여성,SU26,2026-04-14,2026-04-14,"69,000.00",33943,3,0.0,3,198729774064,0,0,0,0,0,3,0,0,0,0,0
나이키,의류(나이키),스위프트 브리드 쇼츠,IF1679-010,의류,M,IF1679-010(M),133410100,여성,SU26,2026-04-14,2026-04-14,"69,000.00",33942,3,0.0,3,198729757869,0,0,0,0,0,3,0,0,0,0,0
나이키,의류(나이키),스위프트 브리드 쇼츠,IF1679-010,의류,S,IF1679-010(S),133410100,여성,SU26,2026-04-14,2026-04-14,"69,000.00",33941,1,0.0,1,198729724526,0,0,0,0,0,1,0,0,0,0,0
나이키,의류(나이키),드라이핏 스트라이드 5인치 브리프 라인드 러닝 쇼츠,IF2017-010,의류,XL,IF2017-010(XL),133319642,남성,SU26,2026-04-07,2026-04-07,"95,000.00",33920,0,0.0,2,198488523729,0,0,0,2,0,0,0,0,0,0,0
나이키,의류(나이키),드라이핏 스트라이드 5인치 브리프 라인드 러닝 쇼츠,IF2017-010,의류,XXL,IF2017-010(XXL),133319642,남성,SU26,2026-04-07,2026-04-07,"95,000.00",33921,0,0.0,2,198488525495,0,0,0,2,0,0,0,0,0,0,0
나이키,의류(나이키),드라이핏 UV 마일러 숏슬리브,IF2083-010,의류,L,IF2083-010(L),,남성,FA26,2026-08-28,2026-08-28,"49,000.00",39254,35,0.0,35,198728706950,0,0,0,0,0,35,0,0,0,0,0
나이키,의류(나이키),드라이핏 UV 마일러 숏슬리브,IF2083-010,의류,M,IF2083-010(M),,남성,FA26,2026-08-28,2026-08-28,"49,000.00",39253,30,0.0,30,198728729669,0,0,0,0,0,30,0,0,0,0,0
나이키,의류(나이키),드라이핏 UV 마일러 숏슬리브,IF2083-010,의류,XL,IF2083-010(XL),,남성,FA26,2026-08-28,2026-08-28,"49,000.00",39255,25,0.0,25,198728685583,0,0,0,0,0,25,0,0,0,0,0
나이키,의류(나이키),드라이핏 UV 마일러 숏슬리브,IF2083-010,의류,XXL,IF2083-010(XXL),,남성,FA26,2026-08-28,2026-08-28,"49,000.00",39256,10,0.0,10,198728704178,0,0,0,0,0,10,0,0,0,0,0
나이키,의류(나이키),드라이핏 ADV 스트라이드 노벨티 숏슬리브,IF2089-010,의류,L,IF2089-010(L),133315630,남성,SU26,2026-04-03,2026-04-03,"85,000.00",33721,0,0.0,1,198488606491,0,0,0,1,0,0,0,0,0,0,0
나이키,의류(나이키),드라이핏 ADV 스트라이드 노벨티 숏슬리브,IF2089-494,의류,L,IF2089-494(L),133315616,남성,SU26,2026-04-03,2026-04-03,"85,000.00",33708,0,0.0,1,198728799556,0,0,0,1,0,0,0,0,0,0,0
나이키,의류(나이키),드라이핏 ADV 스트라이드 노벨티 숏슬리브,IF2089-494,의류,M,IF2089-494(M),133315616,남성,SU26,2026-04-03,2026-04-03,"85,000.00",33707,0,0.0,1,198728800238,0,0,0,1,0,0,0,0,0,0,0
나이키,의류(나이키),드라이핏 ADV 스트라이드 노벨티 숏슬리브,IF2089-494,의류,XL,IF2089-494(XL),133315616,남성,SU26,2026-04-03,2026-04-03,"85,000.00",33709,0,0.0,2,198728798917,0,0,0,1,1,0,0,0,0,0,0
나이키,의류(나이키),드라이핏 ADV 스트라이드 노벨티 숏슬리브,IF2089-494,의류,XXL,IF2089-494(XXL),133315616,남성,SU26,2026-04-03,2026-04-03,"85,000.00",33710,0,0.0,2,198728801327,0,0,0,2,0,0,0,0,0,0,0
나이키,의류(나이키),ACG UV 에어리즈 재킷,IF2105-010,의류,L,IF2105-010(L),133564883,남성,SU26,2026-05-12,2026-05-12,"155,000.00",33609,7,0.0,11,198729176325,3,0,0,0,0,0,0,0,0,0,0
나이키,의류(나이키),ACG UV 에어리즈 재킷,IF2105-010,의류,L,IF2105-010(L),133564883,남성,FA26,2026-07-07,2026-07-07,"155,000.00",33609,7,0.0,11,198729176325,4,0,0,0,4,0,0,0,0,0,0
나이키,의류(나이키),ACG UV 에어리즈 재킷,IF2105-010,의류,M,IF2105-010(M),133564883,남성,SU26,2026-05-12,2026-05-12,"155,000.00",33608,4,0.0,7,198729062383,2,0,0,0,1,0,0,0,0,0,0
나이키,의류(나이키),ACG UV 에어리즈 재킷,IF2105-010,의류,M,IF2105-010(M),133564883,남성,FA26,2026-07-07,2026-07-07,"155,000.00",33608,4,0.0,7,198729062383,2,0,0,0,2,0,0,0,0,0,0
나이키,의류(나이키),ACG UV 에어리즈 재킷,IF2105-010,의류,S,IF2105-010(S),133564883,남성,SU26,2026-05-12,2026-05-12,"155,000.00",33607,2,0.0,3,198729180322,1,0,0,0,0,0,0,0,0,0,0
나이키,의류(나이키),ACG UV 에어리즈 재킷,IF2105-010,의류,S,IF2105-010(S),133564883,남성,FA26,2026-07-07,2026-07-07,"155,000.00",33607,2,0.0,3,198729180322,1,0,0,0,1,0,0,0,0,0,0
나이키,의류(나이키),ACG UV 에어리즈 재킷,IF2105-010,의류,XL,IF2105-010(XL),133564883,남성,SU26,2026-05-12,2026-05-12,"155,000.00",33610,8,0.0,12,198729048707,4,0,0,0,0,0,0,0,0,0,0
나이키,의류(나이키),ACG UV 에어리즈 재킷,IF2105-010,의류,XL,IF2105-010(XL),133564883,남성,FA26,2026-07-07,2026-07-07,"155,000.00",33610,8,0.0,12,198729048707,4,0,0,1,3,0,0,0,0,0,0
나이키,의류(나이키),ACG UV 에어리즈 재킷,IF2105-010,의류,XXL,IF2105-010(XXL),133564883,남성,SU26,2026-05-12,2026-05-12,"155,000.00",33611,3,0.0,5,198729059222,2,0,0,0,1,0,0,0,0,0,0
나이키,의류(나이키),ACG UV 에어리즈 재킷,IF2105-010,의류,XXL,IF2105-010(XXL),133564883,남성,FA26,2026-07-07,2026-07-07,"155,000.00",33611,3,0.0,5,198729059222,1,0,0,0,1,0,0,0,0,0,0
나이키,의류(나이키),ACG UV 에어리즈 재킷,IF2105-020,의류,L,IF2105-020(L),133564880,남성,SU26,2026-05-12,2026-05-12,"155,000.00",33635,1,0.0,3,198729201669,0,0,0,1,1,1,0,0,0,0,0
나이키,의류(나이키),ACG UV 에어리즈 재킷,IF2105-020,의류,M,IF2105-020(M),133564880,남성,SU26,2026-05-12,2026-05-12,"155,000.00",33634,0,0.0,1,198729221933,0,0,0,0,1,0,0,0,0,0,0
나이키,의류(나이키),ACG UV 에어리즈 재킷,IF2105-020,의류,XL,IF2105-020(XL),133564880,남성,SU26,2026-05-12,2026-05-12,"155,000.00",33636,0,0.0,2,198729037466,0,0,0,1,1,0,0,0,0,0,0
나이키,의류(나이키),ACG UV 에어리즈 재킷,IF2105-020,의류,XXL,IF2105-020(XXL),133564880,남성,SU26,2026-05-12,2026-05-12,"155,000.00",33637,0,0.0,2,198729073198,0,0,0,1,1,0,0,0,0,0,0
나이키,의류(나이키),리펠 스트라이드 노벨티 재킷,IF2368-455,의류,L,IF2368-455(L),133489195,남성,SU26,2026-04-30,2026-04-30,"175,000.00",33596,5,0.0,5,198730158648,0,0,0,0,0,5,0,0,0,0,0
나이키,의류(나이키),리펠 스트라이드 노벨티 재킷,IF2368-455,의류,M,IF2368-455(M),133489195,남성,SU26,2026-04-30,2026-04-30,"175,000.00",33595,3,0.0,3,198730138961,0,0,0,0,0,3,0,0,0,0,0
나이키,의류(나이키),리펠 스트라이드 노벨티 재킷,IF2368-455,의류,XL,IF2368-455(XL),133489195,남성,SU26,2026-04-30,2026-04-30,"175,000.00",33597,4,0.0,4,198730125152,0,0,0,0,0,4,0,0,0,0,0
나이키,의류(나이키),리펠 스트라이드 노벨티 재킷,IF2368-455,의류,XXL,IF2368-455(XXL),133489195,남성,SU26,2026-04-30,2026-04-30,"175,000.00",33598,2,0.0,2,198730060439,0,0,0,0,0,2,0,0,0,0,0
나이키,의류(나이키),UV 리펠 마일러 재킷,IF2370-010,의류,L,IF2370-010(L),135700486,남성,FA26,2026-07-07,2026-07-07,"119,000.00",39023,5,0.0,10,198728694820,0,0,0,3,2,5,0,0,0,0,0
나이키,의류(나이키),UV 리펠 마일러 재킷,IF2370-010,의류,M,IF2370-010(M),135700486,남성,FA26,2026-07-07,2026-07-07,"119,000.00",39022,3,0.0,7,198728694493,0,0,0,2,2,3,0,0,0,0,0
나이키,의류(나이키),UV 리펠 마일러 재킷,IF2370-010,의류,S,IF2370-010(S),135700486,남성,FA26,2026-07-07,2026-07-07,"119,000.00",39021,0,0.0,2,198728710223,0,0,0,2,0,0,0,0,0,0,0
나이키,의류(나이키),UV 리펠 마일러 재킷,IF2370-010,의류,XL,IF2370-010(XL),135700486,남성,FA26,2026-07-07,2026-07-07,"119,000.00",39024,7,0.0,13,198728718953,0,0,0,3,3,7,0,0,0,0,0
나이키,의류(나이키),UV 리펠 마일러 재킷,IF2370-010,의류,XXL,IF2370-010(XXL),135700486,남성,FA26,2026-07-07,2026-07-07,"119,000.00",39025,1,0.0,4,198728698071,0,0,0,2,1,1,0,0,0,0,0
나이키,용품(나이키),ADT 언스트럭처 드라이 핏 클럽 캡,IF3582-010,용품,L/XL,IF3582-010(L/XL),129527496,공용,SU25,2025-04-11,2025-04-24,"35,000.00",19293,1,0.0,1,197864342275,0,0,0,0,0,1,0,0,0,0,0
나이키,의류(나이키),드라이핏 ADV 에어로스위프트 크롭 탱크,IF3650-100,의류,L,IF3650-100(L),133710642,여성,SU26,2026-05-29,2026-05-29,"119,000.00",33799,1,0.0,4,198729788894,0,0,0,2,1,1,0,0,0,0,0
나이키,의류(나이키),드라이핏 ADV 에어로스위프트 크롭 탱크,IF3650-100,의류,M,IF3650-100(M),133710642,여성,SU26,2026-05-29,2026-05-29,"119,000.00",33798,0,0.0,3,198729854049,0,0,0,1,2,0,0,0,0,0,0
나이키,의류(나이키),드라이핏 ADV 에어로스위프트 크롭 탱크,IF3650-100,의류,S,IF3650-100(S),133710642,여성,SU26,2026-05-29,2026-05-29,"119,000.00",33797,0,0.0,2,198729645135,0,0,0,1,1,0,0,0,0,0,0
나이키,신발(나이키),보메로 18,IF4456-001,신발,250,IF4456-001(250),132642942,남성,SP26,2026-01-27,2026-01-27,"189,000.00",28407,0,0.0,1,198726348930,0,0,0,0,1,0,0,0,0,0,0
나이키,신발(나이키),보메로 18,IF4456-001,신발,255,IF4456-001(255),132642942,남성,SP26,2026-01-27,2026-01-27,"189,000.00",28408,0,0.0,2,198726360833,0,0,0,0,2,0,0,0,0,0,0
나이키,신발(나이키),보메로 18,IF4456-001,신발,260,IF4456-001(260),132642942,남성,SP26,2026-01-27,2026-01-27,"189,000.00",28409,0,0.0,3,198726348268,0,0,0,0,3,0,0,0,0,0,0
나이키,신발(나이키),보메로 18,IF4456-001,신발,265,IF4456-001(265),132642942,남성,SP26,2026-01-27,2026-01-27,"189,000.00",28410,0,0.0,3,198726344796,0,0,0,0,3,0,0,0,0,0,0
나이키,신발(나이키),보메로 18,IF4456-001,신발,270,IF4456-001(270),132642942,남성,SP26,2026-01-27,2026-01-27,"189,000.00",28411,0,0.0,3,198726358199,0,0,0,0,3,0,0,0,0,0,0
나이키,신발(나이키),보메로 18,IF4456-001,신발,275,IF4456-001(275),132642942,남성,SP26,2026-01-27,2026-01-27,"189,000.00",28412,0,0.0,2,198726346240,0,0,0,0,2,0,0,0,0,0,0
나이키,신발(나이키),보메로 18,IF4456-001,신발,280,IF4456-001(280),132642942,남성,SP26,2026-01-27,2026-01-27,"189,000.00",28413,0,0.0,2,198726345267,0,0,0,0,2,0,0,0,0,0,0
나이키,신발(나이키),보메로 18,IF4456-001,신발,285,IF4456-001(285),132642942,남성,SP26,2026-01-27,2026-01-27,"189,000.00",28414,0,0.0,1,198726349180,0,0,0,0,1,0,0,0,0,0,0
나이키,의류(나이키),ACG 드라이핏 UV 솔라 체이스 롱슬리브 후드 탑,IF9474-104,의류,L,IF9474-104(L),136594550,남성,FA26,2026-08-20,2026-08-20,"109,000.00",39036,15,0.0,15,198959963726,0,0,0,0,0,15,0,0,0,0,0
나이키,의류(나이키),ACG 드라이핏 UV 솔라 체이스 롱슬리브 후드 탑,IF9474-104,의류,M,IF9474-104(M),136594550,남성,FA26,2026-08-20,2026-08-20,"109,000.00",39035,16,0.0,16,198959919235,0,0,0,0,0,16,0,0,0,0,0
나이키,의류(나이키),ACG 드라이핏 UV 솔라 체이스 롱슬리브 후드 탑,IF9474-104,의류,S,IF9474-104(S),136594550,남성,FA26,2026-08-20,2026-08-20,0.00,39034,10,0.0,10,198959890794,0,0,0,0,0,10,0,0,0,0,0
나이키,의류(나이키),ACG 드라이핏 UV 솔라 체이스 롱슬리브 후드 탑,IF9474-104,의류,XL,IF9474-104(XL),136594550,남성,FA26,2026-08-20,2026-08-20,"109,000.00",39037,7,0.0,7,198959865006,0,0,0,0,0,7,0,0,0,0,0
나이키,신발(나이키),페가수스 프리미엄 CM,IF9630-001,신발,250,IF9630-001(250),132642933,남성,SP26,2026-01-27,2026-01-27,"289,000.00",28176,0,0.0,1,198487993950,0,0,0,1,0,0,0,1,0,0,0
나이키,신발(나이키),페가수스 프리미엄 CM,IF9630-001,신발,255,IF9630-001(255),132642933,남성,SP26,2026-01-27,2026-01-27,"289,000.00",28177,3,0.0,4,198487992595,0,0,0,1,0,3,0,0,0,0,0
나이키,신발(나이키),페가수스 프리미엄 CM,IF9630-001,신발,260,IF9630-001(260),132642933,남성,SP26,2026-01-27,2026-01-27,"289,000.00",28178,5,0.0,6,198487997712,0,0,0,1,0,5,0,0,0,0,0
나이키,신발(나이키),페가수스 프리미엄 CM,IF9630-001,신발,265,IF9630-001(265),132642933,남성,SP26,2026-01-27,2026-01-27,"289,000.00",28179,4,0.0,5,198487994544,0,0,0,1,0,4,0,0,0,0,0
나이키,신발(나이키),페가수스 프리미엄 CM,IF9630-001,신발,270,IF9630-001(270),132642933,남성,SP26,2026-01-27,2026-01-27,"289,000.00",28180,5,0.0,5,198487994261,0,0,0,0,0,5,0,0,0,0,0
나이키,신발(나이키),페가수스 프리미엄 CM,IF9630-001,신발,275,IF9630-001(275),132642933,남성,SP26,2026-01-27,2026-01-27,"289,000.00",28181,3,0.0,4,198487992458,0,0,0,1,0,3,0,0,0,0,0
나이키,신발(나이키),페가수스 프리미엄 CM,IF9630-001,신발,280,IF9630-001(280),132642933,남성,SP26,2026-01-27,2026-01-27,"289,000.00",28182,1,0.0,2,198488000336,0,0,0,1,0,1,0,0,0,0,0
나이키,신발(나이키),페가수스 프리미엄 CM,IF9630-001,신발,285,IF9630-001(285),132642933,남성,SP26,2026-01-27,2026-01-27,"289,000.00",28183,1,0.0,1,198487990287,0,0,0,0,0,1,0,0,0,0,0
나이키,신발(나이키),베이퍼플라이 4,IH0869-605,신발,250,IH0869-605(250),131953168,남성,HO25,2025-10-17,2025-10-17,"319,000.00",25006,2,0.0,2,198486785112 ,0,0,0,0,0,2,0,0,0,0,0
나이키,신발(나이키),베이퍼플라이 4,IH0869-605,신발,255,IH0869-605(255),131953168,남성,HO25,2025-10-17,2025-10-17,"319,000.00",25007,3,0.0,4,198486778602 ,0,0,0,1,0,3,0,0,0,0,0
나이키,신발(나이키),베이퍼플라이 4,IH0869-605,신발,260,IH0869-605(260),131953168,남성,HO25,2025-10-17,2025-10-17,"319,000.00",25008,10,0.0,11,198486784450 ,0,0,0,1,0,10,0,0,0,0,0
나이키,신발(나이키),베이퍼플라이 4,IH0869-605,신발,265,IH0869-605(265),131953168,남성,HO25,2025-10-17,2025-10-17,"319,000.00",25009,11,0.0,13,198486778817 ,0,0,0,1,1,11,0,0,0,0,0
나이키,신발(나이키),베이퍼플라이 4,IH0869-605,신발,270,IH0869-605(270),131953168,남성,HO25,2025-10-17,2025-10-17,"319,000.00",25010,13,0.0,14,198486782807 ,0,0,0,1,0,13,0,0,0,0,0
나이키,신발(나이키),베이퍼플라이 4,IH0869-605,신발,275,IH0869-605(275),131953168,남성,HO25,2025-10-17,2025-10-17,"319,000.00",25011,8,0.0,9,198486782821 ,0,0,0,1,0,8,0,0,0,0,0
나이키,신발(나이키),베이퍼플라이 4,IH0869-605,신발,280,IH0869-605(280),131953168,남성,HO25,2025-10-17,2025-10-17,"319,000.00",25012,7,0.0,8,198486776707 ,0,0,0,1,0,7,0,0,0,0,0
나이키,신발(나이키),베이퍼플라이 4,IH0869-605,신발,285,IH0869-605(285),131953168,남성,HO25,2025-10-17,2025-10-17,"319,000.00",25013,2,0.0,3,198486783057 ,0,0,0,1,0,2,0,0,0,0,0
나이키,신발(나이키),베이퍼플라이 4,IH0869-605,신발,290,IH0869-605(290),131953168,남성,HO25,2025-10-17,2025-10-17,"319,000.00",25014,1,0.0,1,198486782449 ,0,0,0,0,0,1,0,0,0,0,0
나이키,신발(나이키),페가수스 42 와이드,IH1847-100,신발,230,IH1847-100(230),136418942,여성,FA26,2026-07-29,2026-07-29,"169,000.00",38685,2,0.0,4,198959727038,0,0,0,1,1,0,0,0,0,0,2
나이키,신발(나이키),페가수스 42 와이드,IH1847-100,신발,235,IH1847-100(235),136418942,여성,FA26,2026-07-29,2026-07-29,"169,000.00",38686,2,0.0,5,198959728080,0,0,0,2,1,0,0,0,0,0,2
나이키,신발(나이키),페가수스 42 와이드,IH1847-100,신발,240,IH1847-100(240),136418942,여성,FA26,2026-07-29,2026-07-29,"169,000.00",38687,4,0.0,7,198959730595,0,0,0,2,1,1,0,0,0,0,3
나이키,신발(나이키),페가수스 42 와이드,IH1847-100,신발,245,IH1847-100(245),136418942,여성,FA26,2026-07-29,2026-07-29,"169,000.00",38688,4,0.0,7,198959748866,0,0,0,1,2,1,0,0,0,0,3
나이키,신발(나이키),페가수스 42 와이드,IH1847-100,신발,250,IH1847-100(250),136418942,여성,FA26,2026-07-29,2026-07-29,"169,000.00",38689,2,0.0,4,198959739987,0,0,0,1,1,0,0,0,0,0,2
나이키,신발(나이키),페가수스 42 와이드,IH1847-100,신발,255,IH1847-100(255),136418942,여성,FA26,2026-07-29,2026-07-29,"169,000.00",38690,1,0.0,1,198959745841,0,0,0,0,0,1,0,0,0,0,0
나이키,의류(나이키),드라이 핏 플리스 러닝 크루,IH2823-084,의류,L,IH2823-084(L),131779000,남성,HO25,2025-09-29,2025-09-26,"99,000.00",25755,0,0.0,1,198482563790 ,0,0,0,0,1,0,0,0,0,0,0
나이키,의류(나이키),드라이 핏 플리스 러닝 크루,IH2823-084,의류,M,IH2823-084(M),131779000,남성,HO25,2025-09-29,2025-09-26,"99,000.00",25754,0,0.0,1,198482479237 ,0,0,0,0,1,0,0,0,0,0,0
나이키,의류(나이키),드라이 핏 플리스 러닝 크루,IH2823-084,의류,XL,IH2823-084(XL),131779000,남성,HO25,2025-09-29,2025-09-26,"99,000.00",25756,0,0.0,1,198482524791 ,0,0,0,0,1,0,0,0,0,0,0
나이키,의류(나이키),드라이 핏 플리스 러닝 크루,IH2823-084,의류,XXL,IH2823-084(XXL),131779000,남성,HO25,2025-09-29,2025-09-26,"99,000.00",25757,1,0.0,1,198482512101 ,0,0,0,0,0,1,0,0,0,0,0
나이키,신발(나이키),보메로 플러스,IH3251-001,신발,250,IH3251-001(250),,남성,HO25,2025-09-29,2025-09-26,"219,000.00",25363,1,0.0,1,198481556472 ,0,0,0,0,0,1,0,0,0,0,0
나이키,신발(나이키),보메로 플러스,IH3251-001,신발,255,IH3251-001(255),,남성,HO25,2025-09-29,2025-09-26,"219,000.00",25364,1,0.0,1,198481144075 ,0,0,0,0,0,1,0,0,0,0,0
나이키,신발(나이키),보메로 플러스,IH3251-001,신발,260,IH3251-001(260),,남성,HO25,2025-09-29,2025-09-26,"219,000.00",25365,2,0.0,2,198481432851 ,0,0,0,0,0,2,0,0,0,0,0
나이키,신발(나이키),보메로 플러스,IH3251-001,신발,265,IH3251-001(265),,남성,HO25,2025-09-29,2025-09-26,"219,000.00",25366,0,0.0,1,198481458912 ,0,0,0,0,1,0,0,0,0,0,0
나이키,신발(나이키),보메로 플러스,IH3251-001,신발,270,IH3251-001(270),,남성,HO25,2025-09-29,2025-09-26,"219,000.00",25367,2,0.0,3,198481521692 ,0,0,0,0,1,2,0,0,0,0,0
나이키,신발(나이키),보메로 플러스,IH3251-001,신발,275,IH3251-001(275),,남성,HO25,2025-09-29,2025-09-26,"219,000.00",25368,2,0.0,2,198481565832 ,0,0,0,0,0,2,0,0,0,0,0
나이키,신발(나이키),보메로 플러스,IH3251-001,신발,280,IH3251-001(280),,남성,HO25,2025-09-29,2025-09-26,"219,000.00",25369,1,0.0,1,198481474127 ,0,0,0,0,0,1,0,0,0,0,0
나이키,신발(나이키),베이퍼플라이 4,IH3586-999,신발,265,IH3586-999(265),131589014,남성,FA25,2025-08-28,2025-08-28,"319,000.00",21230,1,0.0,1,198486137652,0,0,0,0,0,1,0,0,0,0,0
나이키,신발(나이키),베이퍼플라이 4,IH4453-220,신발,275,IH4453-220(275),131401361,남성,FA25,2025-08-08,2025-08-08,"329,000.00",20805,0,0.0,1,198485946125,0,0,0,0,1,0,0,0,0,0,0
나이키,의류(나이키),드라이핏 ADV 에어로스위프트 2인치 브리프 라인드 쇼츠,IH6938-394,의류,L,IH6938-394(L),133334274,남성,SU26,2026-04-09,2026-04-09,"115,000.00",33895,10,0.0,10,198731399613,0,0,0,0,0,10,0,0,0,0,0
나이키,의류(나이키),드라이핏 ADV 에어로스위프트 2인치 브리프 라인드 쇼츠,IH6938-394,의류,M,IH6938-394(M),133334274,남성,SU26,2026-04-09,2026-04-09,"115,000.00",33894,5,0.0,5,198731393987,0,0,0,0,0,5,0,0,0,0,0
나이키,의류(나이키),드라이핏 ADV 에어로스위프트 2인치 브리프 라인드 쇼츠,IH6938-394,의류,S,IH6938-394(S),133334274,남성,SU26,2026-04-09,2026-04-09,"115,000.00",33893,2,0.0,2,198731399736,0,0,0,0,0,2,0,0,0,0,0
나이키,의류(나이키),드라이핏 ADV 에어로스위프트 2인치 브리프 라인드 쇼츠,IH6938-394,의류,XL,IH6938-394(XL),133334274,남성,SU26,2026-04-09,2026-04-09,"115,000.00",33896,8,0.0,8,198731400494,0,0,0,0,0,8,0,0,0,0,0
나이키,의류(나이키),드라이핏 ADV 에어로스위프트 2인치 브리프 라인드 쇼츠,IH6938-394,의류,XXL,IH6938-394(XXL),133334274,남성,SU26,2026-04-09,2026-04-09,"115,000.00",33897,1,0.0,1,198731393758,0,0,0,0,0,1,0,0,0,0,0
나이키,의류(나이키),드라이핏 ADV 에어로스위프트 싱글렛,IH6940-394,의류,L,IH6940-394(L),133316432,남성,SU26,2026-04-03,2026-04-03,"115,000.00",33815,0,0.0,5,198731396667,0,0,0,3,2,0,0,0,0,0,0
나이키,의류(나이키),드라이핏 ADV 에어로스위프트 싱글렛,IH6940-394,의류,M,IH6940-394(M),133316432,남성,SU26,2026-04-03,2026-04-03,"115,000.00",33814,0,0.0,3,198731396797,0,0,0,2,1,0,0,0,0,0,0
나이키,의류(나이키),드라이핏 ADV 에어로스위프트 싱글렛,IH6940-394,의류,S,IH6940-394(S),133316432,남성,SU26,2026-04-03,2026-04-03,"115,000.00",33813,0,0.0,2,198731393543,0,0,0,1,1,0,0,0,0,0,0
나이키,의류(나이키),드라이핏 ADV 에어로스위프트 싱글렛,IH6940-394,의류,XL,IH6940-394(XL),133316432,남성,SU26,2026-04-03,2026-04-03,"115,000.00",33816,0,0.0,1,198731398678,0,0,0,1,0,0,0,0,0,0,0
나이키,의류(나이키),드라이핏 ADV 에어로스위프트 싱글렛,IH6940-394,의류,XXL,IH6940-394(XXL),133316432,남성,SU26,2026-04-03,2026-04-03,"115,000.00",33817,0,0.0,2,198731396179,0,0,0,1,1,0,0,0,0,0,0
나이키,신발(나이키),페가수스 프리미엄,IH7347-111,신발,245,IH7347-111(245),131589586,여성,FA25,2025-09-04,2025-09-04,"279,000.00",21310,0,0.0,1,197864688854,0,0,0,0,0,0,1,0,0,0,0
나이키,의류(나이키),에어로핏 스위프트 탱크,IH8112-336,의류,L,IH8112-336(L),135922782,여성,FA26,2026-07-14,2026-07-14,"89,000.00",39362,2,0.0,5,198961874867,0,0,0,2,1,2,0,0,0,0,0
나이키,의류(나이키),에어로핏 스위프트 탱크,IH8112-336,의류,M,IH8112-336(M),135922782,여성,FA26,2026-07-14,2026-07-14,"89,000.00",39361,5,0.0,7,198961885351,0,0,0,2,0,5,0,0,0,0,0
나이키,의류(나이키),에어로핏 스위프트 탱크,IH8112-336,의류,S,IH8112-336(S),135922782,여성,FA26,2026-07-14,2026-07-14,"89,000.00",39360,5,0.0,5,198961900337,0,0,0,0,0,5,0,0,0,0,0
나이키,의류(나이키),에어로핏 스위프트 탱크,IH8112-468,의류,L,IH8112-468(L),135922679,여성,FA26,2026-07-14,2026-07-14,"89,000.00",39370,1,0.0,5,198961895596,0,0,0,3,1,1,0,0,0,0,0
나이키,의류(나이키),에어로핏 스위프트 탱크,IH8112-468,의류,M,IH8112-468(M),135922679,여성,FA26,2026-07-14,2026-07-14,"89,000.00",39369,1,0.0,3,198961895886,0,0,0,2,0,1,0,0,0,0,0
나이키,의류(나이키),에어로핏 스위프트 숏슬리브 탑,IH8115-014,의류,M,IH8115-014(M),135922793,여성,FA26,2026-07-14,2026-07-14,"95,000.00",39266,1,0.0,6,198961881520,0,0,0,3,2,1,0,0,0,0,0
나이키,용품(나이키),ACG 에브리데이 엘리베이티드 크루,IH8647-010,용품,L,IH8647-010(L),135505641,남성,SU26,2026-07-08,2026-07-20,0.00,34006,49,0.0,88,198729026439,0,0,0,19,20,49,0,0,0,0,0
나이키,용품(나이키),ACG 에브리데이 엘리베이티드 크루,IH8647-010,용품,M,IH8647-010(M),135505641,남성,SU26,2026-07-08,2026-07-08,"25,000.00",34005,24,0.0,46,198729009371,0,0,0,10,12,24,0,0,0,0,0
나이키,용품(나이키),ACG 플라이 언스트럭처드 캡,IH8673-010,용품,M/L,IH8673-010(M/L),132875777,공용,SP26,2026-02-20,2026-02-20,"49,000.00",28956,313,0.0,401,198487795028,0,0,0,14,74,313,0,0,0,0,0
나이키,용품(나이키),ACG 플라이 언스트럭쳐드 캡,IH8673-025,용품,L/XL,IH8673-025(L/XL),133315349,남성,SU26,2026-04-03,2026-04-03,"45,000.00",33975,39,0.0,46,198487844115,0,0,0,2,5,39,0,0,0,0,0
나이키,용품(나이키),ACG 플라이 언스트럭쳐드 캡,IH8673-025,용품,M/L,IH8673-025(M/L),133315349,남성,SU26,2026-04-03,2026-04-03,"45,000.00",33974,28,0.0,43,198487813067,0,0,0,14,1,28,0,0,0,0,0
아디다스,신발(아디다스),하이퍼부스트 ATR,IH9457,신발,250,IH9457(250),,남성,26FW,2026-08-28,2026-08-28,"239,000.00",34820,2,0.0,2,,0,0,0,0,0,2,0,0,0,0,0
아디다스,신발(아디다스),하이퍼부스트 ATR,IH9457,신발,255,IH9457(255),,남성,26FW,2026-08-28,2026-08-28,"239,000.00",34821,1,0.0,3,,0,1,0,0,1,1,0,0,0,0,0
아디다스,신발(아디다스),하이퍼부스트 ATR,IH9457,신발,260,IH9457(260),,남성,26FW,2026-08-28,2026-08-28,"239,000.00",34822,2,0.0,4,,0,1,0,0,1,2,0,0,0,0,0
아디다스,신발(아디다스),하이퍼부스트 ATR,IH9457,신발,265,IH9457(265),,남성,26FW,2026-08-28,2026-08-28,"239,000.00",34823,3,0.0,5,,0,1,0,0,1,3,0,0,0,0,0
아디다스,신발(아디다스),하이퍼부스트 ATR,IH9457,신발,270,IH9457(270),,남성,26FW,2026-08-28,2026-08-28,"239,000.00",34824,4,0.0,6,,0,1,0,0,1,4,0,0,0,0,0
아디다스,신발(아디다스),하이퍼부스트 ATR,IH9457,신발,275,IH9457(275),,남성,26FW,2026-08-28,2026-08-28,"239,000.00",34825,3,0.0,5,,0,1,0,0,1,3,0,0,0,0,0
아디다스,신발(아디다스),하이퍼부스트 ATR,IH9457,신발,280,IH9457(280),,남성,26FW,2026-08-28,2026-08-28,"239,000.00",34826,2,0.0,2,,0,0,0,0,0,2,0,0,0,0,0
아디다스,신발(아디다스),하이퍼부스트 ATR,IH9457,신발,285,IH9457(285),,남성,26FW,2026-08-28,2026-08-28,"239,000.00",34827,2,0.0,2,,0,0,0,0,0,2,0,0,0,0,0
아디다스,신발(아디다스),하이퍼부스트 ATR,IH9457,신발,290,IH9457(290),,남성,26FW,2026-08-28,2026-08-28,"239,000.00",34828,1,0.0,1,,0,0,0,0,0,1,0,0,0,0,0
아디다스,신발(아디다스),하이퍼부스트런,IH9467,신발,260,IH9467(260),,남성,26FW,2026-08-24,2026-08-24,"219,000.00",41205,0,0.0,1,,0,0,1,0,0,0,0,0,0,0,0
아디다스,신발(아디다스),하이퍼부스트런,IH9467,신발,265,IH9467(265),,남성,26FW,2026-08-24,2026-08-24,"219,000.00",41206,0,0.0,1,,0,0,1,0,0,0,0,0,0,0,0
아디다스,신발(아디다스),하이퍼부스트런,IH9467,신발,270,IH9467(270),,남성,26FW,2026-08-24,2026-08-24,"219,000.00",41207,0,0.0,1,4069987105739,0,0,0,1,0,0,0,0,0,0,0
아디다스,신발(아디다스),하이퍼부스트런,IH9467,신발,275,IH9467(275),,남성,26FW,2026-08-24,2026-08-24,"219,000.00",41208,0,0.0,1,4069987105609,0,0,0,1,0,0,0,0,0,0,0
나이키,신발(나이키),페가수스 프리미엄 키피에곤,II0602-500,신발,240,II0602-500(240),130885562,여성,SU25,2025-06-13,2025-06-13,"289,000.00",19906,0,0.0,1,198485967359,0,0,0,0,0,0,1,0,0,0,0
나이키ACC,용품(나이키ACC),SLIM WAISTPACK,II5121-082,용품,1SIZE,II5121-082(1SIZE),,공용,HO25,2025-12-10,2025-12-10,"39,000.00",27688,0,0.0,14,198485554634,0,0,0,8,6,0,0,0,0,0,0
나이키,신발(나이키),알파플라이 3 CM,II7290-100,신발,250,II7290-100(250),134097574,남성,SU26,2026-06-30,2026-06-30,"359,000.00",32837,0,0.0,2,198729821850,0,0,0,1,1,0,0,0,0,0,0
나이키,신발(나이키),알파플라이 3 CM,II7290-100,신발,255,II7290-100(255),134097574,남성,SU26,2026-06-30,2026-06-30,"359,000.00",32838,0,0.0,2,198729833990,0,0,0,1,1,0,0,0,0,0,0
나이키,신발(나이키),알파플라이 3 CM,II7290-100,신발,260,II7290-100(260),134097574,남성,SU26,2026-06-30,2026-06-30,"359,000.00",32839,1,0.0,3,198729760999,0,0,0,0,2,0,0,0,0,0,1
나이키,신발(나이키),알파플라이 3 CM,II7290-100,신발,265,II7290-100(265),134097574,남성,SU26,2026-06-30,2026-06-30,"359,000.00",32840,0,0.0,1,198729822581,0,0,0,0,0,0,0,0,0,0,1
나이키,신발(나이키),알파플라이 3 CM,II7290-100,신발,270,II7290-100(270),134097574,남성,SU26,2026-06-30,2026-06-30,"359,000.00",32841,0,0.0,2,198729727749,0,0,0,1,1,0,0,0,0,0,0
나이키,신발(나이키),알파플라이 3 CM,II7290-100,신발,275,II7290-100(275),134097574,남성,SU26,2026-06-30,2026-06-30,"359,000.00",32842,0,0.0,3,198729732767,0,0,0,1,2,0,0,0,0,0,0
나이키,신발(나이키),알파플라이 3 CM,II7290-100,신발,280,II7290-100(280),134097574,남성,SU26,2026-06-30,2026-06-30,"359,000.00",32843,0,0.0,2,198729644930,0,0,0,1,1,0,0,0,0,0,0
나이키,신발(나이키),알파플라이 3 CM,II7290-100,신발,285,II7290-100(285),134097574,남성,SU26,2026-06-30,2026-06-30,"359,000.00",32844,0,0.0,2,198729882752,0,0,0,1,1,0,0,0,0,0,0
나이키ACC,용품(나이키ACC),THERMA-FIT GORE-TEX,II9801-042,용품,L,II9801-042(L),,공용,HO25,2025-12-10,2025-12-10,"79,000.00",27696,0,0.0,4,198486321945,0,0,0,0,4,0,0,0,0,0,0
나이키ACC,용품(나이키ACC),THERMA-FIT GORE-TEX,II9801-042,용품,M,II9801-042(M),,공용,HO25,2025-12-10,2025-12-10,"79,000.00",27695,0,0.0,8,198486320825,0,0,0,0,8,0,0,0,0,0,0
나이키ACC,용품(나이키ACC),THERMA-FIT GORE-TEX,II9801-042,용품,S,II9801-042(S),,공용,HO25,2025-12-10,2025-12-10,"79,000.00",27694,0,0.0,4,198486321891,0,0,0,0,4,0,0,0,0,0,0
나이키,신발(나이키),페가수스 플러스 2,IM2541-600,신발,250,IM2541-600(250),136646055,남성,FA26,2026-08-28,2026-08-27,"219,000.00",38051,0,0.0,2,198966563117,0,0,0,1,1,0,0,0,0,0,0
나이키,신발(나이키),페가수스 플러스 2,IM2541-600,신발,255,IM2541-600(255),136646055,남성,FA26,2026-08-28,2026-08-27,"219,000.00",38052,2,0.0,4,198966560772,0,0,0,1,1,2,0,0,0,0,0
나이키,신발(나이키),페가수스 플러스 2,IM2541-600,신발,260,IM2541-600(260),136646055,남성,FA26,2026-08-28,2026-08-27,"219,000.00",38053,1,0.0,5,198966585355,0,0,0,2,2,1,0,0,0,0,0
나이키,신발(나이키),페가수스 플러스 2,IM2541-600,신발,265,IM2541-600(265),136646055,남성,FA26,2026-08-28,2026-08-27,"219,000.00",38054,1,0.0,7,198966594180,0,0,0,3,3,1,0,0,0,0,0
나이키,신발(나이키),페가수스 플러스 2,IM2541-600,신발,270,IM2541-600(270),136646055,남성,FA26,2026-08-28,2026-08-27,"219,000.00",38055,4,0.0,10,198966542273,0,0,0,3,3,4,0,0,0,0,0
나이키,신발(나이키),페가수스 플러스 2,IM2541-600,신발,275,IM2541-600(275),136646055,남성,FA26,2026-08-28,2026-08-27,"219,000.00",38056,1,0.0,6,198966534247,0,0,0,2,3,1,0,0,0,0,0
나이키,신발(나이키),페가수스 플러스 2,IM2541-600,신발,280,IM2541-600(280),136646055,남성,FA26,2026-08-28,2026-08-27,"219,000.00",38057,1,0.0,3,198966531116,0,0,0,1,1,1,0,0,0,0,0
나이키,신발(나이키),페가수스 플러스 2,IM2541-600,신발,285,IM2541-600(285),136646055,남성,FA26,2026-08-28,2026-08-27,"219,000.00",38058,0,0.0,2,198966557192,0,0,0,1,1,0,0,0,0,0,0
나이키,신발(나이키),페가수스 플러스 2,IM2541-600,신발,290,IM2541-600(290),136646055,남성,FA26,2026-08-28,2026-08-27,"219,000.00",38059,0,0.0,2,198966590168,0,0,0,1,1,0,0,0,0,0,0
나이키,신발(나이키),페가수스 플러스 2,IM2541-600,신발,295,IM2541-600(295),136646055,남성,FA26,2026-08-28,2026-08-27,"219,000.00",38060,1,0.0,1,198966580701,0,0,0,0,0,1,0,0,0,0,0
나이키,신발(나이키),페가수스 플러스 2,IM2541-600,신발,300,IM2541-600(300),136646055,남성,FA26,2026-08-28,2026-08-27,"219,000.00",38061,0,0.0,1,198966530669,0,0,0,0,1,0,0,0,0,0,0
나이키,신발(나이키),페가수스 플러스 2,IM2543-600,신발,230,IM2543-600(230),136646052,여성,FA26,2026-08-28,2026-08-28,"219,000.00",38465,3,0.0,5,198966553583,0,0,0,1,1,3,0,0,0,0,0
나이키,신발(나이키),페가수스 플러스 2,IM2543-600,신발,235,IM2543-600(235),136646052,여성,FA26,2026-08-28,2026-08-28,"219,000.00",38466,5,0.0,9,198966569232,0,0,0,2,2,5,0,0,0,0,0
나이키,신발(나이키),페가수스 플러스 2,IM2543-600,신발,240,IM2543-600(240),136646052,여성,FA26,2026-08-28,2026-08-28,"219,000.00",38467,9,0.0,15,198966538061,0,0,0,3,3,9,0,0,0,0,0
나이키,신발(나이키),페가수스 플러스 2,IM2543-600,신발,245,IM2543-600(245),136646052,여성,FA26,2026-08-28,2026-08-28,"219,000.00",38468,6,0.0,8,198966571990,0,0,0,1,1,6,0,0,0,0,0
나이키,신발(나이키),페가수스 플러스 2,IM2543-600,신발,250,IM2543-600(250),136646052,여성,FA26,2026-08-28,2026-08-28,"219,000.00",38469,3,0.0,5,198966578227,0,0,0,1,1,3,0,0,0,0,0
나이키,신발(나이키),페가수스 플러스 2,IM2543-600,신발,255,IM2543-600(255),136646052,여성,FA26,2026-08-28,2026-08-28,"219,000.00",38470,2,0.0,2,198966576834,0,0,0,0,0,2,0,0,0,0,0
나이키,신발(나이키),보메로 플러스,IM3985-001,신발,260,IM3985-001(260),,남성,SP26,2026-01-27,2026-01-27,"219,000.00",28346,0,0.0,2,198726362738,0,0,0,0,2,0,0,0,0,0,0
나이키,신발(나이키),보메로 플러스,IM3985-001,신발,265,IM3985-001(265),,남성,SP26,2026-01-27,2026-01-27,"219,000.00",28347,0,0.0,1,198726362585,0,0,0,0,1,0,0,0,0,0,0
나이키,신발(나이키),보메로 플러스,IM3985-001,신발,270,IM3985-001(270),,남성,SP26,2026-01-27,2026-01-27,"219,000.00",28348,0,0.0,1,198726362219,0,0,0,0,1,0,0,0,0,0,0
나이키,신발(나이키),보메로 플러스,IM3985-001,신발,275,IM3985-001(275),,남성,SP26,2026-01-27,2026-01-27,"219,000.00",28349,0,0.0,2,198726362493,0,0,0,0,2,0,0,0,0,0,0
나이키,의류(나이키),ACG 드라이핏 와일드씨 쿼터집 롱슬리브 탑,IM4224-010,의류,L,IM4224-010(L),136418819,남성,FA26,2026-07-30,2026-07-30,"95,000.00",39130,4,0.0,9,198959920538,0,0,0,3,2,4,0,0,0,0,0
나이키,의류(나이키),ACG 드라이핏 와일드씨 쿼터집 롱슬리브 탑,IM4224-010,의류,M,IM4224-010(M),136418819,남성,FA26,2026-07-30,2026-07-30,"95,000.00",39129,2,0.0,4,198959874329,0,0,0,2,0,2,0,0,0,0,0
나이키,의류(나이키),ACG 드라이핏 와일드씨 쿼터집 롱슬리브 탑,IM4224-010,의류,XL,IM4224-010(XL),136418819,남성,FA26,2026-07-30,2026-07-30,"95,000.00",39131,5,0.0,10,198959887237,0,0,0,3,2,5,0,0,0,0,0
나이키,의류(나이키),ACG 드라이핏 와일드씨 쿼터집 롱슬리브 탑,IM4224-010,의류,XXL,IM4224-010(XXL),136418819,남성,FA26,2026-07-30,2026-07-30,"95,000.00",39132,2,0.0,4,198959954854,0,0,0,1,1,2,0,0,0,0,0
나이키,의류(나이키),ACG 울프 그리드 하프집 탑,IM4234-010,의류,L,IM4234-010(L),136418831,남성,FA26,2026-07-29,2026-07-29,"129,000.00",38997,13,0.0,27,198959895133,0,0,0,8,6,13,0,0,0,0,0
나이키,의류(나이키),ACG 울프 그리드 하프집 탑,IM4234-010,의류,M,IM4234-010(M),136418831,남성,FA26,2026-07-29,2026-07-29,"129,000.00",38996,7,0.0,15,198959903142,0,0,0,5,3,7,0,0,0,0,0
나이키,의류(나이키),ACG 울프 그리드 하프집 탑,IM4234-010,의류,XL,IM4234-010(XL),136418831,남성,FA26,2026-07-29,2026-07-29,"129,000.00",38998,14,0.0,27,198959898219,0,0,0,8,5,14,0,0,0,0,0
나이키,의류(나이키),ACG 울프 그리드 하프집 탑,IM4234-010,의류,XXL,IM4234-010(XXL),136418831,남성,FA26,2026-07-29,2026-07-29,"129,000.00",38999,4,0.0,9,198959922457,0,0,0,3,2,4,0,0,0,0,0
나이키,의류(나이키),ACG 울프 그리드 하프집 탑,IM4234-698,의류,L,IM4234-698(L),136418826,남성,FA26,2026-07-29,2026-07-29,"129,000.00",39010,2,0.0,7,198959967366,0,0,0,3,2,2,0,0,0,0,0
나이키,의류(나이키),ACG 울프 그리드 하프집 탑,IM4234-698,의류,M,IM4234-698(M),136418826,남성,FA26,2026-07-29,2026-07-29,"129,000.00",39009,3,0.0,6,198959991200,0,0,0,2,1,3,0,0,0,0,0
나이키,의류(나이키),ACG 울프 그리드 하프집 탑,IM4234-698,의류,XL,IM4234-698(XL),136418826,남성,FA26,2026-07-29,2026-07-29,"129,000.00",39011,4,0.0,9,198959852662,0,0,0,3,2,4,0,0,0,0,0
나이키,의류(나이키),ACG 울프 그리드 하프집 탑,IM4234-698,의류,XXL,IM4234-698(XXL),136418826,남성,FA26,2026-07-29,2026-07-29,"129,000.00",39012,0,0.0,2,198959996694,0,0,0,1,1,0,0,0,0,0,0
나이키,의류(나이키),ACG 하이 스테이크 스코트,IM4297-010,의류,L,IM4297-010(L),136418803,여성,FA26,2026-07-29,2026-07-29,"119,000.00",39414,1,0.0,2,198959953222,0,0,0,1,0,1,0,0,0,0,0
나이키,의류(나이키),ACG 하이 스테이크 스코트,IM4297-010,의류,M,IM4297-010(M),136418803,여성,FA26,2026-07-29,2026-07-29,"119,000.00",39413,3,0.0,6,198959939899,0,0,0,2,1,3,0,0,0,0,0
나이키,의류(나이키),ACG 하이 스테이크 스코트,IM4297-010,의류,S,IM4297-010(S),136418803,여성,FA26,2026-07-29,2026-07-29,"119,000.00",39412,3,0.0,5,198959861312,0,0,0,1,1,3,0,0,0,0,0
나이키,용품(나이키),ACG 스터프 색 3팩,IM5022-010,용품,1SIZE,IM5022-010(1SIZE),,공용,FA26,2026-09-02,2026-09-02,"39,000.00",39571,30,0.0,30,,0,0,0,0,0,30,0,0,0,0,0
나이키,용품(나이키),ACG 스터프 색 3팩,IM5022-920,용품,1SIZE,IM5022-920(1SIZE),,공용,FA26,2026-09-02,2026-09-02,"39,000.00",39567,30,0.0,30,,0,0,0,0,0,30,0,0,0,0,0
나이키,의류(나이키),에어로핏 스트라이드 5인치 브리프 라인드 쇼츠,IM5133-010,의류,L,IM5133-010(L),135922653,남성,FA26,2026-07-14,2026-07-14,"99,000.00",39402,0,0.0,3,198960591253,0,0,0,1,2,0,0,0,0,0,0
나이키,의류(나이키),에어로핏 스트라이드 5인치 브리프 라인드 쇼츠,IM5133-010,의류,S,IM5133-010(S),135922653,남성,FA26,2026-07-14,2026-07-14,"99,000.00",39400,0,0.0,2,198960609996,0,0,0,1,1,0,0,0,0,0,0
나이키,의류(나이키),에어로핏 스트라이드 5인치 브리프 라인드 쇼츠,IM5133-010,의류,XL,IM5133-010(XL),135922653,남성,FA26,2026-07-14,2026-07-14,"99,000.00",39403,0,0.0,4,198960638330,0,0,0,2,2,0,0,0,0,0,0
나이키,의류(나이키),에어로핏 스트라이드 5인치 브리프 라인드 쇼츠,IM5133-010,의류,XXL,IM5133-010(XXL),135922653,남성,FA26,2026-07-14,2026-07-14,"99,000.00",39404,0,0.0,2,198960598740,0,0,0,1,1,0,0,0,0,0,0
나이키,의류(나이키),에어로핏 스위프트 탱크,IM5149-011,의류,M,IM5149-011(M),135922784,남성,FA26,2026-07-14,2026-07-14,"89,000.00",39329,0,0.0,1,198960601167,0,0,0,0,1,0,0,0,0,0,0
나이키,의류(나이키),에어로핏 스위프트 탱크,IM5149-011,의류,S,IM5149-011(S),135922784,남성,FA26,2026-07-14,2026-07-14,"89,000.00",39328,0,0.0,1,198960606179,0,0,0,0,1,0,0,0,0,0,0
나이키,의류(나이키),에어로핏 스위프트 탱크,IM5149-011,의류,XL,IM5149-011(XL),135922784,남성,FA26,2026-07-14,2026-07-14,"89,000.00",39331,0,0.0,5,198960638521,0,0,0,3,2,0,0,0,0,0,0
나이키,의류(나이키),에어로핏 스위프트 탱크,IM5149-236,의류,L,IM5149-236(L),135951269,남성,FA26,2026-07-22,2026-07-22,"89,000.00",39338,10,0.0,18,198967179430,0,0,0,5,3,10,0,0,0,0,0
나이키,의류(나이키),에어로핏 스위프트 탱크,IM5149-236,의류,M,IM5149-236(M),135951269,남성,FA26,2026-07-22,2026-07-22,"89,000.00",39337,7,0.0,11,198967182997,0,0,0,3,1,7,0,0,0,0,0
나이키,의류(나이키),에어로핏 스위프트 탱크,IM5149-236,의류,S,IM5149-236(S),135951269,남성,FA26,2026-07-22,2026-07-22,"89,000.00",39336,0,0.0,1,198967183963,0,0,0,0,1,0,0,0,0,0,0
나이키,의류(나이키),에어로핏 스위프트 탱크,IM5149-236,의류,XL,IM5149-236(XL),135951269,남성,FA26,2026-07-22,2026-07-22,"89,000.00",39339,5,0.0,9,198967182423,0,0,0,3,1,5,0,0,0,0,0
나이키,의류(나이키),에어로핏 스위프트 탱크,IM5149-236,의류,XXL,IM5149-236(XXL),135951269,남성,FA26,2026-07-22,2026-07-22,"89,000.00",39340,0,0.0,2,198967184274,0,0,0,1,1,0,0,0,0,0,0
나이키,신발(나이키),보메로 플러스,IM6011-060,신발,255,IM6011-060(255),,남성,HO25,2025-10-29,2025-10-29,"219,000.00",25196,1,0.0,1,198487152807 ,0,0,0,0,0,1,0,0,0,0,0
나이키,신발(나이키),보메로 플러스,IM6011-060,신발,260,IM6011-060(260),,남성,HO25,2025-10-29,2025-10-29,"219,000.00",25197,1,0.0,1,198487145830 ,0,0,0,0,0,1,0,0,0,0,0
나이키,신발(나이키),보메로 플러스,IM6011-060,신발,265,IM6011-060(265),,남성,HO25,2025-10-29,2025-10-29,"219,000.00",25198,1,0.0,1,198487145434 ,0,0,0,0,0,1,0,0,0,0,0
나이키,신발(나이키),보메로 플러스,IM6011-060,신발,280,IM6011-060(280),,남성,HO25,2025-10-29,2025-10-29,"219,000.00",25201,1,0.0,1,198487148398 ,0,0,0,0,0,1,0,0,0,0,0
나이키,의류(나이키),리플렉트 투인원 쇼츠,IM6268-010,의류,L,IM6268-010(L),132602932,남성,HO25,2025-12-26,2025-12-26,"125,000.00",25891,2,0.0,2,198486972581 ,0,0,0,0,0,2,0,0,0,0,0
나이키,의류(나이키),리플렉티브 써마핏 ADV 베스트,IM6279-027,의류,L,IM6279-027(L),132421484,남성,HO25,2025-12-02,2025-12-02,"185,000.00",25715,0,0.0,2,198486970150 ,0,0,0,0,2,0,0,0,0,0,0
나이키,의류(나이키),리플렉티브 써마핏 ADV 베스트,IM6279-027,의류,M,IM6279-027(M),132421484,남성,HO25,2025-12-02,2025-12-02,"185,000.00",25714,0,0.0,1,198486962643 ,0,0,0,0,1,0,0,0,0,0,0
나이키,의류(나이키),리플렉티브 써마핏 ADV 베스트,IM6279-027,의류,XXL,IM6279-027(XXL),132421484,남성,HO25,2025-12-02,2025-12-02,"185,000.00",25717,0,0.0,1,198482383442 ,0,0,0,0,1,0,0,0,0,0,0
나이키,신발(나이키),알파플라이 3,IM6673-100,신발,250,IM6673-100(250),132248644,남성,HO25,2025-12-02,2025-12-02,"349,000.00",24880,1,0.0,1,198486332309 ,0,0,0,0,0,0,0,0,0,0,1
나이키,신발(나이키),알파플라이 3,IM6673-100,신발,260,IM6673-100(260),132248644,남성,HO25,2025-12-02,2025-12-02,"349,000.00",24882,3,0.0,3,198486332743 ,0,0,0,0,0,0,0,0,0,0,3
나이키,신발(나이키),알파플라이 3,IM6673-100,신발,275,IM6673-100(275),132248644,남성,HO25,2025-12-02,2025-12-02,"349,000.00",24885,1,0.0,1,198486331579 ,0,0,0,0,0,0,0,0,0,0,1
나이키,신발(나이키),알파플라이 3,IM6673-100,신발,280,IM6673-100(280),132248644,남성,HO25,2025-12-02,2025-12-02,"349,000.00",24886,1,0.0,1,198486332323 ,0,0,0,0,0,0,0,0,0,0,1
나이키,신발(나이키),보메로 플러스,IM6776-060,신발,260,IM6776-060(260),,남성,HO25,2025-09-29,2025-09-26,"219,000.00",25218,0,0.0,1,198487148862 ,0,0,0,0,1,0,0,0,0,0,0
나이키,신발(나이키),페가수스 프리미엄,IM6778-902,신발,255,IM6778-902(255),132071565,남성,HO25,2025-10-29,2025-10-29,"289,000.00",25154,0,0.0,1,198487198201 ,0,0,0,0,0,1,0,0,0,0,0
나이키,신발(나이키),페가수스 프리미엄,IM6778-902,신발,260,IM6778-902(260),132071565,남성,HO25,2025-10-29,2025-10-29,"289,000.00",25155,0,0.0,2,198487198966 ,0,0,0,0,0,2,0,0,0,0,0
나이키,신발(나이키),페가수스 프리미엄,IM6778-902,신발,270,IM6778-902(270),132071565,남성,HO25,2025-10-29,2025-10-29,"289,000.00",25157,0,0.0,1,198487186833 ,0,0,0,0,0,1,0,0,0,0,0
나이키,신발(나이키),페가수스 프리미엄,IM6778-902,신발,275,IM6778-902(275),132071565,남성,HO25,2025-10-29,2025-10-29,"289,000.00",25158,0,0.0,2,198487197945 ,0,0,0,0,0,2,0,0,0,0,0
나이키,신발(나이키),페가수스 프리미엄,IM6778-902,신발,280,IM6778-902(280),132071565,남성,HO25,2025-10-29,2025-10-29,"289,000.00",25159,0,0.0,3,198487187311 ,0,0,0,0,0,3,0,0,0,0,0
나이키,신발(나이키),페가수스 프리미엄,IM6778-902,신발,285,IM6778-902(285),132071565,남성,HO25,2025-10-29,2025-10-29,"289,000.00",25160,0,0.0,1,198487184518 ,0,0,0,0,0,1,0,0,0,0,0
나이키,의류(나이키),스위프트 저지 탑 롱슬리브,IM7543-010,의류,L,IM7543-010(L),136418817,여성,FA26,2026-07-29,2026-07-29,"155,000.00",39154,7,0.0,15,198961882916,0,0,0,5,3,7,0,0,0,0,0
나이키,의류(나이키),스위프트 저지 탑 롱슬리브,IM7543-010,의류,M,IM7543-010(M),136418817,여성,FA26,2026-07-29,2026-07-29,"155,000.00",39153,8,0.0,16,198961874645,0,0,0,5,3,8,0,0,0,0,0
나이키,의류(나이키),스위프트 저지 탑 롱슬리브,IM7543-010,의류,S,IM7543-010(S),136418817,여성,FA26,2026-07-29,2026-07-29,"155,000.00",39152,9,0.0,19,198961880073,0,0,0,6,4,9,0,0,0,0,0
나이키,의류(나이키),스위프트 저지 탑 롱슬리브,IM7543-621,의류,L,IM7543-621(L),136418814,여성,FA26,2026-07-29,2026-07-29,"155,000.00",39146,4,0.0,7,198961883647,0,0,0,2,1,4,0,0,0,0,0
나이키,의류(나이키),스위프트 저지 탑 롱슬리브,IM7543-621,의류,M,IM7543-621(M),136418814,여성,FA26,2026-07-29,2026-07-29,"155,000.00",39145,5,0.0,10,198961897132,0,0,0,3,2,5,0,0,0,0,0
나이키,의류(나이키),스위프트 저지 탑 롱슬리브,IM7543-621,의류,S,IM7543-621(S),136418814,여성,FA26,2026-07-29,2026-07-29,"155,000.00",39144,6,0.0,11,198961886600,0,0,0,3,2,6,0,0,0,0,0
나이키,용품(나이키),에어로스위프트 드라이핏 ADV 크롭 탑,IM7562-010,용품,L,IM7562-010(L),135504765,여성,FA26,2026-07-07,2026-07-07,"89,000.00",39470,2,0.0,4,198961884866,0,0,0,1,1,2,0,0,0,0,0
나이키,용품(나이키),에어로스위프트 드라이핏 ADV 크롭 탑,IM7562-010,용품,M,IM7562-010(M),135504765,여성,FA26,2026-07-07,2026-07-07,"89,000.00",39469,4,0.0,7,198961889502,0,0,0,2,1,4,0,0,0,0,0
나이키,용품(나이키),에어로스위프트 드라이핏 ADV 크롭 탑,IM7562-010,용품,S,IM7562-010(S),135504765,여성,FA26,2026-07-07,2026-07-07,"89,000.00",39468,3,0.0,6,198961877622,0,0,0,1,2,3,0,0,0,0,0
아디다스,의류(아디다스),패스트 임팩트 럭스 런 하이 서포트 브라,IM7706,의류,L,IM7706(L),134097549,여성,26FW,2026-07-02,2026-06-30,"99,000.00",39884,2,0.0,2,,0,0,0,0,0,2,0,0,0,0,0
아디다스,의류(아디다스),패스트 임팩트 럭스 런 하이 서포트 브라,IM7706,의류,M,IM7706(M),134097549,여성,26FW,2026-07-02,2026-06-30,"99,000.00",39883,4,0.0,4,,0,0,0,0,0,4,0,0,0,0,0
아디다스,의류(아디다스),패스트 임팩트 럭스 런 하이 서포트 브라,IM7706,의류,S,IM7706(S),134097549,여성,26FW,2026-07-02,2026-06-30,"99,000.00",39882,3,0.0,3,,0,0,0,0,0,3,0,0,0,0,0
나이키,신발(나이키),알파플라이 3 에키덴,IM8066-999,신발,265,IM8066-999(265),132175197,남성,HO25,2025-11-25,2025-11-25,"349,000.00",24904,0,0.0,2,198487254952 ,0,0,0,0,1,0,1,0,0,0,0
나이키,신발(나이키),베이퍼플라이 FK,IM8203-001,신발,250,IM8203-001(250),135700491,남성,FA26,2026-07-07,2026-07-07,"319,000.00",37897,3,0.0,5,198959747661,0,0,0,1,1,3,0,0,0,0,0
나이키,신발(나이키),베이퍼플라이 FK,IM8203-001,신발,255,IM8203-001(255),135700491,남성,FA26,2026-07-07,2026-07-07,"319,000.00",37898,7,0.0,10,198959726468,0,0,0,1,2,7,0,0,0,0,0
나이키,신발(나이키),베이퍼플라이 FK,IM8203-001,신발,260,IM8203-001(260),135700491,남성,FA26,2026-07-07,2026-07-07,"319,000.00",37899,15,0.0,19,198959736450,0,0,0,1,3,15,0,0,0,0,0
나이키,신발(나이키),베이퍼플라이 FK,IM8203-001,신발,265,IM8203-001(265),135700491,남성,FA26,2026-07-07,2026-07-07,"319,000.00",37900,22,0.0,26,198959747296,0,0,0,1,3,22,0,0,0,0,0
나이키,신발(나이키),베이퍼플라이 FK,IM8203-001,신발,270,IM8203-001(270),135700491,남성,FA26,2026-07-07,2026-07-07,"319,000.00",37901,27,0.0,32,198959735262,0,0,0,1,4,27,0,0,0,0,0
나이키,신발(나이키),베이퍼플라이 FK,IM8203-001,신발,275,IM8203-001(275),135700491,남성,FA26,2026-07-07,2026-07-07,"319,000.00",37902,19,0.0,24,198959726574,0,0,0,1,4,19,0,0,0,0,0
나이키,신발(나이키),베이퍼플라이 FK,IM8203-001,신발,280,IM8203-001(280),135700491,남성,FA26,2026-07-07,2026-07-07,"319,000.00",37903,8,0.0,11,198959745209,0,0,0,1,2,8,0,0,0,0,0
나이키,신발(나이키),베이퍼플라이 FK,IM8203-001,신발,285,IM8203-001(285),135700491,남성,FA26,2026-07-07,2026-07-07,"319,000.00",37904,6,0.0,8,198959741126,0,0,0,1,1,6,0,0,0,0,0
나이키,신발(나이키),베이퍼플라이 FK,IM8203-001,신발,290,IM8203-001(290),135700491,남성,FA26,2026-07-07,2026-07-07,"319,000.00",37905,3,0.0,3,198959743151,0,0,0,0,0,3,0,0,0,0,0
나이키,신발(나이키),베이퍼플라이 FK,IM8203-400,신발,250,IM8203-400(250),136418935,남성,FA26,2026-07-29,2026-07-29,"319,000.00",37875,1,0.0,2,198959750944,0,0,0,1,0,0,0,0,0,0,1
나이키,신발(나이키),베이퍼플라이 FK,IM8203-400,신발,255,IM8203-400(255),136418935,남성,FA26,2026-07-29,2026-07-29,"319,000.00",37876,2,0.0,4,198959738782,0,0,0,1,1,0,0,0,0,0,2
나이키,신발(나이키),베이퍼플라이 FK,IM8203-400,신발,260,IM8203-400(260),136418935,남성,FA26,2026-07-29,2026-07-29,"319,000.00",37877,4,0.0,8,198959749269,0,0,0,2,2,1,0,0,0,0,3
나이키,신발(나이키),베이퍼플라이 FK,IM8203-400,신발,265,IM8203-400(265),136418935,남성,FA26,2026-07-29,2026-07-29,"319,000.00",37878,6,0.0,11,198959730076,0,0,0,3,2,2,0,0,0,0,4
나이키,신발(나이키),베이퍼플라이 FK,IM8203-400,신발,270,IM8203-400(270),136418935,남성,FA26,2026-07-29,2026-07-29,"319,000.00",37879,7,0.0,14,198959744127,0,0,0,4,3,1,0,0,0,0,6
나이키,신발(나이키),베이퍼플라이 FK,IM8203-400,신발,275,IM8203-400(275),136418935,남성,FA26,2026-07-29,2026-07-29,"319,000.00",37880,5,0.0,10,198959735620,0,0,0,3,2,1,0,0,0,0,4
나이키,신발(나이키),베이퍼플라이 FK,IM8203-400,신발,280,IM8203-400(280),136418935,남성,FA26,2026-07-29,2026-07-29,"319,000.00",37881,2,0.0,5,198959726543,0,0,0,2,1,0,0,0,0,0,2
나이키,신발(나이키),베이퍼플라이 FK,IM8203-400,신발,285,IM8203-400(285),136418935,남성,FA26,2026-07-29,2026-07-29,"319,000.00",37882,2,0.0,4,198959746855,0,0,0,1,1,0,0,0,0,0,2
나이키,신발(나이키),베이퍼플라이 FK,IM8203-400,신발,290,IM8203-400(290),136418935,남성,FA26,2026-07-29,2026-07-29,"319,000.00",37883,1,0.0,2,198959733503,0,0,0,1,0,0,0,0,0,0,1
나이키,신발(나이키),보메로 18 SE,IM8330-001,신발,230,IM8330-001(230),135700513,여성,FA26,2026-07-07,2026-07-07,"199,000.00",38597,2,0.0,4,198959509283,2,0,0,0,2,0,0,0,0,0,0
나이키,신발(나이키),보메로 18 SE,IM8330-001,신발,235,IM8330-001(235),135700513,여성,FA26,2026-07-07,2026-07-07,"199,000.00",38598,3,0.0,6,198959573253,3,0,0,0,3,0,0,0,0,0,0
나이키,신발(나이키),보메로 18 SE,IM8330-001,신발,240,IM8330-001(240),135700513,여성,FA26,2026-07-07,2026-07-07,"199,000.00",38599,4,0.0,8,198959514270,4,0,0,0,4,0,0,0,0,0,0
나이키,신발(나이키),보메로 18 SE,IM8330-001,신발,245,IM8330-001(245),135700513,여성,FA26,2026-07-07,2026-07-07,"199,000.00",38600,2,0.0,4,198959375291,2,0,0,0,2,0,0,0,0,0,0
나이키,신발(나이키),보메로 18 SE,IM8330-001,신발,250,IM8330-001(250),135700513,여성,FA26,2026-07-07,2026-07-07,"199,000.00",38601,1,0.0,1,198959716315,1,0,0,0,0,0,0,0,0,0,0
나이키,신발(나이키),보메로 18 SE,IM8330-001,신발,255,IM8330-001(255),135700513,여성,FA26,2026-07-07,2026-07-07,"199,000.00",38602,1,0.0,2,198959519770,1,0,0,0,1,0,0,0,0,0,0
나이키,신발(나이키),보메로 플러스 SE,IM8331-001,신발,230,IM8331-001(230),135700500,여성,FA26,2026-07-07,2026-07-07,"229,000.00",38487,3,0.0,7,198959515185,0,0,0,2,2,3,0,0,0,0,0
나이키,신발(나이키),보메로 플러스 SE,IM8331-001,신발,235,IM8331-001(235),135700500,여성,FA26,2026-07-07,2026-07-07,"229,000.00",38488,7,0.0,12,198959716391,0,0,0,2,3,7,0,0,0,0,0
나이키,신발(나이키),보메로 플러스 SE,IM8331-001,신발,240,IM8331-001(240),135700500,여성,FA26,2026-07-07,2026-07-07,"229,000.00",38489,9,0.0,16,198959400269,0,0,0,3,4,9,0,0,0,0,0
나이키,신발(나이키),보메로 플러스 SE,IM8331-001,신발,245,IM8331-001(245),135700500,여성,FA26,2026-07-07,2026-07-07,"229,000.00",38490,8,0.0,14,198959570252,0,0,0,3,3,8,0,0,0,0,0
나이키,신발(나이키),보메로 플러스 SE,IM8331-001,신발,250,IM8331-001(250),135700500,여성,FA26,2026-07-07,2026-07-07,"229,000.00",38491,4,0.0,8,198959606609,0,0,0,2,2,4,0,0,0,0,0
나이키,신발(나이키),보메로 플러스 SE,IM8331-001,신발,255,IM8331-001(255),135700500,여성,FA26,2026-07-07,2026-07-07,"229,000.00",38492,0,0.0,2,198959509184,0,0,0,1,1,0,0,0,0,0,0
나이키,신발(나이키),페가수스 42 ESS,IM8332-100,신발,250,IM8332-100(250),,남성,FA26,2026-08-28,2026-08-28,"169,000.00",38337,1,0.0,3,198959748309,0,1,1,0,0,1,0,0,0,0,0
나이키,신발(나이키),페가수스 42 ESS,IM8332-100,신발,255,IM8332-100(255),,남성,FA26,2026-08-28,2026-08-28,"169,000.00",38338,4,0.0,6,198959746442,0,1,1,0,0,4,0,0,0,0,0
나이키,신발(나이키),페가수스 42 ESS,IM8332-100,신발,260,IM8332-100(260),,남성,FA26,2026-08-28,2026-08-28,"169,000.00",38339,6,0.0,10,198959743014,0,2,2,0,0,6,0,0,0,0,0
나이키,신발(나이키),페가수스 42 ESS,IM8332-100,신발,265,IM8332-100(265),,남성,FA26,2026-08-28,2026-08-28,"169,000.00",38340,11,0.0,16,198959729711,0,3,2,0,0,11,0,0,0,0,0
나이키,신발(나이키),페가수스 42 ESS,IM8332-100,신발,270,IM8332-100(270),,남성,FA26,2026-08-28,2026-08-28,"169,000.00",38341,12,0.0,17,198959736269,0,3,2,0,0,12,0,0,0,0,0
나이키,신발(나이키),페가수스 42 ESS,IM8332-100,신발,275,IM8332-100(275),,남성,FA26,2026-08-28,2026-08-28,"169,000.00",38342,8,0.0,13,198959742642,0,3,2,0,0,8,0,0,0,0,0
나이키,신발(나이키),페가수스 42 ESS,IM8332-100,신발,280,IM8332-100(280),,남성,FA26,2026-08-28,2026-08-28,"169,000.00",38343,4,0.0,8,198959736757,0,2,2,0,0,4,0,0,0,0,0
나이키,신발(나이키),페가수스 42 ESS,IM8332-100,신발,285,IM8332-100(285),,남성,FA26,2026-08-28,2026-08-28,"169,000.00",38344,3,0.0,5,198959748002,0,1,1,0,0,3,0,0,0,0,0
나이키,신발(나이키),페가수스 42 ESS,IM8332-100,신발,290,IM8332-100(290),,남성,FA26,2026-08-28,2026-08-28,"169,000.00",38345,0,0.0,2,198959746091,0,1,1,0,0,0,0,0,0,0,0
나이키,신발(나이키),보메로 18 ESS,IM8333-200,신발,250,IM8333-200(250),136418952,남성,FA26,2026-07-29,2026-07-29,"189,000.00",38249,3,0.0,4,198959500891,1,0,0,0,1,0,0,0,0,0,2
나이키,신발(나이키),보메로 18 ESS,IM8333-200,신발,255,IM8333-200(255),136418952,남성,FA26,2026-07-29,2026-07-29,"189,000.00",38250,5,0.0,5,198959715509,3,0,0,0,0,0,0,0,0,0,2
나이키,신발(나이키),보메로 18 ESS,IM8333-200,신발,260,IM8333-200(260),136418952,남성,FA26,2026-07-29,2026-07-29,"189,000.00",38251,9,0.0,9,198959527812,5,0,0,0,0,0,0,0,0,0,4
나이키,신발(나이키),보메로 18 ESS,IM8333-200,신발,265,IM8333-200(265),136418952,남성,FA26,2026-07-29,2026-07-29,"189,000.00",38252,14,0.0,14,198959361232,8,0,0,0,0,0,0,0,0,0,6
나이키,신발(나이키),보메로 18 ESS,IM8333-200,신발,270,IM8333-200(270),136418952,남성,FA26,2026-07-29,2026-07-29,"189,000.00",38253,18,0.0,18,198959400597,10,0,0,0,0,0,0,0,0,0,8
나이키,신발(나이키),보메로 18 ESS,IM8333-200,신발,275,IM8333-200(275),136418952,남성,FA26,2026-07-29,2026-07-29,"189,000.00",38254,9,0.0,9,198959390751,5,0,0,0,0,0,0,0,0,0,4
나이키,신발(나이키),보메로 18 ESS,IM8333-200,신발,280,IM8333-200(280),136418952,남성,FA26,2026-07-29,2026-07-29,"189,000.00",38255,7,0.0,9,198959362710,3,0,0,0,2,0,0,0,0,0,4
나이키,신발(나이키),보메로 18 ESS,IM8333-200,신발,285,IM8333-200(285),136418952,남성,FA26,2026-07-29,2026-07-29,"189,000.00",38256,2,0.0,3,198959363922,1,0,0,0,1,0,0,0,0,0,1
나이키,신발(나이키),보메로 18 ESS,IM8333-200,신발,290,IM8333-200(290),136418952,남성,FA26,2026-07-29,2026-07-29,"189,000.00",38257,2,0.0,2,198959384408,1,0,0,0,0,0,0,0,0,0,1
나이키,신발(나이키),보메로 프리미엄 ESS,IM8334-200,신발,250,IM8334-200(250),136418980,남성,FA26,2026-07-30,2026-07-30,"299,000.00",38007,5,0.0,8,198959513891,0,0,0,2,1,5,0,0,0,0,0
나이키,신발(나이키),보메로 프리미엄 ESS,IM8334-200,신발,255,IM8334-200(255),136418980,남성,FA26,2026-07-30,2026-07-30,"299,000.00",38008,6,0.0,9,198959507074,0,0,0,2,1,6,0,0,0,0,0
나이키,신발(나이키),보메로 프리미엄 ESS,IM8334-200,신발,260,IM8334-200(260),136418980,남성,FA26,2026-07-30,2026-07-30,"299,000.00",38009,9,0.0,14,198959379305,0,0,0,3,2,9,0,0,0,0,0
나이키,신발(나이키),보메로 프리미엄 ESS,IM8334-200,신발,265,IM8334-200(265),136418980,남성,FA26,2026-07-30,2026-07-30,"299,000.00",38010,12,0.0,19,198959707603,0,0,0,4,3,12,0,0,0,0,0
나이키,신발(나이키),보메로 프리미엄 ESS,IM8334-200,신발,270,IM8334-200(270),136418980,남성,FA26,2026-07-30,2026-07-30,"299,000.00",38011,15,0.0,22,198959401402,0,0,0,5,2,15,0,0,0,0,0
나이키,신발(나이키),보메로 프리미엄 ESS,IM8334-200,신발,275,IM8334-200(275),136418980,남성,FA26,2026-07-30,2026-07-30,"299,000.00",38012,14,0.0,21,198959371514,0,0,0,4,3,14,0,0,0,0,0
나이키,신발(나이키),보메로 프리미엄 ESS,IM8334-200,신발,280,IM8334-200(280),136418980,남성,FA26,2026-07-30,2026-07-30,"299,000.00",38013,5,0.0,6,198959715646,0,0,0,1,0,5,0,0,0,0,0
나이키,신발(나이키),보메로 프리미엄 ESS,IM8334-200,신발,285,IM8334-200(285),136418980,남성,FA26,2026-07-30,2026-07-30,"299,000.00",38014,2,0.0,4,198959513099,0,0,0,1,1,2,0,0,0,0,0
나이키,신발(나이키),보메로 프리미엄 ESS,IM8334-200,신발,290,IM8334-200(290),136418980,남성,FA26,2026-07-30,2026-07-30,"299,000.00",38015,0,0.0,1,198959560482,0,0,0,1,0,0,0,0,0,0,0
나이키,신발(나이키),보메로 프리미엄 ESS,IM8334-200,신발,300,IM8334-200(300),136418980,남성,FA26,2026-07-30,2026-07-30,"299,000.00",38017,1,0.0,2,198959503847,0,0,0,1,0,1,0,0,0,0,0
나이키,신발(나이키),보메로 플러스 ESS,IM8336-100,신발,250,IM8336-100(250),136418961,남성,FA26,2026-07-29,2026-07-29,"219,000.00",38117,4,0.0,5,198959717961,2,0,0,0,1,0,0,0,0,0,2
나이키,신발(나이키),보메로 플러스 ESS,IM8336-100,신발,255,IM8336-100(255),136418961,남성,FA26,2026-07-29,2026-07-29,"219,000.00",38118,4,0.0,6,198959392878,1,0,0,1,1,0,0,0,0,0,3
나이키,신발(나이키),보메로 플러스 ESS,IM8336-100,신발,260,IM8336-100(260),136418961,남성,FA26,2026-07-29,2026-07-29,"219,000.00",38119,10,0.0,13,198959519084,4,0,0,2,1,0,0,0,0,0,6
나이키,신발(나이키),보메로 플러스 ESS,IM8336-100,신발,265,IM8336-100(265),136418961,남성,FA26,2026-07-29,2026-07-29,"219,000.00",38120,17,0.0,18,198959400139,8,0,0,1,0,0,0,0,0,0,9
나이키,신발(나이키),보메로 플러스 ESS,IM8336-100,신발,270,IM8336-100(270),136418961,남성,FA26,2026-07-29,2026-07-29,"219,000.00",38121,19,0.0,22,198959723221,9,0,0,2,1,0,0,0,0,0,10
나이키,신발(나이키),보메로 플러스 ESS,IM8336-100,신발,275,IM8336-100(275),136418961,남성,FA26,2026-07-29,2026-07-29,"219,000.00",38122,14,0.0,16,198959368774,6,0,0,1,1,0,0,0,0,0,8
나이키,신발(나이키),보메로 플러스 ESS,IM8336-100,신발,280,IM8336-100(280),136418961,남성,FA26,2026-07-29,2026-07-29,"219,000.00",38123,9,0.0,11,198959574939,4,0,0,1,1,0,0,0,0,0,5
나이키,신발(나이키),보메로 플러스 ESS,IM8336-100,신발,285,IM8336-100(285),136418961,남성,FA26,2026-07-29,2026-07-29,"219,000.00",38124,4,0.0,5,198959361669,2,0,0,0,1,0,0,0,0,0,2
나이키,신발(나이키),보메로 플러스 ESS,IM8336-100,신발,290,IM8336-100(290),136418961,남성,FA26,2026-07-29,2026-07-29,"219,000.00",38125,2,0.0,3,198959378216,1,0,0,0,1,0,0,0,0,0,1
나이키,신발(나이키),보메로 플러스 ESS,IM8336-100,신발,300,IM8336-100(300),136418961,남성,FA26,2026-07-29,2026-07-29,"219,000.00",38127,2,0.0,2,198959377882,1,0,0,0,0,0,0,0,0,0,1
나이키,의류(나이키),스위프트 리펠 재킷 NV,IM9481-010,의류,L,IM9481-010(L),132706120,여성,SP26,2026-01-16,2026-01-16,"155,000.00",28811,0,0.0,1,198488379302,0,0,0,1,0,0,0,0,0,0,0
나이키,의류(나이키),스위프트 리펠 재킷 NV,IM9481-010,의류,M,IM9481-010(M),132706120,여성,SP26,2026-01-16,2026-01-16,"155,000.00",28810,0,0.0,1,198488389301,0,0,0,1,0,0,0,0,0,0,0
나이키,의류(나이키),스위프트 리펠 재킷 NV,IM9481-010,의류,S,IM9481-010(S),132706120,여성,SP26,2026-01-16,2026-01-16,"155,000.00",28809,0,0.0,2,198488389707,0,0,0,1,1,0,0,0,0,0,0
나이키,의류(나이키),스위프트 리펠 재킷 NV,IM9481-010,의류,XL,IM9481-010(XL),132706120,여성,SP26,2026-01-16,2026-01-16,"155,000.00",28812,0,0.0,1,198488377216,0,0,0,1,0,0,0,0,0,0,0
나이키,의류(나이키),스위프트 리펠 재킷 NV,IM9481-502,의류,L,IM9481-502(L),132706119,여성,SP26,2026-01-12,2026-01-12,"155,000.00",28819,0,0.0,1,198488375618,0,0,0,0,1,0,0,0,0,0,0
나이키,의류(나이키),스위프트 리펠 재킷 NV,IM9481-502,의류,M,IM9481-502(M),132706119,여성,SP26,2026-01-12,2026-01-12,"155,000.00",28818,1,0.0,2,198488214313,0,0,0,1,0,1,0,0,0,0,0
나이키,의류(나이키),스위프트 리펠 재킷 NV,IM9481-502,의류,S,IM9481-502(S),132706119,여성,SP26,2026-01-12,2026-01-12,"155,000.00",28817,2,0.0,4,198488383217,0,0,0,1,1,2,0,0,0,0,0
나이키,의류(나이키),스위프트 리펠 재킷 NV,IM9481-502,의류,XL,IM9481-502(XL),132706119,여성,SP26,2026-01-12,2026-01-12,"155,000.00",28820,1,0.0,1,198488383361,0,0,0,0,0,1,0,0,0,0,0
나이키,의류(나이키),ACG 드라이핏 와일드씨 베이스레이어 숏슬리브 티,IO1461-010,의류,L,IO1461-010(L),133609891,여성,SU26,2026-05-14,2026-05-29,"69,000.00",33760,6,0.0,13,198488307084,0,0,0,4,3,6,0,0,0,0,0
나이키,의류(나이키),ACG 드라이핏 와일드씨 베이스레이어 숏슬리브 티,IO1461-010,의류,M,IO1461-010(M),133609891,여성,SU26,2026-05-14,2026-05-14,"69,000.00",33759,15,0.0,15,198488233192,0,0,0,0,0,15,0,0,0,0,0
나이키,의류(나이키),ACG 드라이핏 와일드씨 베이스레이어 숏슬리브 티,IO1461-010,의류,S,IO1461-010(S),133609891,여성,SU26,2026-05-14,2026-05-14,"69,000.00",33758,19,0.0,19,198488222189,0,0,0,0,0,19,0,0,0,0,0
나이키,의류(나이키),ACG 드라이핏 와일드씨 베이스레이어 숏슬리브 티,IO1461-020,의류,L,IO1461-020(L),133564878,여성,SU26,2026-05-12,2026-05-12,"69,000.00",33773,4,0.0,4,198729176943,0,0,0,0,0,4,0,0,0,0,0
나이키,의류(나이키),ACG 드라이핏 와일드씨 베이스레이어 숏슬리브 티,IO1461-020,의류,M,IO1461-020(M),133564878,여성,SU26,2026-05-12,2026-05-12,"69,000.00",33772,7,0.0,10,198729216007,0,0,0,1,2,7,0,0,0,0,0
나이키,의류(나이키),ACG 드라이핏 와일드씨 베이스레이어 숏슬리브 티,IO1461-020,의류,S,IO1461-020(S),133564878,여성,SU26,2026-05-12,2026-05-12,"69,000.00",33771,7,0.0,8,198729125408,0,0,0,1,0,7,0,0,0,0,0
나이키,의류(나이키),ACG 울프 그리드 하프집 탑,IO4472-010,의류,L,IO4472-010(L),136418824,여성,FA26,2026-07-29,2026-07-29,"129,000.00",39075,4,0.0,7,198959985292,0,0,0,2,1,4,0,0,0,0,0
나이키,의류(나이키),ACG 울프 그리드 하프집 탑,IO4472-010,의류,M,IO4472-010(M),136418824,여성,FA26,2026-07-29,2026-07-29,"129,000.00",39074,6,0.0,11,198960001943,0,0,0,3,2,6,0,0,0,0,0
나이키,의류(나이키),ACG 울프 그리드 하프집 탑,IO4472-010,의류,S,IO4472-010(S),136418824,여성,FA26,2026-07-29,2026-07-29,"129,000.00",39073,6,0.0,12,198959937017,0,0,0,4,2,6,0,0,0,0,0
나이키,의류(나이키),ACG 울프 그리드 하프집 탑,IO4472-698,의류,L,IO4472-698(L),136418821,여성,FA26,2026-07-29,2026-07-29,"129,000.00",39088,4,0.0,7,198959907218,0,0,0,2,1,4,0,0,0,0,0
나이키,의류(나이키),ACG 울프 그리드 하프집 탑,IO4472-698,의류,M,IO4472-698(M),136418821,여성,FA26,2026-07-29,2026-07-29,"129,000.00",39087,6,0.0,11,198959932708,0,0,0,3,2,6,0,0,0,0,0
나이키,의류(나이키),ACG 울프 그리드 하프집 탑,IO4472-698,의류,S,IO4472-698(S),136418821,여성,FA26,2026-07-29,2026-07-29,"129,000.00",39086,6,0.0,12,198959866034,0,0,0,4,2,6,0,0,0,0,0
나이키,신발(나이키),보메로 프리미엄 CM,IO7325-001,신발,275,IO7325-001(275),132642946,남성,SP26,2026-01-27,2026-01-27,"299,000.00",28202,0,0.0,0,198726362905,0,0,0,0,0,0,0,1,0,0,0
나이키,신발(나이키),ACG 제가마 하이크,IO7854-701,신발,250,IO7854-701(250),135700488,남성,FA26,2026-07-07,2026-07-07,"229,000.00",38775,1,0.0,1,198959852433,0,0,0,0,0,1,0,0,0,0,0
나이키,신발(나이키),ACG 제가마 하이크,IO7854-701,신발,255,IO7854-701(255),135700488,남성,FA26,2026-07-07,2026-07-07,"229,000.00",38776,2,0.0,2,198959873544,0,0,0,0,0,2,0,0,0,0,0
나이키,신발(나이키),ACG 제가마 하이크,IO7854-701,신발,260,IO7854-701(260),135700488,남성,FA26,2026-07-07,2026-07-07,"229,000.00",38777,2,0.0,2,198959872332,0,0,0,0,0,2,0,0,0,0,0
나이키,신발(나이키),ACG 제가마 하이크,IO7854-701,신발,265,IO7854-701(265),135700488,남성,FA26,2026-07-07,2026-07-07,"229,000.00",38778,0,0.0,2,198959866386,0,0,0,1,1,0,0,0,0,0,0
나이키,신발(나이키),ACG 제가마 하이크,IO7854-701,신발,270,IO7854-701(270),135700488,남성,FA26,2026-07-07,2026-07-07,"229,000.00",38779,3,0.0,5,198959869066,0,0,0,1,1,3,0,0,0,0,0
나이키,신발(나이키),ACG 제가마 하이크,IO7854-701,신발,275,IO7854-701(275),135700488,남성,FA26,2026-07-07,2026-07-07,"229,000.00",38780,0,0.0,2,198959873681,0,0,0,1,1,0,0,0,0,0,0
나이키,신발(나이키),ACG 제가마 하이크,IO7854-701,신발,280,IO7854-701(280),135700488,남성,FA26,2026-07-07,2026-07-07,"229,000.00",38781,2,0.0,2,198959873988,0,0,0,0,0,2,0,0,0,0,0
나이키,신발(나이키),ACG 제가마 하이크,IO7854-701,신발,285,IO7854-701(285),135700488,남성,FA26,2026-07-07,2026-07-07,"229,000.00",38782,1,0.0,1,198959850880,0,0,0,0,0,1,0,0,0,0,0
나이키,신발(나이키),ACG 제가마 하이크,IO7854-701,신발,290,IO7854-701(290),135700488,남성,FA26,2026-07-07,2026-07-07,"229,000.00",38783,1,0.0,1,198959863163,0,0,0,0,0,1,0,0,0,0,0
나이키,신발(나이키),ACG 제가마 하이크,IO7855-200,신발,230,IO7855-200(230),136575739,여성,FA26,2026-08-06,2026-08-06,"229,000.00",38855,2,0.0,2,198959857469,0,0,0,0,0,2,0,0,0,0,0
나이키,신발(나이키),ACG 제가마 하이크,IO7855-200,신발,235,IO7855-200(235),136575739,여성,FA26,2026-08-06,2026-08-06,"229,000.00",38856,4,0.0,4,198959944848,0,0,0,0,0,4,0,0,0,0,0
나이키,신발(나이키),ACG 제가마 하이크,IO7855-200,신발,240,IO7855-200(240),136575739,여성,FA26,2026-08-06,2026-08-06,"229,000.00",38857,5,0.0,5,198959913530,0,0,0,0,0,5,0,0,0,0,0
나이키,신발(나이키),ACG 제가마 하이크,IO7855-200,신발,245,IO7855-200(245),136575739,여성,FA26,2026-08-06,2026-08-06,"229,000.00",38858,4,0.0,4,198959958135,0,0,0,0,0,4,0,0,0,0,0
나이키,신발(나이키),ACG 제가마 하이크,IO7855-200,신발,250,IO7855-200(250),136575739,여성,FA26,2026-08-06,2026-08-06,"229,000.00",38859,3,0.0,3,198959861008,0,0,0,0,0,3,0,0,0,0,0
나이키,신발(나이키),ACG 제가마 하이크,IO7855-200,신발,255,IO7855-200(255),136575739,여성,FA26,2026-08-06,2026-08-06,"229,000.00",38860,2,0.0,2,198959992306,0,0,0,0,0,2,0,0,0,0,0
나이키,용품(나이키),프로 드라이 핏 언스트럭처드 스우시 러닝 캡,IO8269-009,용품,M/L,IO8269-009(M/L),132641985,공용,SP26,2026-01-27,2026-03-05,"55,000.00",28895,11,0.0,25,198487833027,0,0,0,6,8,11,0,0,0,0,0
나이키,용품(나이키),프로 드라이 핏 언스트럭처드 스우시 러닝 캡,IO8269-009,용품,S/M,IO8269-009(S/M),132641985,공용,SP26,2026-01-27,2026-03-05,"55,000.00",28894,4,0.0,14,198487851625,0,0,0,7,3,4,0,0,0,0,0
나이키,용품(나이키),프로 드라이 핏 언스트럭처드 스우시 러닝 캡,IO8269-010,용품,M/L,IO8269-010(M/L),132641990,공용,SP26,2026-01-27,2026-03-05,"55,000.00",28903,0,0.0,8,198487837162,0,0,0,8,0,0,0,1,0,0,0
나이키,용품(나이키),프로 드라이 핏 언스트럭처드 스우시 러닝 캡,IO8269-010,용품,S/M,IO8269-010(S/M),132641990,공용,SP26,2026-01-27,2026-03-05,"55,000.00",28902,2,0.0,5,198487852240,0,0,0,3,0,2,0,0,0,0,0
나이키,의류(나이키),ACG 써마 핏 라바 로프트 재킷,IO9133-010,의류,L,IO9133-010(L),132644518,남성,SP26,2026-01-21,2026-01-21,"369,000.00",29010,2,0.0,20,198488841069,0,0,0,2,1,2,15,0,0,0,0
나이키,의류(나이키),ACG 써마 핏 라바 로프트 재킷,IO9133-010,의류,M,IO9133-010(M),132644518,남성,SP26,2026-01-21,2026-01-21,"369,000.00",29009,0,0.0,15,198488828800,0,0,0,2,0,0,13,0,0,0,0
나이키,의류(나이키),ACG 써마 핏 라바 로프트 재킷,IO9133-010,의류,XL,IO9133-010(XL),132644518,남성,SP26,2026-01-21,2026-01-21,"369,000.00",29011,0,0.0,24,198488842653,0,0,0,2,0,0,22,0,0,0,0
나이키,의류(나이키),ACG 써마 핏 라바 로프트 재킷,IO9133-010,의류,XXL,IO9133-010(XXL),132644518,남성,SP26,2026-01-21,2026-01-21,"369,000.00",29012,5,0.0,16,198488842080,0,0,0,1,0,5,10,0,0,0,0
나이키,의류(나이키),ACG 써마 핏 라바 로프트 재킷,IO9133-819,의류,L,IO9133-819(L),132644532,남성,SP26,2026-01-21,2026-01-21,"369,000.00",28888,0,0.0,7,198488842004,0,0,0,1,0,0,6,0,0,0,0
나이키,의류(나이키),ACG 써마 핏 라바 로프트 재킷,IO9133-819,의류,M,IO9133-819(M),132644532,남성,SP26,2026-01-21,2026-01-21,"369,000.00",28887,0,0.0,2,198488835327,0,0,0,1,0,0,1,0,0,0,0
나이키,의류(나이키),ACG 써마 핏 라바 로프트 재킷,IO9133-819,의류,XL,IO9133-819(XL),132644532,남성,SP26,2026-01-21,2026-01-21,"369,000.00",28889,0,0.0,7,198488830292,0,0,0,1,1,0,5,0,0,0,0
나이키,의류(나이키),ACG 써마 핏 라바 로프트 재킷,IO9133-819,의류,XXL,IO9133-819(XXL),132644532,남성,SP26,2026-01-21,2026-01-21,"369,000.00",28890,0,0.0,4,198488839370,0,0,0,1,0,0,3,0,0,0,0
나이키,의류(나이키),ACG 써마 핏 라바 로프트 재킷,IO9135-010,의류,L,IO9135-010(L),132644502,여성,SP26,2026-01-22,2026-01-22,"369,000.00",29058,0,0.0,1,198488834788,0,0,0,0,0,0,1,0,0,0,0
나이키,의류(나이키),ACG 써마 핏 라바 로프트 재킷,IO9135-010,의류,M,IO9135-010(M),132644502,여성,SP26,2026-01-22,2026-01-22,"369,000.00",29057,0,0.0,5,198488823539,0,0,0,0,1,0,4,0,0,0,0
나이키,의류(나이키),ACG 써마 핏 라바 로프트 재킷,IO9135-010,의류,S,IO9135-010(S),132644502,여성,SP26,2026-01-22,2026-01-22,"369,000.00",29056,0,0.0,4,198488818672,0,0,0,1,0,0,3,0,0,0,0
나이키,의류(나이키),ACG 써마 핏 라바 로프트 재킷,IO9135-819,의류,L,IO9135-819(L),132644508,여성,SP26,2026-01-22,2026-01-22,"369,000.00",29066,0,0.0,3,198488824147,0,0,0,1,0,0,2,0,0,0,0
나이키,의류(나이키),ACG 써마 핏 라바 로프트 재킷,IO9135-819,의류,M,IO9135-819(M),132644508,여성,SP26,2026-01-22,2026-01-22,"369,000.00",29065,0,0.0,5,198488835839,0,0,0,1,0,0,4,0,0,0,0
나이키,의류(나이키),ACG 써마 핏 라바 로프트 재킷,IO9135-819,의류,S,IO9135-819(S),132644508,여성,SP26,2026-01-22,2026-01-22,"369,000.00",29064,0,0.0,5,198488832708,0,0,0,1,0,0,4,0,0,0,0
나이키,의류(나이키),ACG 써마 핏 라바 로프트 재킷,IO9135-819,의류,XL,IO9135-819(XL),132644508,여성,SP26,2026-01-22,2026-01-22,"369,000.00",29067,1,0.0,1,198488841175,0,0,0,0,0,1,0,0,0,0,0
나이키,신발(나이키),줌 X 스트릭플라이 2 글램,IO9567-400,신발,250,IO9567-400(250),132551812,남성,SP26,2026-01-12,2026-01-12,"239,000.00",28942,3,0.0,3,198487872859,0,0,0,0,0,3,0,0,0,0,0
나이키,신발(나이키),줌 X 스트릭플라이 2 글램,IO9567-400,신발,255,IO9567-400(255),132551812,남성,SP26,2026-01-12,2026-01-12,"239,000.00",28943,4,0.0,4,198487902648,0,0,0,0,0,4,0,0,0,0,0
나이키,신발(나이키),줌 X 스트릭플라이 2 글램,IO9567-400,신발,260,IO9567-400(260),132551812,남성,SP26,2026-01-12,2026-01-12,"239,000.00",28944,8,0.0,8,198487884487,0,0,0,0,0,8,0,0,0,0,0
나이키,신발(나이키),줌 X 스트릭플라이 2 글램,IO9567-400,신발,265,IO9567-400(265),132551812,남성,SP26,2026-01-12,2026-01-12,"239,000.00",28945,11,0.0,11,198487896138,0,0,0,0,0,11,0,0,0,0,0
나이키,신발(나이키),줌 X 스트릭플라이 2 글램,IO9567-400,신발,270,IO9567-400(270),132551812,남성,SP26,2026-01-12,2026-01-12,"239,000.00",28946,13,0.0,13,198487870534,0,0,0,0,0,13,0,0,0,0,0
나이키,신발(나이키),줌 X 스트릭플라이 2 글램,IO9567-400,신발,280,IO9567-400(280),132551812,남성,SP26,2026-01-12,2026-01-12,"239,000.00",28948,6,0.0,6,198487914450,0,0,0,0,0,6,0,0,0,0,0
나이키,신발(나이키),줌 X 스트릭플라이 2 글램,IO9567-400,신발,285,IO9567-400(285),132551812,남성,SP26,2026-01-12,2026-01-12,"239,000.00",28949,3,0.0,3,198487889598,0,0,0,0,0,3,0,0,0,0,0
나이키,신발(나이키),줌 X 스트릭플라이 2 글램,IO9567-400,신발,290,IO9567-400(290),132551812,남성,SP26,2026-01-12,2026-01-12,"239,000.00",28950,1,0.0,1,198487886351,0,0,0,0,0,1,0,0,0,0,0
나이키,신발(나이키),줌 X 베이퍼플라이 4 GLAM,IO9571-400,신발,250,IO9571-400(250),133073427,남성,SP26,2026-03-05,2026-03-05,"319,000.00",27977,1,0.0,2,198487999440,0,0,0,1,0,1,0,0,0,0,0
나이키,신발(나이키),줌 X 베이퍼플라이 4 GLAM,IO9571-400,신발,255,IO9571-400(255),133073427,남성,SP26,2026-03-05,2026-03-05,"319,000.00",27978,4,0.0,5,198487989663,0,0,0,1,0,4,0,0,0,0,0
나이키,신발(나이키),줌 X 베이퍼플라이 4 GLAM,IO9571-400,신발,260,IO9571-400(260),133073427,남성,SP26,2026-03-05,2026-03-05,"319,000.00",27979,10,0.0,11,198487990362,0,0,0,1,0,10,0,0,0,0,0
나이키,신발(나이키),줌 X 베이퍼플라이 4 GLAM,IO9571-400,신발,265,IO9571-400(265),133073427,남성,SP26,2026-03-05,2026-03-05,"319,000.00",27980,12,0.0,13,198487997019,0,0,0,1,0,12,0,0,0,0,0
나이키,신발(나이키),줌 X 베이퍼플라이 4 GLAM,IO9571-400,신발,270,IO9571-400(270),133073427,남성,SP26,2026-03-05,2026-03-05,"319,000.00",27981,18,0.0,19,198487995206,0,0,0,1,0,18,0,0,0,0,0
나이키,신발(나이키),줌 X 베이퍼플라이 4 GLAM,IO9571-400,신발,275,IO9571-400(275),133073427,남성,SP26,2026-03-05,2026-03-05,"319,000.00",27982,12,0.0,13,198487992755,0,0,0,1,0,12,0,0,0,0,0
나이키,신발(나이키),줌 X 베이퍼플라이 4 GLAM,IO9571-400,신발,280,IO9571-400(280),133073427,남성,SP26,2026-03-05,2026-03-05,"319,000.00",27983,6,0.0,7,198487989601,0,0,0,1,0,6,0,0,0,0,0
나이키,신발(나이키),줌 X 베이퍼플라이 4 GLAM,IO9571-400,신발,285,IO9571-400(285),133073427,남성,SP26,2026-03-05,2026-03-05,"319,000.00",27984,3,0.0,4,198487996937,0,0,0,1,0,3,0,0,0,0,0
나이키,신발(나이키),줌 X 베이퍼플라이 4 GLAM,IO9571-400,신발,290,IO9571-400(290),133073427,남성,SP26,2026-03-05,2026-03-05,"319,000.00",27985,0,0.0,1,198487988765,0,0,0,1,0,0,0,0,0,0,0
나이키,신발(나이키),알파플라이 3 GLAM,IO9573-800,신발,255,IO9573-800(255),132642938,남성,SP26,2026-01-27,2026-01-27,"349,000.00",27915,0,0.0,1,198487990270,0,0,0,0,1,0,0,0,0,0,0
나이키,신발(나이키),알파플라이 3 GLAM,IO9573-800,신발,260,IO9573-800(260),132642938,남성,SP26,2026-01-27,2026-01-27,"349,000.00",27916,0,0.0,2,198487988093,0,0,0,0,2,0,0,0,0,0,0
나이키,신발(나이키),알파플라이 3 GLAM,IO9573-800,신발,265,IO9573-800(265),132642938,남성,SP26,2026-01-27,2026-01-27,"349,000.00",27917,0,0.0,3,198487995831,0,0,0,0,3,0,0,0,0,0,0
나이키,신발(나이키),알파플라이 3 GLAM,IO9573-800,신발,270,IO9573-800(270),132642938,남성,SP26,2026-01-27,2026-01-27,"349,000.00",27918,0,0.0,1,198487999921,0,0,0,0,1,0,0,0,0,0,0
나이키,신발(나이키),알파플라이 3 GLAM,IO9573-800,신발,275,IO9573-800(275),132642938,남성,SP26,2026-01-27,2026-01-27,"349,000.00",27919,0,0.0,1,198488000701,0,0,0,0,1,0,0,0,0,0,0
나이키,의류(나이키),ACG 트레일 드라이핏 하이라이즈 4인치 타이츠,IO9644-004,의류,L,IO9644-004(L),133319621,여성,SU26,2026-04-07,2026-04-07,"105,000.00",33871,0,0.0,1,198488696157,0,0,0,0,1,0,0,0,0,0,0
나이키,의류(나이키),ACG 트레일 드라이핏 하이라이즈 4인치 타이츠,IO9644-010,의류,L,IO9644-010(L),133319624,여성,SU26,2026-04-07,2026-04-07,"105,000.00",33863,0,0.0,5,198488712505,0,0,0,1,0,0,0,0,0,0,0
나이키,의류(나이키),ACG 트레일 드라이핏 하이라이즈 4인치 타이츠,IO9644-010,의류,L,IO9644-010(L),133319624,여성,FA26,2026-07-07,2026-07-07,"105,000.00",33863,0,0.0,5,198488712505,0,0,0,3,1,0,0,0,0,0,0
나이키,의류(나이키),ACG 트레일 드라이핏 하이라이즈 4인치 타이츠,IO9644-010,의류,M,IO9644-010(M),133319624,여성,FA26,2026-07-07,2026-07-07,"105,000.00",33862,0,0.0,10,198488702919,0,0,0,7,3,0,0,0,0,0,0
나이키,의류(나이키),ACG 트레일 드라이핏 하이라이즈 4인치 타이츠,IO9644-010,의류,S,IO9644-010(S),133319624,여성,SU26,2026-04-07,2026-04-07,"105,000.00",33861,0,0.0,13,198488719252,0,0,0,6,1,0,0,0,0,0,0
나이키,의류(나이키),ACG 트레일 드라이핏 하이라이즈 4인치 타이츠,IO9644-010,의류,S,IO9644-010(S),133319624,여성,FA26,2026-07-07,2026-07-07,"105,000.00",33861,0,0.0,13,198488719252,0,0,0,3,3,0,0,0,0,0,0
나이키,의류(나이키),ACG 드라이 핏 하이웨이스트 7/8 타이츠,IO9646-010,의류,L,IO9646-010(L),132644385,여성,SP26,2026-01-22,2026-01-22,"125,000.00",29074,0,0.0,1,198488690544,0,0,0,0,1,0,0,0,0,0,0
나이키,의류(나이키),ACG 드라이 핏 하이웨이스트 7/8 타이츠,IO9646-010,의류,M,IO9646-010(M),132644385,여성,SP26,2026-01-22,2026-01-22,"125,000.00",29073,1,0.0,3,198488718767,0,0,0,0,2,1,0,0,0,0,0
나이키,의류(나이키),ACG 드라이 핏 하이웨이스트 7/8 타이츠,IO9646-010,의류,S,IO9646-010(S),132644385,여성,SP26,2026-01-22,2026-01-22,"125,000.00",29072,0,0.0,2,198488700960,0,0,0,0,2,0,0,0,0,0,0
나이키,의류(나이키),ACG 트레일 드라이핏 숏슬리브 탑,IO9651-010,의류,L,IO9651-010(L),135504861,여성,FA26,2026-07-07,2026-07-07,"79,000.00",39280,3,0.0,7,198488714134,0,0,0,2,2,3,0,0,0,0,0
나이키,의류(나이키),ACG 트레일 드라이핏 숏슬리브 탑,IO9651-010,의류,M,IO9651-010(M),135504861,여성,FA26,2026-07-07,2026-07-07,"79,000.00",39279,3,0.0,7,198488692463,0,0,0,1,3,3,0,0,0,0,0
나이키,의류(나이키),ACG 트레일 드라이핏 숏슬리브 탑,IO9651-010,의류,S,IO9651-010(S),135504861,여성,FA26,2026-07-07,2026-07-07,"79,000.00",39278,3,0.0,8,198488702599,0,0,0,2,3,3,0,0,0,0,0
나이키,의류(나이키),ACG 드라이 핏 숏 슬리브 탑,IO9651-030,의류,L,IO9651-030(L),132644389,여성,SP26,2026-01-22,2026-01-22,"75,000.00",29042,1,0.0,3,198488696676,0,0,0,2,0,1,0,0,0,0,0
나이키,의류(나이키),ACG 드라이 핏 숏 슬리브 탑,IO9651-030,의류,M,IO9651-030(M),132644389,여성,SP26,2026-01-22,2026-01-22,"75,000.00",29041,2,0.0,5,198488702063,0,0,0,3,0,2,0,0,0,0,0
나이키,의류(나이키),ACG 드라이 핏 숏 슬리브 탑,IO9651-030,의류,S,IO9651-030(S),132644389,여성,SP26,2026-01-22,2026-01-22,"75,000.00",29040,5,0.0,9,198488705477,0,0,0,4,0,5,0,0,0,0,0
나이키,의류(나이키),ACG 드라이 핏 숏 슬리브 탑,IO9651-819,의류,L,IO9651-819(L),132573670,여성,SP26,2026-01-12,2026-01-12,"75,000.00",29050,2,0.0,4,198488704906,0,0,0,2,0,2,0,0,0,0,0
나이키,의류(나이키),ACG 드라이 핏 숏 슬리브 탑,IO9651-819,의류,M,IO9651-819(M),132573670,여성,SP26,2026-01-12,2026-01-12,"75,000.00",29049,4,0.0,7,198488716206,0,0,0,3,0,4,0,0,0,0,0
나이키,의류(나이키),ACG 드라이 핏 숏 슬리브 탑,IO9651-819,의류,S,IO9651-819(S),132573670,여성,SP26,2026-01-12,2026-01-12,"75,000.00",29048,4,0.0,9,198488698250,0,0,0,5,0,4,0,0,0,0,0
나이키,의류(나이키),ACG 트레일 드라이핏 탱크,IO9653-382,의류,L,IO9653-382(L),133564871,여성,SU26,2026-05-12,2026-05-12,"75,000.00",33839,1,0.0,3,198729485755,0,0,0,1,1,1,0,0,0,0,0
나이키,의류(나이키),ACG 트레일 드라이핏 탱크,IO9653-382,의류,M,IO9653-382(M),133564871,여성,SU26,2026-05-12,2026-05-12,"75,000.00",33838,2,0.0,6,198729476814,0,0,0,2,2,2,0,0,0,0,0
나이키,의류(나이키),ACG 트레일 드라이핏 탱크,IO9653-382,의류,S,IO9653-382(S),133564871,여성,SU26,2026-05-12,2026-05-12,"75,000.00",33837,1,0.0,3,198729484017,0,0,0,2,0,1,0,0,0,0,0
나이키,의류(나이키),ACG 트레일 드라이핏 탱크,IO9653-416,의류,L,IO9653-416(L),133564867,여성,SU26,2026-05-12,2026-05-12,"75,000.00",33831,2,0.0,4,198729082060,0,0,0,1,1,2,0,0,0,0,0
나이키,의류(나이키),ACG 트레일 드라이핏 탱크,IO9653-416,의류,M,IO9653-416(M),133564867,여성,SU26,2026-05-12,2026-05-12,"75,000.00",33830,2,0.0,6,198729204370,0,0,0,4,0,2,0,0,0,0,0
나이키,의류(나이키),ACG 트레일 드라이핏 탱크,IO9653-416,의류,S,IO9653-416(S),133564867,여성,SU26,2026-05-12,2026-05-12,"75,000.00",33829,4,0.0,5,198729199591,0,0,0,1,0,4,0,0,0,0,0
나이키,의류(나이키),ACG 드라이핏 미드라이즈 브리프 라인드 트레일 러닝 쇼츠,IO9658-010,의류,L,IO9658-010(L),133319632,여성,SU26,2026-04-07,2026-04-07,"95,000.00",33927,0,0.0,3,198488715384,0,0,0,2,1,0,0,0,0,0,0
나이키,의류(나이키),ACG 드라이핏 미드라이즈 브리프 라인드 트레일 러닝 쇼츠,IO9658-010,의류,M,IO9658-010(M),133319632,여성,SU26,2026-04-07,2026-04-07,"95,000.00",33926,0,0.0,3,198488711638,0,0,0,0,3,0,0,0,0,0,0
나이키,의류(나이키),ACG 드라이핏 미드라이즈 브리프 라인드 트레일 러닝 쇼츠,IO9658-010,의류,S,IO9658-010(S),133319632,여성,SU26,2026-04-07,2026-04-07,"95,000.00",33925,0,0.0,1,198488692807,0,0,0,0,1,0,0,0,0,0,0
나이키,의류(나이키),ACG 드라이핏 미드라이즈 브리프 라인드 트레일 러닝 쇼츠,IO9658-020,의류,L,IO9658-020(L),133315351,여성,SU26,2026-04-03,2026-04-03,"95,000.00",33935,1,0.0,2,198729489593,0,0,0,1,0,1,0,0,0,0,0
나이키,의류(나이키),ACG 드라이핏 미드라이즈 브리프 라인드 트레일 러닝 쇼츠,IO9658-020,의류,M,IO9658-020(M),133315351,여성,SU26,2026-04-03,2026-04-03,"95,000.00",33934,2,0.0,4,198729484390,0,0,0,1,1,2,0,0,0,0,0
나이키,의류(나이키),ACG 드라이핏 미드라이즈 브리프 라인드 트레일 러닝 쇼츠,IO9658-020,의류,S,IO9658-020(S),133315351,여성,SU26,2026-04-03,2026-04-03,"95,000.00",33933,2,0.0,4,198729464422,0,0,0,2,0,2,0,0,0,0,0
나이키,의류(나이키),ACG 라바 루프 드라이핏 ADV 하프 트레일 러닝 타이츠,IO9672-010,의류,L,IO9672-010(L),132573667,남성,FA26,2026-07-30,2026-08-28,"95,000.00",28986,85,0.0,89,198488696416,0,0,0,16,5,68,0,0,0,0,17
나이키,의류(나이키),ACG 라바 루프 드라이핏 ADV 하프 트레일 러닝 타이츠,IO9672-010,의류,M,IO9672-010(M),132573667,남성,FA26,2026-07-30,2026-08-28,"95,000.00",28985,55,0.0,55,198488692746,0,0,0,11,2,42,0,0,0,0,13
나이키,의류(나이키),ACG 라바 루프 드라이핏 ADV 하프 트레일 러닝 타이츠,IO9672-010,의류,S,IO9672-010(S),132573667,남성,FA26,2026-07-30,2026-07-30,"95,000.00",28984,2,0.0,15,198488691008,0,0,0,10,3,0,0,0,0,0,2
나이키,의류(나이키),ACG 라바 루프 드라이핏 ADV 하프 트레일 러닝 타이츠,IO9672-010,의류,XL,IO9672-010(XL),132573667,남성,SP26,2026-01-19,2026-01-26,"95,000.00",28987,49,0.0,69,198488704630,0,0,0,12,3,0,0,0,0,0,0
나이키,의류(나이키),ACG 라바 루프 드라이핏 ADV 하프 트레일 러닝 타이츠,IO9672-010,의류,XL,IO9672-010(XL),132573667,남성,SU26,2026-04-03,2026-04-03,"95,000.00",28987,49,0.0,69,198488704630,3,0,0,0,5,0,0,0,0,0,0
나이키,의류(나이키),ACG 라바 루프 드라이핏 ADV 하프 트레일 러닝 타이츠,IO9672-010,의류,XL,IO9672-010(XL),132573667,남성,FA26,2026-07-30,2026-08-28,"95,000.00",28987,49,0.0,69,198488704630,0,0,0,11,6,29,0,0,0,0,17
나이키,의류(나이키),ACG 라바 루프 드라이핏 ADV 하프 트레일 러닝 타이츠,IO9672-010,의류,XXL,IO9672-010(XXL),132573667,남성,SU26,2026-04-03,2026-04-03,"95,000.00",28988,9,0.0,12,198488700601,0,0,0,1,1,0,0,0,0,0,0
나이키,의류(나이키),ACG 라바 루프 드라이핏 ADV 하프 트레일 러닝 타이츠,IO9672-010,의류,XXL,IO9672-010(XXL),132573667,남성,FA26,2026-07-30,2026-08-28,"95,000.00",28988,9,0.0,12,198488700601,0,0,0,3,2,5,0,0,0,0,4
나이키,의류(나이키),ACG 드라이핏 ADV 라바루프 하프 타이츠,IO9672-382,의류,L,IO9672-382(L),133319626,남성,SU26,2026-04-07,2026-04-07,"95,000.00",33879,0,0.0,1,198729478313,0,0,0,1,0,0,0,0,0,0,0
나이키,의류(나이키),ACG 드라이핏 ADV 라바루프 하프 타이츠,IO9672-382,의류,S,IO9672-382(S),133319626,남성,SU26,2026-04-07,2026-04-07,"95,000.00",33877,0,0.0,1,198729462169,0,0,0,1,0,0,0,0,0,0,0
나이키,의류(나이키),ACG 드라이 핏 ADV 루나 레이 타이츠,IO9674-010,의류,L,IO9674-010(L),132644387,남성,SP26,2026-01-22,2026-01-22,"135,000.00",29034,0,0.0,6,198488704678,0,0,0,0,6,0,0,0,0,0,0
나이키,의류(나이키),ACG 드라이 핏 ADV 루나 레이 타이츠,IO9674-010,의류,M,IO9674-010(M),132644387,남성,SP26,2026-01-22,2026-01-22,"135,000.00",29033,0,0.0,2,198488710143,0,0,0,0,2,0,0,0,0,0,0
나이키,의류(나이키),ACG 드라이 핏 ADV 루나 레이 타이츠,IO9674-010,의류,XL,IO9674-010(XL),132644387,남성,SP26,2026-01-22,2026-01-22,"135,000.00",29035,1,0.0,3,198488697116,0,0,0,0,2,1,0,0,0,0,0
나이키,의류(나이키),ACG 드라이 핏 ADV 루나 레이 타이츠,IO9674-010,의류,XXL,IO9674-010(XXL),132644387,남성,SP26,2026-01-22,2026-01-22,"135,000.00",29036,0,0.0,1,198488711249,0,0,0,0,1,0,0,0,0,0,0
나이키,의류(나이키),ACG 세컨드 선라이즈 드라이 핏 ADV 5인치 브리프 라인드 쇼츠,IO9676-010,의류,L,IO9676-010(L),132573664,남성,SP26,2026-01-02,2026-03-05,"99,000.00",28994,4,0.0,9,198488693552,0,0,0,0,0,0,0,1,0,0,0
나이키,의류(나이키),ACG 세컨드 선라이즈 드라이 핏 ADV 5인치 브리프 라인드 쇼츠,IO9676-010,의류,L,IO9676-010(L),132573664,남성,SU26,2026-04-03,2026-04-03,"99,000.00",28994,4,0.0,9,198488693552,0,0,0,0,0,0,0,2,0,0,0
나이키,의류(나이키),ACG 세컨드 선라이즈 드라이 핏 ADV 5인치 브리프 라인드 쇼츠,IO9676-010,의류,L,IO9676-010(L),132573664,남성,FA26,2026-07-22,2026-07-29,"99,000.00",28994,4,0.0,9,198488693552,0,0,0,6,3,0,0,0,0,0,4
나이키,의류(나이키),ACG 세컨드 선라이즈 드라이 핏 ADV 5인치 브리프 라인드 쇼츠,IO9676-010,의류,M,IO9676-010(M),132573664,남성,SP26,2026-01-02,2026-03-05,"99,000.00",28993,5,0.0,12,198488717814,0,0,0,1,0,0,0,1,0,0,0
나이키,의류(나이키),ACG 세컨드 선라이즈 드라이 핏 ADV 5인치 브리프 라인드 쇼츠,IO9676-010,의류,M,IO9676-010(M),132573664,남성,SU26,2026-04-03,2026-04-03,"99,000.00",28993,5,0.0,12,198488717814,0,0,0,0,1,0,0,1,0,0,0
나이키,의류(나이키),ACG 세컨드 선라이즈 드라이 핏 ADV 5인치 브리프 라인드 쇼츠,IO9676-010,의류,M,IO9676-010(M),132573664,남성,FA26,2026-07-22,2026-07-29,"99,000.00",28993,5,0.0,12,198488717814,0,0,0,3,2,5,0,0,0,0,0
나이키,의류(나이키),ACG 세컨드 선라이즈 드라이 핏 ADV 5인치 브리프 라인드 쇼츠,IO9676-010,의류,S,IO9676-010(S),132573664,남성,SP26,2026-01-02,2026-03-05,"99,000.00",28992,1,0.0,6,198488697895,0,0,0,0,1,0,0,1,0,0,0
나이키,의류(나이키),ACG 세컨드 선라이즈 드라이 핏 ADV 5인치 브리프 라인드 쇼츠,IO9676-010,의류,S,IO9676-010(S),132573664,남성,SU26,2026-04-03,2026-04-03,"99,000.00",28992,1,0.0,6,198488697895,0,0,0,1,1,0,0,0,0,0,0
나이키,의류(나이키),ACG 세컨드 선라이즈 드라이 핏 ADV 5인치 브리프 라인드 쇼츠,IO9676-010,의류,S,IO9676-010(S),132573664,남성,FA26,2026-07-29,2026-07-29,"99,000.00",28992,1,0.0,6,198488697895,0,0,0,1,1,1,0,0,0,0,0
나이키,의류(나이키),ACG 세컨드 선라이즈 드라이 핏 ADV 5인치 브리프 라인드 쇼츠,IO9676-010,의류,XL,IO9676-010(XL),132573664,남성,SP26,2026-01-02,2026-03-05,"99,000.00",28995,3,0.0,16,198488689982,0,0,0,1,4,0,0,0,0,0,0
나이키,의류(나이키),ACG 세컨드 선라이즈 드라이 핏 ADV 5인치 브리프 라인드 쇼츠,IO9676-010,의류,XL,IO9676-010(XL),132573664,남성,SU26,2026-04-03,2026-04-03,"99,000.00",28995,3,0.0,16,198488689982,0,0,0,0,1,0,0,0,0,0,0
나이키,의류(나이키),ACG 세컨드 선라이즈 드라이 핏 ADV 5인치 브리프 라인드 쇼츠,IO9676-010,의류,XL,IO9676-010(XL),132573664,남성,FA26,2026-07-22,2026-07-29,"99,000.00",28995,3,0.0,16,198488689982,0,0,0,5,2,3,0,0,0,0,0
나이키,의류(나이키),ACG 세컨드 선라이즈 드라이 핏 ADV 5인치 브리프 라인드 쇼츠,IO9676-010,의류,XXL,IO9676-010(XXL),132573664,남성,SU26,2026-04-03,2026-04-03,"99,000.00",28996,1,0.0,3,198488713601,0,0,0,1,0,0,0,0,0,0,0
나이키,의류(나이키),ACG 세컨드 선라이즈 드라이 핏 ADV 5인치 브리프 라인드 쇼츠,IO9676-010,의류,XXL,IO9676-010(XXL),132573664,남성,FA26,2026-07-22,2026-07-29,"99,000.00",28996,1,0.0,3,198488713601,0,0,0,1,0,1,0,0,0,0,0
나이키,의류(나이키),ACG 드라이핏 ADV 세컨드선라이즈 5인치 브리프 라인드 쇼츠,IO9676-416,의류,L,IO9676-416(L),133315601,남성,SU26,2026-04-03,2026-04-03,"99,000.00",33911,0,0.0,1,198729226563,0,0,0,1,0,0,0,0,0,0,0
나이키,의류(나이키),ACG 드라이핏 ADV 세컨드선라이즈 5인치 브리프 라인드 쇼츠,IO9676-416,의류,XL,IO9676-416(XL),133315601,남성,SU26,2026-04-03,2026-04-03,"99,000.00",33912,0,0.0,2,198729182661,0,0,0,1,1,0,0,0,0,0,0
나이키,의류(나이키),ACG 드라이핏 ADV 세컨드선라이즈 5인치 브리프 라인드 쇼츠,IO9676-416,의류,XXL,IO9676-416(XXL),133315601,남성,SU26,2026-04-03,2026-04-03,"99,000.00",33913,0,0.0,2,198729061836,0,0,0,1,1,0,0,0,0,0,0
나이키,의류(나이키),ACG 드라이핏 ADV 솔라 체이스 숏슬리브,IO9678-010,의류,L,IO9678-010(L),133564865,남성,SU26,2026-05-12,2026-05-12,"75,000.00",33734,0,0.0,7,198488702452,0,0,0,4,3,0,0,0,0,0,0
나이키,의류(나이키),ACG 드라이핏 ADV 솔라 체이스 숏슬리브,IO9678-010,의류,M,IO9678-010(M),133564865,남성,SU26,2026-05-12,2026-05-12,"75,000.00",33733,0,0.0,6,198488704418,0,0,0,4,2,0,0,0,0,0,0
나이키,의류(나이키),ACG 드라이핏 ADV 솔라 체이스 숏슬리브,IO9678-010,의류,S,IO9678-010(S),133564865,남성,SU26,2026-05-12,2026-05-12,"75,000.00",33732,0,0.0,2,198488714172,0,0,0,1,1,0,0,0,0,0,0
나이키,의류(나이키),ACG 드라이핏 ADV 솔라 체이스 숏슬리브,IO9678-010,의류,XL,IO9678-010(XL),133564865,남성,SU26,2026-05-12,2026-06-17,"75,000.00",33735,0,0.0,5,198488715261,0,0,0,2,3,0,0,0,0,0,0
나이키,의류(나이키),ACG 드라이핏 ADV 솔라 체이스 숏슬리브,IO9678-010,의류,XXL,IO9678-010(XXL),133564865,남성,SU26,2026-05-12,2026-05-12,"75,000.00",33736,2,0.0,5,198488697079,0,0,0,1,2,2,0,0,0,0,0
나이키,의류(나이키),ACG 드라이핏 ADV 솔라 체이스 숏슬리브,IO9678-020,의류,L,IO9678-020(L),133564863,남성,SU26,2026-05-12,2026-05-12,"75,000.00",33747,6,0.0,13,198729481597,0,0,0,4,3,6,0,0,0,0,0
나이키,의류(나이키),ACG 드라이핏 ADV 솔라 체이스 숏슬리브,IO9678-020,의류,M,IO9678-020(M),133564863,남성,SU26,2026-05-12,2026-05-12,"75,000.00",33746,0,0.0,5,198729463241,0,0,0,3,2,0,0,0,0,0,0
나이키,의류(나이키),ACG 드라이핏 ADV 솔라 체이스 숏슬리브,IO9678-020,의류,S,IO9678-020(S),133564863,남성,SU26,2026-05-12,2026-05-12,"75,000.00",33745,0,0.0,1,198729462916,0,0,0,1,0,0,0,0,0,0,0
나이키,의류(나이키),ACG 드라이핏 ADV 솔라 체이스 숏슬리브,IO9678-020,의류,XL,IO9678-020(XL),133564863,남성,SU26,2026-05-12,2026-05-12,"75,000.00",33748,5,0.0,12,198729488671,0,0,0,4,3,5,0,0,0,0,0
나이키,의류(나이키),ACG 드라이핏 ADV 솔라 체이스 숏슬리브,IO9678-020,의류,XXL,IO9678-020(XXL),133564863,남성,SU26,2026-05-12,2026-05-12,"75,000.00",33749,7,0.0,10,198729466921,0,0,0,2,1,7,0,0,0,0,0
나이키,의류(나이키),ACG 드라이 핏 ADV 솔라 체이스 숏 슬리브 탑,IO9678-097,의류,L,IO9678-097(L),132644499,남성,SP26,2026-01-22,2026-01-22,"75,000.00",29018,0,0.0,3,198488719153,0,0,0,3,0,0,0,0,0,0,0
나이키,의류(나이키),ACG 드라이 핏 ADV 솔라 체이스 숏 슬리브 탑,IO9678-097,의류,XL,IO9678-097(XL),132644499,남성,SP26,2026-01-22,2026-01-22,"75,000.00",29019,0,0.0,7,198488703404,0,0,0,7,0,0,0,0,0,0,0
나이키,의류(나이키),ACG 드라이 핏 ADV 솔라 체이스 숏 슬리브 탑,IO9678-097,의류,XXL,IO9678-097(XXL),132644499,남성,SP26,2026-01-22,2026-01-22,"75,000.00",29020,0,0.0,4,198488692159,0,0,0,4,0,0,0,0,0,0,0
나이키,의류(나이키),ACG 드라이핏 ADV 솔라 체이스 숏슬리브,IO9678-104,의류,L,IO9678-104(L),135504963,남성,FA26,2026-07-07,2026-07-07,"79,000.00",39241,5,0.0,12,198959764897,0,0,0,3,4,5,0,0,0,0,0
나이키,의류(나이키),ACG 드라이핏 ADV 솔라 체이스 숏슬리브,IO9678-104,의류,M,IO9678-104(M),135504963,남성,FA26,2026-07-07,2026-07-07,"79,000.00",39240,0,0.0,6,198959983281,0,0,0,3,3,0,0,0,0,0,0
나이키,의류(나이키),ACG 드라이핏 ADV 솔라 체이스 숏슬리브,IO9678-104,의류,XL,IO9678-104(XL),135504963,남성,FA26,2026-07-07,2026-07-07,"79,000.00",39242,0,0.0,8,198959908642,0,0,0,4,4,0,0,0,0,0,0
나이키,의류(나이키),ACG 드라이핏 ADV 솔라 체이스 숏슬리브,IO9678-104,의류,XXL,IO9678-104(XXL),135504963,남성,FA26,2026-07-07,2026-07-07,"79,000.00",39243,1,0.0,3,198959877283,0,0,0,1,1,1,0,0,0,0,0
나이키,의류(나이키),ACG 드라이 핏 ADV 솔라 체이스 숏 슬리브 탑,IO9678-819,의류,M,IO9678-819(M),132573672,남성,SP26,2026-01-12,2026-01-14,"75,000.00",29025,1,0.0,2,198488713823,0,0,0,1,0,1,0,0,0,0,0
나이키,의류(나이키),ACG 드라이 핏 ADV 솔라 체이스 숏 슬리브 탑,IO9678-819,의류,XL,IO9678-819(XL),132573672,남성,SP26,2026-01-12,2026-01-12,"75,000.00",29027,0,0.0,2,198488692630,0,0,0,2,0,0,0,0,0,0,0
나이키,의류(나이키),ACG 드라이 핏 ADV 솔라 체이스 숏 슬리브 탑,IO9678-819,의류,XXL,IO9678-819(XXL),132573672,남성,SP26,2026-01-12,2026-01-12,"75,000.00",29028,0,0.0,2,198488698755,0,0,0,2,0,0,0,0,0,0,0
나이키,의류(나이키),ACG 트레일 리펠 재킷,IO9749-010,의류,L,IO9749-010(L),133315594,여성,SU26,2026-04-03,2026-04-03,"155,000.00",33648,5,0.0,7,198488709024,0,0,0,1,1,5,0,0,0,0,0
나이키,의류(나이키),ACG 트레일 리펠 재킷,IO9749-010,의류,M,IO9749-010(M),133315594,여성,SU26,2026-04-03,2026-04-03,"155,000.00",33647,3,0.0,10,198488711331,0,0,0,3,4,3,0,0,0,0,0
나이키,의류(나이키),ACG 트레일 리펠 재킷,IO9749-010,의류,S,IO9749-010(S),133315594,여성,SU26,2026-04-03,2026-04-03,"155,000.00",33646,6,0.0,13,198488709499,0,0,0,5,2,6,0,0,0,0,0
나이키,의류(나이키),ACG 트레일 리펠 재킷,IO9749-020,의류,L,IO9749-020(L),133426997,여성,SU26,2026-04-21,2026-04-21,"155,000.00",33661,0,0.0,3,198729472175,0,0,0,3,0,0,0,0,0,0,0
나이키,의류(나이키),ACG 트레일 리펠 재킷,IO9749-020,의류,M,IO9749-020(M),133426997,여성,SU26,2026-04-21,2026-04-21,"155,000.00",33660,1,0.0,4,198729459992,0,0,0,3,0,1,0,0,0,0,0
나이키,의류(나이키),ACG 트레일 리펠 재킷,IO9749-020,의류,S,IO9749-020(S),133426997,여성,SU26,2026-04-21,2026-04-21,"155,000.00",33659,4,0.0,7,198729481979,0,0,0,1,2,4,0,0,0,0,0
나이키,의류(나이키),ACG 트레일 UV 후드 미드레이어,IO9756-010,의류,L,IO9756-010(L),135505535,여성,FA26,2026-07-07,2026-07-07,"105,000.00",39101,3,0.0,5,198488708874,0,0,0,1,1,3,0,0,0,0,0
나이키,의류(나이키),ACG 트레일 UV 후드 미드레이어,IO9756-010,의류,M,IO9756-010(M),135505535,여성,FA26,2026-07-07,2026-07-07,"105,000.00",39100,2,0.0,5,198488719405,0,0,0,1,2,2,0,0,0,0,0
나이키,의류(나이키),ACG 트레일 UV 후드 미드레이어,IO9756-010,의류,S,IO9756-010(S),135505535,여성,FA26,2026-07-07,2026-07-07,"105,000.00",39099,0,0.0,4,198488717302,0,0,0,2,2,0,0,0,0,0,0
나이키,신발(나이키),스트럭처 플러스 EES,IO9913-100,신발,230,IO9913-100(230),132803503,여성,SP26,2026-02-03,2026-02-03,"199,000.00",27797,1,0.0,2,198730562681,0,0,0,1,0,1,0,0,0,0,0
나이키,신발(나이키),스트럭처 플러스 EES,IO9913-100,신발,235,IO9913-100(235),132803503,여성,SP26,2026-02-03,2026-02-03,"199,000.00",27798,0,0.0,1,198730552965,0,0,0,1,0,0,0,0,0,0,0
나이키,신발(나이키),스트럭처 플러스 EES,IO9913-100,신발,240,IO9913-100(240),132803503,여성,SP26,2026-02-03,2026-02-03,"199,000.00",27799,0,0.0,1,198730557939,0,0,0,1,0,0,0,0,0,0,0
나이키,신발(나이키),스트럭처 플러스 EES,IO9913-100,신발,245,IO9913-100(245),132803503,여성,SP26,2026-02-03,2026-02-03,"199,000.00",27800,0,0.0,1,198730554051,0,0,0,1,0,0,0,0,0,0,0
나이키,신발(나이키),보메로 18 EES,IO9915-100,신발,230,IO9915-100(230),133073423,여성,SP26,2026-03-05,2026-03-05,"179,000.00",28592,1,0.0,2,198487994148,0,0,0,0,1,1,0,0,0,0,0
나이키,신발(나이키),보메로 18 EES,IO9915-100,신발,235,IO9915-100(235),133073423,여성,SP26,2026-03-05,2026-03-05,"179,000.00",28593,0,0.0,1,198487988772,0,0,0,0,1,0,0,0,0,0,0
나이키,신발(나이키),보메로 18 EES,IO9915-100,신발,250,IO9915-100(250),133073423,여성,SP26,2026-03-05,2026-03-05,"179,000.00",28596,0,0.0,1,198487987959,0,0,0,0,1,0,0,0,0,0,0
나이키,신발(나이키),보메로 플러스 ESS,IO9916-101,신발,230,IO9916-101(230),135700497,여성,FA26,2026-07-07,2026-07-07,"209,000.00",38575,0,0.0,4,198959512450,0,0,0,2,2,0,0,0,0,0,0
나이키,신발(나이키),보메로 플러스 ESS,IO9916-101,신발,235,IO9916-101(235),135700497,여성,FA26,2026-07-07,2026-07-07,"209,000.00",38576,0,0.0,5,198959565227,0,0,0,2,3,0,0,0,0,0,0
나이키,신발(나이키),보메로 플러스 ESS,IO9916-101,신발,240,IO9916-101(240),135700497,여성,FA26,2026-07-07,2026-07-07,"209,000.00",38577,0,0.0,5,198959382725,0,0,0,3,2,0,0,0,0,0,0
나이키,신발(나이키),보메로 플러스 ESS,IO9916-101,신발,245,IO9916-101(245),135700497,여성,FA26,2026-07-07,2026-07-07,"209,000.00",38578,0,0.0,5,198959714205,0,0,0,2,3,0,0,0,0,0,0
나이키,신발(나이키),보메로 플러스 ESS,IO9916-101,신발,250,IO9916-101(250),135700497,여성,FA26,2026-07-07,2026-07-07,"209,000.00",38579,0,0.0,4,198959526259,0,0,0,2,2,0,0,0,0,0,0
나이키,신발(나이키),보메로 플러스 ESS,IO9916-101,신발,255,IO9916-101(255),135700497,여성,FA26,2026-07-07,2026-07-07,"209,000.00",38580,0,0.0,1,198959503236,0,0,0,0,1,0,0,0,0,0,0
나이키,신발(나이키),페가수스 프리미엄,IQ0307-094,신발,250,IQ0307-094(250),133073426,남성,SP26,2026-03-05,2026-03-05,"289,000.00",28239,0,0.0,1,198727659615,0,0,0,1,0,0,0,0,0,0,0
나이키,신발(나이키),페가수스 프리미엄,IQ0307-094,신발,255,IQ0307-094(255),133073426,남성,SP26,2026-03-05,2026-03-05,"289,000.00",28240,0,0.0,1,198727667313,0,0,0,1,0,0,0,0,0,0,0
나이키,신발(나이키),페가수스 프리미엄,IQ0307-094,신발,265,IQ0307-094(265),133073426,남성,SP26,2026-03-05,2026-03-05,"289,000.00",28242,0,0.0,1,198727660598,0,0,0,1,0,0,0,0,0,0,0
나이키,신발(나이키),페가수스 프리미엄,IQ0307-094,신발,270,IQ0307-094(270),133073426,남성,SP26,2026-03-05,2026-03-05,"289,000.00",28243,0,0.0,1,198727657550,0,0,0,1,0,0,0,0,0,0,0
나이키,신발(나이키),페가수스 프리미엄,IQ0307-094,신발,275,IQ0307-094(275),133073426,남성,SP26,2026-03-05,2026-03-05,"289,000.00",28244,0,0.0,1,198727666316,0,0,0,1,0,0,0,0,0,0,0
나이키,신발(나이키),페가수스 프리미엄,IQ0307-094,신발,280,IQ0307-094(280),133073426,남성,SP26,2026-03-05,2026-03-05,"289,000.00",28245,0,0.0,1,198727657499,0,0,0,1,0,0,0,0,0,0,0
나이키,신발(나이키),보메로 플러스,IQ0308-094,신발,275,IQ0308-094(275),,남성,SP26,2026-03-05,2026-03-05,"229,000.00",28307,0,0.0,1,198727661274,0,0,0,0,1,0,0,0,0,0,0
나이키,신발(나이키),알파플라이 3,IQ0309-094,신발,265,IQ0309-094(265),132642941,남성,SP26,2026-01-27,2026-01-27,"349,000.00",27938,0,0.0,1,198727669782,0,0,0,1,0,0,0,0,0,0,0
나이키,신발(나이키),알파플라이 3,IQ0309-094,신발,270,IQ0309-094(270),132642941,남성,SP26,2026-01-27,2026-01-27,"349,000.00",27939,0,0.0,1,198727670573,0,0,0,1,0,0,0,0,0,0,0
나이키,신발(나이키),알파플라이 3,IQ0309-094,신발,275,IQ0309-094(275),132642941,남성,SP26,2026-01-27,2026-01-27,"349,000.00",27940,1,0.0,2,198727670436,0,0,0,1,0,1,0,0,0,0,0
나이키,신발(나이키),알파플라이 3,IQ0309-094,신발,285,IQ0309-094(285),132642941,남성,SP26,2026-01-27,2026-01-27,"349,000.00",27942,0,0.0,1,198727670139,0,0,0,1,0,0,0,0,0,0,0
아디다스,용품(아디다스),패스트임팩트 럭스 런 하이 서포트 스포츠브라,IQ3359,용품,L,IQ3359(L),,여성,26FW,2026-06-01,2026-05-29,"99,000.00",36334,0,0.0,1,4067886001138,0,0,0,0,1,0,0,0,0,0,0
아디다스,용품(아디다스),패스트임팩트 럭스 런 하이 서포트 스포츠브라,IQ3359,용품,M,IQ3359(M),,여성,26FW,2026-06-01,2026-05-29,"99,000.00",36333,2,0.0,3,4067886059900,0,0,0,0,1,2,0,0,0,0,0
아디다스,용품(아디다스),패스트임팩트 럭스 런 하이 서포트 스포츠브라,IQ3359,용품,S,IQ3359(S),,여성,26FW,2026-06-01,2026-05-29,"99,000.00",36332,1,0.0,2,4067886001268,0,0,0,0,1,1,0,0,0,0,0
나이키,신발(나이키),줌 X 베이퍼플라이 4 프리미엄,IQ3418-399,신발,250,IQ3418-399(250),132642935,남성,SP26,2026-01-27,2026-01-27,"319,000.00",27998,1,0.0,3,198727660918,0,0,0,1,1,1,0,0,0,0,0
나이키,신발(나이키),줌 X 베이퍼플라이 4 프리미엄,IQ3418-399,신발,255,IQ3418-399(255),132642935,남성,SP26,2026-01-27,2026-01-27,"319,000.00",27999,2,0.0,4,198727657826,0,0,0,1,1,2,0,0,0,0,0
나이키,신발(나이키),줌 X 베이퍼플라이 4 프리미엄,IQ3418-399,신발,260,IQ3418-399(260),132642935,남성,SP26,2026-01-27,2026-01-27,"319,000.00",28000,6,0.0,9,198727661564,0,0,0,1,2,6,0,0,0,0,0
나이키,신발(나이키),줌 X 베이퍼플라이 4 프리미엄,IQ3418-399,신발,265,IQ3418-399(265),132642935,남성,SP26,2026-01-27,2026-01-27,"319,000.00",28001,7,0.0,10,198727664299,0,0,0,0,3,7,0,0,0,0,0
나이키,신발(나이키),줌 X 베이퍼플라이 4 프리미엄,IQ3418-399,신발,270,IQ3418-399(270),132642935,남성,SP26,2026-01-27,2026-01-27,"319,000.00",28002,10,0.0,14,198727665944,0,0,0,1,3,10,0,0,0,0,0
나이키,신발(나이키),줌 X 베이퍼플라이 4 프리미엄,IQ3418-399,신발,275,IQ3418-399(275),132642935,남성,SP26,2026-01-27,2026-01-27,"319,000.00",28003,6,0.0,8,198727660703,0,0,0,1,1,6,0,0,0,0,0
나이키,신발(나이키),줌 X 베이퍼플라이 4 프리미엄,IQ3418-399,신발,280,IQ3418-399(280),132642935,남성,SP26,2026-01-27,2026-01-27,"319,000.00",28004,4,0.0,6,198727669294,0,0,0,1,1,4,0,0,0,0,0
나이키,신발(나이키),줌 X 베이퍼플라이 4 프리미엄,IQ3418-399,신발,285,IQ3418-399(285),132642935,남성,SP26,2026-01-27,2026-01-27,"319,000.00",28005,1,0.0,2,198727662943,0,0,0,1,0,1,0,0,0,0,0
나이키,신발(나이키),줌 X 베이퍼플라이 4 프리미엄,IQ3418-399,신발,290,IQ3418-399(290),132642935,남성,SP26,2026-01-27,2026-01-27,"319,000.00",28006,1,0.0,1,198727668716,0,0,0,0,0,1,0,0,0,0,0
나이키,신발(나이키),페가수스 프리미엄,IQ3435-045,신발,250,IQ3435-045(250),132642932,남성,SP26,2026-01-27,2026-01-27,"269,000.00",28281,1,0.0,1,198727669379,0,0,0,0,0,1,0,0,0,0,0
나이키,신발(나이키),페가수스 프리미엄,IQ3435-045,신발,255,IQ3435-045(255),132642932,남성,SP26,2026-01-27,2026-01-27,"269,000.00",28282,0,0.0,2,198727670191,0,0,0,1,1,0,0,0,0,0,0
나이키,신발(나이키),페가수스 프리미엄,IQ3435-045,신발,260,IQ3435-045(260),132642932,남성,SP26,2026-01-27,2026-01-27,"269,000.00",28283,4,0.0,5,198727670368,0,0,0,1,0,4,0,0,0,0,0
나이키,신발(나이키),페가수스 프리미엄,IQ3435-045,신발,265,IQ3435-045(265),132642932,남성,SP26,2026-01-27,2026-01-27,"269,000.00",28284,5,0.0,6,198727670146,0,0,0,1,0,5,0,0,0,0,0
나이키,신발(나이키),페가수스 프리미엄,IQ3435-045,신발,270,IQ3435-045(270),132642932,남성,SP26,2026-01-27,2026-01-27,"269,000.00",28285,5,0.0,6,198727670252,0,0,0,1,0,5,0,0,0,0,0
나이키,신발(나이키),페가수스 프리미엄,IQ3435-045,신발,275,IQ3435-045(275),132642932,남성,SP26,2026-01-27,2026-01-27,"269,000.00",28286,2,0.0,3,198727670832,0,0,0,1,0,2,0,0,0,0,0
나이키,신발(나이키),페가수스 프리미엄,IQ3435-045,신발,280,IQ3435-045(280),132642932,남성,SP26,2026-01-27,2026-01-27,"269,000.00",28287,3,0.0,3,198727670351,0,0,0,0,0,3,0,0,0,0,0
나이키,신발(나이키),페가수스 프리미엄,IQ3435-045,신발,285,IQ3435-045(285),132642932,남성,SP26,2026-01-27,2026-01-27,"269,000.00",28288,1,0.0,1,198727670337,0,0,0,0,0,1,0,0,0,0,0
나이키,신발(나이키),페가수스 프리미엄,IQ3435-045,신발,290,IQ3435-045(290),132642932,남성,SP26,2026-01-27,2026-01-27,"269,000.00",28289,0,0.0,1,198727670566,0,0,0,1,0,0,0,0,0,0,0
나이키,신발(나이키),페가수스 프리미엄,IQ3439-211,신발,230,IQ3439-211(230),132551818,여성,SP26,2026-01-12,2026-01-12,"289,000.00",28550,3,0.0,4,198727675141,0,0,0,1,0,3,0,0,0,0,0
나이키,신발(나이키),페가수스 프리미엄,IQ3439-211,신발,235,IQ3439-211(235),132551818,여성,SP26,2026-01-12,2026-01-12,"289,000.00",28551,4,0.0,4,198727679842,0,0,0,0,0,4,0,0,0,0,0
나이키,신발(나이키),페가수스 프리미엄,IQ3439-211,신발,240,IQ3439-211(240),132551818,여성,SP26,2026-01-12,2026-01-12,"289,000.00",28552,6,0.0,6,198727679248,0,0,0,0,0,6,0,0,0,0,0
나이키,신발(나이키),페가수스 프리미엄,IQ3439-211,신발,245,IQ3439-211(245),132551818,여성,SP26,2026-01-12,2026-01-12,"289,000.00",28553,4,0.0,5,198727682286,0,0,0,1,0,4,0,0,0,0,0
나이키,신발(나이키),페가수스 프리미엄,IQ3439-211,신발,250,IQ3439-211(250),132551818,여성,SP26,2026-01-12,2026-01-12,"289,000.00",28554,3,0.0,4,198727681753,0,0,0,1,0,3,0,0,0,0,0
나이키,신발(나이키),페가수스 프리미엄,IQ3439-211,신발,255,IQ3439-211(255),132551818,여성,SP26,2026-01-12,2026-01-12,"289,000.00",28555,2,0.0,2,198727680688,0,0,0,0,0,2,0,0,0,0,0
나이키,신발(나이키),보메로 플러스 SE,IQ3440-751,신발,230,IQ3440-751(230),,여성,SP26,2026-01-21,2026-01-21,"219,000.00",28571,3,0.0,3,198727675868,0,0,0,0,0,0,0,0,0,0,3
나이키,신발(나이키),보메로 플러스 SE,IQ3440-751,신발,250,IQ3440-751(250),,여성,SP26,2026-01-21,2026-01-21,"219,000.00",28575,2,0.0,2,198727681562,0,0,0,0,0,0,0,0,0,0,2
나이키,신발(나이키),보메로 플러스 SE,IQ3440-751,신발,255,IQ3440-751(255),,여성,SP26,2026-01-21,2026-01-21,"219,000.00",28576,2,0.0,2,198727679361,0,0,0,0,0,0,0,0,0,0,2
나이키,의류(나이키),ACG 드라이핏 와일드씨 베이스레이어 쇼츠,IQ5128-010,의류,L,IQ5128-010(L),133564874,여성,SU26,2026-05-08,2026-05-08,"75,000.00",33887,0,0.0,8,198729475909,0,0,0,2,2,0,0,0,0,0,0
나이키,의류(나이키),ACG 드라이핏 와일드씨 베이스레이어 쇼츠,IQ5128-010,의류,L,IQ5128-010(L),133564874,여성,FA26,2026-07-07,2026-07-07,"75,000.00",33887,0,0.0,8,198729475909,0,0,0,2,2,0,0,0,0,0,0
나이키,의류(나이키),ACG 드라이핏 와일드씨 베이스레이어 쇼츠,IQ5128-010,의류,M,IQ5128-010(M),133564874,여성,SU26,2026-05-08,2026-05-08,"75,000.00",33886,1,0.0,10,198729473745,0,0,0,0,5,0,0,0,0,0,0
나이키,의류(나이키),ACG 드라이핏 와일드씨 베이스레이어 쇼츠,IQ5128-010,의류,M,IQ5128-010(M),133564874,여성,FA26,2026-07-07,2026-07-07,"75,000.00",33886,1,0.0,10,198729473745,0,0,0,3,1,1,0,0,0,0,0
나이키,의류(나이키),ACG 드라이핏 와일드씨 베이스레이어 쇼츠,IQ5128-010,의류,S,IQ5128-010(S),133564874,여성,SU26,2026-05-08,2026-05-08,"75,000.00",33885,6,0.0,20,198729476173,0,0,0,3,2,3,0,0,0,0,0
나이키,의류(나이키),ACG 드라이핏 와일드씨 베이스레이어 쇼츠,IQ5128-010,의류,S,IQ5128-010(S),133564874,여성,FA26,2026-07-07,2026-07-09,"75,000.00",33885,6,0.0,20,198729476173,0,0,0,6,3,3,0,0,0,0,0
나이키,의류(나이키),ACG 드라이핏 와일드씨 베이스레이어 쇼츠,IQ5128-010,의류,XS,IQ5128-010(XS),133564874,여성,SU26,2026-05-08,2026-05-08,"75,000.00",33884,0,0.0,1,198729471871,0,0,0,1,0,0,0,0,0,0,0
나이키,의류(나이키),ACG 래디컬 에어플로우 NXT 롱슬리브,IQ5849-100,의류,L,IQ5849-100(L),133710760,남성,FA26,2026-06-25,2026-06-25,"165,000.00",36393,0,0.0,2,198959047747,0,0,0,0,2,0,0,0,0,0,0
나이키,의류(나이키),ACG 래디컬 에어플로우 NXT 롱슬리브,IQ5849-100,의류,M,IQ5849-100(M),133710760,남성,FA26,2026-06-25,2026-06-25,"165,000.00",36392,0,0.0,8,198959015593,0,0,0,6,2,0,0,0,0,0,0
나이키,의류(나이키),ACG 래디컬 에어플로우 NXT 롱슬리브,IQ5849-100,의류,XL,IQ5849-100(XL),133710760,남성,FA26,2026-06-25,2026-06-25,"165,000.00",36394,0,0.0,2,198959008274,0,0,0,2,0,0,0,0,0,0,0
나이키,의류(나이키),ACG 래디컬 에어플로우 NXT 롱슬리브,IQ5849-100,의류,XXL,IQ5849-100(XXL),133710760,남성,FA26,2026-06-25,2026-06-25,"165,000.00",36395,0,0.0,1,198959037717,0,0,0,0,1,0,0,0,0,0,0
나이키,의류(나이키),ACG 래디컬 에어플로우 NXT 롱슬리브,IQ5853-100,의류,L,IQ5853-100(L),133843307,여성,FA26,2026-06-25,2026-06-25,"165,000.00",39138,0,0.0,4,198959006508,0,0,0,0,4,0,0,0,0,0,0
나이키,의류(나이키),ACG 래디컬 에어플로우 NXT 롱슬리브,IQ5853-100,의류,M,IQ5853-100(M),133843307,여성,FA26,2026-06-25,2026-06-25,"165,000.00",39137,0,0.0,1,198959101364,0,0,0,0,1,0,0,0,0,0,0
나이키,의류(나이키),ACG 래디컬 에어플로우 NXT 롱슬리브,IQ5853-100,의류,S,IQ5853-100(S),133843307,여성,FA26,2026-06-25,2026-06-25,"165,000.00",39136,0,0.0,1,198959068629,0,0,0,0,1,0,0,0,0,0,0
나이키ACC,용품(나이키ACC),런 벨트,IQ5928-077,용품,L,IQ5928-077(L),133426967,공용,SU26,2026-04-14,2026-04-14,"79,000.00",34206,0,0.0,8,198488823195,0,0,0,6,2,0,0,0,0,0,0
나이키ACC,용품(나이키ACC),런 벨트,IQ5928-077,용품,M,IQ5928-077(M),133426967,공용,SU26,2026-04-14,2026-04-14,"79,000.00",34205,0,0.0,6,198488827254,0,0,0,4,2,0,0,0,0,0,0
나이키ACC,용품(나이키ACC),런 벨트,IQ5928-077,용품,S,IQ5928-077(S),133426967,공용,SU26,2026-04-14,2026-04-14,"79,000.00",34204,0,0.0,4,198488822761,0,0,0,3,1,0,0,0,0,0,0
나이키ACC,용품(나이키ACC),런 벨트,IQ5928-077,용품,XL,IQ5928-077(XL),133426967,공용,SU26,2026-04-14,2026-04-14,"79,000.00",34208,0,0.0,3,198488841434,0,0,0,2,1,0,0,0,0,0,0
나이키ACC,용품(나이키ACC),ACG GOAT 벨트,IQ6027-039,용품,L,IQ6027-039(L),132552606,공용,SU26,2026-04-14,2026-04-14,"79,000.00",30869,24,0.0,44,198488842608,0,0,0,5,1,0,0,0,0,0,0
나이키ACC,용품(나이키ACC),ACG GOAT 벨트,IQ6027-039,용품,L,IQ6027-039(L),132552606,공용,FA26,2026-07-20,2026-07-20,"79,000.00",30869,24,0.0,44,198488842608,0,0,0,9,5,24,0,0,0,0,0
나이키ACC,용품(나이키ACC),ACG GOAT 벨트,IQ6027-039,용품,M,IQ6027-039(M),132552606,공용,SP26,2026-01-09,2026-01-09,"79,000.00",30868,21,0.0,58,198488823898,0,0,0,0,19,0,0,0,0,0,0
나이키ACC,용품(나이키ACC),ACG GOAT 벨트,IQ6027-039,용품,M,IQ6027-039(M),132552606,공용,SU26,2026-04-14,2026-04-14,"79,000.00",30868,21,0.0,58,198488823898,0,0,0,6,3,0,0,0,0,0,0
나이키ACC,용품(나이키ACC),ACG GOAT 벨트,IQ6027-039,용품,M,IQ6027-039(M),132552606,공용,FA26,2026-07-20,2026-07-20,"79,000.00",30868,21,0.0,58,198488823898,0,0,0,9,0,21,0,0,0,0,0
나이키ACC,용품(나이키ACC),ACG GOAT 벨트,IQ6027-039,용품,S,IQ6027-039(S),132552606,공용,FA26,2026-07-20,2026-07-20,"79,000.00",30867,13,0.0,19,198488836089,0,0,0,6,0,13,0,0,0,0,0
나이키ACC,용품(나이키ACC),ACG GOAT 벨트,IQ6027-039,용품,XL,IQ6027-039(XL),132552606,공용,SP26,2026-01-09,2026-02-05,"79,000.00",30870,22,0.0,35,198488839363,0,0,0,0,2,0,0,0,0,0,0
나이키ACC,용품(나이키ACC),ACG GOAT 벨트,IQ6027-039,용품,XL,IQ6027-039(XL),132552606,공용,SU26,2026-04-14,2026-04-14,"79,000.00",30870,22,0.0,35,198488839363,0,0,0,4,1,0,0,0,0,0,0
나이키ACC,용품(나이키ACC),ACG GOAT 벨트,IQ6027-039,용품,XL,IQ6027-039(XL),132552606,공용,FA26,2026-07-20,2026-07-20,"79,000.00",30870,22,0.0,35,198488839363,0,0,0,6,0,22,0,0,0,0,0
나이키,의류(나이키),ACG 드라이핏 와일드씨 쿼터집 롱슬리브 탑,IQ6323-010,의류,L,IQ6323-010(L),,여성,FA26,2026-09-02,2026-09-02,"95,000.00",39170,6,0.0,6,,0,0,0,0,0,6,0,0,0,0,0
나이키,의류(나이키),ACG 드라이핏 와일드씨 쿼터집 롱슬리브 탑,IQ6323-010,의류,M,IQ6323-010(M),,여성,FA26,2026-09-02,2026-09-02,"95,000.00",39169,7,0.0,7,,0,0,0,0,0,7,0,0,0,0,0
나이키,의류(나이키),ACG 드라이핏 와일드씨 쿼터집 롱슬리브 탑,IQ6323-010,의류,S,IQ6323-010(S),,여성,FA26,2026-09-02,2026-09-02,"95,000.00",39168,8,0.0,8,,0,0,0,0,0,8,0,0,0,0,0
나이키,신발(나이키),베이퍼플라이 4 NRG,IQ7313-200,신발,250,IQ7313-200(250),133315651,남성,SU26,2026-04-03,2026-04-03,"329,000.00",32925,2,0.0,2,198729700490,0,0,0,0,0,2,0,0,0,0,0
나이키,신발(나이키),베이퍼플라이 4 NRG,IQ7313-200,신발,255,IQ7313-200(255),133315651,남성,SU26,2026-04-03,2026-04-03,"329,000.00",32926,5,0.0,5,198729885951,0,0,0,0,0,5,0,0,0,0,0
나이키,신발(나이키),베이퍼플라이 4 NRG,IQ7313-200,신발,260,IQ7313-200(260),133315651,남성,SU26,2026-04-03,2026-04-03,"329,000.00",32927,9,0.0,9,198729871695,0,0,0,0,0,9,0,0,0,0,0
나이키,신발(나이키),베이퍼플라이 4 NRG,IQ7313-200,신발,265,IQ7313-200(265),133315651,남성,SU26,2026-04-03,2026-04-03,"329,000.00",32928,11,0.0,11,198729668011,0,0,0,0,0,11,0,0,0,0,0
나이키,신발(나이키),베이퍼플라이 4 NRG,IQ7313-200,신발,270,IQ7313-200(270),133315651,남성,SU26,2026-04-03,2026-04-03,"329,000.00",32929,15,0.0,15,198729799289,0,0,0,0,0,15,0,0,0,0,0
나이키,신발(나이키),베이퍼플라이 4 NRG,IQ7313-200,신발,275,IQ7313-200(275),133315651,남성,SU26,2026-04-03,2026-04-03,"329,000.00",32930,12,0.0,12,198729723871,0,0,0,0,0,12,0,0,0,0,0
나이키,신발(나이키),베이퍼플라이 4 NRG,IQ7313-200,신발,280,IQ7313-200(280),133315651,남성,SU26,2026-04-03,2026-04-03,"329,000.00",32931,8,0.0,8,198729694539,0,0,0,0,0,8,0,0,0,0,0
나이키,신발(나이키),베이퍼플라이 4 NRG,IQ7313-200,신발,285,IQ7313-200(285),133315651,남성,SU26,2026-04-03,2026-04-03,"329,000.00",32932,4,0.0,4,198729853622,0,0,0,0,0,4,0,0,0,0,0
나이키,신발(나이키),베이퍼플라이 4 NRG,IQ7313-200,신발,290,IQ7313-200(290),133315651,남성,SU26,2026-04-03,2026-04-03,"329,000.00",32933,2,0.0,2,198729846242,0,0,0,0,0,2,0,0,0,0,0
나이키ACC,용품(나이키ACC),ACG GOAT 팩 베스트 5L,IQ7354-039,용품,L,IQ7354-039(L),132552628,공용,SP26,2026-01-09,2026-02-05,"199,000.00",30859,0,0.0,5,198727555474,0,0,0,0,2,0,0,0,0,0,0
나이키ACC,용품(나이키ACC),ACG GOAT 팩 베스트 5L,IQ7354-039,용품,L,IQ7354-039(L),132552628,공용,FA26,2026-07-20,2026-07-20,"199,000.00",30859,0,0.0,5,198727555474,0,0,0,2,1,0,0,0,0,0,0
나이키ACC,용품(나이키ACC),ACG GOAT 팩 베스트 5L,IQ7354-039,용품,M,IQ7354-039(M),132552628,공용,SP26,2026-01-09,2026-01-09,"199,000.00",30858,5,0.0,30,198727553357,0,0,0,0,16,0,0,0,0,0,0
나이키ACC,용품(나이키ACC),ACG GOAT 팩 베스트 5L,IQ7354-039,용품,M,IQ7354-039(M),132552628,공용,FA26,2026-07-20,2026-07-20,"199,000.00",30858,5,0.0,30,198727553357,0,0,0,9,0,5,0,0,0,0,0
나이키ACC,용품(나이키ACC),ACG GOAT 팩 베스트 5L,IQ7354-039,용품,S,IQ7354-039(S),132552628,공용,SP26,2026-01-09,2026-02-05,"199,000.00",30857,1,0.0,1,198727553739,1,0,0,0,0,0,0,0,0,0,0
나이키,신발(나이키),보메로 프리미엄 ESS,IQ8102-101,신발,230,IQ8102-101(230),135700494,여성,FA26,2026-07-07,2026-07-07,"299,000.00",38399,1,0.0,3,198959377257,0,0,0,1,1,1,0,0,0,0,0
나이키,신발(나이키),보메로 프리미엄 ESS,IQ8102-101,신발,235,IQ8102-101(235),135700494,여성,FA26,2026-07-07,2026-07-07,"299,000.00",38400,1,0.0,3,198959375963,0,0,0,2,0,1,0,0,0,0,0
나이키,신발(나이키),보메로 프리미엄 ESS,IQ8102-101,신발,240,IQ8102-101(240),135700494,여성,FA26,2026-07-07,2026-07-07,"299,000.00",38401,3,0.0,7,198959500419,0,0,0,2,2,3,0,0,0,0,0
나이키,신발(나이키),보메로 프리미엄 ESS,IQ8102-101,신발,245,IQ8102-101(245),135700494,여성,FA26,2026-07-07,2026-07-07,"299,000.00",38402,4,0.0,6,198959378933,0,0,0,1,1,4,0,0,0,0,0
나이키,신발(나이키),보메로 프리미엄 ESS,IQ8102-101,신발,250,IQ8102-101(250),135700494,여성,FA26,2026-07-07,2026-07-07,"299,000.00",38403,1,0.0,3,198959541405,0,0,0,1,1,1,0,0,0,0,0
나이키,신발(나이키),보메로 프리미엄 ESS,IQ8102-101,신발,255,IQ8102-101(255),135700494,여성,FA26,2026-07-07,2026-07-07,"299,000.00",38404,1,0.0,2,198959401655,0,0,0,1,0,1,0,0,0,0,0
나이키,신발(나이키),페가수스 42 ESS,IR0298-100,신발,230,IR0298-100(230),135700528,여성,FA26,2026-07-07,2026-07-07,"169,000.00",38707,2,0.0,4,198959734265,0,0,0,1,1,2,0,0,0,0,0
나이키,신발(나이키),페가수스 42 ESS,IR0298-100,신발,235,IR0298-100(235),135700528,여성,FA26,2026-07-07,2026-07-07,"169,000.00",38708,6,0.0,8,198959725843,0,0,0,1,1,6,0,0,0,0,0
나이키,신발(나이키),페가수스 42 ESS,IR0298-100,신발,240,IR0298-100(240),135700528,여성,FA26,2026-07-07,2026-07-07,"169,000.00",38709,6,0.0,9,198959746893,0,0,0,1,2,6,0,0,0,0,0
나이키,신발(나이키),페가수스 42 ESS,IR0298-100,신발,245,IR0298-100(245),135700528,여성,FA26,2026-07-07,2026-07-07,"169,000.00",38710,8,0.0,12,198959743922,0,0,0,1,3,8,0,0,0,0,0
나이키,신발(나이키),페가수스 42 ESS,IR0298-100,신발,250,IR0298-100(250),135700528,여성,FA26,2026-07-07,2026-07-07,"169,000.00",38711,3,0.0,6,198959742932,0,0,0,1,2,3,0,0,0,0,0
나이키,신발(나이키),페가수스 42 ESS,IR0298-100,신발,255,IR0298-100(255),135700528,여성,FA26,2026-07-07,2026-07-07,"169,000.00",38712,1,0.0,1,198959743458,0,0,0,0,0,1,0,0,0,0,0
나이키,신발(나이키),페가수스 프리미엄 ESS,IR0836-100,신발,230,IR0836-100(230),135700522,여성,FA26,2026-07-07,2026-07-07,"289,000.00",38443,2,0.0,4,198959735460,0,0,0,1,1,2,0,0,0,0,0
나이키,신발(나이키),페가수스 프리미엄 ESS,IR0836-100,신발,235,IR0836-100(235),135700522,여성,FA26,2026-07-07,2026-07-07,"289,000.00",38444,1,0.0,4,198959748118,0,0,0,1,2,1,0,0,0,0,0
나이키,신발(나이키),페가수스 프리미엄 ESS,IR0836-100,신발,240,IR0836-100(240),135700522,여성,FA26,2026-07-07,2026-07-07,"289,000.00",38445,4,0.0,7,198959747739,0,0,0,1,2,4,0,0,0,0,0
나이키,신발(나이키),페가수스 프리미엄 ESS,IR0836-100,신발,245,IR0836-100(245),135700522,여성,FA26,2026-07-07,2026-07-07,"289,000.00",38446,4,0.0,7,198959736689,0,0,0,1,2,4,0,0,0,0,0
나이키,신발(나이키),페가수스 프리미엄 ESS,IR0836-100,신발,250,IR0836-100(250),135700522,여성,FA26,2026-07-07,2026-07-07,"289,000.00",38447,0,0.0,2,198959733626,0,0,0,1,1,0,0,0,0,0,0
나이키,신발(나이키),페가수스 프리미엄 ESS,IR0836-100,신발,255,IR0836-100(255),135700522,여성,FA26,2026-07-07,2026-07-07,"289,000.00",38448,2,0.0,2,198959746794,0,0,0,0,0,2,0,0,0,0,0
나이키,신발(나이키),페가수스 42 와이드,IR1228-102,신발,250,IR1228-102(250),133327078,남성,SU26,2026-04-03,2026-04-03,"169,000.00",33371,0,0.0,1,198730385402,0,0,0,0,1,0,0,0,0,0,0
나이키,신발(나이키),페가수스 42 와이드,IR1228-102,신발,255,IR1228-102(255),133327078,남성,SU26,2026-04-03,2026-04-03,"169,000.00",33372,1,0.0,2,198730395449,0,0,0,1,0,1,0,0,0,0,0
나이키,신발(나이키),페가수스 42 와이드,IR1228-102,신발,265,IR1228-102(265),133327078,남성,SU26,2026-04-03,2026-04-03,"169,000.00",33374,0,0.0,1,198730393650,0,0,0,1,0,0,0,0,0,0,0
나이키,신발(나이키),페가수스 42 와이드,IR1228-102,신발,270,IR1228-102(270),133327078,남성,SU26,2026-04-03,2026-04-03,"169,000.00",33375,0,0.0,1,198730385471,0,0,0,0,1,0,0,0,0,0,0
나이키,신발(나이키),페가수스 42 와이드,IR1228-102,신발,275,IR1228-102(275),133327078,남성,SU26,2026-04-03,2026-04-03,"169,000.00",33376,0,0.0,3,198730380681,0,0,0,1,2,0,0,0,0,0,0
나이키,신발(나이키),페가수스 42 와이드,IR1228-102,신발,280,IR1228-102(280),133327078,남성,SU26,2026-04-03,2026-04-03,"169,000.00",33377,1,0.0,1,198730394442,0,0,0,0,0,1,0,0,0,0,0
나이키,신발(나이키),페가수스 42 와이드,IR1228-102,신발,290,IR1228-102(290),133327078,남성,SU26,2026-04-03,2026-04-03,"169,000.00",33379,0,0.0,1,198730387000,0,0,0,1,0,0,0,0,0,0,0
나이키,신발(나이키),페가수스 프리미엄 RR,IR1229-001,신발,265,IR1229-001(265),133564899,남성,SU26,2026-05-12,2026-05-12,"279,000.00",33101,5,0.0,5,198729727633,0,0,0,0,0,5,0,0,0,0,0
나이키,신발(나이키),페가수스 프리미엄 RR,IR1229-001,신발,270,IR1229-001(270),133564899,남성,SU26,2026-05-12,2026-05-12,"279,000.00",33102,9,0.0,9,198729872920,0,0,0,0,0,9,0,0,0,0,0
나이키,신발(나이키),페가수스 프리미엄 RR,IR1229-001,신발,275,IR1229-001(275),133564899,남성,SU26,2026-05-12,2026-05-12,"279,000.00",33103,3,0.0,3,198729759191,0,0,0,0,0,3,0,1,0,0,0
나이키,신발(나이키),페가수스 프리미엄 RR,IR1229-001,신발,280,IR1229-001(280),133564899,남성,SU26,2026-05-12,2026-05-12,"279,000.00",33104,1,0.0,1,198729621009,0,0,0,0,0,1,0,0,0,0,0
나이키,신발(나이키),페가수스 프리미엄 RR,IR1229-001,신발,290,IR1229-001(290),133564899,남성,SU26,2026-05-12,2026-05-12,"279,000.00",33106,1,0.0,1,198729746887,0,0,0,0,0,1,0,0,0,0,0
나이키,신발(나이키),알파플라이 3 OR,IR1817-100,신발,250,IR1817-100(250),133410111,남성,SU26,2026-04-14,2026-04-14,"359,000.00",32815,0,0.0,1,198731343708,0,0,0,0,1,0,0,0,0,0,0
나이키,신발(나이키),알파플라이 3 OR,IR1817-100,신발,260,IR1817-100(260),133410111,남성,SU26,2026-04-14,2026-04-14,"359,000.00",32817,1,0.0,1,198731340547,0,0,0,0,0,0,0,0,0,0,1
나이키,신발(나이키),알파플라이 3 OR,IR1817-100,신발,265,IR1817-100(265),133410111,남성,SU26,2026-04-14,2026-04-14,"359,000.00",32818,0,0.0,2,198731351925,0,0,0,0,2,0,0,0,0,0,0
나이키,신발(나이키),알파플라이 3 OR,IR1817-100,신발,270,IR1817-100(270),133410111,남성,SU26,2026-04-14,2026-04-14,"359,000.00",32819,1,0.0,2,198731333624,0,0,0,0,1,1,0,0,0,0,0
나이키,신발(나이키),알파플라이 3 OR,IR1817-100,신발,275,IR1817-100(275),133410111,남성,SU26,2026-04-14,2026-04-14,"359,000.00",32820,0,0.0,2,198731333419,0,0,0,0,2,0,0,0,0,0,0
나이키,신발(나이키),알파플라이 3 OR,IR1817-100,신발,280,IR1817-100(280),133410111,남성,SU26,2026-04-14,2026-04-14,"359,000.00",32821,0,0.0,1,198731346297,0,0,0,0,1,0,0,0,0,0,0
나이키,신발(나이키),알파플라이 3 OR,IR1817-100,신발,285,IR1817-100(285),133410111,남성,SU26,2026-04-14,2026-04-14,"359,000.00",32822,0,0.0,1,198731344644,0,0,0,0,1,0,0,0,0,0,0
나이키,신발(나이키),알파플라이 3 BL,IR1996-001,신발,260,IR1996-001(260),133609984,남성,SU26,2026-05-14,2026-05-14,"359,000.00",32861,0,0.0,0,198731170786,0,0,0,0,0,0,0,1,0,0,0
나이키,신발(나이키),알파플라이 3 BL,IR1996-001,신발,270,IR1996-001(270),133609984,남성,SU26,2026-05-14,2026-05-14,"359,000.00",32863,1,0.0,1,198731170823,0,0,0,0,0,1,0,0,0,0,0
나이키,신발(나이키),베이퍼플라이 4 SE,IR2311-600,신발,230,IR2311-600(230),133564886,여성,SU26,2026-05-12,2026-05-12,"319,000.00",32965,1,0.0,3,198729749260,0,0,0,1,1,1,0,0,0,0,0
나이키,신발(나이키),베이퍼플라이 4 SE,IR2311-600,신발,235,IR2311-600(235),133564886,여성,SU26,2026-05-12,2026-05-12,"319,000.00",32966,4,0.0,6,198729731579,0,0,0,1,1,4,0,0,0,0,0
나이키,신발(나이키),베이퍼플라이 4 SE,IR2311-600,신발,240,IR2311-600(240),133564886,여성,SU26,2026-05-12,2026-05-12,"319,000.00",32967,5,0.0,7,198729772749,0,0,0,1,1,5,0,0,0,0,0
나이키,신발(나이키),베이퍼플라이 4 SE,IR2311-600,신발,245,IR2311-600(245),133564886,여성,SU26,2026-05-12,2026-05-12,"319,000.00",32968,3,0.0,5,198729750006,0,0,0,1,1,3,0,0,0,0,0
나이키,신발(나이키),베이퍼플라이 4 SE,IR2311-600,신발,250,IR2311-600(250),133564886,여성,SU26,2026-05-12,2026-05-12,"319,000.00",32969,2,0.0,4,198729716736,0,0,0,1,1,2,0,0,0,0,0
나이키,신발(나이키),베이퍼플라이 4 SE,IR2311-600,신발,255,IR2311-600(255),133564886,여성,SU26,2026-05-12,2026-05-12,"319,000.00",32970,0,0.0,2,198729867704,0,0,0,1,1,0,0,0,0,0,0
나이키,신발(나이키),알파플라이 3 SE,IR2312-600,신발,230,IR2312-600(230),133609955,여성,SU26,2026-05-14,2026-05-14,"349,000.00",32877,4,0.0,4,198729785503,0,0,0,0,0,4,0,0,0,0,0
나이키,신발(나이키),알파플라이 3 SE,IR2312-600,신발,235,IR2312-600(235),133609955,여성,SU26,2026-05-14,2026-05-14,"349,000.00",32878,5,0.0,5,198729879370,0,0,0,0,0,5,0,0,0,0,0
나이키,신발(나이키),알파플라이 3 SE,IR2312-600,신발,240,IR2312-600(240),133609955,여성,SU26,2026-05-14,2026-05-14,"349,000.00",32879,7,0.0,7,198729867841,0,0,0,0,0,7,0,0,0,0,0
나이키,신발(나이키),알파플라이 3 SE,IR2312-600,신발,245,IR2312-600(245),133609955,여성,SU26,2026-05-14,2026-05-14,"349,000.00",32880,5,0.0,5,198729854278,0,0,0,0,0,5,0,0,0,0,0
나이키,신발(나이키),알파플라이 3 SE,IR2312-600,신발,250,IR2312-600(250),133609955,여성,SU26,2026-05-14,2026-05-14,"349,000.00",32881,3,0.0,3,198729796370,0,0,0,0,0,3,0,0,0,0,0
나이키,신발(나이키),알파플라이 3 SE,IR2312-600,신발,255,IR2312-600(255),133609955,여성,SU26,2026-05-14,2026-05-14,"349,000.00",32882,2,0.0,2,198729732026,0,0,0,0,0,2,0,0,0,0,0
나이키,의류(나이키),에어로스위프트 드라이핏 ADV 타이츠,IU1064-010,의류,L,IU1064-010(L),135522892,여성,FA26,2026-07-07,2026-07-07,"105,000.00",39438,1,0.0,4,198961897392,0,0,0,1,2,1,0,0,0,0,0
나이키,의류(나이키),에어로스위프트 드라이핏 ADV 타이츠,IU1064-010,의류,M,IU1064-010(M),135522892,여성,FA26,2026-07-07,2026-07-07,"105,000.00",39437,6,0.0,11,198961880974,0,0,0,2,3,6,0,0,0,0,0
나이키,의류(나이키),에어로스위프트 드라이핏 ADV 타이츠,IU1064-010,의류,S,IU1064-010(S),135522892,여성,FA26,2026-07-07,2026-07-07,"105,000.00",39436,4,0.0,10,198961885184,0,0,0,3,3,4,0,0,0,0,0
나이키,의류(나이키),에어로스위프트 드라이핏 ADV 타이츠,IU1064-437,의류,L,IU1064-437(L),135921949,여성,FA26,2026-07-14,2026-07-14,"105,000.00",39450,6,0.0,6,198961878209,0,0,0,0,0,6,0,0,0,0,0
나이키,의류(나이키),에어로스위프트 드라이핏 ADV 타이츠,IU1064-437,의류,M,IU1064-437(M),135921949,여성,FA26,2026-07-14,2026-07-14,"105,000.00",39449,6,0.0,6,198961897941,0,0,0,0,0,6,0,0,0,0,0
나이키,의류(나이키),에어로스위프트 드라이핏 ADV 타이츠,IU1064-437,의류,S,IU1064-437(S),135921949,여성,FA26,2026-07-14,2026-07-14,"105,000.00",39448,6,0.0,6,198961895176,0,0,0,0,0,6,0,0,0,0,0
나이키ACC,용품(나이키ACC),ACG UV 쿨링 슬리브 페어,IU1504-019,용품,L/XL,IU1504-019(L/XL),133426962,공용,FA26,,,"49,000.00",34191,9,0.0,21,198730058382,0,0,0,5,3,9,0,0,0,0,0
나이키ACC,용품(나이키ACC),ACG UV 쿨링 슬리브 페어,IU1504-019,용품,L/XL,IU1504-019(L/XL),133426962,공용,SU26,2026-04-14,2026-04-14,"49,000.00",34191,9,0.0,21,198730058382,0,0,0,2,2,0,0,0,0,0,0
나이키ACC,용품(나이키ACC),ACG UV 쿨링 슬리브 페어,IU1504-019,용품,S/M,IU1504-019(S/M),133426962,공용,SU26,2026-04-14,2026-04-14,"49,000.00",34189,16,0.0,40,198730059228,0,0,0,4,2,0,0,0,0,0,0
나이키ACC,용품(나이키ACC),ACG UV 쿨링 슬리브 페어,IU1504-019,용품,S/M,IU1504-019(S/M),133426962,공용,FA26,2026-07-20,2026-07-20,"49,000.00",34189,16,0.0,40,198730059228,0,0,0,12,6,16,0,0,0,0,0
나이키ACC,용품(나이키ACC),ACG UV 쿨링 슬리브 페어,IU1504-833,용품,L/XL,IU1504-833(L/XL),133426957,공용,FA26,,,"49,000.00",34185,5,0.0,13,198730058962,0,0,0,3,3,5,0,0,0,0,0
나이키ACC,용품(나이키ACC),ACG UV 쿨링 슬리브 페어,IU1504-833,용품,L/XL,IU1504-833(L/XL),133426957,공용,SU26,2026-04-14,2026-04-14,"49,000.00",34185,5,0.0,13,198730058962,0,0,0,0,2,0,0,0,0,0,0
나이키ACC,용품(나이키ACC),ACG UV 쿨링 슬리브 페어,IU1504-833,용품,S/M,IU1504-833(S/M),133426957,공용,SU26,2026-04-14,2026-04-14,"49,000.00",34183,9,0.0,20,198730058818,0,0,0,1,1,0,0,0,0,0,0
나이키ACC,용품(나이키ACC),ACG UV 쿨링 슬리브 페어,IU1504-833,용품,S/M,IU1504-833(S/M),133426957,공용,FA26,2026-07-20,2026-07-20,"49,000.00",34183,9,0.0,20,198730058818,0,0,0,6,3,9,0,0,0,0,0
나이키ACC,용품(나이키ACC),ACG UV 쿨링 랩,IU1608-019,용품,1SIZE,IU1608-019(1SIZE),133426954,공용,SU26,2026-04-14,2026-04-14,"45,000.00",34195,23,0.0,55,198729738905,0,0,0,1,1,0,0,0,0,0,0
나이키ACC,용품(나이키ACC),ACG UV 쿨링 랩,IU1608-019,용품,1SIZE,IU1608-019(1SIZE),133426954,공용,FA26,2026-07-20,2026-07-20,"45,000.00",34195,23,0.0,55,198729738905,0,0,0,18,12,23,0,0,0,0,0
나이키ACC,용품(나이키ACC),ACG UV 쿨링 랩,IU1608-833,용품,1SIZE,IU1608-833(1SIZE),135951177,,FA26,2026-07-20,2026-07-20,"45,000.00",39923,3,0.0,28,198729741400,0,0,0,12,12,4,0,0,0,0,0
나이키,의류(나이키),ACG UV 에어리즈 버튼 재킷,IU8151-070,의류,L,IU8151-070(L),135700483,남성,FA26,2026-07-07,2026-07-07,"165,000.00",38971,1,0.0,4,198960126899,0,0,0,2,1,1,0,0,0,0,0
나이키,의류(나이키),ACG UV 에어리즈 버튼 재킷,IU8151-070,의류,M,IU8151-070(M),135700483,남성,FA26,2026-07-07,2026-07-07,"165,000.00",38970,2,0.0,3,198960140734,0,0,0,1,0,2,0,0,0,0,0
나이키,의류(나이키),ACG UV 에어리즈 버튼 재킷,IU8151-070,의류,S,IU8151-070(S),135700483,남성,FA26,2026-07-07,2026-07-07,"165,000.00",38969,2,0.0,2,198960131985,0,0,0,0,0,2,0,0,0,0,0
나이키,의류(나이키),ACG UV 에어리즈 버튼 재킷,IU8151-070,의류,XL,IU8151-070(XL),135700483,남성,FA26,2026-07-07,2026-07-07,"165,000.00",38972,0,0.0,1,198960146576,0,0,0,0,1,0,0,0,0,0,0
나이키,의류(나이키),ACG UV 에어리즈 버튼 재킷,IU8151-070,의류,XXL,IU8151-070(XXL),135700483,남성,FA26,2026-07-07,2026-07-07,"165,000.00",38973,0,0.0,1,198960136324,0,0,0,1,0,0,0,0,0,0,0
나이키,의류(나이키),ACG 드라이핏 터프 플리스 라이트 크루,IU8163-121,의류,L,IU8163-121(L),135912046,남성,FA26,2026-07-07,2026-07-07,"135,000.00",39114,6,0.0,10,198960127803,0,0,0,2,2,6,0,0,0,0,0
나이키,의류(나이키),ACG 드라이핏 터프 플리스 라이트 크루,IU8163-121,의류,M,IU8163-121(M),135912046,남성,FA26,2026-07-07,2026-07-07,"135,000.00",39113,2,0.0,6,198960137512,0,0,0,2,2,2,0,0,0,0,0
나이키,의류(나이키),ACG 드라이핏 터프 플리스 라이트 크루,IU8163-121,의류,XL,IU8163-121(XL),135912046,남성,FA26,2026-07-07,2026-07-07,"135,000.00",39115,6,0.0,10,198960142141,0,0,0,2,2,6,0,0,0,0,0
나이키,의류(나이키),ACG 드라이핏 터프 플리스 라이트 크루,IU8163-121,의류,XXL,IU8163-121(XXL),135912046,남성,FA26,2026-07-07,2026-07-07,"135,000.00",39116,2,0.0,4,198960149539,0,0,0,1,1,2,0,0,0,0,0
나이키,의류(나이키),ACG 드라이핏 터프 플리스 라이트 크루,IU8163-819,의류,L,IU8163-819(L),135912039,남성,FA26,2026-07-07,2026-07-07,"135,000.00",39122,3,0.0,7,198960131602,0,0,0,2,2,3,0,0,0,0,0
나이키,의류(나이키),ACG 드라이핏 터프 플리스 라이트 크루,IU8163-819,의류,M,IU8163-819(M),135912039,남성,FA26,2026-07-07,2026-07-07,"135,000.00",39121,2,0.0,4,198960127575,0,0,0,1,1,2,0,0,0,0,0
나이키,의류(나이키),ACG 드라이핏 터프 플리스 라이트 크루,IU8163-819,의류,XL,IU8163-819(XL),135912039,남성,FA26,2026-07-07,2026-07-07,"135,000.00",39123,2,0.0,6,198960131978,0,0,0,2,2,2,0,0,0,0,0
나이키,의류(나이키),ACG 드라이핏 터프 플리스 라이트 크루,IU8163-819,의류,XXL,IU8163-819(XXL),135912039,남성,FA26,2026-07-07,2026-07-07,"135,000.00",39124,1,0.0,3,198960145968,0,0,0,1,1,1,0,0,0,0,0
나이키,의류(나이키),ACG 드라이핏 터프 플리스 라이트 크루,IU8169-070,의류,L,IU8169-070(L),135912027,여성,FA26,2026-07-07,2026-07-07,"139,000.00",39162,4,0.0,6,198960137130,0,0,0,1,1,4,0,0,0,0,0
나이키,의류(나이키),ACG 드라이핏 터프 플리스 라이트 크루,IU8169-070,의류,M,IU8169-070(M),135912027,여성,FA26,2026-07-07,2026-07-07,"139,000.00",39161,3,0.0,7,198960135433,0,0,0,2,2,3,0,0,0,0,0
나이키,의류(나이키),ACG 드라이핏 터프 플리스 라이트 크루,IU8169-070,의류,S,IU8169-070(S),135912027,여성,FA26,2026-07-07,2026-07-07,"139,000.00",39160,3,0.0,7,198960145487,0,0,0,2,2,3,0,0,0,0,0
나이키,용품(나이키),UV 쿨링 슬리브 페어,IU9971-042,용품,L/XL,IU9971-042(L/XL),135951176,,FA26,,,0.00,39919,6,0.0,12,198731882993,0,0,0,3,3,6,0,0,0,0,0
나이키,용품(나이키),UV 쿨링 슬리브 페어,IU9971-042,용품,S/M,IU9971-042(S/M),135951176,,FA26,2026-07-20,2026-07-20,"39,000.00",39917,10,0.0,16,198731883181,0,0,0,3,3,10,0,0,0,0,0
나이키,의류(나이키),ACG 래디컬 에어플로우 숏슬리브,IV5367-100,의류,L,IV5367-100(L),133863992,남성,FA26,2026-06-25,2026-06-25,"155,000.00",39202,0,0.0,5,198964860348,0,0,0,5,0,0,0,0,0,0,0
나이키,의류(나이키),ACG 래디컬 에어플로우 숏슬리브,IV5367-100,의류,XL,IV5367-100(XL),133863992,남성,FA26,2026-06-25,2026-06-25,"155,000.00",39203,0,0.0,6,198965158918,0,0,0,5,1,0,0,0,0,0,0
나이키,의류(나이키),ACG 드라이핏 래디컬 에어플로 탱크,IV5371-100,의류,L,IV5371-100(L),,여성,FA26,2026-08-28,2026-08-28,"139,000.00",39346,4,0.0,6,198965195524,0,1,1,0,0,4,0,0,0,0,0
나이키,의류(나이키),ACG 드라이핏 래디컬 에어플로 탱크,IV5371-100,의류,M,IV5371-100(M),,여성,FA26,2026-08-28,2026-08-28,"139,000.00",39345,9,0.0,13,198965349804,0,2,2,0,0,9,0,0,0,0,0
나이키,의류(나이키),ACG 드라이핏 래디컬 에어플로 탱크,IV5371-100,의류,S,IV5371-100(S),,여성,FA26,2026-08-28,2026-08-28,"139,000.00",39344,7,0.0,11,198965228369,0,2,2,0,0,7,0,0,0,0,0
나이키,의류(나이키),ACG 드라이핏 래디컬 에어플로 탱크,IW0768-060,의류,L,IW0768-060(L),136594552,남성,FA26,2026-08-25,2026-08-25,"139,000.00",39306,18,0.0,58,198965173348,0,0,0,20,20,18,0,0,0,0,0
나이키,의류(나이키),ACG 드라이핏 래디컬 에어플로 탱크,IW0768-060,의류,M,IW0768-060(M),136594552,남성,FA26,2026-08-25,2026-08-25,"139,000.00",39305,0,0.0,22,198965188526,0,0,0,11,11,0,0,0,0,0,0
나이키,의류(나이키),ACG 드라이핏 래디컬 에어플로 탱크,IW0768-060,의류,S,IW0768-060(S),136594552,남성,FA26,2026-08-25,2026-08-25,"139,000.00",39304,0,0.0,4,198965097835,0,0,0,2,2,0,0,0,0,0,0
나이키,의류(나이키),ACG 드라이핏 래디컬 에어플로 탱크,IW0768-060,의류,XL,IW0768-060(XL),136594552,남성,FA26,2026-08-25,2026-08-25,"139,000.00",39307,21,0.0,51,198965245595,0,0,0,15,15,21,0,0,0,0,0
나이키,의류(나이키),ACG 드라이핏 래디컬 에어플로 탱크,IW0768-060,의류,XXL,IW0768-060(XXL),136594552,남성,FA26,2026-08-25,2026-08-25,"139,000.00",39308,0,0.0,2,198965296573,0,0,0,1,1,0,0,0,0,0,0
나이키,의류(나이키),ACG 드라이핏 래디컬 에어플로 탱크,IW0768-100,의류,L,IW0768-100(L),136419193,남성,FA26,2026-07-29,2026-07-29,"139,000.00",39314,0,0.0,7,198965212245,0,0,0,4,3,0,0,0,0,0,0
나이키,의류(나이키),ACG 드라이핏 래디컬 에어플로 탱크,IW0768-100,의류,M,IW0768-100(M),136419193,남성,FA26,2026-07-29,2026-07-29,"139,000.00",39313,0,0.0,6,198965167682,0,0,0,4,2,0,0,0,0,0,0
나이키,의류(나이키),ACG 드라이핏 래디컬 에어플로 탱크,IW0768-100,의류,S,IW0768-100(S),136419193,남성,FA26,2026-07-29,2026-07-29,"139,000.00",39312,0,0.0,1,198965032348,0,0,0,1,0,0,0,0,0,0,0
나이키,의류(나이키),ACG 드라이핏 래디컬 에어플로 탱크,IW0768-100,의류,XL,IW0768-100(XL),136419193,남성,FA26,2026-07-29,2026-07-29,"139,000.00",39315,7,0.0,16,198965308474,0,0,0,5,4,7,0,0,0,0,0
나이키,의류(나이키),ACG 드라이핏 래디컬 에어플로 탱크,IW0768-100,의류,XXL,IW0768-100(XXL),136419193,남성,FA26,2026-07-29,2026-07-29,"139,000.00",39316,0,0.0,1,198965307576,0,0,0,1,0,0,0,0,0,0,0
나이키,신발(나이키),페가수스 42 CN,IW2349-001,신발,250,IW2349-001(250),,남성,FA26,2026-08-28,2026-08-28,"189,000.00",38271,1,0.0,3,198963167561,0,1,1,0,0,1,0,0,0,0,0
나이키,신발(나이키),페가수스 42 CN,IW2349-001,신발,255,IW2349-001(255),,남성,FA26,2026-08-28,2026-08-28,"189,000.00",38272,4,0.0,6,198963159719,0,1,1,0,0,4,0,0,0,0,0
나이키,신발(나이키),페가수스 42 CN,IW2349-001,신발,260,IW2349-001(260),,남성,FA26,2026-08-28,2026-08-28,"189,000.00",38273,4,0.0,10,198963171650,0,3,3,0,0,4,0,0,0,0,0
나이키,신발(나이키),페가수스 42 CN,IW2349-001,신발,265,IW2349-001(265),,남성,FA26,2026-08-28,2026-08-28,"189,000.00",38274,10,0.0,16,198963113940,0,3,3,0,0,10,0,0,0,0,0
나이키,신발(나이키),페가수스 42 CN,IW2349-001,신발,270,IW2349-001(270),,남성,FA26,2026-08-28,2026-08-28,"189,000.00",38275,9,0.0,17,198963147556,0,4,4,0,0,9,0,0,0,0,0
나이키,신발(나이키),페가수스 42 CN,IW2349-001,신발,275,IW2349-001(275),,남성,FA26,2026-08-28,2026-08-28,"189,000.00",38276,7,0.0,13,198963132545,0,3,3,0,0,7,0,0,0,0,0
나이키,신발(나이키),페가수스 42 CN,IW2349-001,신발,280,IW2349-001(280),,남성,FA26,2026-08-28,2026-08-28,"189,000.00",38277,4,0.0,8,198963128449,0,2,2,0,0,4,0,0,0,0,0
나이키,신발(나이키),페가수스 42 CN,IW2349-001,신발,285,IW2349-001(285),,남성,FA26,2026-08-28,2026-08-28,"189,000.00",38278,3,0.0,5,198963128081,0,1,1,0,0,3,0,0,0,0,0
나이키,신발(나이키),페가수스 42 CN,IW2349-001,신발,290,IW2349-001(290),,남성,FA26,2026-08-28,2026-08-28,"189,000.00",38279,0,0.0,2,198963165277,0,1,1,0,0,0,0,0,0,0,0
나이키,용품(나이키),ACG 래디컬 에어플로 플라이 캡,IX1854-100,용품,L/XL,IX1854-100(L/XL),133863986,공용,FA26,2026-06-30,2026-06-30,"59,000.00",39488,0,0.0,9,198965157621,0,0,0,3,6,0,0,1,0,0,0
나이키,용품(나이키),ACG 래디컬 에어플로 플라이 캡,IX1854-100,용품,M/L,IX1854-100(M/L),133863986,공용,FA26,2026-06-30,2026-06-30,"59,000.00",39487,1,0.0,1,198965273246,0,0,0,0,1,0,0,1,0,0,0
나이키,용품(나이키),ACG 래디컬 에어플로 플라이 캡,IX1854-100,용품,S/M,IX1854-100(S/M),133863986,공용,FA26,2026-06-30,2026-06-30,"59,000.00",39486,0,0.0,1,198965033734,0,0,0,1,0,0,0,0,0,0,0
아디다스,의류(아디다스),아디제로 러닝 스플릿 쇼츠,IX8975,의류,L,IX8975(L),133087424,남성,26SS,2026-03-10,2026-03-10,"89,000.00",27415,3,0.0,7,4067902006277,0,0,0,2,2,3,0,0,0,0,0
아디다스,의류(아디다스),아디제로 러닝 스플릿 쇼츠,IX8975,의류,M,IX8975(M),133087424,남성,26SS,2026-03-10,2026-03-10,"89,000.00",27414,0,0.0,4,4067902006314,0,0,0,2,2,0,0,0,0,0,0
아디다스,의류(아디다스),아디제로 러닝 스플릿 쇼츠,IX8975,의류,XL,IX8975(XL),133087424,남성,26SS,2026-03-10,2026-03-10,"89,000.00",27416,1,0.0,4,4067902006307,0,0,0,1,2,1,0,0,0,0,0
아디다스,의류(아디다스),아디제로 컨트롤 러닝 쇼츠 타이츠,IX8976,의류,L,IX8976(L),,남성,26FW,2026-08-31,2026-08-31,"159,000.00",35938,20,0.0,30,,0,5,0,0,5,20,0,0,0,0,0
아디다스,의류(아디다스),아디제로 컨트롤 러닝 쇼츠 타이츠,IX8976,의류,M,IX8976(M),,남성,26FW,2026-08-31,2026-08-31,"159,000.00",35937,25,0.0,35,,0,5,0,0,5,25,0,0,0,0,0
아디다스,의류(아디다스),아디제로 컨트롤 러닝 쇼츠 타이츠,IX8976,의류,S,IX8976(S),,남성,26FW,2026-08-31,2026-08-31,"159,000.00",35936,12,0.0,20,,0,4,0,0,4,12,0,0,0,0,0
아디다스,의류(아디다스),아디제로 컨트롤 러닝 쇼츠 타이츠,IX8976,의류,XL,IX8976(XL),,남성,26FW,2026-08-31,2026-08-31,"159,000.00",35939,9,0.0,15,,0,3,0,0,3,9,0,0,0,0,0
아디다스,의류(아디다스),아디제로 러닝 재킷,IX8988,의류,L,IX8988(L),132601665,남성,26SS,2026-01-08,2026-01-08,"219,000.00",27055,0,0.0,5,4067887534352,0,0,0,2,3,0,0,0,0,0,0
아디다스,의류(아디다스),아디제로 러닝 재킷,IX8988,의류,M,IX8988(M),132601665,남성,26SS,2026-01-08,2026-01-08,"219,000.00",27054,1,0.0,4,4067887534314,0,0,0,1,2,1,0,0,0,0,0
아디다스,의류(아디다스),아디제로 러닝 재킷,IX8988,의류,S,IX8988(S),132601665,남성,26SS,2026-01-08,2026-01-08,"219,000.00",27053,0,0.0,1,,0,0,0,0,1,0,0,0,0,0,0
아디다스,의류(아디다스),아디제로 러닝 재킷,IX8988,의류,XL,IX8988(XL),132601665,남성,26SS,2026-01-08,2026-01-08,"219,000.00",27056,2,0.0,4,4067887532136,0,0,0,1,1,2,0,0,0,0,0
아디다스,의류(아디다스),아디제로 러닝 재킷,IX8988,의류,XXL,IX8988(XXL),132601665,남성,26SS,2026-01-08,2026-01-08,"219,000.00",27057,0,0.0,2,4067887534338,0,0,0,2,0,0,0,0,0,0,0
나이키ACC,용품(나이키ACC),ACG 차모카모 팩 베스트 5L,JA0381-285,용품,L,JA0381-285(L),136588200,공용,FA26,2026-08-14,2026-08-14,"229,000.00",41021,43,0.0,61,199777003816,0,0,0,10,8,43,0,0,0,0,0
나이키ACC,용품(나이키ACC),ACG 차모카모 팩 베스트 5L,JA0381-285,용품,M,JA0381-285(M),136588200,공용,FA26,2026-08-14,2026-08-14,"229,000.00",41020,65,0.0,103,199777023371,0,0,0,20,18,65,0,0,0,0,0
나이키ACC,용품(나이키ACC),ACG 차모카모 팩 베스트 5L,JA0381-285,용품,S,JA0381-285(S),136588200,공용,FA26,2026-08-14,2026-08-14,"229,000.00",41019,44,0.0,64,199777047391,0,0,0,10,10,44,0,0,0,0,0
아디다스,용품(아디다스),러닝 X 아디제로 클라이마쿨 캡,JD1160,용품,L,JD1160(L),132875736,공용,26FW,2026-06-01,2026-05-29,"39,000.00",27522,0,0.0,5,4067902599892,0,0,0,2,5,0,0,0,0,0,1
아디다스,용품(아디다스),러닝 X 아디제로 클라이마쿨 캡,JD1160,용품,M,JD1160(M),132875736,공용,26FW,2026-06-01,2026-05-29,"39,000.00",27521,3,0.0,26,4067902599908,3,0,0,13,14,0,0,0,0,0,3
아디다스,용품(아디다스),러닝 X 아디제로 클라이마쿨 캡,JD1160,용품,S,JD1160(S),132875736,공용,26SS,2026-02-13,2026-02-13,"39,000.00",27520,3,0.0,33,4067902599922,0,0,0,5,0,0,0,0,0,0,19
아디다스,용품(아디다스),러닝 X 아디제로 클라이마쿨 캡,JD1160,용품,S,JD1160(S),132875736,공용,26FW,2026-06-01,2026-05-29,"39,000.00",27520,3,0.0,33,4067902599922,3,0,0,6,20,0,0,0,0,0,0
아디다스,의류(아디다스),아디제로 러닝 롱슬리브 티셔츠,JD3638,의류,L,JD3638(L),,남성,26FW,2026-08-28,2026-08-28,"89,000.00",35683,19,0.0,27,,0,4,0,0,4,19,0,0,0,0,0
아디다스,의류(아디다스),아디제로 러닝 롱슬리브 티셔츠,JD3638,의류,M,JD3638(M),,남성,26FW,2026-08-28,2026-08-28,"89,000.00",35682,8,0.0,14,,0,3,0,0,3,8,0,0,0,0,0
아디다스,의류(아디다스),아디제로 러닝 롱슬리브 티셔츠,JD3638,의류,S,JD3638(S),,남성,26FW,2026-08-28,2026-08-28,"89,000.00",35681,3,0.0,3,,0,0,0,0,0,3,0,0,0,0,0
아디다스,의류(아디다스),아디제로 러닝 롱슬리브 티셔츠,JD3638,의류,XL,JD3638(XL),,남성,26FW,2026-08-28,2026-08-28,"89,000.00",35684,18,0.0,26,,0,4,0,0,4,18,0,0,0,0,0
아디다스,의류(아디다스),아디제로 러닝 롱슬리브 티셔츠,JD3638,의류,XXL,JD3638(XXL),,남성,26FW,2026-08-28,2026-08-28,"89,000.00",35685,6,0.0,10,,0,2,0,0,2,6,0,0,0,0,0
아디다스,용품(아디다스),런 X 아디제로 삭스,JD9557,용품,XL,JD9557(XL),132875734,공용,26SS,2026-02-13,2026-02-13,"19,000.00",27526,3,0.0,4,4067901879018,0,0,0,1,0,3,0,0,0,0,0
아디다스,의류(아디다스),아디제로 러닝 티셔츠,JF3473,의류,L,JF3473(L),133835637,남성,26FW,2026-06-17,2026-06-17,"79,000.00",35691,30,0.0,60,4067887543095,0,0,0,15,15,30,0,0,0,0,0
아디다스,의류(아디다스),아디제로 러닝 티셔츠,JF3473,의류,M,JF3473(M),133835637,남성,26FW,2026-06-17,2026-06-17,"79,000.00",35690,18,0.0,31,4067887542975,0,0,0,8,5,18,0,0,0,0,0
아디다스,의류(아디다스),아디제로 러닝 티셔츠,JF3473,의류,S,JF3473(S),133835637,남성,26FW,2026-06-17,2026-06-17,"79,000.00",35689,4,0.0,7,4067887543019,0,0,0,2,1,4,0,0,0,0,0
아디다스,의류(아디다스),아디제로 러닝 티셔츠,JF3473,의류,XL,JF3473(XL),133835637,남성,26FW,2026-06-17,2026-06-17,"79,000.00",35692,33,0.0,58,4067887542968,0,0,0,15,10,33,0,0,0,0,0
아디다스,의류(아디다스),아디제로 러닝 티셔츠,JF3473,의류,XXL,JF3473(XXL),133835637,남성,26FW,2026-06-17,2026-06-17,"79,000.00",35693,15,0.0,23,4067887543101,0,0,0,5,3,15,0,0,0,0,0
아디다스,의류(아디다스),아디제로 러닝 티셔츠,JF3480,의류,L,JF3480(L),133835636,여성,26FW,2026-06-17,2026-06-17,"79,000.00",35717,18,0.0,18,,0,0,0,0,0,17,0,0,0,1,0
아디다스,의류(아디다스),아디제로 러닝 티셔츠,JF3480,의류,M,JF3480(M),133835636,여성,26FW,2026-06-17,2026-06-17,"79,000.00",35716,25,0.0,25,,0,0,0,0,0,24,0,0,0,1,0
아디다스,의류(아디다스),아디제로 러닝 티셔츠,JF3480,의류,S,JF3480(S),133835636,여성,26FW,2026-06-17,2026-06-17,"79,000.00",35715,26,0.0,26,,0,0,0,0,0,25,0,0,0,1,0
아디다스,신발(아디다스),아디제로 EVO SL,JH6206,신발,250,JH6206(250),132221277,남성,26SS,2025-12-01,2026-03-24,"209,000.00",26591,9,0.0,10,4067903745922,0,0,0,0,0,1,0,0,0,0,0
아디다스,신발(아디다스),아디제로 EVO SL,JH6206,신발,250,JH6206(250),132221277,남성,26FW,2026-05-14,2026-05-14,"209,000.00",26591,9,0.0,10,4067903745922,0,0,0,1,0,8,0,0,0,0,0
아디다스,신발(아디다스),아디제로 EVO SL,JH6206,신발,255,JH6206(255),132221277,남성,26SS,2025-12-01,2026-03-24,"209,000.00",26592,9,0.0,10,4067903746011,0,0,0,0,0,2,0,0,0,0,0
아디다스,신발(아디다스),아디제로 EVO SL,JH6206,신발,255,JH6206(255),132221277,남성,26FW,2026-05-14,2026-05-14,"209,000.00",26592,9,0.0,10,4067903746011,0,0,0,1,0,7,0,0,0,0,0
아디다스,신발(아디다스),아디제로 EVO SL,JH6206,신발,260,JH6206(260),132221277,남성,26SS,2025-12-01,2026-03-24,"209,000.00",26593,26,0.0,31,4067903746097,0,0,0,0,0,4,0,0,0,0,0
아디다스,신발(아디다스),아디제로 EVO SL,JH6206,신발,260,JH6206(260),132221277,남성,26FW,2026-05-14,2026-05-14,"209,000.00",26593,26,0.0,31,4067903746097,0,0,0,5,0,22,0,0,0,0,0
아디다스,신발(아디다스),아디제로 EVO SL,JH6206,신발,265,JH6206(265),132221277,남성,26SS,2025-12-01,2026-03-24,"209,000.00",26594,33,0.0,43,4067903746110,0,0,0,0,0,7,0,0,0,0,0
아디다스,신발(아디다스),아디제로 EVO SL,JH6206,신발,265,JH6206(265),132221277,남성,26FW,2026-05-14,2026-05-14,"209,000.00",26594,33,0.0,43,4067903746110,0,0,0,10,0,26,0,0,0,0,0
아디다스,신발(아디다스),아디제로 EVO SL,JH6206,신발,270,JH6206(270),132221277,남성,26SS,2025-12-01,2026-03-24,"209,000.00",26595,38,0.0,42,4067903746035,0,0,0,1,1,5,0,0,0,0,0
아디다스,신발(아디다스),아디제로 EVO SL,JH6206,신발,270,JH6206(270),132221277,남성,26FW,2026-05-14,2026-05-14,"209,000.00",26595,38,0.0,42,4067903746035,0,0,0,2,0,33,0,0,0,0,0
아디다스,신발(아디다스),아디제로 EVO SL,JH6206,신발,275,JH6206(275),132221277,남성,26SS,2025-12-01,2026-03-24,"209,000.00",26596,20,0.0,25,4067903746080,0,0,0,4,0,0,0,0,0,0,0
아디다스,신발(아디다스),아디제로 EVO SL,JH6206,신발,275,JH6206(275),132221277,남성,26FW,2026-05-14,2026-05-14,"209,000.00",26596,20,0.0,25,4067903746080,0,0,0,1,0,20,0,0,0,0,0
아디다스,신발(아디다스),아디제로 EVO SL,JH6206,신발,280,JH6206(280),132221277,남성,26SS,2025-12-01,2026-03-24,"209,000.00",26597,15,0.0,15,4067903746042,0,0,0,0,0,2,0,0,0,0,0
아디다스,신발(아디다스),아디제로 EVO SL,JH6206,신발,280,JH6206(280),132221277,남성,26FW,2026-05-14,2026-05-14,"209,000.00",26597,15,0.0,15,4067903746042,0,0,0,1,0,13,0,0,0,0,0
아디다스,신발(아디다스),아디제로 EVO SL,JH6206,신발,285,JH6206(285),132221277,남성,26SS,2025-12-01,2026-03-24,"209,000.00",26598,6,0.0,14,4067903746042,0,0,0,1,2,0,0,0,0,0,0
아디다스,신발(아디다스),아디제로 EVO SL,JH6206,신발,285,JH6206(285),132221277,남성,26FW,2026-05-14,2026-05-14,"209,000.00",26598,6,0.0,14,4067903746042,0,0,0,6,0,5,0,0,0,0,0
아디다스,신발(아디다스),아디제로 EVO SL,JH6206,신발,290,JH6206(290),132221277,남성,26SS,2025-12-01,2026-03-24,"209,000.00",26599,3,0.0,5,4067903745946,0,0,0,2,0,0,0,0,0,0,0
아디다스,신발(아디다스),아디제로 EVO SL,JH6206,신발,290,JH6206(290),132221277,남성,26FW,2026-05-14,2026-05-14,"209,000.00",26599,3,0.0,5,4067903745946,0,0,0,1,0,2,0,0,0,0,0
아디다스,신발(아디다스),아디제로 EVO SL,JH6208,신발,230,JH6208(230),132432655,여성,26SS,2025-12-24,2026-03-24,"209,000.00",26776,4,0.0,10,4067903742082,0,0,0,0,2,0,0,0,0,0,0
아디다스,신발(아디다스),아디제로 EVO SL,JH6208,신발,230,JH6208(230),132432655,여성,26FW,2026-07-08,2026-07-08,"209,000.00",26776,4,0.0,10,4067903742082,0,0,0,2,2,4,0,0,0,0,0
아디다스,신발(아디다스),아디제로 EVO SL,JH6208,신발,235,JH6208(235),132432655,여성,26SS,2025-12-24,2026-03-24,"209,000.00",26777,5,0.0,13,4067903742136,0,0,0,0,1,0,0,0,0,0,0
아디다스,신발(아디다스),아디제로 EVO SL,JH6208,신발,235,JH6208(235),132432655,여성,26FW,2026-07-08,2026-07-08,"209,000.00",26777,5,0.0,13,4067903742136,0,0,0,4,3,5,0,0,0,0,0
아디다스,신발(아디다스),아디제로 EVO SL,JH6208,신발,240,JH6208(240),132432655,여성,26SS,2025-12-24,2026-03-24,"209,000.00",26778,8,0.0,22,4067903742129,0,0,0,0,3,0,0,0,0,0,0
아디다스,신발(아디다스),아디제로 EVO SL,JH6208,신발,240,JH6208(240),132432655,여성,26FW,2026-07-08,2026-07-08,"209,000.00",26778,8,0.0,22,4067903742129,0,0,0,6,5,8,0,0,0,0,0
아디다스,신발(아디다스),아디제로 EVO SL,JH6208,신발,245,JH6208(245),132432655,여성,26FW,2026-07-08,2026-07-08,"209,000.00",26779,6,0.0,12,4067903738436,0,0,0,4,2,6,0,0,0,0,0
아디다스,신발(아디다스),아디제로 EVO SL,JH6208,신발,250,JH6208(250),132432655,여성,26SS,2025-12-24,2026-03-24,"209,000.00",26780,4,0.0,10,4067903742167,0,0,0,0,2,0,0,0,0,0,0
아디다스,신발(아디다스),아디제로 EVO SL,JH6208,신발,250,JH6208(250),132432655,여성,26FW,2026-07-08,2026-07-08,"209,000.00",26780,4,0.0,10,4067903742167,0,0,0,2,2,4,0,0,0,0,0
아디다스,신발(아디다스),아디제로 EVO SL,JH6208,신발,255,JH6208(255),132432655,여성,26FW,2026-07-08,2026-07-08,"209,000.00",26781,2,0.0,4,4067903738443,0,0,0,1,1,2,0,0,0,0,0
아디다스,의류(아디다스),아디제로 러닝 젤 포켓 쇼츠,JM3650,의류,L,JM3650(L),136575732,남성,26FW,2026-08-07,2026-08-07,"79,000.00",36010,8,0.0,8,,0,0,0,0,0,8,0,0,0,0,0
아디다스,의류(아디다스),아디제로 러닝 젤 포켓 쇼츠,JM3650,의류,S,JM3650(S),136575732,남성,26FW,2026-08-07,2026-08-07,"79,000.00",36008,2,0.0,2,,0,0,0,0,0,2,0,0,0,0,0
아디다스,의류(아디다스),아디제로 러닝 젤 포켓 쇼츠,JM3650,의류,XL,JM3650(XL),136575732,남성,26FW,2026-08-07,2026-08-07,"79,000.00",36011,5,0.0,5,,0,0,0,0,0,5,0,0,0,0,0
아디다스,의류(아디다스),아디제로 싱글렛,JN0298,의류,L,JN0298(L),133087426,남성,26SS,2026-03-05,2026-03-05,"89,000.00",27287,27,0.0,54,4067905949182,0,0,0,3,4,7,0,0,0,0,0
아디다스,의류(아디다스),아디제로 싱글렛,JN0298,의류,L,JN0298(L),133087426,남성,26FW,2026-06-01,2026-05-29,"89,000.00",27287,27,0.0,54,4067905949182,0,0,0,10,10,10,0,0,0,0,10
아디다스,의류(아디다스),아디제로 싱글렛,JN0298,의류,M,JN0298(M),133087426,남성,26SS,2026-03-05,2026-03-05,"89,000.00",27286,22,0.0,35,4067905947690,0,0,0,0,3,1,0,0,0,0,1
아디다스,의류(아디다스),아디제로 싱글렛,JN0298,의류,M,JN0298(M),133087426,남성,26FW,2026-06-01,2026-05-29,"89,000.00",27286,22,0.0,35,4067905947690,0,0,0,5,5,0,0,0,0,20,0
아디다스,의류(아디다스),아디제로 싱글렛,JN0298,의류,S,JN0298(S),133087426,남성,26SS,2026-03-05,2026-03-05,"89,000.00",27285,0,0.0,1,4067905947638,0,0,0,0,1,0,0,0,0,0,0
아디다스,의류(아디다스),아디제로 싱글렛,JN0298,의류,XL,JN0298(XL),133087426,남성,26SS,2026-03-05,2026-03-05,"89,000.00",27288,26,0.0,39,4067905949199,0,0,0,0,2,9,0,0,0,0,0
아디다스,의류(아디다스),아디제로 싱글렛,JN0298,의류,XL,JN0298(XL),133087426,남성,26FW,2026-06-01,2026-05-29,"89,000.00",27288,26,0.0,39,4067905949199,0,0,0,6,5,7,0,0,0,0,10
아디다스,의류(아디다스),아디제로 싱글렛,JN0298,의류,XXL,JN0298(XXL),133087426,남성,26SS,2026-03-05,2026-03-05,"89,000.00",27289,5,0.0,7,4067905949229,0,0,0,2,0,4,0,0,0,0,0
아디다스,의류(아디다스),아디제로 싱글렛,JN0298,의류,XXL,JN0298(XXL),133087426,남성,26FW,2026-06-01,2026-05-29,"89,000.00",27289,5,0.0,7,4067905949229,0,0,0,0,0,0,0,0,0,0,1
아디다스,의류(아디다스),아디제로 러닝 젤 포켓 크롭탑,JN7162,의류,L,JN7162(L),132875745,여성,26SS,2026-02-20,2026-02-20,"69,000.00",27335,0,0.0,1,4067901530131,0,0,0,1,0,0,0,0,0,0,0
아디다스,의류(아디다스),아디제로 러닝 젤 포켓 크롭탑,JN7162,의류,S,JN7162(S),132875745,여성,26SS,2026-02-20,2026-02-20,"69,000.00",27333,0,0.0,1,4067901530056,0,0,0,1,0,0,0,0,0,0,0
아디다스,의류(아디다스),아디제로 아카이브 러닝 숏 타이즈,JP1492,의류,L,JP1492(L),132875740,남성,26SS,2026-02-13,2026-02-13,"79,000.00",27359,0,0.0,1,4068808226677,0,0,0,1,0,0,0,0,0,0,0
아디다스,의류(아디다스),아디제로 아카이브 러닝 숏 타이즈,JP1492,의류,M,JP1492(M),132875740,남성,26SS,2026-02-13,2026-02-13,"79,000.00",27358,0,0.0,2,4068808226776,0,0,0,2,0,0,0,0,0,0,0
아디다스,의류(아디다스),아디제로 아카이브 러닝 숏 타이즈,JP1492,의류,XL,JP1492(XL),132875740,남성,26SS,2026-02-13,2026-02-13,"79,000.00",27360,2,0.0,2,4068822729581,0,0,0,2,0,0,0,0,0,0,0
아디다스,의류(아디다스),아디제로 싱글렛,JP3773,의류,L,JP3773(L),132601632,남성,26SS,2026-01-08,2026-01-08,"89,000.00",27271,1,0.0,2,4068808021760,0,0,0,0,1,1,0,0,0,0,0
아디다스,의류(아디다스),아디제로 싱글렛,JP3773,의류,M,JP3773(M),132601632,남성,26SS,2026-01-08,2026-01-08,"89,000.00",27270,0,0.0,2,4068808021777,0,0,0,0,2,0,0,0,0,0,0
아디다스,의류(아디다스),아디제로 싱글렛,JP3773,의류,S,JP3773(S),132601632,남성,26SS,2026-01-08,2026-01-08,"89,000.00",27269,0,0.0,1,4068808021814,0,0,0,0,1,0,0,0,0,0,0
아디다스,의류(아디다스),아디제로 싱글렛,JP3773,의류,XL,JP3773(XL),132601632,남성,26SS,2026-01-08,2026-01-08,"89,000.00",27272,3,0.0,4,4068808021746,0,0,0,0,1,3,0,0,0,0,0
아디다스,의류(아디다스),아디제로 싱글렛,JP3773,의류,XXL,JP3773(XXL),132601632,남성,26SS,2026-01-08,2026-01-08,"89,000.00",27273,2,0.0,3,4068808021722,0,0,0,0,1,2,0,0,0,0,0
아디다스,신발(아디다스),아디제로 아디오스 프로 4,JP6623,신발,250,JP6623(250),132221463,남성,26SS,2025-11-21,2025-11-21,"299,000.00",26318,1,0.0,2,198321360054,0,0,0,0,0,1,0,0,1,0,0
아디다스,신발(아디다스),아디제로 아디오스 프로 4,JP6623,신발,255,JP6623(255),132221463,남성,26SS,2025-11-21,2025-11-21,"299,000.00",26319,1,0.0,1,198321356316,0,0,0,0,0,1,0,0,0,0,0
아디다스,신발(아디다스),아디제로 아디오스 프로 4,JP6623,신발,260,JP6623(260),132221463,남성,26SS,2025-11-21,2025-11-21,"299,000.00",26320,0,0.0,4,198321356361,0,0,0,0,4,0,0,0,0,0,0
아디다스,신발(아디다스),아디제로 아디오스 프로 4,JP6623,신발,265,JP6623(265),132221463,남성,26SS,2025-11-21,2025-11-21,"299,000.00",26321,0,0.0,5,198321356385,0,0,0,0,5,0,0,0,0,0,0
아디다스,신발(아디다스),아디제로 아디오스 프로 4,JP6623,신발,270,JP6623(270),132221463,남성,26SS,2025-11-21,2025-11-21,"299,000.00",26322,0,0.0,6,198321356330,0,0,0,0,6,0,0,0,0,0,0
아디다스,신발(아디다스),아디제로 아디오스 프로 4,JP6623,신발,275,JP6623(275),132221463,남성,26SS,2025-11-21,2025-11-21,"299,000.00",26323,0,0.0,3,198321356354,0,0,0,0,3,0,0,0,0,0,0
아디다스,신발(아디다스),아디제로 아디오스 프로 4,JP6623,신발,280,JP6623(280),132221463,남성,26SS,2025-11-21,2025-11-21,"299,000.00",26324,0,0.0,2,198321360061,0,0,0,0,2,0,0,0,0,0,0
아디다스,신발(아디다스),아디제로 아디오스 프로 4,JP6623,신발,290,JP6623(290),132221463,남성,26SS,2025-11-21,2025-11-21,"299,000.00",26326,1,0.0,1,198321359997,0,0,0,0,0,1,0,0,0,0,0
아디다스,신발(아디다스),아디제로 아디오스 프로 4 베를린,JP6624,신발,250,JP6624(250),132964962,남성,26SS,2026-03-03,2026-03-03,"299,000.00",26402,0,0.0,1,4068812330377,0,0,0,0,1,0,0,0,0,0,0
아디다스,신발(아디다스),아디제로 아디오스 프로 4 베를린,JP6624,신발,260,JP6624(260),132964962,남성,26SS,2026-03-03,2026-03-03,"299,000.00",26404,0,0.0,4,4068812330360,0,0,0,2,2,0,0,0,0,0,0
아디다스,신발(아디다스),아디제로 아디오스 프로 4 베를린,JP6624,신발,265,JP6624(265),132964962,남성,26SS,2026-03-03,2026-03-03,"299,000.00",26405,0,0.0,2,4068812330469,0,0,0,1,1,0,0,0,0,0,0
아디다스,신발(아디다스),아디제로 아디오스 프로 4 베를린,JP6624,신발,270,JP6624(270),132964962,남성,26SS,2026-03-03,2026-03-03,"299,000.00",26406,0,0.0,1,4068812330445,0,0,0,1,0,0,0,0,0,0,0
아디다스,신발(아디다스),아디제로 아디오스 프로 4 베를린,JP6624,신발,275,JP6624(275),132964962,남성,26SS,2026-03-03,2026-03-03,"299,000.00",26407,0,0.0,4,4068812330438,0,0,0,1,3,0,0,0,0,0,0
아디다스,신발(아디다스),아디제로 아디오스 프로 4 베를린,JP6624,신발,280,JP6624(280),132964962,남성,26SS,2026-03-03,2026-03-03,"299,000.00",26408,0,0.0,1,4068812330384,0,0,0,0,1,0,0,0,0,0,0
아디다스,신발(아디다스),아디제로 아디오스 프로 4 베를린,JP6624,신발,285,JP6624(285),132964962,남성,26SS,2026-03-03,2026-03-03,"299,000.00",26409,0,0.0,1,4068812330353,0,0,0,0,1,0,0,0,0,0,0
아디다스,신발(아디다스),아디제로 아디오스 프로 4 베를린,JP6624,신발,290,JP6624(290),132964962,남성,26SS,2026-03-03,2026-03-03,"299,000.00",26410,0,0.0,1,4068812330490,0,0,0,0,1,0,0,0,0,0,0
아디다스,신발(아디다스),아디제로 EVO SL,JP7147,신발,235,JP7147(235),132432600,여성,26SS,2025-12-29,2026-03-24,"209,000.00",26798,0,0.0,2,4067903938706,0,0,0,0,2,0,0,0,0,0,0
아디다스,신발(아디다스),아디제로 EVO SL,JP7147,신발,240,JP7147(240),132432600,여성,26SS,2025-12-29,2026-03-24,"209,000.00",26799,0,0.0,1,4067903938713,0,0,0,1,0,0,0,0,0,0,0
아디다스,신발(아디다스),아디제로 EVO SL,JP7147,신발,270,JP7147(270),132432600,여성,26SS,2026-03-24,2026-03-24,"209,000.00",26805,0,0.0,1,4067903938812,0,0,0,1,0,0,0,0,0,0,0
아디다스,신발(아디다스),아디제로 EVO SL,JP7147,신발,280,JP7147(280),132432600,여성,26SS,2026-03-24,2026-03-24,"209,000.00",26807,0,0.0,1,4067903938843,0,0,0,1,0,0,0,0,0,0,0
아디다스,신발(아디다스),아디제로 EVO SL,JP7149,신발,250,JP7149(250),132221275,남성,26FW,2026-05-18,2026-05-18,"209,000.00",26612,3,0.0,4,4067903749845,0,0,0,1,0,3,0,0,0,0,0
아디다스,신발(아디다스),아디제로 EVO SL,JP7149,신발,255,JP7149(255),132221275,남성,26FW,2026-05-18,2026-05-18,"209,000.00",26613,3,0.0,4,4067903749746,0,0,0,1,0,3,0,0,0,0,0
아디다스,신발(아디다스),아디제로 EVO SL,JP7149,신발,260,JP7149(260),132221275,남성,26FW,2026-05-18,2026-05-18,"209,000.00",26614,4,0.0,7,4067903749876,0,0,0,3,0,4,0,0,0,0,0
아디다스,신발(아디다스),아디제로 EVO SL,JP7149,신발,265,JP7149(265),132221275,남성,26FW,2026-05-18,2026-05-18,"209,000.00",26615,7,0.0,13,4067903749838,0,0,0,6,0,7,0,0,0,0,0
아디다스,신발(아디다스),아디제로 EVO SL,JP7149,신발,270,JP7149(270),132221275,남성,26FW,2026-05-18,2026-05-18,"209,000.00",26616,8,0.0,13,4067903749760,0,0,0,5,0,8,0,0,0,0,0
아디다스,신발(아디다스),아디제로 EVO SL,JP7149,신발,275,JP7149(275),132221275,남성,26FW,2026-05-18,2026-05-18,"209,000.00",26617,3,0.0,6,4067903749869,0,0,0,3,0,3,0,0,0,0,0
아디다스,신발(아디다스),아디제로 EVO SL,JP7149,신발,280,JP7149(280),132221275,남성,26SS,2025-11-26,2026-03-24,"209,000.00",26618,2,0.0,5,4067903749890,0,0,0,0,0,1,0,0,0,0,0
아디다스,신발(아디다스),아디제로 EVO SL,JP7149,신발,280,JP7149(280),132221275,남성,26FW,2026-05-18,2026-05-18,"209,000.00",26618,2,0.0,5,4067903749890,0,0,0,3,0,1,0,0,0,0,0
아디다스,신발(아디다스),아디제로 EVO SL,JP7149,신발,285,JP7149(285),132221275,남성,26FW,2026-05-18,2026-05-18,"209,000.00",26619,0,0.0,3,4067903749807,0,0,0,3,0,0,0,0,0,0,0
아디다스,신발(아디다스),아디제로 EVO SL,JP7149,신발,290,JP7149(290),132221275,남성,26FW,2026-05-18,2026-05-18,"209,000.00",26620,0,0.0,1,4067903749784,0,0,0,1,0,0,0,0,0,0,0
아디다스,신발(아디다스),아디제로 보스턴 13,JQ1668,신발,250,JQ1668(250),132875772,남성,26SS,2026-02-25,2026-02-25,"179,000.00",26738,1,0.0,1,,0,0,0,0,0,1,0,0,0,0,0
아디다스,신발(아디다스),아디제로 보스턴 13,JQ1668,신발,255,JQ1668(255),132875772,남성,26SS,2026-02-25,2026-02-25,"179,000.00",26739,1,0.0,1,4068812299629,0,0,0,0,0,1,0,0,0,0,0
아디다스,신발(아디다스),아디제로 보스턴 13,JQ1668,신발,260,JQ1668(260),132875772,남성,26SS,2026-02-25,2026-02-25,"179,000.00",26740,2,0.0,3,4068812296246,0,0,0,1,0,2,0,0,0,0,0
아디다스,신발(아디다스),아디제로 보스턴 13,JQ1668,신발,270,JQ1668(270),132875772,남성,26SS,2026-02-25,2026-02-25,"179,000.00",26742,1,0.0,2,4068812299698,0,0,0,1,0,1,0,0,0,0,0
아디다스,신발(아디다스),아디제로 보스턴 13,JQ1668,신발,280,JQ1668(280),132875772,남성,26SS,2026-02-25,2026-02-25,"179,000.00",26744,1,0.0,2,4068812299797,0,0,0,1,0,1,0,0,0,0,0
아디다스,신발(아디다스),아디제로 보스턴 13,JQ1668,신발,285,JQ1668(285),132875772,남성,26SS,2026-02-25,2026-02-25,"179,000.00",26745,1,0.0,1,,0,0,0,0,0,1,0,0,0,0,0
아디다스,신발(아디다스),아디제로 아디오스 프로 4 베를린,JQ1691,신발,255,JQ1691(255),132875771,여성,26SS,2026-02-25,2026-02-25,"299,000.00",26508,1,0.0,1,4068812307508,0,0,0,0,0,1,0,0,0,0,0
아디다스,신발(아디다스),아디제로 아디오스 프로 4,JR1094,신발,260,JR1094(260),133218162,남성,26SS,2026-03-24,2026-03-24,"299,000.00",32788,0,0.0,1,4068801152546,0,0,0,1,0,0,0,0,0,0,0
아디다스,신발(아디다스),아디제로 아디오스 프로 4,JR1094,신발,265,JR1094(265),133218162,남성,26SS,2026-03-24,2026-03-24,"299,000.00",32789,0,0.0,1,4068801156247,0,0,0,1,0,0,0,0,0,0,0
아디다스,신발(아디다스),아디제로 아디오스 프로 4,JR1094,신발,275,JR1094(275),133218162,남성,26SS,2026-03-24,2026-03-24,"299,000.00",32791,0,0.0,3,4068801156209,0,0,0,1,2,0,0,0,0,0,0
아디다스,신발(아디다스),아디제로 아디오스 프로 4,JR1094,신발,280,JR1094(280),133218162,남성,26SS,2026-03-24,2026-03-24,"299,000.00",32792,0,0.0,3,4068801156193,0,0,0,1,2,0,0,0,0,0,0
아디다스,신발(아디다스),아디제로 아디오스 프로 4,JR1094,신발,285,JR1094(285),133218162,남성,26SS,2026-03-24,2026-03-24,"299,000.00",32793,0,0.0,1,4068801156292,0,0,0,1,0,0,0,0,0,0,0
아디다스,신발(아디다스),아디제로 아디오스 프로 4,JR1094,신발,290,JR1094(290),133218162,남성,26SS,2026-03-24,2026-03-24,"299,000.00",32794,1,0.0,1,4068801156230,0,0,0,0,0,1,0,0,0,0,0
아디다스,신발(아디다스),아디제로 아디오스 프로 4,JR1094,신발,295,JR1094(295),133218162,남성,26SS,2026-03-24,2026-03-24,"299,000.00",32795,1,0.0,1,,0,0,0,0,0,1,0,0,0,0,0
아디다스,신발(아디다스),아디제로 아디오스 프로 4,JR1094,신발,300,JR1094(300),133218162,남성,26SS,2026-03-24,2026-03-24,"299,000.00",32796,1,0.0,1,,0,0,0,0,0,1,0,0,0,0,0
아디다스,신발(아디다스),아디제로 아디오스 프로 4,JR1094,신발,305,JR1094(305),133218162,남성,26SS,2026-03-24,2026-03-24,"299,000.00",32776,1,0.0,1,,0,0,0,0,0,1,0,0,0,0,0
아디다스,신발(아디다스),아디제로 아디오스 프로 4,JR1269,신발,255,JR1269(255),133218168,남성,26SS,2026-03-24,2026-03-24,"299,000.00",32745,4,0.0,4,4068803053094,0,0,0,1,0,3,0,0,0,0,0
아디다스,신발(아디다스),아디제로 아디오스 프로 4,JR1269,신발,260,JR1269(260),133218168,남성,26SS,2026-03-24,2026-03-24,"299,000.00",32746,6,0.0,6,4068803050116,0,0,0,2,0,4,0,0,0,0,0
아디다스,신발(아디다스),아디제로 아디오스 프로 4,JR1269,신발,270,JR1269(270),133218168,남성,26SS,2026-03-24,2026-03-24,"299,000.00",32748,2,0.0,2,4068803053087,0,0,0,1,0,1,0,0,0,0,0
아디다스,신발(아디다스),아디제로 아디오스 프로 4,JR1269,신발,275,JR1269(275),133218168,남성,26SS,2026-03-24,2026-03-24,"299,000.00",32749,3,0.0,3,4068803053063,0,0,0,2,0,1,0,0,0,0,0
아디다스,신발(아디다스),아디제로 아디오스 프로 4,JR1269,신발,280,JR1269(280),133218168,남성,26SS,2026-03-24,2026-03-24,"299,000.00",32750,4,0.0,4,4068803053124,0,0,0,1,0,3,0,0,0,0,0
아디다스,신발(아디다스),아디제로 아디오스 프로 4,JR1269,신발,285,JR1269(285),133218168,남성,26SS,2026-03-24,2026-03-24,"299,000.00",32751,2,0.0,2,4068803053100,0,0,0,1,0,1,0,0,0,0,0
아디다스,신발(아디다스),아디제로 아디오스 프로 4,JR1269,신발,290,JR1269(290),133218168,남성,26SS,2026-03-24,2026-03-24,"299,000.00",32752,2,0.0,2,4068803050147,0,0,0,1,0,1,0,0,0,0,0
아디다스,신발(아디다스),슈퍼노바 라이즈 3,JR1613,신발,240,JR1613(240),132707412,여성,26SS,2026-01-29,2026-01-29,"159,000.00",26841,0,0.0,1,4068812248252,0,0,0,0,0,0,1,0,0,0,0
아디다스,신발(아디다스),아디제로 아디오스 프로 4,JR4946,신발,250,JR4946(250),133218169,남성,26SS,2026-03-24,2026-03-24,"299,000.00",32765,3,0.0,3,4068808113373,0,0,0,1,0,1,0,0,0,0,1
아디다스,신발(아디다스),아디제로 아디오스 프로 4,JR4946,신발,255,JR4946(255),133218169,남성,26SS,2026-03-24,2026-03-24,"299,000.00",32766,4,0.0,4,4068808113458,0,0,0,0,0,2,0,0,0,0,2
아디다스,신발(아디다스),아디제로 아디오스 프로 4,JR4946,신발,260,JR4946(260),133218169,남성,26SS,2026-03-24,2026-03-24,"299,000.00",32767,5,0.0,6,4068808113359,0,0,0,1,0,2,0,0,0,0,3
아디다스,신발(아디다스),아디제로 아디오스 프로 4,JR4946,신발,265,JR4946(265),133218169,남성,26SS,2026-03-24,2026-03-24,"299,000.00",32768,10,0.0,10,4068808113366,0,0,0,2,0,3,0,0,0,0,5
아디다스,신발(아디다스),아디제로 아디오스 프로 4,JR4946,신발,270,JR4946(270),133218169,남성,26SS,2026-03-24,2026-03-24,"299,000.00",32769,9,0.0,9,4068808113328,0,0,0,2,0,3,0,0,0,0,4
아디다스,신발(아디다스),아디제로 아디오스 프로 4,JR4946,신발,275,JR4946(275),133218169,남성,26SS,2026-03-24,2026-03-24,"299,000.00",32770,6,0.0,6,4068808113434,0,0,0,2,0,2,0,0,0,0,2
아디다스,신발(아디다스),아디제로 아디오스 프로 4,JR4946,신발,280,JR4946(280),133218169,남성,26SS,2026-03-24,2026-03-24,"299,000.00",32771,4,0.0,4,4068808113281,0,0,0,1,0,2,0,0,0,0,1
아디다스,신발(아디다스),아디제로 아디오스 프로 4,JR4946,신발,285,JR4946(285),133218169,남성,26SS,2026-03-24,2026-03-24,"299,000.00",32772,2,0.0,2,4068808113342,0,0,0,0,0,1,0,0,0,0,1
아디다스,신발(아디다스),아디제로 아디오스 프로 4,JR4946,신발,290,JR4946(290),133218169,남성,26SS,2026-03-24,2026-03-24,"299,000.00",32773,2,0.0,2,4068808113311,0,0,0,0,0,1,0,0,0,0,1
아디다스,신발(아디다스),아디제로 아디오스 프로 4,JR4946,신발,295,JR4946(295),133218169,남성,26SS,2026-03-24,2026-03-24,"299,000.00",32774,2,0.0,2,,0,0,0,0,0,0,0,0,0,2,0
아디다스,신발(아디다스),아디제로 아디오스 프로 4,JR4946,신발,300,JR4946(300),133218169,남성,26SS,2026-03-24,2026-03-24,"299,000.00",32775,1,0.0,1,,0,0,0,0,0,0,0,0,0,1,0
아디다스,신발(아디다스),아디제로 아디오스 프로 4,JR7087,신발,230,JR7087(230),132542722,여성,26SS,2026-01-08,2026-01-08,"299,000.00",26419,0,0.0,1,4068812358678,0,0,0,1,0,0,0,0,0,0,0
아디다스,신발(아디다스),아디제로 아디오스 프로 4,JR7087,신발,235,JR7087(235),132542722,여성,26SS,2026-01-08,2026-01-08,"299,000.00",26420,0,0.0,2,4068812358722,0,0,0,2,0,0,0,0,0,0,0
아디다스,신발(아디다스),아디제로 아디오스 프로 4,JR7087,신발,240,JR7087(240),132542722,여성,26SS,2026-01-08,2026-01-08,"299,000.00",26421,1,0.0,6,4068812358777,0,0,0,5,0,1,0,0,0,0,0
아디다스,신발(아디다스),아디제로 아디오스 프로 4,JR7087,신발,245,JR7087(245),132542722,여성,26SS,2026-01-08,2026-01-08,"299,000.00",26422,0,0.0,3,4068812358685,0,0,0,3,0,0,0,0,0,0,0
아디다스,신발(아디다스),아디제로 아디오스 프로 4,JR7087,신발,250,JR7087(250),132542722,여성,26SS,2026-01-08,2026-01-08,"299,000.00",26423,0,0.0,2,4068812358739,0,0,0,2,0,0,0,0,0,0,0
아디다스,신발(아디다스),아디제로 아디오스 프로 4,JR7087,신발,255,JR7087(255),132542722,여성,26SS,2026-01-08,2026-01-08,"299,000.00",26424,0,0.0,1,4068812358708,0,0,0,1,0,0,0,0,0,0,0
아디다스,신발(아디다스),아디제로 아디오스 프로 4,JR7088,신발,255,JR7088(255),132221280,남성,26SS,2025-11-18,2025-11-18,"299,000.00",26340,2,0.0,2,198321397890,0,0,0,0,0,2,0,0,0,0,0
아디다스,신발(아디다스),아디제로 아디오스 프로 4,JR7088,신발,260,JR7088(260),132221280,남성,26SS,2025-11-18,2025-11-18,"299,000.00",26341,2,0.0,3,198321401528,0,0,0,1,0,2,0,0,0,0,0
아디다스,신발(아디다스),아디제로 아디오스 프로 4,JR7088,신발,265,JR7088(265),132221280,남성,26SS,2025-11-18,2025-11-18,"299,000.00",26342,7,0.0,9,198321397906,0,0,0,2,0,7,0,0,0,0,0
아디다스,신발(아디다스),아디제로 아디오스 프로 4,JR7088,신발,270,JR7088(270),132221280,남성,26SS,2025-11-18,2025-11-18,"299,000.00",26343,11,0.0,14,198321397883,0,0,0,3,0,11,0,0,0,0,0
아디다스,신발(아디다스),아디제로 아디오스 프로 4,JR7088,신발,275,JR7088(275),132221280,남성,26SS,2025-11-18,2025-11-18,"299,000.00",26344,7,0.0,8,198321397852,0,0,0,1,0,7,0,0,0,0,0
아디다스,신발(아디다스),아디제로 아디오스 프로 4,JR7088,신발,280,JR7088(280),132221280,남성,26SS,2025-11-18,2025-11-18,"299,000.00",26345,4,0.0,5,198321397845,0,0,0,1,0,4,0,0,0,0,0
아디다스,신발(아디다스),아디제로 아디오스 프로 4,JR7088,신발,285,JR7088(285),132221280,남성,26SS,2025-11-18,2025-11-18,"299,000.00",26346,3,0.0,4,198321397814,0,0,0,1,0,3,0,0,0,0,0
아디다스,신발(아디다스),아디제로 아디오스 프로 4,JR7088,신발,290,JR7088(290),132221280,남성,26SS,2025-11-18,2025-11-18,"299,000.00",26347,2,0.0,2,198321401535,0,0,0,0,0,2,0,0,0,0,0
아디다스,신발(아디다스),테렉스 아그라빅 스피드 울트라 2,JR9110,신발,255,JR9110(255),133191642,여성,26SS,2026-02-26,2026-02-26,"289,000.00",27033,1,0.0,1,4068806080882,0,0,0,0,0,1,0,0,0,0,0
아디다스,신발(아디다스),테렉스 아그라빅 TT,JR9112,신발,230,JR9112(230),133191581,여성,26SS,2026-02-26,2026-02-26,"209,000.00",27007,2,0.0,2,4068806327963,0,0,0,0,0,2,0,0,0,0,0
아디다스,신발(아디다스),테렉스 아그라빅 TT,JR9112,신발,235,JR9112(235),133191581,여성,26SS,2026-02-26,2026-02-26,"209,000.00",27008,4,0.0,4,4068806324290,0,0,0,0,0,4,0,0,0,0,0
아디다스,신발(아디다스),테렉스 아그라빅 TT,JR9112,신발,240,JR9112(240),133191581,여성,26SS,2026-02-26,2026-02-26,"209,000.00",27009,6,0.0,6,4068806324283,0,0,0,0,0,6,0,0,0,0,0
아디다스,신발(아디다스),테렉스 아그라빅 TT,JR9112,신발,245,JR9112(245),133191581,여성,26SS,2026-02-26,2026-02-26,"209,000.00",27010,4,0.0,4,4068806324306,0,0,0,0,0,4,0,0,0,0,0
아디다스,신발(아디다스),테렉스 아그라빅 TT,JR9112,신발,250,JR9112(250),133191581,여성,26SS,2026-02-26,2026-02-26,"209,000.00",27011,2,0.0,2,4068806324320,0,0,0,0,0,2,0,0,0,0,0
아디다스,신발(아디다스),테렉스 아그라빅 TT,JR9112,신발,255,JR9112(255),133191581,여성,26SS,2026-02-26,2026-02-26,"209,000.00",27012,1,0.0,1,4068806327970,0,0,0,0,0,1,0,0,0,0,0
아디다스,신발(아디다스),아디제로 아디오스 프로 4,JS2579,신발,250,JS2579(250),132707445,남성,26SS,2026-01-30,2026-01-30,"299,000.00",26381,1,0.0,1,,0,0,0,0,0,1,0,0,0,0,0
아디다스,신발(아디다스),아디제로 아디오스 프로 4,JS2579,신발,255,JS2579(255),132707445,남성,26SS,2026-01-30,2026-01-30,"299,000.00",26382,1,0.0,1,4068812160677,0,0,0,0,0,1,0,0,0,0,0
아디다스,신발(아디다스),아디제로 아디오스 프로 4,JS2579,신발,285,JS2579(285),132707445,남성,26SS,2026-01-30,2026-01-30,"299,000.00",26388,1,0.0,1,,0,0,0,0,0,1,0,0,0,0,0
아디다스,신발(아디다스),아디제로 아디오스 프로 4,JS2579,신발,290,JS2579(290),132707445,남성,26SS,2026-01-30,2026-01-30,"299,000.00",26389,1,0.0,1,,0,0,0,0,0,1,0,0,0,0,0
아디다스,신발(아디다스),아디제로 아디오스 프로 4,JS2580,신발,230,JS2580(230),132707444,여성,26SS,2026-01-29,2026-01-29,"299,000.00",26440,3,0.0,3,4068812156892,0,0,0,0,0,3,0,0,0,0,0
아디다스,신발(아디다스),테렉스 아그라빅 스피드 울트라 2,JS3534,신발,260,JS3534(260),133191721,남성,26SS,2026-02-26,2026-02-26,"289,000.00",26929,1,0.0,1,4068806067081,0,0,0,0,0,1,0,0,0,0,0
아디다스,신발(아디다스),아디제로 보스턴 13,JS4939,신발,250,JS4939(250),132707432,남성,26FW,2026-06-25,2026-06-25,"189,000.00",26633,1,0.0,3,4068809170788,0,0,0,1,1,1,0,0,0,0,0
아디다스,신발(아디다스),아디제로 보스턴 13,JS4939,신발,255,JS4939(255),132707432,남성,26FW,2026-06-25,2026-06-25,"189,000.00",26634,1,0.0,5,4068809174434,0,0,0,2,2,1,0,0,0,0,0
아디다스,신발(아디다스),아디제로 보스턴 13,JS4939,신발,260,JS4939(260),132707432,남성,26FW,2026-06-25,2026-06-25,"189,000.00",26635,3,0.0,9,4068809170764,0,0,0,3,3,3,0,0,0,0,0
아디다스,신발(아디다스),아디제로 보스턴 13,JS4939,신발,265,JS4939(265),132707432,남성,26FW,2026-06-25,2026-06-25,"189,000.00",26636,9,0.0,13,4068809170795,0,0,0,2,2,9,0,0,0,0,0
아디다스,신발(아디다스),아디제로 보스턴 13,JS4939,신발,270,JS4939(270),132707432,남성,26FW,2026-06-25,2026-06-25,"189,000.00",26637,10,0.0,15,4068809170757,0,0,0,2,3,10,0,0,0,0,0
아디다스,신발(아디다스),아디제로 보스턴 13,JS4939,신발,275,JS4939(275),132707432,남성,26FW,2026-06-25,2026-06-25,"189,000.00",26638,6,0.0,10,4068809170740,0,0,0,1,3,6,0,0,0,0,0
아디다스,신발(아디다스),아디제로 보스턴 13,JS4939,신발,280,JS4939(280),132707432,남성,26FW,2026-06-25,2026-06-25,"189,000.00",26639,2,0.0,6,4068809170672,0,0,0,2,2,2,0,0,0,0,0
아디다스,신발(아디다스),아디제로 보스턴 13,JS4939,신발,285,JS4939(285),132707432,남성,26FW,2026-06-25,2026-06-25,"189,000.00",26640,2,0.0,4,4068809170696,0,0,0,1,1,2,0,0,0,0,0
아디다스,신발(아디다스),아디제로 보스턴 13,JS4939,신발,290,JS4939(290),132707432,남성,26FW,2026-06-25,2026-06-25,"189,000.00",26641,1,0.0,2,4068809170801,0,0,0,1,0,1,0,0,0,0,0
아디다스,신발(아디다스),아디제로 보스턴 13,JS4949,신발,230,JS4949(230),132707416,여성,26SS,2026-01-29,2026-01-29,"179,000.00",26881,2,0.0,2,,0,0,0,0,0,2,0,0,0,0,0
아디다스,신발(아디다스),아디제로 보스턴 13,JS4949,신발,245,JS4949(245),132707416,여성,26SS,2026-01-29,2026-01-29,"179,000.00",26884,2,0.0,2,4068809174618,0,0,0,0,0,2,0,0,0,0,0
아디다스,신발(아디다스),아디제로 보스턴 13,JS4949,신발,250,JS4949(250),132707416,여성,26SS,2026-01-29,2026-01-29,"179,000.00",26885,2,0.0,2,4068809174557,0,0,0,0,0,2,0,0,0,0,0
아디다스,의류(아디다스),엑스페리어 프로 티,JV6530,의류,L,JV6530(L),133087379,여성,26SS,2026-03-05,2026-03-05,"109,000.00",27263,0,0.0,2,4068821267299,0,0,0,0,2,0,0,0,0,0,0
아디다스,의류(아디다스),엑스페리어 프로 티,JV6530,의류,M,JV6530(M),133087379,여성,26SS,2026-03-05,2026-03-05,"109,000.00",27262,0,0.0,4,4068821267282,0,0,0,2,2,0,0,0,0,0,0
아디다스,의류(아디다스),엑스페리어 프로 티,JV6530,의류,S,JV6530(S),133087379,여성,26SS,2026-03-05,2026-03-05,"109,000.00",27261,0,0.0,3,4068821267275,0,0,0,1,2,0,0,0,0,0,0
아디다스,의류(아디다스),엑스페리어 프로 티,JV6530,의류,XL,JV6530(XL),133087379,여성,26SS,2026-03-05,2026-03-05,"109,000.00",27264,1,0.0,1,,0,0,0,0,0,1,0,0,0,0,0
아디다스,의류(아디다스),아디365 러닝 클라이마쿨 브라,JW9081,의류,L,JW9081(L),135951549,,26FW,2026-07-23,2026-07-23,"79,000.00",40023,1,0.0,3,4068807862906,0,0,0,1,1,1,0,0,0,0,0
아디다스,의류(아디다스),아디365 러닝 클라이마쿨 브라,JW9081,의류,M,JW9081(M),135951549,,26FW,2026-07-23,2026-07-23,"79,000.00",40022,1,0.0,3,4068807866621,0,0,0,1,1,1,0,0,0,0,0
아디다스,의류(아디다스),아디365 러닝 클라이마쿨 브라,JW9081,의류,S,JW9081(S),135951549,,26FW,2026-07-23,2026-07-23,"79,000.00",40021,1,0.0,3,4068807862968,0,0,0,1,1,1,0,0,0,0,0
아디다스,용품(아디다스),클라이마쿨 암슬리브,JY3055,용품,L,JY3055(L),133799553,공용,26FW,2026-06-08,2026-06-08,"35,000.00",36243,2,0.0,4,4068809565928,0,0,0,1,1,2,0,0,0,0,0
아디다스,용품(아디다스),클라이마쿨 암슬리브,JY3055,용품,M,JY3055(M),133799553,공용,26FW,2026-06-08,2026-06-08,"35,000.00",36242,4,0.0,12,4068809565942,0,0,0,4,4,4,0,0,0,0,0
아디다스,용품(아디다스),클라이마쿨 암슬리브,JY3055,용품,S,JY3055(S),133799553,공용,26FW,2026-06-08,2026-06-08,"35,000.00",36241,4,0.0,9,4068809565935,0,0,0,2,3,4,0,0,0,0,0
아디다스,용품(아디다스),엑스페리어 트레일 베스트 5L,JY7572,용품,L,JY7572(L),133835633,공용,26FW,2026-06-16,2026-06-12,"169,000.00",36225,5,0.0,12,4068821971493,0,0,0,2,5,5,0,0,0,0,0
아디다스,용품(아디다스),엑스페리어 트레일 베스트 5L,JY7572,용품,M,JY7572(M),133835633,공용,26FW,2026-06-16,2026-06-12,"169,000.00",36224,5,0.0,12,4068821971509,0,0,0,2,5,5,0,0,0,0,0
아디다스,용품(아디다스),엑스페리어 트레일 베스트 5L,JY7572,용품,S,JY7572(S),133835633,공용,26FW,2026-06-16,2026-06-12,"169,000.00",36223,1,0.0,2,4068821971479,0,0,0,0,1,1,0,0,0,0,0
아디다스,용품(아디다스),엑스페리어 트레일 베스트 8L,JY7573,용품,L,JY7573(L),133087445,공용,26SS,2026-03-10,2026-03-10,"189,000.00",27565,1,0.0,2,4068821942899,0,0,0,1,0,1,0,0,0,0,0
아디다스,용품(아디다스),엑스페리어 트레일 베스트 8L,JY7573,용품,M,JY7573(M),133087445,공용,26SS,2026-03-10,2026-03-10,"189,000.00",27564,3,0.0,11,4068821942905,0,0,0,5,3,3,0,0,0,0,0
아디다스,용품(아디다스),엑스페리어 트레일 베스트 8L,JY7573,용품,S,JY7573(S),133087445,공용,26SS,2026-03-10,2026-03-10,"189,000.00",27563,3,0.0,11,4068821942912,0,0,0,5,3,3,0,0,0,0,0
아디다스,용품(아디다스),엑스페리어 트레일 베스트 8L,JY7573,용품,XS,JY7573(XS),133087445,공용,26SS,2026-03-10,2026-03-10,"189,000.00",27562,1,0.0,3,4068821942882,0,0,0,2,0,1,0,0,0,0,0
아디다스,용품(아디다스),엑스페리어 트레일 베스트 2.5L,JY7574,용품,L,JY7574(L),132706501,공용,26SS,2026-01-08,2026-01-08,"149,000.00",27545,1,0.0,2,4068821971363,0,0,0,0,1,1,0,0,0,0,0
아디다스,용품(아디다스),엑스페리어 트레일 베스트 2.5L,JY7574,용품,M,JY7574(M),132706501,공용,26SS,2026-01-08,2026-01-08,"149,000.00",27544,5,0.0,12,4068821971356,0,0,0,3,4,5,0,0,0,0,0
아디다스,용품(아디다스),엑스페리어 트레일 베스트 2.5L,JY7574,용품,S,JY7574(S),132706501,공용,26SS,2026-01-08,2026-01-08,"149,000.00",27543,5,0.0,11,4068821971349,0,0,0,3,3,5,0,0,0,0,0
아디다스,의류(아디다스),아디제로 싱글렛,JY8624,의류,L,JY8624(L),133087433,남성,26SS,2026-03-10,2026-03-10,"69,000.00",27303,10,0.0,14,4068822588003,0,0,0,3,1,10,0,0,0,0,0
아디다스,의류(아디다스),아디제로 싱글렛,JY8624,의류,M,JY8624(M),133087433,남성,26SS,2026-03-10,2026-03-10,"69,000.00",27302,5,0.0,8,4068822588010,0,0,0,1,2,5,0,0,0,0,0
아디다스,의류(아디다스),아디제로 싱글렛,JY8624,의류,S,JY8624(S),133087433,남성,26SS,2026-03-10,2026-03-10,"69,000.00",27301,1,0.0,2,4068822588058,0,0,0,0,1,1,0,0,0,0,0
아디다스,의류(아디다스),아디제로 싱글렛,JY8624,의류,XL,JY8624(XL),133087433,남성,26SS,2026-03-10,2026-03-10,"69,000.00",27304,10,0.0,14,4068822588096,0,0,0,2,2,10,0,0,0,0,0
아디다스,의류(아디다스),아디제로 싱글렛,JY8624,의류,XXL,JY8624(XXL),133087433,남성,26SS,2026-03-10,2026-03-10,"69,000.00",27305,7,0.0,7,,0,0,0,0,0,7,0,0,0,0,0
아디다스,용품(아디다스),러닝 메쉬 4패널 캡 클라이마쿨,JZ0504,용품,M,JZ0504(M),135921970,공용,26FW,2026-07-21,2026-07-21,"35,000.00",36116,0,0.0,0,,0,0,0,0,0,0,0,0,0,0,19
아디다스,용품(아디다스),러닝 메쉬 4패널 캡 클라이마쿨,JZ0504,용품,S,JZ0504(S),135921970,공용,26FW,2026-07-21,2026-07-21,"35,000.00",36115,0,0.0,0,,0,0,0,0,0,0,0,0,0,0,10
아디다스,용품(아디다스),러닝 메쉬 4패널 캡 클라이마쿨,JZ0505,용품,M,JZ0505(M),135921968,공용,26FW,2026-07-21,2026-07-21,"35,000.00",36124,0,0.0,0,,0,0,0,0,0,0,0,0,0,0,10
아디다스,용품(아디다스),러닝 메쉬 4패널 캡 클라이마쿨,JZ0505,용품,S,JZ0505(S),135921968,공용,26FW,2026-07-21,2026-07-21,"35,000.00",36123,0,0.0,0,,0,0,0,0,0,0,0,0,0,0,10
아디다스,용품(아디다스),러닝 에센셜 클라이마쿨 베이스볼 캡,JZ0506,용품,L,JZ0506(L),132706499,공용,26SS,2026-01-19,2026-01-19,0.00,27506,7,0.0,8,4068821890015,0,0,0,2,1,0,0,0,0,0,8
아디다스,용품(아디다스),러닝 에센셜 클라이마쿨 베이스볼 캡,JZ0506,용품,M,JZ0506(M),132706499,공용,26SS,2026-01-19,2026-01-19,"35,000.00",27505,9,0.0,18,4068821890022,0,0,0,6,3,0,0,0,0,0,12
아디다스,용품(아디다스),러닝 에센셜 클라이마쿨 베이스볼 캡,JZ0506,용품,S,JZ0506(S),132706499,공용,26SS,2026-01-19,2026-01-19,"35,000.00",27504,11,0.0,17,4068821890008,0,0,0,2,4,0,0,0,0,0,15
아디다스,용품(아디다스),러닝 에센셜 클라이마쿨 베이스볼 캡,JZ0507,용품,M,JZ0507(M),132706496,공용,26SS,2026-01-23,2026-01-23,"35,000.00",27513,10,0.0,15,4068821889972,0,0,0,5,0,0,0,0,0,0,10
아디다스,용품(아디다스),러닝 에센셜 클라이마쿨 베이스볼 캡,JZ0507,용품,S,JZ0507(S),132706496,공용,26SS,2026-01-23,2026-01-23,"35,000.00",27512,10,0.0,12,4068821889989,0,0,0,2,0,0,0,0,0,0,10
아디다스,의류(아디다스),아디365 아이코닉 러닝 숏 타이즈,JZ2478,의류,L,JZ2478(L),133315252,남성,26SS,2026-03-30,2026-03-30,"65,000.00",27367,0,0.0,7,4068822729734,0,0,0,7,0,0,0,0,0,0,0
아디다스,의류(아디다스),아디365 아이코닉 러닝 숏 타이즈,JZ2478,의류,M,JZ2478(M),133315252,남성,26SS,2026-03-30,2026-03-30,"65,000.00",27366,3,0.0,7,4068822729628,0,0,0,4,0,3,0,0,0,0,0
아디다스,의류(아디다스),아디365 아이코닉 러닝 숏 타이즈,JZ2478,의류,S,JZ2478(S),133315252,남성,26SS,2026-03-30,2026-03-30,"65,000.00",27365,0,0.0,2,4068822729659,0,0,0,2,0,0,0,0,0,0,0
아디다스,의류(아디다스),아디365 아이코닉 러닝 숏 타이즈,JZ2478,의류,XL,JZ2478(XL),133315252,남성,26SS,2026-03-30,2026-03-30,"65,000.00",27368,8,0.0,11,4068822729581,0,0,0,3,0,8,0,0,0,0,0
아디다스,의류(아디다스),아디365 브리즈 티,JZ7684,의류,XS,JZ7684(XS),133426991,여성,26SS,2026-04-21,2026-04-21,"45,000.00",27348,2,0.0,5,4068821716995,0,0,0,3,0,2,0,0,0,0,0
아디다스,의류(아디다스),아디365 클라이마쿨 티셔츠,JZ7694,의류,L,JZ7694(L),133315267,남성,26SS,2026-04-01,2026-03-31,"49,000.00",27247,3,0.0,5,4068822654517,0,0,0,2,0,3,0,0,0,0,0
아디다스,의류(아디다스),아디365 클라이마쿨 티셔츠,JZ7694,의류,M,JZ7694(M),133315267,남성,26SS,2026-04-01,2026-03-31,"49,000.00",27246,1,0.0,3,4068822654456,0,0,0,2,0,1,0,0,0,0,0
아디다스,의류(아디다스),아디365 클라이마쿨 티셔츠,JZ7694,의류,XL,JZ7694(XL),133315267,남성,26SS,2026-04-01,2026-03-31,"49,000.00",27248,5,0.0,8,4068822654500,0,0,0,3,0,5,0,0,0,0,0
아디다스,의류(아디다스),아디365 클라이마쿨 티셔츠,JZ7694,의류,XXL,JZ7694(XXL),133315267,남성,26SS,2026-04-01,2026-03-31,"49,000.00",27249,4,0.0,6,4068822654579,0,0,0,2,0,4,0,0,0,0,0
아디다스,의류(아디다스),아디365 포모션 재킷,JZ7717,의류,L,JZ7717(L),132601748,남성,26SS,2026-01-08,2026-01-08,"129,000.00",27047,4,0.0,8,4068822785389,0,0,0,1,3,4,0,0,0,0,0
아디다스,의류(아디다스),아디365 포모션 재킷,JZ7717,의류,M,JZ7717(M),132601748,남성,26SS,2026-01-08,2026-01-08,"129,000.00",27046,1,0.0,4,4068822785372,0,0,0,1,2,1,0,0,0,0,0
아디다스,의류(아디다스),아디365 포모션 재킷,JZ7717,의류,S,JZ7717(S),132601748,남성,26SS,2026-01-08,2026-01-08,"129,000.00",27045,1,0.0,1,,0,0,0,0,0,1,0,0,0,0,0
아디다스,의류(아디다스),아디365 포모션 재킷,JZ7717,의류,XL,JZ7717(XL),132601748,남성,26SS,2026-01-08,2026-01-08,"129,000.00",27048,3,0.0,8,4068822785396,0,0,0,2,3,3,0,0,0,0,0
아디다스,의류(아디다스),아디365 포모션 재킷,JZ7717,의류,XXL,JZ7717(XXL),132601748,남성,26SS,2026-01-08,2026-01-08,"129,000.00",27049,4,0.0,5,4068822785310,0,0,0,1,0,4,0,0,0,0,0
아디다스,의류(아디다스),아디365 포모션 재킷,JZ7718,의류,L,JZ7718(L),132706513,남성,26SS,2026-01-21,2026-01-21,"129,000.00",27087,3,0.0,5,4068821802018,0,0,0,2,0,3,0,0,0,0,0
아디다스,의류(아디다스),아디365 포모션 재킷,JZ7718,의류,M,JZ7718(M),132706513,남성,26SS,2026-01-21,2026-01-21,"129,000.00",27086,0,0.0,1,4068821801967,0,0,0,1,0,0,0,0,0,0,0
아디다스,의류(아디다스),아디365 포모션 재킷,JZ7718,의류,S,JZ7718(S),132706513,남성,26SS,2026-01-21,2026-01-21,"129,000.00",27085,0,0.0,1,4068821801943,0,0,0,1,0,0,0,0,0,0,0
아디다스,의류(아디다스),아디365 포모션 재킷,JZ7718,의류,XL,JZ7718(XL),132706513,남성,26SS,2026-01-21,2026-01-21,"129,000.00",27088,4,0.0,5,4068821801912,0,0,0,1,0,4,0,0,0,0,0
아디다스,의류(아디다스),아디365 포모션 재킷,JZ7718,의류,XXL,JZ7718(XXL),132706513,남성,26SS,2026-01-21,2026-01-21,"129,000.00",27089,3,0.0,4,4068821801929,0,0,0,1,0,3,0,0,0,0,0
아디다스,의류(아디다스),아디365 아이코닉 1/2 지퍼 탑,JZ7720,의류,L,JZ7720(L),132601733,남성,26SS,2026-01-08,2026-01-08,"79,000.00",27063,2,0.0,5,4068821717442,0,0,0,2,1,2,0,0,0,0,0
아디다스,의류(아디다스),아디365 아이코닉 1/2 지퍼 탑,JZ7720,의류,S,JZ7720(S),132601733,남성,26SS,2026-01-08,2026-01-08,"79,000.00",27061,1,0.0,1,,0,0,0,0,0,1,0,0,0,0,0
아디다스,의류(아디다스),아디365 아이코닉 1/2 지퍼 탑,JZ7720,의류,XXL,JZ7720(XXL),132601733,남성,26SS,2026-01-08,2026-01-08,"79,000.00",27065,1,0.0,1,,0,0,0,0,0,1,0,0,0,0,0
아디다스,의류(아디다스),아디365 브리즈 티,JZ7762,의류,L,JZ7762(L),133426989,남성,26SS,2026-04-21,2026-04-21,"55,000.00",27255,0,0.0,1,4068822461894,0,0,0,1,0,0,0,0,0,0,0
아디다스,의류(아디다스),아디365 브리즈 티,JZ7762,의류,XL,JZ7762(XL),133426989,남성,26SS,2026-04-21,2026-04-21,"55,000.00",27256,2,0.0,3,4068822462457,0,0,0,1,0,2,0,0,0,0,0
아디다스,의류(아디다스),아디365 브리즈 티,JZ7762,의류,XXL,JZ7762(XXL),133426989,남성,26SS,2026-04-21,2026-04-21,"55,000.00",27257,1,0.0,2,4068822462419,0,0,0,1,0,1,0,0,0,0,0
아디다스,의류(아디다스),러닝 에센셜 재킷,JZ7782,의류,L,JZ7782(L),132601655,남성,26SS,2026-01-08,2026-01-08,"89,000.00",27071,1,0.0,4,4068822623995,0,0,0,1,2,1,0,0,0,0,0
아디다스,의류(아디다스),러닝 에센셜 재킷,JZ7782,의류,M,JZ7782(M),132601655,남성,26SS,2026-01-08,2026-01-08,"89,000.00",27070,0,0.0,2,4068822623926,0,0,0,1,1,0,0,0,0,0,0
아디다스,의류(아디다스),러닝 에센셜 재킷,JZ7782,의류,XL,JZ7782(XL),132601655,남성,26SS,2026-01-08,2026-01-08,"89,000.00",27072,2,0.0,4,4068822623933,0,0,0,1,1,2,0,0,0,0,0
아디다스,의류(아디다스),러닝 에센셜 재킷,JZ7782,의류,XXL,JZ7782(XXL),132601655,남성,26SS,2026-01-08,2026-01-08,"89,000.00",27073,1,0.0,2,4068822623940,0,0,0,1,0,1,0,0,0,0,0
칼렉,의류(칼렉),360 벤트 3in1 쇼츠 5인치,K32001APS34BLK,의류,M,K32001APS34BLK(M),123245796,남성,24FW,2024-08-20,2024-08-20,"210,000.00",9569,0,0.0,2,K32001APS34BLK00M0,0,0,0,0,2,0,0,0,0,0,0
칼렉,의류(칼렉),플라이트 우븐 쇼츠 4인치,K32002APS32BLK,의류,XS,K32002APS32BLK(XS),123243036,여성,24FW,2024-08-20,2024-08-20,"150,000.00",9575,1,0.0,1,K32002APS32BLK&XS,0,0,0,0,0,1,0,0,0,0,0
칼렉,의류(칼렉),에어블레이드 레이스 싱글렛Ⅰ,K52001ATN12-BLK,의류,L,K52001ATN12-BLK(L),135911573,남성,25SS,2025-01-16,2025-01-16,"140,000.00",16228,0,0.0,3,K52001ATN12BLK00L0,0,0,0,0,3,0,0,0,0,0,0
칼렉,의류(칼렉),에어블레이드 레이스 싱글렛Ⅰ,K52001ATN12-BLK,의류,XL,K52001ATN12-BLK(XL),135911573,남성,25SS,2025-01-16,2025-01-16,"140,000.00",16229,0,0.0,2,K52001ATN12BLK0XL0,0,0,0,0,2,0,0,0,0,0,0
칼렉,의류(칼렉),에어블레이드 레이스 싱글렛Ⅰ,K52001ATN12-BLK,의류,XXL,K52001ATN12-BLK(XXL),135911573,남성,25SS,2025-01-16,2025-01-16,"140,000.00",16230,1,0.0,1,K52001ATN12BLK2XL0,0,0,0,0,0,1,0,0,0,0,0
칼렉,의류(칼렉),에어블레이드 레이스 싱글렛Ⅰ,K52001ATN12-YGN,의류,L,K52001ATN12-YGN(L),135911577,남성,25SS,2025-01-16,2025-01-16,"140,000.00",16212,0,0.0,3,K52001ATN12YGN00L0,0,0,0,0,3,0,0,0,0,0,0
칼렉,의류(칼렉),에어블레이드 레이스 싱글렛Ⅰ,K52001ATN12-YGN,의류,XL,K52001ATN12-YGN(XL),135911577,남성,25SS,2025-01-16,2025-01-16,"140,000.00",16213,0,0.0,3,K52001ATN12YGN0XL0,0,0,0,0,3,0,0,0,0,0,0
칼렉,의류(칼렉),에어블레이드 레이스 싱글렛Ⅰ,K52001ATN12-YGN,의류,XXL,K52001ATN12-YGN(XXL),135911577,남성,25SS,2025-01-16,2025-01-16,"140,000.00",16214,0,0.0,1,K52001ATN12YGN2XL0,0,0,0,0,1,0,0,0,0,0,0
칼렉,의류(칼렉),플라이트 레이스 싱글렛,K52001ATN24-LGR,의류,L,K52001ATN24-LGR(L),135911593,남성,25SS,2025-05-29,2025-05-29,"200,000.00",16244,0,0.0,1,K52001ATN24LGR00L0,0,0,0,0,1,0,0,0,0,0,0
칼렉,의류(칼렉),플라이트 레이스 싱글렛,K52001ATN24-LGR,의류,XL,K52001ATN24-LGR(XL),135911593,남성,25SS,2025-05-29,2025-05-29,"200,000.00",16245,0,0.0,2,K52001ATN24LGR0XL0,0,0,0,0,2,0,0,0,0,0,0
칼렉,의류(칼렉),플라이트 레이스 싱글렛,K52001ATN24-LGR,의류,XXL,K52001ATN24-LGR(XXL),135911593,남성,25SS,2025-05-29,2025-05-29,"200,000.00",16246,1,0.0,1,K52001ATN24LGR2XL0,0,0,0,0,0,1,0,0,0,0,0
아디다스,의류(아디다스),아디365 소프트 터치 탱크 탑,KA0143,의류,L,KA0143(L),133087403,남성,26SS,2026-03-10,2026-03-10,"55,000.00",27311,1,0.0,2,4068822236898,0,0,0,1,0,1,0,0,0,0,0
아디다스,의류(아디다스),아디365 소프트 터치 탱크 탑,KA0143,의류,M,KA0143(M),133087403,남성,26SS,2026-03-10,2026-03-10,"55,000.00",27310,0,0.0,2,4068822240161,0,0,0,1,1,0,0,0,0,0,0
아디다스,의류(아디다스),아디365 소프트 터치 탱크 탑,KA0143,의류,S,KA0143(S),133087403,남성,26SS,2026-03-10,2026-03-10,"55,000.00",27309,0,0.0,1,4068822240154,0,0,0,0,1,0,0,0,0,0,0
아디다스,의류(아디다스),아디365 소프트 터치 탱크 탑,KA0143,의류,XXL,KA0143(XXL),133087403,남성,26SS,2026-03-10,2026-03-10,"55,000.00",27313,0,0.0,1,4068822237000,0,0,0,1,0,0,0,0,0,0,0
아디다스,의류(아디다스),아디제로 숏 레깅스,KA0149,의류,L,KA0149(L),132875738,여성,26SS,2026-02-13,2026-02-13,"89,000.00",27455,0,0.0,1,4068821446533,0,0,0,0,1,0,0,0,0,0,0
아디다스,의류(아디다스),아디제로 숏 레깅스,KA0149,의류,S,KA0149(S),132875738,여성,26SS,2026-02-13,2026-02-13,"89,000.00",27453,0,0.0,1,4068821442597,0,0,0,0,1,0,0,0,0,0,0
아디다스,의류(아디다스),아디365 소프트 터치 탱크 탑,KA0317,의류,L,KA0317(L),133087417,남성,26SS,2026-03-10,2026-03-10,"55,000.00",27319,3,0.0,5,4068822233835,0,0,0,2,0,3,0,0,0,0,0
아디다스,의류(아디다스),아디365 소프트 터치 탱크 탑,KA0317,의류,S,KA0317(S),133087417,남성,26SS,2026-03-10,2026-03-10,"55,000.00",27317,0,0.0,1,4068822236867,0,0,0,1,0,0,0,0,0,0,0
아디다스,의류(아디다스),아디365 소프트 터치 탱크 탑,KA0317,의류,XL,KA0317(XL),133087417,남성,26SS,2026-03-10,2026-03-10,"55,000.00",27320,0,0.0,1,4068822236782,0,0,0,1,0,0,0,0,0,0,0
아디다스,의류(아디다스),아디365 소프트 터치 탱크 탑,KA0317,의류,XXL,KA0317(XXL),133087417,남성,26SS,2026-03-10,2026-03-10,"55,000.00",27321,0,0.0,1,4068822236829,0,0,0,1,0,0,0,0,0,0,0
아디다스,의류(아디다스),아디제로 러닝 쇼츠 포켓 타이즈,KA2924,의류,XL,KA2924(XL),132601483,남성,26SS,2026-01-08,2026-01-08,"99,000.00",27392,0,0.0,1,4068822653213,0,0,0,0,1,0,0,0,0,0,0
아디다스,의류(아디다스),아디제로 러닝 쇼츠 포켓 타이즈,KA2924,의류,XXL,KA2924(XXL),132601483,남성,26SS,2026-01-08,2026-01-08,"99,000.00",27393,0,0.0,1,4068822649568,0,0,0,1,0,0,0,0,0,0,0
아디다스,의류(아디다스),아디365 러닝 에센셜 재킷,KA4339,의류,L,KA4339(L),132706507,여성,26SS,2026-01-23,2026-01-23,"89,000.00",27127,0,0.0,1,4068822569842,0,0,0,1,0,0,0,0,0,0,0
아디다스,의류(아디다스),아디365 러닝 에센셜 재킷,KA4339,의류,M,KA4339(M),132706507,여성,26SS,2026-01-23,2026-01-23,"89,000.00",27126,1,0.0,2,4068822569804,0,0,0,1,0,1,0,0,0,0,0
아디다스,의류(아디다스),아디365 러닝 에센셜 재킷,KA4339,의류,S,KA4339(S),132706507,여성,26SS,2026-01-23,2026-01-23,"89,000.00",27125,4,0.0,5,4068822569873,0,0,0,1,0,4,0,0,0,0,0
아디다스,의류(아디다스),아디제로 아카이브 러닝 싱글렛,KB4332,의류,L,KB4332(L),133237354,남성,26SS,2026-03-26,2026-03-26,"79,000.00",27295,2,0.0,4,4068822673730,0,0,0,2,0,2,0,0,0,0,0
아디다스,의류(아디다스),아디제로 아카이브 러닝 싱글렛,KB4332,의류,M,KB4332(M),133237354,남성,26SS,2026-03-26,2026-03-26,"79,000.00",27294,1,0.0,2,4068822673716,0,0,0,1,0,1,0,0,0,0,0
아디다스,의류(아디다스),아디제로 아카이브 러닝 싱글렛,KB4332,의류,XL,KB4332(XL),133237354,남성,26SS,2026-03-26,2026-03-26,"79,000.00",27296,0,0.0,2,4068822673730,0,0,0,2,0,0,0,0,0,0,0
아디다스,의류(아디다스),아디제로 아카이브 러닝 싱글렛,KB4332,의류,XXL,KB4332(XXL),133237354,남성,26SS,2026-03-26,2026-03-26,"79,000.00",27297,1,0.0,2,4068822673679,0,0,0,1,0,1,0,0,0,0,0
아디다스,의류(아디다스),아디365 러닝 에센셜 티셔츠,KB5960,의류,L,KB5960(L),132706512,남성,26SS,2026-01-21,2026-01-21,"35,000.00",27231,0,0.0,2,4068822587402,0,0,0,1,1,0,0,0,0,0,0
아디다스,의류(아디다스),아디365 러닝 에센셜 티셔츠,KB5960,의류,M,KB5960(M),132706512,남성,26SS,2026-01-21,2026-01-21,"35,000.00",27230,0,0.0,1,4068822591034,0,0,0,0,1,0,0,0,0,0,0
아디다스,의류(아디다스),아디365 러닝 에센셜 티셔츠,KB5960,의류,XL,KB5960(XL),132706512,남성,26SS,2026-01-21,2026-01-21,"35,000.00",27232,0,0.0,2,4068822591096,0,0,0,1,1,0,0,0,0,0,0
아디다스,의류(아디다스),아디365 러닝 에센셜 티셔츠,KB5960,의류,XXL,KB5960(XXL),132706512,남성,26SS,2026-01-21,2026-01-21,"35,000.00",27233,0,0.0,2,4068822587372,0,0,0,2,0,0,0,0,0,0,0
아디다스,의류(아디다스),테렉스 엑스페리어 클라이마쿨 티셔츠,KD4847,의류,L,KD4847(L),134097552,남성,26FW,2026-07-02,2026-06-30,"79,000.00",35821,4,0.0,6,4068818889527,0,0,0,0,2,4,0,0,0,0,0
아디다스,의류(아디다스),테렉스 엑스페리어 클라이마쿨 티셔츠,KD4847,의류,M,KD4847(M),134097552,남성,26FW,2026-07-02,2026-06-30,"79,000.00",35820,6,0.0,8,4068818889466,0,0,0,0,2,6,0,0,0,0,0
아디다스,의류(아디다스),테렉스 엑스페리어 클라이마쿨 티셔츠,KD4847,의류,S,KD4847(S),134097552,남성,26FW,2026-07-02,2026-06-30,0.00,35819,2,0.0,4,4068818889497,0,0,0,0,2,2,0,0,0,0,0
아디다스,의류(아디다스),테렉스 엑스페리어 클라이마쿨 티셔츠,KD4847,의류,XL,KD4847(XL),134097552,남성,26FW,2026-07-02,2026-06-30,"79,000.00",35822,1,0.0,2,4068818889534,0,0,0,0,1,1,0,0,0,0,0
아디다스,용품(아디다스),러닝 클라이마쿨 베스트,KD6967,용품,M,KD6967(M),132706515,공용,26SS,2026-01-29,2026-01-29,"99,000.00",27554,0,0.0,4,4068815899468,0,0,0,3,1,0,0,0,0,0,0
아디다스,용품(아디다스),러닝 클라이마쿨 베스트,KD6967,용품,S,KD6967(S),132706515,공용,26SS,2026-01-29,2026-01-29,"99,000.00",27553,3,0.0,7,4068815899451,0,0,0,2,2,3,0,0,0,0,0
아디다스,용품(아디다스),러닝 X 아디제로 클라이마쿨 캡,KD6975,용품,OSFM,KD6975(OSFM),132706492,공용,26SS,2025-11-20,2025-11-20,"39,000.00",27489,0,0.0,19,4068821843202,0,0,0,0,6,0,0,0,0,0,0
아디다스,용품(아디다스),러닝 X 아디제로 클라이마쿨 캡,KD6975,용품,OSFM,KD6975(OSFM),132706492,공용,26FW,2026-05-29,2026-05-29,"39,000.00",27489,0,0.0,19,4068821843202,0,0,0,3,10,0,0,0,0,0,0
아디다스,용품(아디다스),러닝 X 아디제로 클라이마쿨 캡,KD6975,용품,OSFW,KD6975(OSFW),132706492,공용,26SS,2025-11-20,2025-11-20,"39,000.00",27488,4,0.0,34,4068821843189,0,0,0,2,9,0,0,0,0,0,0
아디다스,용품(아디다스),러닝 X 아디제로 클라이마쿨 캡,KD6975,용품,OSFW,KD6975(OSFW),132706492,공용,26FW,2026-05-29,2026-05-29,"39,000.00",27488,4,0.0,34,4068821843189,0,0,0,9,10,4,0,0,0,0,0
아디다스,의류(아디다스),아디365 러닝 클라이마쿨 쇼츠 레깅스,KD9193,의류,L,KD9193(L),133799528,여성,26FW,2026-06-01,2026-05-29,"65,000.00",35926,4,0.0,5,4068819682837,0,0,0,1,0,4,0,0,0,0,0
아디다스,의류(아디다스),아디365 러닝 클라이마쿨 쇼츠 레깅스,KD9193,의류,M,KD9193(M),133799528,여성,26FW,2026-06-01,2026-05-29,"65,000.00",35925,9,0.0,15,4068819792956,0,0,0,4,2,9,0,0,0,0,0
아디다스,의류(아디다스),아디365 러닝 클라이마쿨 쇼츠 레깅스,KD9193,의류,S,KD9193(S),133799528,여성,26FW,2026-06-01,2026-05-29,"65,000.00",35924,11,0.0,18,4068819682677,0,0,0,5,2,11,0,0,0,0,0
아디다스,의류(아디다스),아디365 러닝 클라이마쿨 쇼츠 레깅스,KD9193,의류,XS,KD9193(XS),133799528,여성,26FW,2026-06-01,2026-05-29,"65,000.00",35923,1,0.0,3,4068819682851,0,0,0,1,1,1,0,0,0,0,0
아디다스,의류(아디다스),아디365 클라이마쿨 3 스트라이프 러닝 레깅스,KE3738,의류,L,KE3738(L),132706503,여성,26FW,2026-08-31,2026-08-31,"85,000.00",27383,4,0.0,8,,0,2,0,0,2,4,0,0,0,0,0
아디다스,의류(아디다스),아디365 클라이마쿨 3 스트라이프 러닝 레깅스,KE3738,의류,M,KE3738(M),132706503,여성,26FW,2026-08-31,2026-08-31,"85,000.00",27382,15,0.0,19,4068821041455,0,2,0,0,2,15,0,0,0,0,0
아디다스,의류(아디다스),아디365 클라이마쿨 3 스트라이프 러닝 레깅스,KE3738,의류,S,KE3738(S),132706503,여성,26FW,2026-08-31,2026-08-31,"85,000.00",27381,12,0.0,20,4068821041516,0,4,0,0,4,12,0,0,0,0,0
아디다스,의류(아디다스),아디365 클라이마쿨 3 스트라이프 러닝 레깅스,KE3738,의류,XS,KE3738(XS),132706503,여성,26FW,2026-08-31,2026-08-31,"85,000.00",27380,1,0.0,3,,0,1,0,0,1,1,0,0,0,0,0
아디다스,의류(아디다스),아디365 아이코닉 러닝 팬츠,KE6742,의류,L,KE6742(L),132601671,남성,26SS,2026-01-08,2026-01-08,"89,000.00",27375,5,0.0,9,4068822575096,0,0,0,1,3,5,0,0,0,0,0
아디다스,의류(아디다스),아디365 아이코닉 러닝 팬츠,KE6742,의류,M,KE6742(M),132601671,남성,26SS,2026-01-08,2026-01-08,"89,000.00",27374,2,0.0,5,4068822575133,0,0,0,1,2,2,0,0,0,0,0
아디다스,의류(아디다스),아디365 아이코닉 러닝 팬츠,KE6742,의류,XL,KE6742(XL),132601671,남성,26SS,2026-01-08,2026-01-08,"89,000.00",27376,0,0.0,3,4068822575003,0,0,0,1,2,0,0,0,0,0,0
아디다스,의류(아디다스),아디365 아이코닉 러닝 팬츠,KE6742,의류,XXL,KE6742(XXL),132601671,남성,26SS,2026-01-08,2026-01-08,"89,000.00",27377,0,0.0,1,4068822575140,0,0,0,1,0,0,0,0,0,0,0
아디다스,의류(아디다스),아디365 아이코닉 러닝 롱슬리브,KE6831,의류,M,KE6831(M),132964942,남성,26SS,2026-03-03,2026-03-03,"55,000.00",27150,0,0.0,2,4068822687041,0,0,0,0,2,0,0,0,0,0,0
아디다스,의류(아디다스),아디365 아이코닉 러닝 롱슬리브,KE6831,의류,S,KE6831(S),132964942,남성,26SS,2026-03-03,2026-03-03,"55,000.00",27149,0,0.0,1,,0,0,0,0,1,0,0,0,0,0,0
아디다스,의류(아디다스),아디365 아이코닉 러닝 롱슬리브,KE6840,의류,M,KE6840(M),132601688,여성,26SS,2026-01-08,2026-01-08,"55,000.00",27174,0,0.0,1,4068821686823,0,0,0,0,1,0,0,0,0,0,0
아디다스,의류(아디다스),아디365 아이코닉 러닝 롱슬리브,KE6840,의류,XS,KE6840(XS),132601688,여성,26SS,2026-01-08,2026-01-08,"55,000.00",27172,0,0.0,3,4068821686830,0,0,0,1,2,0,0,0,0,0,0
아디다스,의류(아디다스),아디365 아이코닉 러닝 롱슬리브,KE6842,의류,S,KE6842(S),132706504,여성,26SS,2026-01-29,2026-01-29,"55,000.00",27205,0,0.0,1,4068821686694,0,0,0,1,0,0,0,0,0,0,0
아디다스,의류(아디다스),아디365 클라이마쿨 투 포켓 쇼츠,KE8210,의류,L,KE8210(L),133218087,여성,26FW,2026-07-21,2026-07-21,"79,000.00",27471,9,0.0,10,4068822655989,0,0,0,1,0,9,0,0,0,0,0
아디다스,의류(아디다스),아디365 클라이마쿨 투 포켓 쇼츠,KE8210,의류,M,KE8210(M),133218087,여성,26SS,2026-03-24,2026-03-24,"79,000.00",27470,21,0.0,24,4068822655958,0,0,0,0,1,0,0,0,0,0,0
아디다스,의류(아디다스),아디365 클라이마쿨 투 포켓 쇼츠,KE8210,의류,M,KE8210(M),133218087,여성,26FW,2026-07-21,2026-07-21,"79,000.00",27470,21,0.0,24,4068822655958,0,0,0,2,0,21,0,0,0,0,0
아디다스,의류(아디다스),아디365 클라이마쿨 투 포켓 쇼츠,KE8210,의류,S,KE8210(S),133218087,여성,26FW,2026-07-21,2026-07-21,"79,000.00",27469,21,0.0,23,4068822655934,0,0,0,2,0,21,0,0,0,0,0
아디다스,의류(아디다스),아디365 클라이마쿨 투 포켓 쇼츠,KE8210,의류,XS,KE8210(XS),133218087,여성,26SS,2026-03-24,2026-03-24,"79,000.00",27468,3,0.0,4,4068822655835,0,0,0,1,0,0,0,0,0,0,0
아디다스,의류(아디다스),아디365 클라이마쿨 투 포켓 쇼츠,KE8210,의류,XS,KE8210(XS),133218087,여성,26FW,2026-07-21,2026-07-21,"79,000.00",27468,3,0.0,4,4068822655835,0,0,0,0,0,3,0,0,0,0,0
아디다스,의류(아디다스),아디365 클라이마쿨 투 포켓 쇼츠,KE8211,의류,L,KE8211(L),133218156,남성,26SS,2026-03-24,2026-03-24,"79,000.00",27439,38,0.0,44,4068822787130,0,0,0,0,1,0,0,0,0,0,0
아디다스,의류(아디다스),아디365 클라이마쿨 투 포켓 쇼츠,KE8211,의류,L,KE8211(L),133218156,남성,26FW,2026-07-21,2026-07-21,"79,000.00",27439,38,0.0,44,4068822787130,0,0,0,5,0,20,0,0,0,1,17
아디다스,의류(아디다스),아디365 클라이마쿨 투 포켓 쇼츠,KE8211,의류,M,KE8211(M),133218156,남성,26SS,2026-03-24,2026-03-24,"79,000.00",27438,29,0.0,32,4068822785891,0,0,0,0,1,0,0,0,0,0,0
아디다스,의류(아디다스),아디365 클라이마쿨 투 포켓 쇼츠,KE8211,의류,M,KE8211(M),133218156,남성,26FW,2026-07-21,2026-07-21,"79,000.00",27438,29,0.0,32,4068822785891,0,0,0,2,0,16,0,0,0,1,12
아디다스,의류(아디다스),아디365 클라이마쿨 투 포켓 쇼츠,KE8211,의류,S,KE8211(S),133218156,남성,26SS,2026-03-24,2026-03-24,"79,000.00",27437,9,0.0,11,4068822786560,0,0,0,1,0,0,0,0,0,0,0
아디다스,의류(아디다스),아디365 클라이마쿨 투 포켓 쇼츠,KE8211,의류,S,KE8211(S),133218156,남성,26FW,2026-07-21,2026-07-21,"79,000.00",27437,9,0.0,11,4068822786560,0,0,0,1,0,5,0,0,0,1,3
아디다스,의류(아디다스),아디365 클라이마쿨 투 포켓 쇼츠,KE8211,의류,XL,KE8211(XL),133218156,남성,26SS,2026-03-24,2026-03-24,"79,000.00",27440,26,0.0,30,4068822786423,0,0,0,0,0,1,0,0,0,0,0
아디다스,의류(아디다스),아디365 클라이마쿨 투 포켓 쇼츠,KE8211,의류,XL,KE8211(XL),133218156,남성,26FW,2026-07-21,2026-07-21,"79,000.00",27440,26,0.0,30,4068822786423,0,0,0,4,0,13,0,0,0,1,11
아디다스,의류(아디다스),아디365 클라이마쿨 투 포켓 쇼츠,KE8211,의류,XXL,KE8211(XXL),133218156,남성,26SS,2026-03-24,2026-03-24,"79,000.00",27441,3,0.0,5,4068822786621,0,0,0,0,1,0,0,0,0,0,0
아디다스,의류(아디다스),아디365 클라이마쿨 투 포켓 쇼츠,KE8211,의류,XXL,KE8211(XXL),133218156,남성,26FW,2026-07-21,2026-07-21,"79,000.00",27441,3,0.0,5,4068822786621,0,0,0,1,0,1,0,0,0,1,1
아디다스,의류(아디다스),아디365 클라이마쿨 투 포켓 쇼츠,KE8213,의류,L,KE8213(L),133218155,남성,26SS,2026-03-24,2026-03-24,"79,000.00",27431,0,0.0,1,4068821844117,0,0,0,1,0,0,0,0,0,0,0
아디다스,의류(아디다스),아디365 클라이마쿨 투 포켓 쇼츠,KE8213,의류,XL,KE8213(XL),133218155,남성,26SS,2026-03-24,2026-03-24,"79,000.00",27432,0,0.0,1,4068821844186,0,0,0,1,0,0,0,0,0,0,0
아디다스,의류(아디다스),아디365 러닝 에센셜 롱슬리브 셔츠,KE8416,의류,M,KE8416(M),132601686,여성,26SS,2026-01-08,2026-01-08,"49,000.00",27182,0,0.0,1,4068822575850,0,0,0,0,1,0,0,0,0,0,0
아디다스,의류(아디다스),아디365 러닝 에센셜 롱슬리브 탑,KE8420,의류,L,KE8420(L),132875746,남성,26SS,2026-02-11,2026-02-11,"49,000.00",27159,0,0.0,1,4068821747043,0,0,0,1,0,0,0,0,0,0,0
아디다스,의류(아디다스),아디365 러닝 에센셜 롱슬리브 탑,KE8420,의류,M,KE8420(M),132875746,남성,26SS,2026-02-11,2026-02-11,"49,000.00",27158,0,0.0,2,4068821747074,0,0,0,1,1,0,0,0,0,0,0
아디다스,의류(아디다스),아디365 러닝 에센셜 롱슬리브 탑,KE8420,의류,XL,KE8420(XL),132875746,남성,26SS,2026-02-11,2026-02-11,"49,000.00",27160,0,0.0,1,4068821747104,0,0,0,1,0,0,0,0,0,0,0
아디다스,의류(아디다스),아디365 러닝 에센셜 롱슬리브 탑,KE8424,의류,L,KE8424(L),132601711,남성,26SS,2026-01-09,2026-01-09,"49,000.00",27167,0,0.0,1,4068821750333,0,0,0,0,1,0,0,0,0,0,0
아디다스,의류(아디다스),아디365 러닝 에센셜 롱슬리브 탑,KE8424,의류,M,KE8424(M),132601711,남성,26SS,2026-01-09,2026-01-09,"49,000.00",27166,0,0.0,2,4068821750258,0,0,0,1,1,0,0,0,0,0,0
아디다스,의류(아디다스),아디365 러닝 에센셜 롱슬리브 탑,KE8424,의류,XL,KE8424(XL),132601711,남성,26SS,2026-01-09,2026-01-09,"49,000.00",27168,0,0.0,2,4068821750296,0,0,0,1,1,0,0,0,0,0,0
아디다스,의류(아디다스),테렉스 엑스페리어 클라이마쿨 티셔츠,KF9875,의류,L,KF9875(L),136575729,여성,26FW,2026-08-07,2026-08-07,"79,000.00",35730,4,0.0,4,,0,0,0,0,0,4,0,0,0,0,0
아디다스,의류(아디다스),테렉스 엑스페리어 클라이마쿨 티셔츠,KF9875,의류,M,KF9875(M),136575729,여성,26FW,2026-08-07,2026-08-07,"79,000.00",35729,5,0.0,5,,0,0,0,0,0,5,0,0,0,0,0
아디다스,의류(아디다스),테렉스 엑스페리어 클라이마쿨 티셔츠,KF9875,의류,S,KF9875(S),136575729,여성,26FW,2026-08-07,2026-08-07,"79,000.00",35728,6,0.0,6,,0,0,0,0,0,6,0,0,0,0,0
아디다스,의류(아디다스),아디제로 러닝 베스트,KG8457,의류,L,KG8457(L),,남성,26FW,2026-08-28,2026-08-28,"119,000.00",35527,6,0.0,10,,0,2,0,0,2,6,0,0,0,0,0
아디다스,의류(아디다스),아디제로 러닝 베스트,KG8457,의류,M,KG8457(M),,남성,26FW,2026-08-28,2026-08-28,"119,000.00",35526,4,0.0,6,,0,1,0,0,1,4,0,0,0,0,0
아디다스,의류(아디다스),아디제로 러닝 베스트,KG8457,의류,XL,KG8457(XL),,남성,26FW,2026-08-28,2026-08-28,"119,000.00",35528,6,0.0,10,,0,2,0,0,2,6,0,0,0,0,0
아디다스,의류(아디다스),아디제로 러닝 베스트,KG8457,의류,XXL,KG8457(XXL),,남성,26FW,2026-08-28,2026-08-28,"119,000.00",35529,2,0.0,4,,0,1,0,0,1,2,0,0,0,0,0
아디다스,용품(아디다스),러닝 컴피 크루 삭스,KG9716,용품,L,KG9716(L),133799550,공용,26FW,2026-06-08,2026-06-08,"23,000.00",36187,0,0.0,6,4067907102455,0,0,0,3,3,0,0,0,0,0,8
아디다스,용품(아디다스),러닝 컴피 크루 삭스,KG9716,용품,M,KG9716(M),133799550,공용,26FW,2026-06-08,2026-06-08,"23,000.00",36186,0,0.0,5,4067907102431,0,0,0,1,4,0,0,0,0,0,17
아디다스,용품(아디다스),러닝 컴피 크루 삭스,KG9716,용품,S,KG9716(S),133799550,공용,26FW,2026-06-08,2026-06-08,"23,000.00",36185,0,0.0,1,4067907102424,0,0,0,1,0,0,0,0,0,0,1
아디다스,의류(아디다스),아디제로 아카이브 러닝 쇼츠,KG9749,의류,L,KG9749(L),133799731,남성,26FW,2026-06-01,2026-05-29,"79,000.00",36046,5,0.0,7,4068817039060,0,0,0,1,1,5,0,0,0,0,0
아디다스,의류(아디다스),아디제로 아카이브 러닝 쇼츠,KG9749,의류,M,KG9749(M),133799731,남성,26FW,2026-06-01,2026-05-29,"79,000.00",36045,5,0.0,7,4068817042787,0,0,0,1,1,5,0,0,0,0,0
아디다스,의류(아디다스),아디제로 아카이브 러닝 쇼츠,KG9749,의류,S,KG9749(S),133799731,남성,26FW,2026-06-01,2026-05-29,"79,000.00",36044,1,0.0,2,4068817039015,0,0,0,1,0,1,0,0,0,0,0
아디다스,의류(아디다스),아디제로 아카이브 러닝 쇼츠,KG9749,의류,XL,KG9749(XL),133799731,남성,26FW,2026-06-01,2026-05-29,"79,000.00",36047,2,0.0,4,4068817039091,0,0,0,1,1,2,0,0,0,0,0
아디다스,의류(아디다스),아디제로 아카이브 러닝 쇼츠,KH1056,의류,L,KH1056(L),133803387,남성,26FW,2026-06-01,2026-05-28,"79,000.00",36034,10,0.0,16,4068817021157,0,0,0,3,3,10,0,0,0,0,0
아디다스,의류(아디다스),아디제로 아카이브 러닝 쇼츠,KH1056,의류,M,KH1056(M),133803387,남성,26FW,2026-06-01,2026-05-28,"79,000.00",36033,6,0.0,12,4068817021126,0,0,0,4,2,6,0,0,0,0,0
아디다스,의류(아디다스),아디제로 아카이브 러닝 쇼츠,KH1056,의류,S,KH1056(S),133803387,남성,26FW,2026-06-01,2026-05-28,"79,000.00",36032,5,0.0,9,4068817024370,0,0,0,2,2,5,0,0,0,0,0
아디다스,의류(아디다스),아디제로 아카이브 러닝 쇼츠,KH1056,의류,XL,KH1056(XL),133803387,남성,26FW,2026-06-01,2026-05-28,"79,000.00",36035,2,0.0,4,4068817024394,0,0,0,1,1,2,0,0,0,0,0
아디다스,의류(아디다스),아디제로 아카이브 러닝 쇼츠,KH1059,의류,L,KH1059(L),135922016,여성,26FW,2026-07-14,2026-07-14,"79,000.00",36070,1,0.0,1,,0,0,0,0,0,1,0,0,0,0,0
아디다스,의류(아디다스),아디제로 아카이브 러닝 쇼츠,KH1059,의류,M,KH1059(M),135922016,여성,26FW,2026-07-14,2026-07-14,"79,000.00",36069,7,0.0,7,,0,0,0,0,0,7,0,0,0,0,0
아디다스,의류(아디다스),아디제로 아카이브 러닝 쇼츠,KH1059,의류,S,KH1059(S),135922016,여성,26FW,2026-07-14,2026-07-14,"79,000.00",36068,8,0.0,8,,0,0,0,0,0,8,0,0,0,0,0
아디다스,의류(아디다스),아디제로 아카이브 러닝 쇼츠,KH1059,의류,XS,KH1059(XS),135922016,여성,26FW,2026-07-14,2026-07-14,"79,000.00",36067,4,0.0,4,,0,0,0,0,0,4,0,0,0,0,0
아디다스,의류(아디다스),아디제로 아카이브 러닝 크롭 탑,KH2316,의류,L,KH2316(L),136575728,여성,26FW,2026-08-07,2026-08-07,"59,000.00",35894,3,0.0,3,,0,0,0,0,0,3,0,0,0,0,0
아디다스,의류(아디다스),아디제로 아카이브 러닝 크롭 탑,KH2316,의류,M,KH2316(M),136575728,여성,26FW,2026-08-07,2026-08-07,"59,000.00",35893,10,0.0,10,,0,0,0,0,0,10,0,0,0,0,0
아디다스,의류(아디다스),아디제로 아카이브 러닝 크롭 탑,KH2316,의류,S,KH2316(S),136575728,여성,26FW,2026-08-07,2026-08-07,"59,000.00",35892,7,0.0,7,,0,0,0,0,0,7,0,0,0,0,0
아디다스,의류(아디다스),테렉스 엑스페리어 클라이마365 라이트 윈드웨이브 자켓,KH4571,의류,L,KH4571(L),133799741,남성,26FW,2026-06-12,2026-06-12,"179,000.00",35475,2,0.0,5,4069996459861,0,0,0,1,2,2,0,0,0,0,0
아디다스,의류(아디다스),테렉스 엑스페리어 클라이마365 라이트 윈드웨이브 자켓,KH4571,의류,M,KH4571(M),133799741,남성,26FW,2026-06-12,2026-06-12,"179,000.00",35474,1,0.0,3,4069996459922,0,0,0,1,1,1,0,0,0,0,0
아디다스,의류(아디다스),테렉스 엑스페리어 클라이마365 라이트 윈드웨이브 자켓,KH4571,의류,XL,KH4571(XL),133799741,남성,26FW,2026-06-12,2026-06-12,"179,000.00",35476,2,0.0,4,4069996459946,0,0,0,0,2,2,0,0,0,0,0
아디다스,의류(아디다스),테렉스 엑스페리어 클라이마365 라이트 윈드웨이브 자켓,KH4571,의류,XXL,KH4571(XXL),133799741,남성,26FW,2026-06-12,2026-06-12,"179,000.00",35477,1,0.0,2,,0,0,0,0,1,1,0,0,0,0,0
아디다스,의류(아디다스),테렉스 엑스페리어 클라이마365 라이트 윈드웨이브 자켓,KH4572,의류,L,KH4572(L),133799739,여성,26FW,2026-06-12,2026-06-12,"179,000.00",35514,1,0.0,3,4069996459991,0,0,0,0,2,1,0,0,0,0,0
아디다스,의류(아디다스),테렉스 엑스페리어 클라이마365 라이트 윈드웨이브 자켓,KH4572,의류,M,KH4572(M),133799739,여성,26FW,2026-06-12,2026-06-12,"179,000.00",35513,2,0.0,4,4069996466111,0,0,0,1,1,2,0,0,0,0,0
아디다스,의류(아디다스),테렉스 엑스페리어 클라이마365 라이트 윈드웨이브 자켓,KH4572,의류,S,KH4572(S),133799739,여성,26FW,2026-06-12,2026-06-12,"179,000.00",35512,3,0.0,5,4069996466104,0,0,0,1,1,3,0,0,0,0,0
아디다스,신발(아디다스),하이퍼부스트 RUN,KH8132,신발,260,KH8132(260),135935924,남성,26FW,2026-07-23,2026-07-23,"219,000.00",34866,0,0.0,2,4069995520579,0,0,0,1,1,0,0,0,0,0,0
아디다스,신발(아디다스),하이퍼부스트 RUN,KH8132,신발,265,KH8132(265),135935924,남성,26FW,2026-07-23,2026-07-23,"219,000.00",34867,0,0.0,1,4069995520524,0,0,0,1,0,0,0,0,0,0,0
아디다스,신발(아디다스),하이퍼부스트 RUN,KH8132,신발,270,KH8132(270),135935924,남성,26FW,2026-07-23,2026-07-23,"219,000.00",34868,0,0.0,2,4069995520364,0,0,0,1,1,0,0,0,0,0,0
아디다스,신발(아디다스),하이퍼부스트 RUN,KH8132,신발,275,KH8132(275),135935924,남성,26FW,2026-07-23,2026-07-23,"219,000.00",34869,0,0.0,2,4069995520357,0,0,0,1,1,0,0,0,0,0,0
아디다스,신발(아디다스),테렉스 아그라빅 SL,KH8796,신발,230,KH8796(230),133799748,여성,26FW,2026-06-01,2026-05-29,"189,000.00",35296,1,0.0,3,4068819619260,0,0,0,1,1,1,0,0,0,0,0
아디다스,신발(아디다스),테렉스 아그라빅 SL,KH8796,신발,235,KH8796(235),133799748,여성,26FW,2026-06-01,2026-05-29,"189,000.00",35297,4,0.0,5,4068819622871,0,0,0,1,0,4,0,0,0,0,0
아디다스,신발(아디다스),테렉스 아그라빅 SL,KH8796,신발,240,KH8796(240),133799748,여성,26FW,2026-06-01,2026-05-29,"189,000.00",35298,5,0.0,7,4068819619208,0,0,0,1,1,5,0,0,0,0,0
아디다스,신발(아디다스),테렉스 아그라빅 SL,KH8796,신발,245,KH8796(245),133799748,여성,26FW,2026-06-01,2026-05-29,"189,000.00",35299,4,0.0,6,4068819619222,0,0,0,1,1,4,0,0,0,0,0
아디다스,신발(아디다스),테렉스 아그라빅 SL,KH8796,신발,250,KH8796(250),133799748,여성,26FW,2026-06-01,2026-05-29,"189,000.00",35300,3,0.0,5,4068819619215,0,0,0,1,1,3,0,0,0,0,0
아디다스,신발(아디다스),테렉스 아그라빅 SL,KH8796,신발,255,KH8796(255),133799748,여성,26FW,2026-06-01,2026-05-29,"189,000.00",35301,1,0.0,2,4068819619253,0,0,0,1,0,1,0,0,0,0,0
아디다스,신발(아디다스),테렉스 아그라빅 SL,KH8800,신발,255,KH8800(255),133806934,남성,26FW,2026-06-01,2026-05-29,"189,000.00",35364,5,0.0,7,4068819619550,0,0,0,1,1,5,0,0,0,0,0
아디다스,신발(아디다스),테렉스 아그라빅 SL,KH8800,신발,260,KH8800(260),133806934,남성,26FW,2026-06-01,2026-05-29,"189,000.00",35365,10,0.0,12,4068819619512,0,0,0,1,1,10,0,0,0,0,0
아디다스,신발(아디다스),테렉스 아그라빅 SL,KH8800,신발,265,KH8800(265),133806934,남성,26FW,2026-06-01,2026-05-29,"189,000.00",35366,12,0.0,14,4068819615903,0,0,0,1,1,12,0,0,0,0,0
아디다스,신발(아디다스),테렉스 아그라빅 SL,KH8800,신발,270,KH8800(270),133806934,남성,26FW,2026-06-01,2026-05-29,"189,000.00",35367,10,0.0,12,4068819615880,0,0,0,1,1,10,0,0,0,0,0
아디다스,신발(아디다스),테렉스 아그라빅 SL,KH8800,신발,275,KH8800(275),133806934,남성,26FW,2026-06-01,2026-05-29,"189,000.00",35368,6,0.0,8,4068819619536,0,0,0,1,1,6,0,0,0,0,0
아디다스,신발(아디다스),테렉스 아그라빅 SL,KH8800,신발,280,KH8800(280),133806934,남성,26FW,2026-06-01,2026-05-29,"189,000.00",35369,3,0.0,5,4068819615859,0,0,0,1,1,3,0,0,0,0,0
아디다스,신발(아디다스),테렉스 아그라빅 SL,KH8800,신발,285,KH8800(285),133806934,남성,26FW,2026-06-01,2026-05-29,"189,000.00",35370,2,0.0,2,,0,0,0,0,0,2,0,0,0,0,0
아디다스,신발(아디다스),테렉스 아그라빅 SL,KH8801,신발,255,KH8801(255),133710636,남성,26FW,2026-05-29,2026-05-29,"189,000.00",35385,5,0.0,7,4068819612018,0,0,0,1,1,5,0,0,0,0,0
아디다스,신발(아디다스),테렉스 아그라빅 SL,KH8801,신발,260,KH8801(260),133710636,남성,26FW,2026-05-29,2026-05-29,"189,000.00",35386,9,0.0,11,4068819615699,0,0,0,1,1,7,0,0,0,2,0
아디다스,신발(아디다스),테렉스 아그라빅 SL,KH8801,신발,265,KH8801(265),133710636,남성,26FW,2026-05-29,2026-05-29,"189,000.00",35387,10,0.0,13,4068819612049,0,0,0,1,2,8,0,0,0,2,0
아디다스,신발(아디다스),테렉스 아그라빅 SL,KH8801,신발,270,KH8801(270),133710636,남성,26FW,2026-05-29,2026-05-29,"189,000.00",35388,9,0.0,11,4068819615767,0,0,0,1,1,8,0,0,0,1,0
아디다스,신발(아디다스),테렉스 아그라빅 SL,KH8801,신발,275,KH8801(275),133710636,남성,26FW,2026-05-29,2026-05-29,"189,000.00",35389,5,0.0,7,4068819615682,0,0,0,1,1,5,0,0,0,0,0
아디다스,신발(아디다스),테렉스 아그라빅 SL,KH8801,신발,280,KH8801(280),133710636,남성,26FW,2026-05-29,2026-05-29,"189,000.00",35390,2,0.0,4,4068819615743,0,0,0,0,2,1,0,0,0,1,0
아디다스,신발(아디다스),테렉스 아그라빅 SL,KH8801,신발,285,KH8801(285),133710636,남성,26FW,2026-05-29,2026-05-29,"189,000.00",35391,2,0.0,2,,0,0,0,0,0,1,0,0,0,1,0
아디다스,신발(아디다스),테렉스 아그라빅 SL,KH8804,신발,230,KH8804(230),133710635,여성,26FW,2026-05-29,2026-05-29,"189,000.00",35317,2,0.0,2,4068819607601,0,0,0,0,0,2,0,0,0,0,0
아디다스,신발(아디다스),테렉스 아그라빅 SL,KH8804,신발,235,KH8804(235),133710635,여성,26FW,2026-05-29,2026-05-29,"189,000.00",35318,4,0.0,6,4068819607533,0,0,0,1,1,4,0,0,0,0,0
아디다스,신발(아디다스),테렉스 아그라빅 SL,KH8804,신발,240,KH8804(240),133710635,여성,26FW,2026-05-29,2026-05-29,"189,000.00",35319,6,0.0,8,4068819607571,0,0,0,1,1,6,0,0,0,0,0
아디다스,신발(아디다스),테렉스 아그라빅 SL,KH8804,신발,245,KH8804(245),133710635,여성,26FW,2026-05-29,2026-05-29,"189,000.00",35320,1,0.0,4,4068819607632,0,0,0,1,2,1,0,0,0,0,0
아디다스,신발(아디다스),테렉스 아그라빅 SL,KH8804,신발,250,KH8804(250),133710635,여성,26FW,2026-05-29,2026-05-29,"189,000.00",35321,3,0.0,5,4068819607649,0,0,0,1,1,3,0,0,0,0,0
아디다스,신발(아디다스),테렉스 아그라빅 SL,KH8804,신발,255,KH8804(255),133710635,여성,26FW,2026-05-29,2026-05-29,"189,000.00",35322,1,0.0,2,4068819607588,0,0,0,1,0,1,0,0,0,0,0
아디다스,신발(아디다스),보스턴 13,KH8867,신발,230,KH8867(230),135922090,여성,26FW,2026-07-14,2026-07-14,"189,000.00",35124,7,0.0,7,,0,0,0,0,0,4,0,0,0,0,3
아디다스,신발(아디다스),보스턴 13,KH8867,신발,235,KH8867(235),135922090,여성,26FW,2026-07-14,2026-07-14,"189,000.00",35125,12,0.0,12,,0,0,0,0,0,8,0,0,0,0,4
아디다스,신발(아디다스),보스턴 13,KH8867,신발,240,KH8867(240),135922090,여성,26FW,2026-07-14,2026-07-14,"189,000.00",35126,17,0.0,17,,0,0,0,0,0,11,0,0,0,0,6
아디다스,신발(아디다스),보스턴 13,KH8867,신발,245,KH8867(245),135922090,여성,26FW,2026-07-14,2026-07-14,"189,000.00",35127,12,0.0,12,,0,0,0,0,0,8,0,0,0,0,4
아디다스,신발(아디다스),보스턴 13,KH8867,신발,250,KH8867(250),135922090,여성,26FW,2026-07-14,2026-07-14,"189,000.00",35128,8,0.0,8,,0,0,0,0,0,5,0,0,0,0,3
아디다스,신발(아디다스),보스턴 13,KH8867,신발,255,KH8867(255),135922090,여성,26FW,2026-07-14,2026-07-14,"189,000.00",35129,4,0.0,4,,0,0,0,0,0,3,0,0,0,0,1
아디다스,신발(아디다스),아디제로 타쿠미센 11,KH8898,신발,255,KH8898(255),133835639,남성,26FW,2026-06-16,2026-06-12,"219,000.00",34755,0,0.0,1,4069987269134,0,0,0,0,1,0,0,0,0,0,0
아디다스,신발(아디다스),아디제로 타쿠미센 11,KH8898,신발,260,KH8898(260),133835639,남성,26FW,2026-06-16,2026-06-12,"219,000.00",34756,0,0.0,2,4069987269158,0,0,0,1,1,0,0,0,0,0,0
아디다스,신발(아디다스),아디제로 타쿠미센 11,KH8898,신발,265,KH8898(265),133835639,남성,26FW,2026-06-16,2026-06-12,"219,000.00",34757,0,0.0,3,4069987269103,0,0,0,1,2,0,0,0,0,0,0
아디다스,신발(아디다스),아디제로 타쿠미센 11,KH8898,신발,270,KH8898(270),133835639,남성,26FW,2026-06-16,2026-06-12,"219,000.00",34758,0,0.0,4,4069987269066,0,0,0,2,2,0,0,0,0,0,0
아디다스,신발(아디다스),아디제로 타쿠미센 11,KH8898,신발,275,KH8898(275),133835639,남성,26FW,2026-06-16,2026-06-12,"219,000.00",34759,0,0.0,4,4069987269110,0,0,0,2,2,0,0,0,0,0,0
아디다스,신발(아디다스),아디제로 타쿠미센 11,KH8898,신발,280,KH8898(280),133835639,남성,26FW,2026-06-16,2026-06-12,"219,000.00",34760,0,0.0,2,4069987269059,0,0,0,1,1,0,0,0,0,0,0
아디다스,신발(아디다스),아디제로 타쿠미센 11,KH8898,신발,285,KH8898(285),133835639,남성,26FW,2026-06-16,2026-06-12,"219,000.00",34761,0,0.0,2,4069987269080,0,0,0,1,1,0,0,0,0,0,0
아디다스,신발(아디다스),아디제로 타쿠미센 11,KH8901,신발,230,KH8901(230),133710634,여성,26FW,2026-05-29,2026-05-29,"219,000.00",34772,0,0.0,2,4069987427565,0,0,0,1,1,0,0,0,0,0,0
아디다스,신발(아디다스),아디제로 타쿠미센 11,KH8901,신발,235,KH8901(235),133710634,여성,26FW,2026-05-29,2026-05-29,"219,000.00",34773,1,0.0,4,4069987427589,0,0,0,2,1,1,0,0,0,0,0
아디다스,신발(아디다스),아디제로 타쿠미센 11,KH8901,신발,240,KH8901(240),133710634,여성,26FW,2026-05-29,2026-05-29,"219,000.00",34774,0,0.0,3,4069987427596,0,0,0,1,2,0,0,0,0,0,0
아디다스,신발(아디다스),아디제로 타쿠미센 11,KH8901,신발,245,KH8901(245),133710634,여성,26FW,2026-05-29,2026-05-29,"219,000.00",34775,0,0.0,1,4069987427541,0,0,0,1,0,0,0,0,0,0,0
아디다스,신발(아디다스),아디제로 타쿠미센 11,KH8901,신발,250,KH8901(250),133710634,여성,26FW,2026-05-29,2026-05-29,"219,000.00",34776,0,0.0,3,4069987427657,0,0,0,2,1,0,0,0,0,0,0
아디다스,신발(아디다스),아디제로 타쿠미센 11,KH8901,신발,255,KH8901(255),133710634,여성,26FW,2026-05-29,2026-05-29,"219,000.00",34777,1,0.0,2,4069987427619,0,0,0,1,0,1,0,0,0,0,0
아디다스,신발(아디다스),하이퍼부스트 엣지,KI1911,신발,240,KI1911(240),133431996,공용,26SS,2026-04-22,2026-04-22,"249,000.00",34333,1,0.0,2,4068818239377,0,0,0,1,0,1,0,0,0,0,0
아디다스,신발(아디다스),하이퍼부스트 엣지,KI1911,신발,245,KI1911(245),133431996,공용,26SS,2026-04-22,2026-04-22,"249,000.00",34334,1,0.0,2,4068818239391,0,0,0,1,0,1,0,0,0,0,0
아디다스,신발(아디다스),하이퍼부스트 엣지,KI1911,신발,250,KI1911(250),133431996,공용,26SS,2026-04-22,2026-04-22,"249,000.00",34335,0,0.0,1,4068818239254,0,0,0,1,0,0,0,0,0,0,0
아디다스,신발(아디다스),하이퍼부스트 엣지,KI1911,신발,255,KI1911(255),133431996,공용,26SS,2026-04-22,2026-04-22,"249,000.00",34336,0,0.0,1,4068818239322,0,0,0,1,0,0,0,0,0,0,0
아디다스,신발(아디다스),하이퍼부스트 엣지,KI1911,신발,260,KI1911(260),133431996,공용,26SS,2026-04-22,2026-04-22,"249,000.00",34337,1,0.0,2,4068818239407,0,0,0,1,0,1,0,0,0,0,0
아디다스,신발(아디다스),아디제로 EVO SL,KI3381,신발,260,KI3381(260),132875776,남성,26SS,2026-02-13,2026-02-13,"209,000.00",26698,0,0.0,2,4068816976748,0,0,0,2,0,0,0,0,0,0,0
아디다스,신발(아디다스),아디제로 EVO SL,KI3381,신발,265,KI3381(265),132875776,남성,26SS,2026-02-13,2026-02-13,"209,000.00",26699,0,0.0,1,4068816976878,0,0,0,1,0,0,0,0,0,0,0
아디다스,신발(아디다스),아디제로 EVO SL,KI3381,신발,275,KI3381(275),132875776,남성,26SS,2026-02-13,2026-02-13,"209,000.00",26701,0,0.0,3,4068816976830,0,0,0,3,0,0,0,0,0,0,0
아디다스,신발(아디다스),아디제로 EVO SL,KI3383,신발,230,KI3383(230),132875774,여성,26SS,2026-02-13,2026-02-13,"209,000.00",26902,1,0.0,1,4068816881806,0,0,0,0,0,1,0,0,0,0,0
아디다스,신발(아디다스),아디제로 EVO SL,KI3383,신발,235,KI3383(235),132875774,여성,26SS,2026-02-13,2026-02-13,"209,000.00",26903,0,0.0,2,4068816881813,0,0,0,2,0,0,0,0,0,0,0
아디다스,신발(아디다스),아디제로 EVO SL,KI3383,신발,240,KI3383(240),132875774,여성,26SS,2026-02-13,2026-02-13,"209,000.00",26904,0,0.0,1,4068816881844,0,0,0,1,0,0,0,0,0,0,0
아디다스,신발(아디다스),아디제로 EVO SL,KI3946,신발,250,KI3946(250),132542723,남성,26SS,2026-01-08,2026-01-08,"209,000.00",26570,0,0.0,1,4068815978248,0,0,0,0,1,0,0,0,0,0,0
아디다스,신발(아디다스),아디제로 EVO SL,KI3946,신발,255,KI3946(255),132542723,남성,26SS,2026-01-08,2026-01-08,"209,000.00",26571,0,0.0,1,4068815978163,0,0,0,0,1,0,0,0,0,0,0
아디다스,신발(아디다스),아디제로 EVO SL,KI3946,신발,260,KI3946(260),132542723,남성,26SS,2026-01-08,2026-01-08,"209,000.00",26572,0,0.0,1,4068815978224,0,0,0,1,0,0,0,0,0,0,0
아디다스,신발(아디다스),아디제로 EVO SL,KI3946,신발,265,KI3946(265),132542723,남성,26SS,2026-01-08,2026-01-08,"209,000.00",26573,0,0.0,4,4068815978194,0,0,0,1,3,0,0,0,0,0,0
아디다스,신발(아디다스),아디제로 EVO SL,KI3946,신발,270,KI3946(270),132542723,남성,26SS,2026-01-08,2026-01-08,"209,000.00",26574,0,0.0,3,4068815978132,0,0,0,1,2,0,0,0,0,0,0
아디다스,신발(아디다스),아디제로 EVO SL,KI3946,신발,275,KI3946(275),132542723,남성,26SS,2026-01-08,2026-01-08,"209,000.00",26575,1,0.0,1,4068815978231,0,0,0,1,0,0,0,0,0,0,0
아디다스,신발(아디다스),아디제로 EVO SL,KI3946,신발,280,KI3946(280),132542723,남성,26SS,2026-01-08,2026-01-08,"209,000.00",26576,0,0.0,3,4068815978187,0,0,0,2,1,0,0,0,0,0,0
아디다스,신발(아디다스),아디제로 EVO SL,KI3946,신발,285,KI3946(285),132542723,남성,26SS,2026-01-08,2026-01-08,"209,000.00",26577,0,0.0,2,4068815978101,0,0,0,0,2,0,0,0,0,0,0
아디다스,신발(아디다스),하이퍼부스트 엣지,KI4392,신발,255,KI4392(255),135922093,남성,26FW,2026-07-21,2026-07-21,"249,000.00",34799,0,0.0,1,4068818163238,0,0,0,1,0,0,0,0,0,0,0
아디다스,신발(아디다스),하이퍼부스트 엣지,KI4392,신발,260,KI4392(260),135922093,남성,26FW,2026-07-21,2026-07-21,"249,000.00",34800,1,0.0,2,4068818160060,0,0,0,1,0,0,0,0,0,1,0
아디다스,신발(아디다스),하이퍼부스트 엣지,KI4392,신발,265,KI4392(265),135922093,남성,26FW,2026-07-21,2026-07-21,"249,000.00",34801,0,0.0,1,4068818163290,0,0,0,1,0,0,0,0,0,0,0
아디다스,신발(아디다스),하이퍼부스트 엣지,KI4392,신발,270,KI4392(270),135922093,남성,26FW,2026-07-21,2026-07-21,"249,000.00",34802,0,0.0,1,4068818160022,0,0,0,1,0,0,0,0,0,0,0
아디다스,신발(아디다스),하이퍼부스트 엣지,KI4392,신발,275,KI4392(275),135922093,남성,26FW,2026-07-21,2026-07-21,"249,000.00",34803,0,0.0,1,4068818160077,0,0,0,1,0,0,0,0,0,0,0
아디다스,신발(아디다스),아디제로 아디오스 프로 4 서울마라톤,KI4438,신발,250,KI4438(250),132469404,남성,26SS,2026-01-05,2026-01-05,"299,000.00",26108,1,0.0,1,4068818651612,0,0,0,0,0,1,0,0,0,0,0
아디다스,신발(아디다스),아디제로 EVO SL EXO,KI4764,신발,250,KI4764(250),134097555,남성,26FW,2026-06-25,2026-06-25,"209,000.00",34974,0,0.0,2,4068818294093,0,0,0,1,1,0,0,0,0,0,0
아디다스,신발(아디다스),아디제로 EVO SL EXO,KI4764,신발,255,KI4764(255),134097555,남성,26FW,2026-06-25,2026-06-25,"209,000.00",34975,0,0.0,4,4068818293997,0,0,0,2,2,0,0,0,0,0,0
아디다스,신발(아디다스),아디제로 EVO SL EXO,KI4764,신발,260,KI4764(260),134097555,남성,26FW,2026-06-25,2026-06-25,"209,000.00",34976,2,0.0,8,4068818294055,0,0,0,3,3,2,0,0,0,0,0
아디다스,신발(아디다스),아디제로 EVO SL EXO,KI4764,신발,265,KI4764(265),134097555,남성,26FW,2026-06-25,2026-06-25,"209,000.00",34977,6,0.0,10,4068818294024,0,0,0,3,1,6,0,0,0,0,0
아디다스,신발(아디다스),아디제로 EVO SL EXO,KI4764,신발,270,KI4764(270),134097555,남성,26FW,2026-06-25,2026-06-25,"209,000.00",34978,4,0.0,11,4068818294109,0,0,0,3,4,4,0,0,0,0,0
아디다스,신발(아디다스),아디제로 EVO SL EXO,KI4764,신발,275,KI4764(275),134097555,남성,26FW,2026-06-25,2026-06-25,"209,000.00",34979,3,0.0,9,4068818294000,0,0,0,3,3,3,0,0,0,0,0
아디다스,신발(아디다스),아디제로 EVO SL EXO,KI4764,신발,280,KI4764(280),134097555,남성,26FW,2026-06-25,2026-06-25,"209,000.00",34980,1,0.0,5,4068818294116,0,0,0,2,2,1,0,0,0,0,0
아디다스,신발(아디다스),아디제로 EVO SL EXO,KI4764,신발,285,KI4764(285),134097555,남성,26FW,2026-06-25,2026-06-25,"209,000.00",34981,1,0.0,3,4068818293966,0,0,0,1,1,1,0,0,0,0,0
아디다스,신발(아디다스),아디제로 EVO SL EXO,KI4764,신발,290,KI4764(290),134097555,남성,26FW,2026-06-25,2026-06-25,"209,000.00",34982,0,0.0,2,4068818294086,0,0,0,1,1,0,0,0,0,0,0
아디다스,신발(아디다스),아디제로 EVO SL,KI4794,신발,230,KI4794(230),133799746,여성,26FW,2026-06-08,2026-06-08,"209,000.00",34926,1,0.0,5,4069987765513,0,0,0,1,3,0,0,0,0,1,0
아디다스,신발(아디다스),아디제로 EVO SL,KI4794,신발,235,KI4794(235),133799746,여성,26FW,2026-06-08,2026-06-08,"209,000.00",34927,5,0.0,11,4069987765551,0,0,0,4,2,3,0,0,0,2,0
아디다스,신발(아디다스),아디제로 EVO SL,KI4794,신발,240,KI4794(240),133799746,여성,26FW,2026-06-08,2026-06-08,"209,000.00",34928,5,0.0,12,4069987765568,0,0,0,4,3,3,0,0,0,2,0
아디다스,신발(아디다스),아디제로 EVO SL,KI4794,신발,245,KI4794(245),133799746,여성,26FW,2026-06-08,2026-06-08,"209,000.00",34929,2,0.0,7,4069987765490,0,0,0,2,3,1,0,0,0,1,0
아디다스,신발(아디다스),아디제로 EVO SL,KI4794,신발,250,KI4794(250),133799746,여성,26FW,2026-06-08,2026-06-08,"209,000.00",34930,2,0.0,3,4069987113758,0,0,0,1,0,1,0,0,0,1,0
아디다스,신발(아디다스),슈퍼노바 라이즈 3,KI9225,신발,230,KI9225(230),133799745,여성,26FW,2026-06-01,2026-05-29,"159,000.00",35168,0,0.0,2,4069987467196,0,0,0,1,1,0,0,0,0,0,0
아디다스,신발(아디다스),슈퍼노바 라이즈 3,KI9225,신발,235,KI9225(235),133799745,여성,26FW,2026-06-01,2026-05-29,"159,000.00",35169,1,0.0,3,4069987467158,0,0,0,1,1,1,0,0,0,0,0
아디다스,신발(아디다스),슈퍼노바 라이즈 3,KI9225,신발,240,KI9225(240),133799745,여성,26FW,2026-06-01,2026-05-29,"159,000.00",35170,3,0.0,4,4069987467172,0,0,0,0,1,3,0,0,0,0,0
아디다스,신발(아디다스),슈퍼노바 라이즈 3,KI9225,신발,245,KI9225(245),133799745,여성,26FW,2026-06-01,2026-05-29,"159,000.00",35171,3,0.0,5,4069987467103,0,0,0,1,1,3,0,0,0,0,0
아디다스,신발(아디다스),슈퍼노바 라이즈 3,KI9225,신발,250,KI9225(250),133799745,여성,26FW,2026-06-01,2026-05-29,"159,000.00",35172,1,0.0,2,4069987467189,0,0,0,0,1,1,0,0,0,0,0
아디다스,신발(아디다스),슈퍼노바 라이즈 3,KI9225,신발,255,KI9225(255),133799745,여성,26FW,2026-06-01,2026-05-29,"159,000.00",35173,2,0.0,2,,0,0,0,0,0,2,0,0,0,0,0
아디다스,신발(아디다스),슈퍼노바 라이즈 3,KI9227,신발,250,KI9227(250),133835647,남성,26FW,2026-06-22,2026-06-22,"159,000.00",35194,1,0.0,1,,0,0,0,0,0,1,0,0,0,0,0
아디다스,신발(아디다스),슈퍼노바 라이즈 3,KI9227,신발,255,KI9227(255),133835647,남성,26FW,2026-06-22,2026-06-22,"159,000.00",35195,1,0.0,1,,0,0,0,0,0,1,0,0,0,0,0
아디다스,신발(아디다스),슈퍼노바 라이즈 3,KI9227,신발,260,KI9227(260),133835647,남성,26FW,2026-06-22,2026-06-22,"159,000.00",35196,0,0.0,1,4069987311338,0,0,0,1,0,0,0,0,0,0,0
아디다스,신발(아디다스),슈퍼노바 라이즈 3,KI9227,신발,265,KI9227(265),133835647,남성,26FW,2026-06-22,2026-06-22,"159,000.00",35197,0,0.0,1,4069987307683,0,0,0,0,1,0,0,0,0,0,0
아디다스,신발(아디다스),슈퍼노바 라이즈 3,KI9227,신발,270,KI9227(270),133835647,남성,26FW,2026-06-22,2026-06-22,"159,000.00",35198,2,0.0,4,4069987307669,0,0,0,1,1,2,0,0,0,0,0
아디다스,신발(아디다스),슈퍼노바 라이즈 3,KI9227,신발,275,KI9227(275),133835647,남성,26FW,2026-06-22,2026-06-22,"159,000.00",35199,1,0.0,3,4069987311314,0,0,0,1,1,1,0,0,0,0,0
아디다스,신발(아디다스),슈퍼노바 라이즈 3,KI9227,신발,280,KI9227(280),133835647,남성,26FW,2026-06-22,2026-06-22,"159,000.00",35200,1,0.0,1,,0,0,0,0,0,1,0,0,0,0,0
아디다스,신발(아디다스),슈퍼노바 라이즈 3,KI9227,신발,285,KI9227(285),133835647,남성,26FW,2026-06-22,2026-06-22,"159,000.00",35201,1,0.0,1,,0,0,0,0,0,1,0,0,0,0,0
아디다스,신발(아디다스),아디제로 아디오스 프로 4 보스톤,KI9388,신발,250,KI9388(250),132707446,남성,26SS,2026-01-30,2026-01-30,"299,000.00",26213,1,0.0,2,4068821060180,0,0,0,0,1,1,0,0,0,0,0
아디다스,신발(아디다스),아디제로 아디오스 프로 4 보스톤,KI9388,신발,255,KI9388(255),132707446,남성,26SS,2026-01-30,2026-01-30,"299,000.00",26214,0,0.0,2,4068821060234,0,0,0,1,1,0,0,0,0,0,0
아디다스,신발(아디다스),아디제로 아디오스 프로 4 보스톤,KI9388,신발,260,KI9388(260),132707446,남성,26SS,2026-01-30,2026-01-30,"299,000.00",26215,2,0.0,6,4068821060319,0,0,0,1,3,2,0,0,0,0,0
아디다스,신발(아디다스),아디제로 아디오스 프로 4 보스톤,KI9388,신발,265,KI9388(265),132707446,남성,26SS,2026-01-30,2026-01-30,"299,000.00",26216,1,0.0,6,4068821060289,0,0,0,1,4,1,0,0,0,0,0
아디다스,신발(아디다스),아디제로 아디오스 프로 4 보스톤,KI9388,신발,270,KI9388(270),132707446,남성,26SS,2026-01-30,2026-01-30,"299,000.00",26217,4,0.0,8,4068821060265,0,0,0,1,3,4,0,0,0,0,0
아디다스,신발(아디다스),아디제로 아디오스 프로 4 보스톤,KI9388,신발,275,KI9388(275),132707446,남성,26SS,2026-01-30,2026-01-30,"299,000.00",26218,2,0.0,5,4068821060173,0,0,0,1,2,2,0,0,0,0,0
아디다스,신발(아디다스),아디제로 아디오스 프로 4 보스톤,KI9388,신발,280,KI9388(280),132707446,남성,26SS,2026-01-30,2026-01-30,"299,000.00",26219,2,0.0,5,4068821060302,0,0,0,1,2,2,0,0,0,0,0
아디다스,신발(아디다스),아디제로 아디오스 프로 4 보스톤,KI9388,신발,285,KI9388(285),132707446,남성,26SS,2026-01-30,2026-01-30,"299,000.00",26220,0,0.0,1,4068821060272,0,0,0,0,1,0,0,0,0,0,0
아디다스,신발(아디다스),아디제로 아디오스 프로 4 보스톤,KI9388,신발,290,KI9388(290),132707446,남성,26SS,2026-01-30,2026-01-30,"299,000.00",26221,1,0.0,2,4068821060210,0,0,0,1,1,0,0,0,0,0,0
아디다스,신발(아디다스),아디제로 EVO SL,KI9874,신발,250,KI9874(250),133835657,남성,26FW,2026-06-16,2026-06-12,"209,000.00",34908,0,0.0,2,4069987065491,0,0,0,1,1,0,0,0,0,0,0
아디다스,신발(아디다스),아디제로 EVO SL,KI9874,신발,255,KI9874(255),133835657,남성,26FW,2026-06-16,2026-06-12,"209,000.00",34909,1,0.0,4,4069987065415,0,0,0,2,1,1,0,0,0,0,0
아디다스,신발(아디다스),아디제로 EVO SL,KI9874,신발,260,KI9874(260),133835657,남성,26FW,2026-06-16,2026-06-12,"209,000.00",34910,5,0.0,8,4069987065446,0,0,0,1,2,5,0,0,0,0,0
아디다스,신발(아디다스),아디제로 EVO SL,KI9874,신발,265,KI9874(265),133835657,남성,26FW,2026-06-16,2026-06-12,"209,000.00",34911,7,0.0,11,4069987065477,0,0,0,2,2,7,0,0,0,0,0
아디다스,신발(아디다스),아디제로 EVO SL,KI9874,신발,270,KI9874(270),133835657,남성,26FW,2026-06-16,2026-06-12,"209,000.00",34912,7,0.0,12,4069987069178,0,0,0,2,3,7,0,0,0,0,0
아디다스,신발(아디다스),아디제로 EVO SL,KI9874,신발,275,KI9874(275),133835657,남성,26FW,2026-06-16,2026-06-12,"209,000.00",34913,6,0.0,9,4069987065514,0,0,0,2,1,6,0,0,0,0,0
아디다스,신발(아디다스),아디제로 EVO SL,KI9874,신발,280,KI9874(280),133835657,남성,26FW,2026-06-16,2026-06-12,"209,000.00",34914,3,0.0,6,4069987065392,0,0,0,2,1,3,0,0,0,0,0
아디다스,신발(아디다스),아디제로 EVO SL,KI9874,신발,285,KI9874(285),133835657,남성,26FW,2026-06-16,2026-06-12,"209,000.00",34915,0,0.0,2,4069987069185,0,0,0,1,1,0,0,0,0,0,0
아디다스,신발(아디다스),아디제로 EVO SL,KI9874,신발,290,KI9874(290),133835657,남성,26FW,2026-06-16,2026-06-12,"209,000.00",34916,1,0.0,2,4069987069130,0,0,0,1,0,1,0,0,0,0,0
아디다스,신발(아디다스),아디제로 EVO SL EXO,KJ0423,신발,250,KJ0423(250),136575738,남성,26FW,2026-07-31,2026-07-31,"209,000.00",35084,0,0.0,2,4069987515262,0,0,0,1,1,0,0,0,0,0,0
아디다스,신발(아디다스),아디제로 EVO SL EXO,KJ0423,신발,255,KJ0423(255),136575738,남성,26FW,2026-07-31,2026-07-31,"209,000.00",35085,0,0.0,2,4069987515217,0,0,0,1,1,0,0,0,0,0,0
아디다스,신발(아디다스),아디제로 EVO SL EXO,KJ0423,신발,260,KJ0423(260),136575738,남성,26FW,2026-07-31,2026-07-31,"209,000.00",35086,0,0.0,2,4069987518911,0,0,0,1,1,0,0,0,0,0,0
아디다스,신발(아디다스),아디제로 EVO SL EXO,KJ0423,신발,265,KJ0423(265),136575738,남성,26FW,2026-07-31,2026-07-31,"209,000.00",35087,0,0.0,4,4069987515248,0,0,0,2,2,0,0,0,0,0,0
아디다스,신발(아디다스),아디제로 EVO SL EXO,KJ0423,신발,270,KJ0423(270),136575738,남성,26FW,2026-07-31,2026-07-31,"209,000.00",35088,0,0.0,4,4069987518942,0,0,0,2,2,0,0,0,0,0,0
아디다스,신발(아디다스),아디제로 EVO SL EXO,KJ0423,신발,275,KJ0423(275),136575738,남성,26FW,2026-07-31,2026-07-31,"209,000.00",35089,0,0.0,4,4069987515279,0,0,0,2,2,0,0,0,0,0,0
아디다스,신발(아디다스),아디제로 EVO SL EXO,KJ0423,신발,280,KJ0423(280),136575738,남성,26FW,2026-07-31,2026-07-31,"209,000.00",35090,0,0.0,2,4069987515194,0,0,0,1,1,0,0,0,0,0,0
아디다스,신발(아디다스),아디제로 EVO SL EXO,KJ0423,신발,285,KJ0423(285),136575738,남성,26FW,2026-07-31,2026-07-31,"209,000.00",35091,0,0.0,1,4069987515187,0,0,0,0,1,0,0,0,0,0,0
아디다스,신발(아디다스),아디제로 EVO SL EXO,KJ0430,신발,250,KJ0430(250),133835715,남성,26FW,2026-06-22,2026-06-22,"209,000.00",34996,1,0.0,3,4069987526596,0,0,0,1,1,1,0,0,0,0,0
아디다스,신발(아디다스),아디제로 EVO SL EXO,KJ0430,신발,255,KJ0430(255),133835715,남성,26FW,2026-06-22,2026-06-22,"209,000.00",34997,2,0.0,4,4069987526589,0,0,0,1,1,2,0,0,0,0,0
아디다스,신발(아디다스),아디제로 EVO SL EXO,KJ0430,신발,260,KJ0430(260),133835715,남성,26FW,2026-06-22,2026-06-22,"209,000.00",34998,1,0.0,6,4069987526602,0,0,0,2,3,1,0,0,0,0,0
아디다스,신발(아디다스),아디제로 EVO SL EXO,KJ0430,신발,265,KJ0430(265),133835715,남성,26FW,2026-06-22,2026-06-22,"209,000.00",34999,0,0.0,9,4069987522949,0,0,0,5,4,0,0,0,0,0,0
아디다스,신발(아디다스),아디제로 EVO SL EXO,KJ0430,신발,270,KJ0430(270),133835715,남성,26FW,2026-06-22,2026-06-22,"209,000.00",35000,3,0.0,11,4069987522970,0,0,0,4,4,3,0,0,0,0,0
아디다스,신발(아디다스),아디제로 EVO SL EXO,KJ0430,신발,275,KJ0430(275),133835715,남성,26FW,2026-06-22,2026-06-22,"209,000.00",35001,2,0.0,9,4069987522895,0,0,0,4,3,2,0,0,0,0,0
아디다스,신발(아디다스),아디제로 EVO SL EXO,KJ0430,신발,280,KJ0430(280),133835715,남성,26FW,2026-06-22,2026-06-22,"209,000.00",35002,1,0.0,6,4069987522901,0,0,0,2,3,1,0,0,0,0,0
아디다스,신발(아디다스),아디제로 EVO SL EXO,KJ0430,신발,285,KJ0430(285),133835715,남성,26FW,2026-06-22,2026-06-22,"209,000.00",35003,1,0.0,3,4069987522918,0,0,0,1,1,1,0,0,0,0,0
아디다스,신발(아디다스),아디제로 EVO SL EXO,KJ0430,신발,290,KJ0430(290),133835715,남성,26FW,2026-06-22,2026-06-22,"209,000.00",35004,0,0.0,2,4069987522932,0,0,0,1,1,0,0,0,0,0,0
아디다스,신발(아디다스),아디제로 EVO SL EXO,KJ0440,신발,230,KJ0440(230),133835670,여성,26FW,2026-06-22,2026-06-22,"209,000.00",34948,4,0.0,6,4069987709807,0,0,0,1,1,4,0,0,0,0,0
아디다스,신발(아디다스),아디제로 EVO SL EXO,KJ0440,신발,235,KJ0440(235),133835670,여성,26FW,2026-06-22,2026-06-22,"209,000.00",34949,1,0.0,5,4069987709791,0,0,0,2,2,1,0,0,0,0,0
아디다스,신발(아디다스),아디제로 EVO SL EXO,KJ0440,신발,240,KJ0440(240),133835670,여성,26FW,2026-06-22,2026-06-22,"209,000.00",34950,3,0.0,8,4069987709760,0,0,0,2,3,3,0,0,0,0,0
아디다스,신발(아디다스),아디제로 EVO SL EXO,KJ0440,신발,245,KJ0440(245),133835670,여성,26FW,2026-06-22,2026-06-22,"209,000.00",34951,2,0.0,7,4069987709777,0,0,0,2,3,2,0,0,0,0,0
아디다스,신발(아디다스),아디제로 EVO SL EXO,KJ0440,신발,250,KJ0440(250),133835670,여성,26FW,2026-06-22,2026-06-22,"209,000.00",34952,4,0.0,7,4069987709227,0,0,0,2,1,4,0,0,0,0,0
아디다스,신발(아디다스),아디제로 EVO SL EXO,KJ0440,신발,255,KJ0440(255),133835670,여성,26FW,2026-06-22,2026-06-22,"209,000.00",34953,1,0.0,1,,0,0,0,0,0,1,0,0,0,0,0
아디다스,신발(아디다스),아디제로 EVO SL,KJ8336,신발,250,KJ8336(250),,남성,26FW,2026-08-28,2026-08-28,"209,000.00",35018,7,0.0,9,,0,1,0,0,1,7,0,0,0,0,0
아디다스,신발(아디다스),아디제로 EVO SL,KJ8336,신발,255,KJ8336(255),,남성,26FW,2026-08-28,2026-08-28,"209,000.00",35019,11,0.0,13,,0,1,0,0,1,11,0,0,0,0,0
아디다스,신발(아디다스),아디제로 EVO SL,KJ8336,신발,260,KJ8336(260),,남성,26FW,2026-08-28,2026-08-28,"209,000.00",35020,20,0.0,24,,0,2,0,0,2,20,0,0,0,0,0
아디다스,신발(아디다스),아디제로 EVO SL,KJ8336,신발,265,KJ8336(265),,남성,26FW,2026-08-28,2026-08-28,"209,000.00",35021,30,0.0,34,,0,2,0,0,2,30,0,0,0,0,0
아디다스,신발(아디다스),아디제로 EVO SL,KJ8336,신발,270,KJ8336(270),,남성,26FW,2026-08-28,2026-08-28,"209,000.00",35022,36,0.0,40,,0,2,0,0,2,36,0,0,0,0,0
아디다스,신발(아디다스),아디제로 EVO SL,KJ8336,신발,275,KJ8336(275),,남성,26FW,2026-08-28,2026-08-28,"209,000.00",35023,24,0.0,28,,0,2,0,0,2,24,0,0,0,0,0
아디다스,신발(아디다스),아디제로 EVO SL,KJ8336,신발,280,KJ8336(280),,남성,26FW,2026-08-28,2026-08-28,"209,000.00",35024,14,0.0,18,,0,2,0,0,2,14,0,0,0,0,0
아디다스,신발(아디다스),아디제로 EVO SL,KJ8336,신발,285,KJ8336(285),,남성,26FW,2026-08-28,2026-08-28,"209,000.00",35025,3,0.0,5,,0,1,0,0,1,3,0,0,0,0,0
아디다스,신발(아디다스),아디제로 EVO SL,KJ8336,신발,290,KJ8336(290),,남성,26FW,2026-08-28,2026-08-28,"209,000.00",35026,2,0.0,4,,0,1,0,0,1,2,0,0,0,0,0
아디다스,신발(아디다스),아디제로 EVO SL,KJ8336,신발,300,KJ8336(300),,남성,26FW,2026-08-28,2026-08-28,"209,000.00",35028,2,0.0,2,,0,0,0,0,0,2,0,0,0,0,0
아디다스,신발(아디다스),아디제로 EVO SL,KJ8337,신발,230,KJ8337(230),,여성,26FW,2026-08-31,2026-08-31,"209,000.00",35036,7,0.0,11,,0,2,0,0,2,7,0,0,0,0,0
아디다스,신발(아디다스),아디제로 EVO SL,KJ8337,신발,235,KJ8337(235),,여성,26FW,2026-08-31,2026-08-31,"209,000.00",35037,14,0.0,20,,0,3,0,0,3,14,0,0,0,0,0
아디다스,신발(아디다스),아디제로 EVO SL,KJ8337,신발,240,KJ8337(240),,여성,26FW,2026-08-31,2026-08-31,"209,000.00",35038,23,0.0,29,,0,3,0,0,3,23,0,0,0,0,0
아디다스,신발(아디다스),아디제로 EVO SL,KJ8337,신발,245,KJ8337(245),,여성,26FW,2026-08-31,2026-08-31,"209,000.00",35039,14,0.0,20,,0,3,0,0,3,14,0,0,0,0,0
아디다스,신발(아디다스),아디제로 EVO SL,KJ8337,신발,250,KJ8337(250),,여성,26FW,2026-08-31,2026-08-31,"209,000.00",35040,9,0.0,13,,0,2,0,0,2,9,0,0,0,0,0
아디다스,신발(아디다스),아디제로 EVO SL,KJ8337,신발,255,KJ8337(255),,여성,26FW,2026-08-31,2026-08-31,"209,000.00",35041,5,0.0,7,,0,1,0,0,1,5,0,0,0,0,0
아디다스,신발(아디다스),하이퍼부스트 엣지,KK0288,신발,235,KK0288(235),133431993,공용,26SS,2026-04-22,2026-04-22,"249,000.00",34353,2,0.0,2,4068817598710,0,0,0,0,0,2,0,0,0,0,0
아디다스,신발(아디다스),하이퍼부스트 엣지,KK0288,신발,240,KK0288(240),133431993,공용,26SS,2026-04-22,2026-04-22,"249,000.00",34354,1,0.0,1,4068817598819,0,0,0,0,0,1,0,0,0,0,0
아디다스,신발(아디다스),하이퍼부스트 엣지,KK0288,신발,245,KK0288(245),133431993,공용,26SS,2026-04-22,2026-04-22,"249,000.00",34355,2,0.0,2,4068817598871,0,0,0,0,0,2,0,0,0,0,0
아디다스,신발(아디다스),하이퍼부스트 엣지,KK0288,신발,255,KK0288(255),133431993,공용,26SS,2026-04-22,2026-04-22,"249,000.00",34357,1,0.0,1,4068817598703,0,0,0,0,0,1,0,0,0,0,0
아디다스,신발(아디다스),하이퍼부스트 엣지,KK0288,신발,305,KK0288(305),133431993,공용,26SS,2026-04-22,2026-04-22,"249,000.00",34346,1,0.0,1,,0,0,0,0,0,1,0,0,0,0,0
아디다스,신발(아디다스),하이퍼부스트 엣지,KK0289,신발,235,KK0289(235),133431991,공용,26SS,2026-04-22,2026-04-22,"249,000.00",34374,1,0.0,2,4068817598895,0,0,0,0,1,1,0,0,0,0,0
아디다스,신발(아디다스),하이퍼부스트 엣지,KK0289,신발,240,KK0289(240),133431991,공용,26SS,2026-04-22,2026-04-22,"249,000.00",34375,2,0.0,3,4068817602592,0,0,0,0,1,2,0,0,0,0,0
아디다스,신발(아디다스),하이퍼부스트 엣지,KK0289,신발,245,KK0289(245),133431991,공용,26SS,2026-04-22,2026-04-22,"249,000.00",34376,2,0.0,2,4068817602646,0,0,0,0,0,2,0,0,0,0,0
아디다스,신발(아디다스),하이퍼부스트 엣지,KK0289,신발,270,KK0289(270),133431991,공용,26SS,2026-04-22,2026-04-22,"249,000.00",34381,0,0.0,1,4068817602547,0,0,0,0,1,0,0,0,0,0,0
아디다스,신발(아디다스),하이퍼부스트런,KK2010,신발,260,KK2010(260),,남성,26FW,2026-08-24,2026-08-24,"219,000.00",41227,0,0.0,1,,0,0,1,0,0,0,0,0,0,0,0
아디다스,신발(아디다스),하이퍼부스트런,KK2010,신발,265,KK2010(265),,남성,26FW,2026-08-24,2026-08-24,"219,000.00",41228,0,0.0,1,,0,0,1,0,0,0,0,0,0,0,0
아디다스,신발(아디다스),하이퍼부스트런,KK2010,신발,270,KK2010(270),,남성,26FW,2026-08-24,2026-08-24,"219,000.00",41229,0,0.0,1,4069987117503,0,0,0,1,0,0,0,0,0,0,0
아디다스,신발(아디다스),하이퍼부스트런,KK2010,신발,275,KK2010(275),,남성,26FW,2026-08-24,2026-08-24,"219,000.00",41230,0,0.0,1,4069987117541,0,0,0,1,0,0,0,0,0,0,0
아디다스,신발(아디다스),아디제로 EVO SL ATR,KK2690,신발,285,KK2690(285),132964954,남성,26SS,2026-03-03,2026-03-03,"229,000.00",26682,1,0.0,1,,0,0,0,0,0,1,0,0,0,0,0
아디다스,신발(아디다스),아디제로 EVO SL ATR,KK2690,신발,290,KK2690(290),132964954,남성,26SS,2026-03-03,2026-03-03,"229,000.00",26683,1,0.0,1,,0,0,0,0,0,1,0,0,0,0,0
아디다스,신발(아디다스),아디제로 EVO SL 우븐,KK3719,신발,290,KK3719(290),132964957,남성,26SS,2026-03-03,2026-03-03,"209,000.00",26725,1,0.0,1,,0,0,0,0,0,1,0,0,0,0,0
아디다스,의류(아디다스),아디365 클라이마쿨 하이퍼부스트 러닝 탱크,KQ8645,의류,L,KQ8645(L),135922045,여성,26FW,2026-07-21,2026-07-21,"69,000.00",35918,4,0.0,4,,0,0,0,0,0,4,0,0,0,0,0
아디다스,의류(아디다스),아디365 클라이마쿨 하이퍼부스트 러닝 탱크,KQ8645,의류,M,KQ8645(M),135922045,여성,26FW,2026-07-21,2026-07-21,"69,000.00",35917,8,0.0,8,,0,0,0,0,0,8,0,0,0,0,0
아디다스,의류(아디다스),아디365 클라이마쿨 하이퍼부스트 러닝 탱크,KQ8645,의류,S,KQ8645(S),135922045,여성,26FW,2026-07-21,2026-07-21,"69,000.00",35916,7,0.0,7,,0,0,0,0,0,7,0,0,0,0,0
아디다스,의류(아디다스),아디365 클라이마쿨 하이퍼부스트 러닝 점프슈트,KQ8647,의류,L,KQ8647(L),135922061,여성,26FW,2026-07-21,2026-07-21,"99,000.00",35873,5,0.0,5,,0,0,0,0,0,5,0,0,0,0,0
아디다스,의류(아디다스),아디365 클라이마쿨 하이퍼부스트 러닝 점프슈트,KQ8647,의류,M,KQ8647(M),135922061,여성,26FW,2026-07-21,2026-07-21,"99,000.00",35872,8,0.0,8,,0,0,0,0,0,8,0,0,0,0,0
아디다스,의류(아디다스),아디365 클라이마쿨 하이퍼부스트 러닝 점프슈트,KQ8647,의류,S,KQ8647(S),135922061,여성,26FW,2026-07-21,2026-07-21,"99,000.00",35871,7,0.0,7,,0,0,0,0,0,7,0,0,0,0,0
아디다스,의류(아디다스),아디365 클라이마쿨 하이퍼부스트 러닝 티셔츠,KQ8649,의류,L,KQ8649(L),135922072,남성,26FW,2026-07-20,2026-07-20,"69,000.00",35756,2,0.0,4,4069996743663,0,0,0,2,0,2,0,0,0,0,0
아디다스,의류(아디다스),아디365 클라이마쿨 하이퍼부스트 러닝 티셔츠,KQ8649,의류,M,KQ8649(M),135922072,남성,26FW,2026-07-20,2026-07-20,"69,000.00",35755,0,0.0,1,4069996743571,0,0,0,1,0,0,0,0,0,0,0
아디다스,의류(아디다스),아디365 클라이마쿨 하이퍼부스트 러닝 티셔츠,KQ8649,의류,XL,KQ8649(XL),135922072,남성,26FW,2026-07-20,2026-07-20,"69,000.00",35757,1,0.0,3,4069996746633,0,0,0,1,0,2,0,0,0,0,0
아디다스,의류(아디다스),아디365 클라이마쿨 아이코닉 탱크,KR2970,의류,L,KR2970(L),136575727,여성,26FW,2026-08-07,2026-08-07,"39,000.00",35902,3,0.0,3,,0,0,0,0,0,3,0,0,0,0,0
아디다스,의류(아디다스),아디365 클라이마쿨 아이코닉 탱크,KR2970,의류,M,KR2970(M),136575727,여성,26FW,2026-08-07,2026-08-07,"39,000.00",35901,10,0.0,10,,0,0,0,0,0,10,0,0,0,0,0
아디다스,의류(아디다스),아디365 클라이마쿨 아이코닉 탱크,KR2970,의류,S,KR2970(S),136575727,여성,26FW,2026-08-07,2026-08-07,"39,000.00",35900,7,0.0,7,,0,0,0,0,0,7,0,0,0,0,0
아디다스,의류(아디다스),아디365 러닝 클라이마쿨 아이코닉 티셔츠,KR3050,의류,L,KR3050(L),133835635,남성,26FW,2026-06-17,2026-06-17,"49,000.00",35834,5,0.0,5,,0,0,0,0,0,5,0,0,0,0,0
아디다스,의류(아디다스),아디365 러닝 클라이마쿨 아이코닉 티셔츠,KR3050,의류,M,KR3050(M),133835635,남성,26FW,2026-06-17,2026-06-17,"49,000.00",35833,7,0.0,7,,0,0,0,0,0,7,0,0,0,0,0
아디다스,의류(아디다스),아디365 러닝 클라이마쿨 아이코닉 티셔츠,KR3050,의류,S,KR3050(S),133835635,남성,26FW,2026-06-17,2026-06-17,"49,000.00",35832,3,0.0,3,,0,0,0,0,0,3,0,0,0,0,0
아디다스,의류(아디다스),아디365 러닝 클라이마쿨 아이코닉 티셔츠,KR3050,의류,XL,KR3050(XL),133835635,남성,26FW,2026-06-17,2026-06-17,"49,000.00",35835,2,0.0,2,,0,0,0,0,0,2,0,0,0,0,0
아디다스,의류(아디다스),테렉스 클라이마쿨 5패널 그래픽 캡,KR6408,의류,M,KR6408(M),133689178,공용,26FW,2026-05-21,2026-05-21,"29,000.00",36084,7,0.0,11,4067907090998,0,0,0,2,2,7,0,0,0,0,0
아디다스,의류(아디다스),테렉스 클라이마쿨 5패널 그래픽 캡,KR6408,의류,S,KR6408(S),133689178,공용,26FW,2026-05-21,2026-05-21,"29,000.00",36083,3,0.0,9,4067907091001,0,0,0,4,2,3,0,0,0,0,0
아디다스,용품(아디다스),러닝 클라이마쿨 헤드 밴드,KR8955,용품,M,KR8955(M),133835632,공용,26FW,2026-06-22,2026-06-22,"25,000.00",36132,0,0.0,6,,0,0,0,3,4,0,0,0,0,0,4
아디다스,용품(아디다스),러닝 클라이마쿨 헤드 밴드,KR8955,용품,S,KR8955(S),133835632,공용,26FW,2026-06-22,2026-06-22,"25,000.00",36131,0,0.0,9,,0,0,0,4,5,0,0,0,0,0,10
아디다스,용품(아디다스),러닝 클라이마쿨 헤드밴드,KR8956,용품,M,KR8956(M),135922006,공용,26FW,2026-07-21,2026-07-21,"25,000.00",36108,0,0.0,0,,0,0,0,0,0,0,0,0,0,0,9
아디다스,용품(아디다스),러닝 클라이마쿨 헤드밴드,KR8956,용품,S,KR8956(S),135922006,공용,26FW,2026-07-21,2026-07-21,"25,000.00",36107,0,0.0,0,,0,0,0,0,0,0,0,0,0,0,10
아디다스,용품(아디다스),러닝 컴피 크루 삭스,KR8970,용품,M,KR8970(M),135921971,공용,26FW,2026-07-21,2026-07-21,"23,000.00",36135,0,0.0,0,,0,0,0,0,0,0,0,0,0,0,29
아디다스,용품(아디다스),러닝 컴피 크루 삭스,KR8970,용품,S,KR8970(S),135921971,공용,26FW,2026-07-21,2026-07-21,"23,000.00",36134,0,0.0,0,,0,0,0,0,0,0,0,0,0,0,18
아디다스,용품(아디다스),러닝 X 아디제로 클라이마쿨 캡,KR9003,용품,OSFM,KR9003(OSFM),133710632,공용,26FW,2026-05-29,2026-05-29,"39,000.00",36092,1,0.0,7,4067907129278,1,0,0,4,2,0,0,0,0,0,0
아디다스,용품(아디다스),러닝 X 아디제로 클라이마쿨 캡,KR9003,용품,OSFW,KR9003(OSFW),133710632,공용,26FW,2026-05-29,2026-05-29,"39,000.00",36093,1,0.0,7,4067907129285,1,0,0,3,3,0,0,0,0,0,0
아디다스,의류(아디다스),서울마라톤 쇼츠,KS0469,의류,M,KS0469(M),132469393,남성,26SS,2026-01-05,2026-01-05,"59,000.00",27406,1,0.0,1,4068817563480,0,0,0,0,0,1,0,0,0,0,0
아디다스,의류(아디다스),아디365 러닝 클라이마쿨 아이코닉 티셔츠,KS3244,의류,L,KS3244(L),,남성,26FW,2026-06-01,2026-05-29,"49,000.00",35860,4,0.0,6,4067907117695,0,0,0,1,1,4,0,0,0,0,0
아디다스,의류(아디다스),아디365 러닝 클라이마쿨 아이코닉 티셔츠,KS3244,의류,M,KS3244(M),,남성,26FW,2026-06-01,2026-05-29,"49,000.00",35859,6,0.0,8,4067907117640,0,0,0,1,1,6,0,0,0,0,0
아디다스,의류(아디다스),아디365 러닝 클라이마쿨 아이코닉 티셔츠,KS3244,의류,S,KS3244(S),,남성,26FW,,,"49,000.00",35858,3,0.0,4,4067907117626,0,0,0,1,0,3,0,0,0,0,0
아디다스,의류(아디다스),아디365 러닝 클라이마쿨 아이코닉 티셔츠,KS3248,의류,L,KS3248(L),133799735,남성,26FW,2026-06-01,2026-05-29,"49,000.00",35847,2,0.0,3,4067907098482,0,0,0,1,0,2,0,0,0,0,0
아디다스,의류(아디다스),아디365 러닝 클라이마쿨 아이코닉 티셔츠,KS3248,의류,M,KS3248(M),133799735,남성,26FW,2026-06-01,2026-05-29,"49,000.00",35846,4,0.0,6,4067907098345,0,0,0,1,1,4,0,0,0,0,0
아디다스,의류(아디다스),아디365 러닝 클라이마쿨 아이코닉 티셔츠,KS3248,의류,S,KS3248(S),133799735,남성,26FW,,,0.00,35845,3,0.0,4,4067907102103,0,0,0,1,0,3,0,0,0,0,0
아디다스,의류(아디다스),아디365 러닝 클라이마쿨 아이코닉 티셔츠,KS3248,의류,XL,KS3248(XL),133799735,남성,26FW,2026-06-01,2026-05-29,"49,000.00",35848,0,0.0,2,4067907098369,0,0,0,1,1,0,0,0,0,0,0
아디다스,의류(아디다스),아디365 러닝 클라이마쿨 브라,KS5871,의류,L,KS5871(L),135922028,,26FW,2026-07-21,2026-07-21,"79,000.00",39936,3,0.0,3,,0,0,0,0,0,3,0,0,0,0,0
아디다스,의류(아디다스),아디365 러닝 클라이마쿨 브라,KS5871,의류,M,KS5871(M),135922028,,26FW,2026-07-21,2026-07-21,"79,000.00",39935,4,0.0,4,,0,0,0,0,0,4,0,0,0,0,0
아디다스,의류(아디다스),아디365 러닝 클라이마쿨 브라,KS5871,의류,S,KS5871(S),135922028,,26FW,2026-07-21,2026-07-21,"79,000.00",39934,3,0.0,3,,0,0,0,0,0,3,0,0,0,0,0
아디다스,의류(아디다스),아디365 클라이마쿨 4포켓 2IN1 쇼츠,KS6098,의류,L,KS6098(L),135951554,남성,26FW,2026-07-23,2026-07-23,"79,000.00",35998,4,0.0,6,4068804667580,0,0,0,1,1,4,0,0,0,0,0
아디다스,의류(아디다스),아디365 클라이마쿨 4포켓 2IN1 쇼츠,KS6098,의류,M,KS6098(M),135951554,남성,26FW,2026-07-23,2026-07-23,"79,000.00",35997,3,0.0,5,4068804667597,0,0,0,1,1,3,0,0,0,0,0
아디다스,의류(아디다스),아디365 클라이마쿨 4포켓 2IN1 쇼츠,KS6098,의류,S,KS6098(S),135951554,남성,26FW,2026-07-23,2026-07-23,"79,000.00",35996,0,0.0,2,4068804667672,0,0,0,1,1,0,0,0,0,0,0
아디다스,의류(아디다스),아디365 클라이마쿨 4포켓 2IN1 쇼츠,KS6098,의류,XL,KS6098(XL),135951554,남성,26FW,2026-07-23,2026-07-23,"79,000.00",35999,2,0.0,4,4068804667658,0,0,0,1,1,2,0,0,0,0,0
아디다스,의류(아디다스),아디제로 아카이브 러닝 쇼츠,KT4854,의류,L,KT4854(L),133799597,여성,26FW,2026-06-01,2026-05-28,"79,000.00",36058,0,0.0,1,4068817020617,0,0,0,1,0,0,0,0,0,0,0
아디다스,의류(아디다스),아디제로 아카이브 러닝 쇼츠,KT4854,의류,M,KT4854(M),133799597,여성,26FW,2026-06-01,2026-05-28,"79,000.00",36057,0,0.0,3,4068817016740,0,0,0,2,1,0,0,0,0,0,0
아디다스,의류(아디다스),아디제로 아카이브 러닝 쇼츠,KT4854,의류,S,KT4854(S),133799597,여성,26FW,2026-06-01,2026-05-28,"79,000.00",36056,3,0.0,7,4068817023588,0,0,0,2,2,3,0,0,0,0,0
아디다스,의류(아디다스),아디제로 아카이브 러닝 쇼츠,KT4854,의류,XS,KT4854(XS),133799597,여성,26FW,2026-06-01,2026-05-28,"79,000.00",36055,2,0.0,3,4068817020594,0,0,0,1,0,2,0,0,0,0,0
아디다스,용품(아디다스),러닝 라이트 크루 삭스,KV2938,용품,L,KV2938(L),135951542,공용,26FW,2026-07-23,2026-07-23,"19,000.00",36153,5,0.0,14,4067907117817,0,0,0,4,5,0,0,0,0,0,5
아디다스,용품(아디다스),러닝 라이트 크루 삭스,KV2938,용품,M,KV2938(M),135951542,공용,26FW,2026-07-23,2026-07-23,"19,000.00",36152,40,0.0,69,4067907117824,0,0,0,14,15,0,0,0,0,0,40
아디다스,용품(아디다스),러닝 라이트 크루 삭스,KV2938,용품,S,KV2938(S),135951542,공용,26FW,2026-07-23,2026-07-23,"19,000.00",36151,15,0.0,35,4067907117831,0,0,0,10,10,0,0,0,0,0,15
아디다스,의류(아디다스),테렉스 멀티 라이트 쇼츠,KX0764,의류,L,KX0764(L),136575731,남성,26FW,2026-07-31,2026-07-31,"79,000.00",35974,5,0.0,7,4069995381866,0,0,0,1,1,5,0,0,0,0,0
아디다스,의류(아디다스),테렉스 멀티 라이트 쇼츠,KX0764,의류,M,KX0764(M),136575731,남성,26FW,2026-07-31,2026-07-31,"79,000.00",35973,2,0.0,5,4069995381873,0,0,0,1,2,2,0,0,0,0,0
아디다스,의류(아디다스),테렉스 멀티 라이트 쇼츠,KX0764,의류,S,KX0764(S),136575731,남성,26FW,2026-07-31,2026-07-31,"79,000.00",35972,1,0.0,2,4069995385499,0,0,0,0,1,1,0,0,0,0,0
아디다스,의류(아디다스),테렉스 멀티 라이트 쇼츠,KX0764,의류,XL,KX0764(XL),136575731,남성,26FW,2026-07-31,2026-07-31,"79,000.00",35975,3,0.0,5,4069995385482,0,0,0,1,1,3,0,0,0,0,0
아디다스,의류(아디다스),테렉스 멀티 클라이마쿨 로고 테크 티셔츠,KX0767,의류,L,KX0767(L),136575735,남성,26FW,2026-07-31,2026-07-31,"39,000.00",35704,5,0.0,8,4069995519122,0,0,0,1,2,5,0,0,0,0,0
아디다스,의류(아디다스),테렉스 멀티 클라이마쿨 로고 테크 티셔츠,KX0767,의류,M,KX0767(M),136575735,남성,26FW,2026-07-31,2026-07-31,"39,000.00",35703,1,0.0,4,4069995519085,0,0,0,1,2,1,0,0,0,0,0
아디다스,의류(아디다스),테렉스 멀티 클라이마쿨 로고 테크 티셔츠,KX0767,의류,XL,KX0767(XL),136575735,남성,26FW,2026-07-31,2026-07-31,"39,000.00",35705,3,0.0,4,4069995519139,0,0,0,0,1,3,0,0,0,0,0
아디다스,의류(아디다스),테렉스 멀티 클라이마쿨 로고 테크 티셔츠,KX0767,의류,XXL,KX0767(XXL),136575735,남성,26FW,2026-07-31,2026-07-31,"39,000.00",35706,0,0.0,2,4069995522030,0,0,0,0,2,0,0,0,0,0,0
아디다스,의류(아디다스),아디365 러닝 포모션 아이코닉 쇼츠,KX4396,의류,L,KX4396(L),136575734,남성,26FW,2026-08-07,2026-08-07,"55,000.00",36022,8,0.0,8,,0,0,0,0,0,8,0,0,0,0,0
아디다스,의류(아디다스),아디365 러닝 포모션 아이코닉 쇼츠,KX4396,의류,M,KX4396(M),136575734,남성,26FW,2026-08-07,2026-08-07,"55,000.00",36021,5,0.0,5,,0,0,0,0,0,5,0,0,0,0,0
아디다스,의류(아디다스),아디365 러닝 포모션 아이코닉 쇼츠,KX4396,의류,S,KX4396(S),136575734,남성,26FW,2026-08-07,2026-08-07,"55,000.00",36020,2,0.0,2,,0,0,0,0,0,2,0,0,0,0,0
아디다스,의류(아디다스),아디365 러닝 포모션 아이코닉 쇼츠,KX4396,의류,XL,KX4396(XL),136575734,남성,26FW,2026-08-07,2026-08-07,"55,000.00",36023,4,0.0,4,,0,0,0,0,0,4,0,0,0,0,0
아디다스,의류(아디다스),아디365 하이퍼부스트 러닝 그래픽 티셔츠,KY5654,의류,L,KY5654(L),135922085,남성,26FW,2026-07-21,2026-07-21,"69,000.00",35743,10,0.0,10,,0,0,0,0,0,10,0,0,0,0,0
아디다스,의류(아디다스),아디365 하이퍼부스트 러닝 그래픽 티셔츠,KY5654,의류,S,KY5654(S),135922085,남성,26FW,2026-07-21,2026-07-21,0.00,35741,2,0.0,2,,0,0,0,0,0,2,0,0,0,0,0
아디다스,의류(아디다스),아디365 하이퍼부스트 러닝 그래픽 티셔츠,KY5654,의류,XL,KY5654(XL),135922085,남성,26FW,2026-07-21,2026-07-21,"69,000.00",35744,8,0.0,8,,0,0,0,0,0,8,0,0,0,0,0
아디다스,용품(아디다스),태렉스 엑스페리어 클라이마쿨 캡,KY7803,용품,M,KY7803(M),136575726,공용,26FW,2026-07-31,2026-07-31,"39,000.00",36100,14,0.0,19,4067907110252,0,0,0,3,2,14,0,0,0,0,0
아디다스,용품(아디다스),태렉스 엑스페리어 클라이마쿨 캡,KY7803,용품,S,KY7803(S),136575726,공용,26FW,2026-07-31,2026-07-31,"39,000.00",36099,4,0.0,10,4067907113864,0,0,0,3,3,4,0,0,0,0,0
아디다스,용품(아디다스),테렉스 엑스페리어 클라이마쿨 트레일 크루 삭스,KY7814,용품,M,KY7814(M),136575725,공용,26FW,2026-07-31,2026-07-31,"19,000.00",36245,7,0.0,13,4067907098697,0,0,0,3,3,7,0,0,0,0,0
아디다스,용품(아디다스),테렉스 엑스페리어 클라이마쿨 트레일 크루 삭스,KY7814,용품,S,KY7814(S),136575725,공용,26FW,2026-07-31,2026-07-31,"19,000.00",36244,9,0.0,15,4067907098666,0,0,0,3,3,9,0,0,0,0,0
아디다스,의류(아디다스),아디제로 아스파이어 러닝 유나이트핏 티셔츠,KZ0027,의류,L,KZ0027(L),135922088,남성,26FW,2026-07-20,2026-07-20,"89,000.00",35769,15,0.0,28,4067907048104,0,0,0,8,5,14,0,0,0,1,0
아디다스,의류(아디다스),아디제로 아스파이어 러닝 유나이트핏 티셔츠,KZ0027,의류,M,KZ0027(M),135922088,남성,26FW,2026-07-20,2026-07-20,"89,000.00",35768,10,0.0,18,4067907044496,0,0,0,6,2,9,0,0,0,1,0
아디다스,의류(아디다스),아디제로 아스파이어 러닝 유나이트핏 티셔츠,KZ0027,의류,S,KZ0027(S),135922088,남성,26FW,2026-07-20,2026-07-20,"89,000.00",35767,5,0.0,8,4067907048159,0,0,0,2,1,4,0,0,0,1,0
아디다스,의류(아디다스),아디제로 아스파이어 러닝 유나이트핏 티셔츠,KZ0027,의류,XL,KZ0027(XL),135922088,남성,26FW,2026-07-20,2026-07-20,"89,000.00",35770,15,0.0,25,4067907048135,0,0,0,7,3,14,0,0,0,1,0
아디다스,의류(아디다스),아디제로 아스파이어 러닝 유나이트핏 티셔츠,KZ0027,의류,XXL,KZ0027(XXL),135922088,남성,26FW,2026-07-20,2026-07-20,"89,000.00",35771,4,0.0,8,4067907048142,0,0,0,2,2,3,0,0,0,1,0
아디다스,의류(아디다스),아디제로 아스파이어 러닝 유나이트핏 티셔츠,KZ0028,의류,L,KZ0028(L),133799737,남성,26FW,2026-06-01,2026-05-29,"89,000.00",35782,18,0.0,24,4067907048197,0,0,0,3,3,18,0,0,0,0,0
아디다스,의류(아디다스),아디제로 아스파이어 러닝 유나이트핏 티셔츠,KZ0028,의류,M,KZ0028(M),133799737,남성,26FW,2026-06-01,2026-05-29,"89,000.00",35781,10,0.0,13,4067907048173,0,0,0,2,1,10,0,0,0,0,0
아디다스,의류(아디다스),아디제로 아스파이어 러닝 유나이트핏 티셔츠,KZ0028,의류,S,KZ0028(S),133799737,남성,26FW,2026-06-01,2026-05-29,"89,000.00",35780,1,0.0,3,4067907048258,0,0,0,1,1,1,0,0,0,0,0
아디다스,의류(아디다스),아디제로 아스파이어 러닝 유나이트핏 티셔츠,KZ0028,의류,XL,KZ0028(XL),133799737,남성,26FW,2026-06-01,2026-05-29,"89,000.00",35783,14,0.0,19,4067907048234,0,0,0,3,2,14,0,0,0,0,0
아디다스,의류(아디다스),아디제로 아스파이어 러닝 유나이트핏 티셔츠,KZ0028,의류,XXL,KZ0028(XXL),133799737,남성,26FW,2026-06-01,2026-05-29,"89,000.00",35784,5,0.0,9,4067907048210,0,0,0,2,2,5,0,0,0,0,0
아디다스,신발(아디다스),테렉스 아그라빅 SL,KZ8663,신발,250,KZ8663(250),136575736,남성,26FW,2026-08-07,2026-08-07,"189,000.00",35279,2,0.0,2,,0,0,0,0,0,2,0,0,0,0,0
아디다스,신발(아디다스),테렉스 아그라빅 SL,KZ8663,신발,255,KZ8663(255),136575736,남성,26FW,2026-08-07,2026-08-07,"189,000.00",35280,3,0.0,3,,0,0,0,0,0,3,0,0,0,0,0
아디다스,신발(아디다스),테렉스 아그라빅 SL,KZ8663,신발,260,KZ8663(260),136575736,남성,26FW,2026-08-07,2026-08-07,"189,000.00",35281,6,0.0,6,,0,0,0,0,0,6,0,0,0,0,0
아디다스,신발(아디다스),테렉스 아그라빅 SL,KZ8663,신발,265,KZ8663(265),136575736,남성,26FW,2026-08-07,2026-08-07,"189,000.00",35282,7,0.0,7,,0,0,0,0,0,7,0,0,0,0,0
아디다스,신발(아디다스),테렉스 아그라빅 SL,KZ8663,신발,270,KZ8663(270),136575736,남성,26FW,2026-08-07,2026-08-07,"189,000.00",35283,9,0.0,9,,0,0,0,0,0,9,0,0,0,0,0
아디다스,신발(아디다스),테렉스 아그라빅 SL,KZ8663,신발,275,KZ8663(275),136575736,남성,26FW,2026-08-07,2026-08-07,"189,000.00",35284,6,0.0,6,,0,0,0,0,0,6,0,0,0,0,0
아디다스,신발(아디다스),테렉스 아그라빅 SL,KZ8663,신발,280,KZ8663(280),136575736,남성,26FW,2026-08-07,2026-08-07,"189,000.00",35285,4,0.0,4,,0,0,0,0,0,4,0,0,0,0,0
아디다스,신발(아디다스),테렉스 아그라빅 SL,KZ8663,신발,285,KZ8663(285),136575736,남성,26FW,2026-08-07,2026-08-07,"189,000.00",35286,3,0.0,3,,0,0,0,0,0,3,0,0,0,0,0
아디다스,신발(아디다스),테렉스 아그라빅 SL,KZ9653,신발,230,KZ9653(230),133799749,남성,26FW,2026-06-01,2026-05-29,"189,000.00",35338,0,0.0,2,4069999376479,0,0,0,1,1,0,0,0,0,0,0
아디다스,신발(아디다스),테렉스 아그라빅 SL,KZ9653,신발,235,KZ9653(235),133799749,남성,26FW,2026-06-01,2026-05-29,"189,000.00",35339,0,0.0,2,4069999376462,0,0,0,1,1,0,0,0,0,0,0
아디다스,신발(아디다스),테렉스 아그라빅 SL,KZ9653,신발,240,KZ9653(240),133799749,남성,26FW,2026-06-01,2026-05-29,"189,000.00",35340,0,0.0,2,4068805121395,0,0,0,1,1,0,0,0,0,0,0
아디다스,신발(아디다스),테렉스 아그라빅 SL,KZ9653,신발,245,KZ9653(245),133799749,남성,26FW,2026-06-01,2026-05-29,"189,000.00",35341,0,0.0,2,4068805121432,0,0,0,1,1,0,0,0,0,0,0
아디다스,신발(아디다스),테렉스 아그라빅 SL,KZ9653,신발,250,KZ9653(250),133799749,남성,26FW,2026-06-01,2026-05-29,"189,000.00",35342,0,0.0,2,4068805125058,0,0,0,1,1,0,0,0,0,0,0
아디다스,신발(아디다스),테렉스 아그라빅 SL,KZ9653,신발,255,KZ9653(255),133799749,남성,26FW,2026-06-01,2026-05-29,"189,000.00",35343,0,0.0,2,4068805121340,0,0,0,1,1,0,0,0,0,0,0
아디다스,신발(아디다스),테렉스 아그라빅 SL,KZ9653,신발,260,KZ9653(260),133799749,남성,26FW,2026-06-01,2026-05-29,"189,000.00",35344,0,0.0,3,4068805121326,0,0,0,1,2,0,0,0,0,0,0
아디다스,신발(아디다스),테렉스 아그라빅 SL,KZ9653,신발,265,KZ9653(265),133799749,남성,26FW,2026-06-01,2026-05-29,"189,000.00",35345,0,0.0,2,4068805121302,0,0,0,1,1,0,0,0,0,0,0
아디다스,신발(아디다스),테렉스 아그라빅 SL,KZ9653,신발,270,KZ9653(270),133799749,남성,26FW,2026-06-01,2026-05-29,"189,000.00",35346,0,0.0,2,4068805121319,0,0,0,1,1,0,0,0,0,0,0
아디다스,신발(아디다스),테렉스 아그라빅 SL,KZ9653,신발,275,KZ9653(275),133799749,남성,26FW,2026-06-01,2026-05-29,"189,000.00",35347,0,0.0,2,4068805121418,0,0,0,1,1,0,0,0,0,0,0
아디다스,신발(아디다스),테렉스 아그라빅 SL,KZ9653,신발,280,KZ9653(280),133799749,남성,26FW,2026-06-01,2026-05-29,"189,000.00",35348,0,0.0,2,4068805121357,0,0,0,1,1,0,0,0,0,0,0
아디다스,신발(아디다스),테렉스 아그라빅 SL,KZ9653,신발,285,KZ9653(285),133799749,남성,26FW,2026-06-01,2026-05-29,"189,000.00",35349,0,0.0,2,4068805121401,0,0,0,1,1,0,0,0,0,0,0
살로몬,신발(살로몬),제네시스 2 와이드,L45388500,신발,225,L45388500(225),136588199,남성,26FW,2026-08-11,2026-08-11,"250,000.00",40541,0,0.0,2,198720564473,0,0,0,1,1,0,0,0,0,0,0
살로몬,신발(살로몬),제네시스 2 와이드,L45388500,신발,230,L45388500(230),136588199,남성,26FW,2026-08-11,2026-08-11,"250,000.00",40542,1,0.0,5,198720564466,0,0,0,2,2,1,0,0,0,0,0
살로몬,신발(살로몬),제네시스 2 와이드,L45388500,신발,235,L45388500(235),136588199,남성,26FW,2026-08-11,2026-08-11,"250,000.00",40543,2,0.0,6,198720564435,0,0,0,2,2,2,0,0,0,0,0
살로몬,신발(살로몬),제네시스 2 와이드,L45388500,신발,240,L45388500(240),136588199,남성,26FW,2026-08-11,2026-08-11,"250,000.00",40544,2,0.0,6,198720564404,0,0,0,2,2,2,0,0,0,0,0
살로몬,신발(살로몬),제네시스 2 와이드,L45388500,신발,245,L45388500(245),136588199,남성,26FW,2026-08-11,2026-08-11,"250,000.00",40545,2,0.0,4,198720564398,0,0,0,1,1,2,0,0,0,0,0
살로몬,신발(살로몬),제네시스 2 와이드,L45388500,신발,250,L45388500(250),136588199,남성,26FW,2026-08-11,2026-08-11,"250,000.00",40546,2,0.0,4,198720564572,0,0,0,1,1,2,0,0,0,0,0
살로몬,신발(살로몬),제네시스 2 와이드,L45388500,신발,255,L45388500(255),136588199,남성,26FW,2026-08-11,2026-08-11,"250,000.00",40547,2,0.0,4,198720564558,0,0,0,1,1,2,0,0,0,0,0
살로몬,신발(살로몬),제네시스 2 와이드,L45388500,신발,260,L45388500(260),136588199,남성,26FW,2026-08-11,2026-08-11,"250,000.00",40548,4,0.0,9,198720564541,0,0,0,3,2,4,0,0,0,0,0
살로몬,신발(살로몬),제네시스 2 와이드,L45388500,신발,265,L45388500(265),136588199,남성,26FW,2026-08-11,2026-08-11,"250,000.00",40549,5,0.0,10,198720564527,0,0,0,3,2,5,0,0,0,0,0
살로몬,신발(살로몬),제네시스 2 와이드,L45388500,신발,270,L45388500(270),136588199,남성,26FW,2026-08-11,2026-08-11,"250,000.00",40550,6,0.0,12,198720564503,0,0,0,3,3,6,0,0,0,0,0
살로몬,신발(살로몬),제네시스 2 와이드,L45388500,신발,275,L45388500(275),136588199,남성,26FW,2026-08-11,2026-08-11,"250,000.00",40551,4,0.0,9,198720564510,0,0,0,3,2,4,0,0,0,0,0
살로몬,신발(살로몬),제네시스 2 와이드,L45388500,신발,280,L45388500(280),136588199,남성,26FW,2026-08-11,2026-08-11,"250,000.00",40552,2,0.0,6,198720564480,0,0,0,2,2,2,0,0,0,0,0
살로몬,신발(살로몬),제네시스 2 와이드,L45388500,신발,285,L45388500(285),136588199,남성,26FW,2026-08-11,2026-08-11,"250,000.00",40553,1,0.0,3,198720564459,0,0,0,1,1,1,0,0,0,0,0
살로몬,신발(살로몬),울트라 글라이드 4,L45396000,신발,255,L45396000(255),136588196,남성,26FW,2026-08-11,2026-08-11,"230,000.00",40610,2,0.0,6,198720539983,0,0,0,2,2,2,0,0,0,0,0
살로몬,신발(살로몬),울트라 글라이드 4,L45396000,신발,260,L45396000(260),136588196,남성,26FW,2026-08-11,2026-08-11,"230,000.00",40611,4,0.0,8,198720539921,0,0,0,2,2,4,0,0,0,0,0
살로몬,신발(살로몬),울트라 글라이드 4,L45396000,신발,265,L45396000(265),136588196,남성,26FW,2026-08-11,2026-08-11,"230,000.00",40612,5,0.0,10,198720539938,0,0,0,3,2,5,0,0,0,0,0
살로몬,신발(살로몬),울트라 글라이드 4,L45396000,신발,270,L45396000(270),136588196,남성,26FW,2026-08-11,2026-08-11,"230,000.00",40613,5,0.0,11,198720539914,0,0,0,3,3,5,0,0,0,0,0
살로몬,신발(살로몬),울트라 글라이드 4,L45396000,신발,275,L45396000(275),136588196,남성,26FW,2026-08-11,2026-08-11,"230,000.00",40614,4,0.0,9,198720539860,0,0,0,3,2,4,0,0,0,0,0
살로몬,신발(살로몬),울트라 글라이드 4,L45396000,신발,280,L45396000(280),136588196,남성,26FW,2026-08-11,2026-08-11,"230,000.00",40615,2,0.0,6,198720539877,0,0,0,2,2,2,0,0,0,0,0
살로몬,신발(살로몬),울트라 글라이드 4,L45396100,신발,230,L45396100(230),136588193,여성,26FW,2026-08-11,2026-08-11,"230,000.00",40626,1,0.0,3,198720539822,0,0,0,1,1,1,0,0,0,0,0
살로몬,신발(살로몬),울트라 글라이드 4,L45396100,신발,235,L45396100(235),136588193,여성,26FW,2026-08-11,2026-08-11,"230,000.00",40627,1,0.0,5,198720539785,0,0,0,2,2,1,0,0,0,0,0
살로몬,신발(살로몬),울트라 글라이드 4,L45396100,신발,240,L45396100(240),136588193,여성,26FW,2026-08-11,2026-08-11,"230,000.00",40628,2,0.0,8,198720539792,0,0,0,3,3,2,0,0,0,0,0
살로몬,신발(살로몬),울트라 글라이드 4,L45396100,신발,245,L45396100(245),136588193,여성,26FW,2026-08-11,2026-08-11,"230,000.00",40629,3,0.0,9,198720539778,0,0,0,3,3,3,0,0,0,0,0
살로몬,신발(살로몬),울트라 글라이드 4,L45396100,신발,250,L45396100(250),136588193,여성,26FW,2026-08-11,2026-08-11,"230,000.00",40630,2,0.0,5,198720539761,0,0,0,2,1,2,0,0,0,0,0
살로몬,신발(살로몬),릴렉스 모크 6.0,L47111500,신발,270,L47111500(270),133227578,남성,26SS,2026-03-23,2026-03-23,"98,000.00",31538,0,0.0,1,195751218108,0,0,0,0,1,0,0,0,0,0,0
살로몬,용품(살로몬),릴랙스 슬라이드 6.0,L47112000,용품,275,L47112000(275),129101748,남성,26SS,2026-03-23,2026-03-23,"88,000.00",15266,0,0.0,1,195751219709,0,0,0,1,0,0,0,0,0,0,0
살로몬,용품(살로몬),릴랙스 슬라이드 6.0,L47112000,용품,280,L47112000(280),129101748,남성,26SS,2026-03-23,2026-03-23,"88,000.00",15267,0,0.0,1,195751219716,0,0,0,1,0,0,0,0,0,0,0
살로몬,신발(살로몬),S/LAB 판타즘 2,L47276600,신발,265,L47276600(265),131962396,남성,25FW,2025-07-11,2025-07-11,"340,000.00",5449,3,0.0,0,,0,0,0,0,0,0,0,3,0,0,0
살로몬,신발(살로몬),S/LAB 스펙터,L47376000,신발,265,L47376000(265),131962398,여성,25FW,2025-07-11,2025-07-11,"320,000.00",5470,3,0.0,0,,0,0,0,0,0,0,0,3,0,0,0
살로몬,신발(살로몬),S/LAB 스펙터,L47376000,신발,270,L47376000(270),131962398,여성,25FW,2025-07-14,2025-07-14,"320,000.00",5471,3,0.0,3,,0,0,0,0,0,3,0,0,0,0,0
살로몬,신발(살로몬),S/LAB 펄사 3,L47386700,신발,280,L47386700(280),123473138,남성,25SS,2025-02-21,2025-02-21,"320,000.00",5494,0,0.0,1,195751573184,0,0,0,0,0,1,0,0,0,0,0
살로몬,신발(살로몬),S/LAB 제네시스,L47440800,신발,260,L47440800(260),,남성,24FW,2024-08-12,2024-08-12,"278,000.00",5091,0,0.0,1,195751538763,0,0,0,0,0,1,0,0,0,0,0
살로몬,신발(살로몬),제네시스,L47443700,신발,225,L47443700(225),123477827,여성,24FW,2024-08-12,2024-08-12,"248,000.00",5567,1,0.0,1,195751577816,0,0,0,0,0,1,0,0,0,0,0
살로몬,신발(살로몬),S/LAB 울트라,L47480100,신발,270,L47480100(270),123473198,남성,24FW,2024-08-12,2024-08-12,"340,000.00",5135,0,0.0,1,195751471060,0,0,0,0,1,0,0,0,0,0,0
살로몬,신발(살로몬),S/LAB 울트라,L47480100,신발,280,L47480100(280),123473198,남성,24FW,2024-08-12,2024-08-12,"340,000.00",5137,0,0.0,1,195751471046,0,0,0,0,1,0,0,0,0,0,0
살로몬,신발(살로몬),S/LAB 제네시스,L47722600,신발,265,L47722600(265),128842854,남성,25FW,2025-08-20,2025-08-20,"278,000.00",15191,1,0.0,1,195751917902,0,0,0,0,1,0,0,0,0,0,0
살로몬,용품(살로몬),릴랙스 슬라이드 6.0,L47740900,용품,230,L47740900(230),129101745,여성,26SS,2026-03-23,2026-03-23,"88,000.00",15215,0,0.0,1,195751885058,0,0,0,0,1,0,0,0,0,0,0
살로몬,용품(살로몬),릴랙스 슬라이드 6.0,L47740900,용품,235,L47740900(235),129101745,여성,26SS,2026-03-23,2026-03-23,"88,000.00",15216,0,0.0,1,195751885072,0,0,0,0,1,0,0,0,0,0,0
살로몬,용품(살로몬),릴랙스 슬라이드 6.0,L47740900,용품,240,L47740900(240),129101745,여성,25SS,2025-03-14,2025-03-14,"88,000.00",15217,0,0.0,4,195751885003,0,0,0,2,0,0,0,0,0,0,0
살로몬,용품(살로몬),릴랙스 슬라이드 6.0,L47740900,용품,240,L47740900(240),129101745,여성,26SS,2026-03-23,2026-03-23,"88,000.00",15217,0,0.0,4,195751885003,0,0,0,0,2,0,0,0,0,0,0
살로몬,용품(살로몬),릴랙스 슬라이드 6.0,L47740900,용품,250,L47740900(250),129101745,여성,26SS,2026-03-23,2026-03-23,"88,000.00",15219,0,0.0,1,195751884983,0,0,0,1,0,0,0,0,0,0,0
살로몬,신발(살로몬),울트라 글라이드 3,L47744000,신발,235,L47744000(235),128842847,여성,25SS,2025-02-21,2025-02-21,"210,000.00",14959,0,0.0,0,,0,0,0,0,0,0,0,1,0,0,0
살로몬,신발(살로몬),제네시스,L47762800,신발,275,L47762800(275),124346653,남성,25SS,2025-01-10,2025-01-10,"248,000.00",15318,0,0.0,1,195751929981,0,0,0,0,1,0,0,0,0,0,0
살로몬,신발(살로몬),제네시스,L47763400,신발,265,L47763400(265),128842857,남성,25SS,2025-02-21,2025-02-21,"248,000.00",15337,0,0.0,1,195751930246,0,0,0,0,0,1,0,0,0,0,0
살로몬,신발(살로몬),울트라 글라이드 3 프로토,L47805400,신발,230,L47805400(230),129574552,여성,25SS,2025-04-17,2025-04-17,"215,000.00",14937,0,0.0,1,195751923606,0,0,0,0,1,0,0,0,0,0,0
살로몬,신발(살로몬),울트라 글라이드 3 프로토,L47805400,신발,235,L47805400(235),129574552,여성,25SS,2025-04-17,2025-04-17,"215,000.00",14938,0,0.0,1,195751923613,0,0,0,0,1,0,0,0,0,0,0
살로몬,신발(살로몬),울트라 글라이드 3 프로토,L47805400,신발,250,L47805400(250),129574552,여성,25SS,2025-04-17,2025-04-17,"215,000.00",14941,0,0.0,1,195751923552,0,0,0,0,1,0,0,0,0,0,0
살로몬,신발(살로몬),울트라 글라이드 3 프로토,L47807300,신발,250,L47807300(250),129574553,남성,25SS,2025-04-17,2025-04-17,"215,000.00",14983,0,0.0,1,195751923439,0,0,0,0,1,0,0,0,0,0,0
살로몬,신발(살로몬),울트라 글라이드 3 프로토,L47807300,신발,260,L47807300(260),129574553,남성,25SS,2025-04-17,2025-04-17,"215,000.00",14985,0,0.0,1,195751923408,0,0,0,0,1,0,0,0,0,0,0
살로몬,신발(살로몬),솔앰피비안,L47814800,신발,250,L47814800(250),133410105,남성,26SS,2026-04-14,2026-04-14,"190,000.00",31597,0,0.0,2,195751968133,0,0,0,1,1,0,0,0,0,0,0
살로몬,신발(살로몬),솔앰피비안,L47814800,신발,255,L47814800(255),133410105,남성,26SS,2026-04-14,2026-04-14,"190,000.00",31598,0,0.0,2,195751968195,0,0,0,1,1,0,0,0,0,0,0
살로몬,신발(살로몬),솔앰피비안,L47814800,신발,260,L47814800(260),133410105,남성,26SS,2026-04-14,2026-04-14,"190,000.00",31599,0,0.0,3,195751968119,0,0,0,1,2,0,0,0,0,0,0
살로몬,신발(살로몬),솔앰피비안,L47814800,신발,265,L47814800(265),133410105,남성,26SS,2026-04-14,2026-04-14,"190,000.00",31600,0,0.0,3,195751968188,0,0,0,2,1,0,0,0,0,0,0
살로몬,신발(살로몬),솔앰피비안,L47814800,신발,270,L47814800(270),133410105,남성,26SS,2026-04-14,2026-04-14,"190,000.00",31601,0,0.0,3,195751950213,0,0,0,1,2,0,0,0,0,0,0
살로몬,신발(살로몬),솔앰피비안,L47814800,신발,275,L47814800(275),133410105,남성,26SS,2026-04-14,2026-04-14,"190,000.00",31602,0,0.0,2,195751968171,0,0,0,1,1,0,0,0,0,0,0
살로몬,신발(살로몬),솔앰피비안,L47814800,신발,280,L47814800(280),133410105,남성,26SS,2026-04-14,2026-04-14,"190,000.00",31603,0,0.0,1,195751968225,0,0,0,0,1,0,0,0,0,0,0
살로몬,신발(살로몬),S/LAB 제네시스 LTD 코트니 V2,L47829400,신발,250,L47829400(250),131179683,남성,25FW,2025-07-11,2025-07-11,"325,000.00",22648,1,0.0,1,,0,0,0,0,0,1,0,0,0,0,0
살로몬,신발(살로몬),S/LAB 제네시스 LTD 코트니 V2,L47829400,신발,260,L47829400(260),131179683,남성,25FW,2025-07-11,2025-07-11,"325,000.00",22650,0,0.0,1,198720107199,0,0,0,0,1,0,0,0,0,0,0
살로몬,신발(살로몬),S/LAB 제네시스 LTD 코트니 V2,L47829400,신발,265,L47829400(265),131179683,남성,25FW,2025-07-11,2025-07-11,"325,000.00",22651,0,0.0,1,198720107182,0,0,0,0,1,0,0,0,0,0,0
살로몬,신발(살로몬),S/LAB 제네시스 LTD 코트니 V2,L47829400,신발,270,L47829400(270),131179683,남성,25FW,2025-07-11,2025-07-11,"325,000.00",22652,0,0.0,1,198720107366,0,0,0,0,1,0,0,0,0,0,0
살로몬,신발(살로몬),S/LAB 제네시스 LTD 코트니 V2,L47829400,신발,275,L47829400(275),131179683,남성,25FW,2025-07-11,2025-07-11,"325,000.00",22653,0,0.0,1,198720107328,0,0,0,0,1,0,0,0,0,0,0
살로몬,신발(살로몬),에어로 글라이드 3,L47866000,신발,265,L47866000(265),131191234,남성,25FW,2025-07-11,2025-07-11,"215,000.00",22693,3,0.0,0,,0,0,0,0,0,0,0,3,0,0,0
살로몬,신발(살로몬),울트라 글라이드 3,L47874300,신발,270,L47874300(270),131619115,남성,25FW,2025-08-20,2025-08-20,"210,000.00",22736,0,0.0,1,198720080676,0,0,0,0,1,0,0,0,0,0,0
살로몬,신발(살로몬),펄사,L47887800,신발,255,L47887800(255),131670417,남성,25FW,2025-09-11,2025-09-11,"210,000.00",22754,1,0.0,1,,0,0,0,0,0,1,0,0,0,0,0
살로몬,신발(살로몬),펄사,L47887800,신발,265,L47887800(265),131670417,남성,25FW,2025-09-11,2025-09-11,"210,000.00",22756,0,0.0,1,198720088061,0,0,0,0,1,0,0,0,0,0,0
살로몬,신발(살로몬),솔앰피비안,L47942700,신발,235,L47942700(235),133410103,여성,26SS,2026-04-14,2026-04-14,"190,000.00",31552,0,0.0,1,195751972048,0,0,0,1,0,0,0,0,0,0,0
살로몬,신발(살로몬),솔앰피비안,L47942700,신발,240,L47942700(240),133410103,여성,26SS,2026-04-14,2026-04-14,"190,000.00",31553,1,0.0,2,195751972079,0,0,0,1,0,1,0,0,0,0,0
살로몬,신발(살로몬),솔앰피비안,L47942700,신발,245,L47942700(245),133410103,여성,26SS,2026-04-14,2026-04-14,"190,000.00",31554,2,0.0,3,195751972062,0,0,0,1,0,1,0,0,0,1,0
살로몬,신발(살로몬),솔앰피비안,L47942700,신발,250,L47942700(250),133410103,여성,26SS,2026-04-14,2026-04-14,"190,000.00",31555,1,0.0,2,195751971966,0,0,0,1,0,1,0,0,0,0,0
살로몬,신발(살로몬),에어로 블레이즈 3,L47975600,신발,265,L47975600(265),131191232,남성,25FW,2025-07-11,2025-07-11,"215,000.00",22672,3,0.0,0,,0,0,0,0,0,0,0,3,0,0,0
살로몬,신발(살로몬),에어로 블레이즈 3,L47975600,신발,270,L47975600(270),131191232,남성,25FW,2025-07-14,2025-07-14,"205,000.00",22673,3,0.0,3,,0,0,0,0,0,3,0,0,0,0,0
살로몬,용품(살로몬),솔앰피비안,L49107800,용품,255,L49107800(255),133410101,남성,26SS,2026-04-14,2026-04-14,"190,000.00",34252,0,0.0,1,198720287624,0,0,0,1,0,0,0,0,0,0,0
살로몬,용품(살로몬),솔앰피비안,L49107800,용품,260,L49107800(260),133410101,남성,26SS,2026-04-14,2026-04-14,"190,000.00",34253,0,0.0,1,198720287648,0,0,0,1,0,0,0,0,0,0,0
살로몬,용품(살로몬),솔앰피비안,L49107800,용품,265,L49107800(265),133410101,남성,26SS,2026-04-14,2026-04-14,"190,000.00",34254,0,0.0,1,198720287631,0,0,0,1,0,0,0,0,0,0,0
살로몬,용품(살로몬),솔앰피비안,L49107800,용품,275,L49107800(275),133410101,남성,26SS,2026-04-14,2026-04-14,"190,000.00",34256,0,0.0,1,198720287655,0,0,0,1,0,0,0,0,0,0,0
살로몬,용품(살로몬),솔앰피비안,L49107800,용품,280,L49107800(280),133410101,남성,26SS,2026-04-14,2026-04-14,"190,000.00",34257,0,0.0,1,198720287679,0,0,0,1,0,0,0,0,0,0,0
살로몬,신발(살로몬),제네시스,L49137700,신발,250,L49137700(250),132706519,남성,26SS,2026-01-20,2026-01-20,"248,000.00",31513,0,0.0,1,198720194328,0,0,0,0,1,0,0,0,0,0,0
살로몬,신발(살로몬),제네시스,L49137700,신발,255,L49137700(255),132706519,남성,26SS,2026-01-20,2026-01-20,"248,000.00",31514,0,0.0,2,198720194335,0,0,0,1,1,0,0,0,0,0,0
살로몬,신발(살로몬),제네시스,L49137700,신발,260,L49137700(260),132706519,남성,26SS,2026-01-20,2026-01-20,"248,000.00",31515,0,0.0,3,198720194373,0,0,0,2,1,0,0,0,0,0,0
살로몬,신발(살로몬),제네시스,L49137700,신발,265,L49137700(265),132706519,남성,26SS,2026-01-20,2026-01-20,"248,000.00",31516,0,0.0,1,198720194342,0,0,0,1,0,0,0,0,0,0,0
살로몬,신발(살로몬),제네시스,L49137700,신발,270,L49137700(270),132706519,남성,26SS,2026-01-20,2026-01-20,"248,000.00",31517,1,0.0,3,198720194298,0,0,0,1,1,1,0,0,0,0,0
살로몬,신발(살로몬),제네시스,L49137700,신발,275,L49137700(275),132706519,남성,26SS,2026-01-20,2026-01-20,"248,000.00",31518,2,0.0,5,198720194281,0,0,0,2,1,2,0,0,0,0,0
살로몬,신발(살로몬),제네시스,L49137700,신발,280,L49137700(280),132706519,남성,26SS,2026-01-20,2026-01-20,"248,000.00",31519,1,0.0,3,198720194274,0,0,0,1,1,1,0,0,0,0,0
살로몬,신발(살로몬),제네시스,L49137700,신발,285,L49137700(285),132706519,남성,26SS,2026-01-20,2026-01-20,"248,000.00",31520,0,0.0,1,198720194267,0,0,0,0,1,0,0,0,0,0,0
살로몬,신발(살로몬),울트라 글라이드 4,L49141200,신발,250,L49141200(250),132803678,남성,26SS,2026-02-13,2026-02-12,"230,000.00",31492,1,0.0,2,198720295643,0,0,0,1,0,1,0,0,0,0,0
살로몬,신발(살로몬),울트라 글라이드 4,L49141200,신발,255,L49141200(255),132803678,남성,26SS,2026-02-13,2026-02-12,"230,000.00",31493,0,0.0,1,198720295551,0,0,0,0,1,0,0,0,0,0,0
살로몬,신발(살로몬),울트라 글라이드 4,L49141200,신발,260,L49141200(260),132803678,남성,26SS,2026-02-13,2026-02-12,"230,000.00",31494,0,0.0,1,198720295575,0,0,0,1,0,0,0,0,0,0,0
살로몬,신발(살로몬),울트라 글라이드 4,L49141200,신발,265,L49141200(265),132803678,남성,26SS,2026-02-13,2026-02-12,"230,000.00",31495,1,0.0,4,198720295605,0,0,0,1,2,1,0,0,0,0,0
살로몬,신발(살로몬),울트라 글라이드 4,L49141200,신발,270,L49141200(270),132803678,남성,26SS,2026-02-13,2026-02-12,"230,000.00",31496,1,0.0,4,198720295506,0,0,0,1,2,1,0,0,0,0,0
살로몬,신발(살로몬),울트라 글라이드 4,L49141200,신발,275,L49141200(275),132803678,남성,26SS,2026-02-13,2026-02-12,"230,000.00",31497,0,0.0,2,198720295520,0,0,0,1,1,0,0,0,0,0,0
살로몬,신발(살로몬),에어로 글라이드 4 그래블,L49174800,신발,250,L49174800(250),133410107,남성,26SS,2026-04-14,2026-04-14,"280,000.00",31429,0,0.0,2,198720316157,0,0,0,1,1,0,0,0,0,0,0
살로몬,신발(살로몬),에어로 글라이드 4 그래블,L49174800,신발,255,L49174800(255),133410107,남성,26SS,2026-04-14,2026-04-14,"280,000.00",31430,1,0.0,3,198720316102,0,0,0,1,1,1,0,0,0,0,0
살로몬,신발(살로몬),에어로 글라이드 4 그래블,L49174800,신발,260,L49174800(260),133410107,남성,26SS,2026-04-14,2026-04-14,"280,000.00",31431,3,0.0,5,198720316126,0,0,0,1,1,3,0,0,0,0,0
살로몬,신발(살로몬),에어로 글라이드 4 그래블,L49174800,신발,265,L49174800(265),133410107,남성,26SS,2026-04-14,2026-04-14,"280,000.00",31432,2,0.0,4,198720316096,0,0,0,1,1,2,0,0,0,0,0
살로몬,신발(살로몬),에어로 글라이드 4 그래블,L49174800,신발,270,L49174800(270),133410107,남성,26SS,2026-04-14,2026-04-14,"280,000.00",31433,6,0.0,8,198720316072,0,0,0,1,1,6,0,0,0,0,0
살로몬,신발(살로몬),에어로 글라이드 4 그래블,L49174800,신발,275,L49174800(275),133410107,남성,26SS,2026-04-14,2026-04-14,"280,000.00",31434,4,0.0,6,198720316089,0,0,0,1,1,4,0,0,0,0,0
살로몬,신발(살로몬),에어로 글라이드 4 그래블,L49174800,신발,280,L49174800(280),133410107,남성,26SS,2026-04-14,2026-04-14,"280,000.00",31435,3,0.0,5,198720316171,0,0,0,1,1,3,0,0,0,0,0
살로몬,신발(살로몬),에어로 글라이드 4 그래블,L49174800,신발,285,L49174800(285),133410107,남성,26SS,2026-04-14,2026-04-14,"280,000.00",31436,0,0.0,2,198720316195,0,0,0,1,1,0,0,0,0,0,0
살로몬,신발(살로몬),에어로 글라이드 4 그래블,L49174900,신발,250,L49174900(250),132803679,남성,26SS,2026-02-13,2026-02-12,"280,000.00",31450,0,0.0,1,198720316294,0,0,0,1,0,0,0,0,0,0,0
살로몬,신발(살로몬),에어로 글라이드 4 그래블,L49174900,신발,255,L49174900(255),132803679,남성,26SS,2026-02-13,2026-02-12,"280,000.00",31451,0,0.0,2,198720316270,0,0,0,1,1,0,0,0,0,0,0
살로몬,신발(살로몬),에어로 글라이드 4 그래블,L49174900,신발,260,L49174900(260),132803679,남성,26SS,2026-02-13,2026-02-12,"280,000.00",31452,3,0.0,5,198720316249,0,0,0,1,1,3,0,0,0,0,0
살로몬,신발(살로몬),에어로 글라이드 4 그래블,L49174900,신발,265,L49174900(265),132803679,남성,26SS,2026-02-13,2026-02-12,"280,000.00",31453,3,0.0,4,198720316256,0,0,0,1,0,3,0,0,0,0,0
살로몬,신발(살로몬),에어로 글라이드 4 그래블,L49174900,신발,270,L49174900(270),132803679,남성,26SS,2026-02-13,2026-02-12,"280,000.00",31454,3,0.0,4,198720316218,0,0,0,1,0,3,0,0,0,0,0
살로몬,신발(살로몬),에어로 글라이드 4 그래블,L49174900,신발,275,L49174900(275),132803679,남성,26SS,2026-02-13,2026-02-12,"280,000.00",31455,3,0.0,4,198720316225,0,0,0,1,0,3,0,0,0,0,0
살로몬,신발(살로몬),에어로 글라이드 4 그래블,L49174900,신발,280,L49174900(280),132803679,남성,26SS,2026-02-13,2026-02-12,"280,000.00",31456,3,0.0,4,198720316201,0,0,0,1,0,3,0,0,0,0,0
살로몬,신발(살로몬),에어로 글라이드 4 그래블,L49174900,신발,285,L49174900(285),132803679,남성,26SS,2026-02-13,2026-02-12,"280,000.00",31457,0,0.0,1,198720316331,0,0,0,1,0,0,0,0,0,0,0
살로몬,신발(살로몬),에어로 글라이드 4 그래블,L49175400,신발,230,L49175400(230),133410106,여성,26SS,2026-04-14,2026-04-14,"280,000.00",31467,0,0.0,1,195751972055,0,0,0,1,0,0,0,0,0,0,0
살로몬,신발(살로몬),에어로 글라이드 4 그래블,L49175400,신발,240,L49175400(240),133410106,여성,26SS,2026-04-14,2026-04-14,"280,000.00",31469,0,0.0,3,195751972079,0,0,0,2,1,0,0,0,0,0,0
살로몬,신발(살로몬),에어로 글라이드 4 그래블,L49175400,신발,245,L49175400(245),133410106,여성,26SS,2026-04-14,2026-04-14,"280,000.00",31470,2,0.0,3,195751972062,0,0,0,1,0,2,0,0,0,0,0
살로몬,신발(살로몬),에어로 글라이드 4 그래블,L49175400,신발,250,L49175400(250),133410106,여성,26SS,2026-04-14,2026-04-14,"280,000.00",31471,0,0.0,2,195751971966,0,0,0,1,1,0,0,0,0,0,0
살로몬,신발(살로몬),S/LAB 제네시스2,L49190100,신발,225,L49190100(225),136588197,남성,26FW,2026-08-11,2026-08-11,"340,000.00",40520,0,0.0,1,198720509719,0,0,0,1,0,0,0,0,0,0,0
살로몬,신발(살로몬),S/LAB 제네시스2,L49190100,신발,230,L49190100(230),136588197,남성,26FW,2026-08-11,2026-08-11,"340,000.00",40521,0,0.0,1,198720509672,0,0,0,0,1,0,0,0,0,0,0
살로몬,신발(살로몬),S/LAB 제네시스2,L49190100,신발,235,L49190100(235),136588197,남성,26FW,2026-08-11,2026-08-11,"340,000.00",40522,1,0.0,4,198720509740,0,0,0,2,1,1,0,0,0,0,0
살로몬,신발(살로몬),S/LAB 제네시스2,L49190100,신발,240,L49190100(240),136588197,남성,26FW,2026-08-11,2026-08-11,"340,000.00",40523,2,0.0,6,198720509733,0,0,0,2,2,2,0,0,0,0,0
살로몬,신발(살로몬),S/LAB 제네시스2,L49190100,신발,245,L49190100(245),136588197,남성,26FW,2026-08-11,2026-08-11,"340,000.00",40524,1,0.0,3,198720509634,0,0,0,1,1,1,0,0,0,0,0
살로몬,신발(살로몬),S/LAB 제네시스2,L49190100,신발,250,L49190100(250),136588197,남성,26FW,2026-08-11,2026-08-11,"340,000.00",40525,0,0.0,1,198720509627,0,0,0,1,0,0,0,0,0,0,0
살로몬,신발(살로몬),S/LAB 제네시스2,L49190100,신발,255,L49190100(255),136588197,남성,26FW,2026-08-11,2026-08-11,"340,000.00",40526,1,0.0,3,198720509658,0,0,0,1,1,1,0,0,0,0,0
살로몬,신발(살로몬),S/LAB 제네시스2,L49190100,신발,260,L49190100(260),136588197,남성,26FW,2026-08-11,2026-08-11,"340,000.00",40527,3,0.0,7,198720509696,0,0,0,2,2,3,0,0,0,0,0
살로몬,신발(살로몬),S/LAB 제네시스2,L49190100,신발,265,L49190100(265),136588197,남성,26FW,2026-08-11,2026-08-11,"340,000.00",40528,4,0.0,8,198720509771,0,0,0,2,2,4,0,0,0,0,0
살로몬,신발(살로몬),S/LAB 제네시스2,L49190100,신발,270,L49190100(270),136588197,남성,26FW,2026-08-11,2026-08-11,"340,000.00",40529,5,0.0,10,198720509795,0,0,0,3,2,5,0,0,0,0,0
살로몬,신발(살로몬),S/LAB 제네시스2,L49190100,신발,275,L49190100(275),136588197,남성,26FW,2026-08-11,2026-08-11,"340,000.00",40530,1,0.0,5,198720509788,0,0,0,2,2,1,0,0,0,0,0
살로몬,신발(살로몬),S/LAB 제네시스2,L49190100,신발,280,L49190100(280),136588197,남성,26FW,2026-08-11,2026-08-11,"340,000.00",40531,0,0.0,2,198720509702,0,0,0,1,1,0,0,0,0,0,0
살로몬,신발(살로몬),S/LAB 제네시스2,L49190100,신발,285,L49190100(285),136588197,남성,26FW,2026-08-11,2026-08-11,"340,000.00",40532,0,0.0,2,198720509689,0,0,0,1,1,0,0,0,0,0,0
살로몬,신발(살로몬),그래블 컨셉,L49275500,신발,250,L49275500(250),133689214,남성,26SS,2026-05-21,2026-05-21,"360,000.00",31408,1,0.0,1,,0,0,0,0,0,1,0,0,0,0,0
살로몬,신발(살로몬),그래블 컨셉,L49275500,신발,255,L49275500(255),133689214,남성,26SS,2026-05-21,2026-05-21,"360,000.00",31409,1,0.0,2,198720431690,0,0,0,1,0,1,0,0,0,0,0
살로몬,신발(살로몬),그래블 컨셉,L49275500,신발,260,L49275500(260),133689214,남성,26SS,2026-05-21,2026-05-21,"360,000.00",31410,0,0.0,1,198720431652,0,0,0,1,0,0,0,0,0,0,0
살로몬,신발(살로몬),그래블 컨셉,L49275500,신발,265,L49275500(265),133689214,남성,26SS,2026-05-21,2026-05-21,"360,000.00",31411,0,0.0,1,198720431669,0,0,0,1,0,0,0,0,0,0,0
살로몬,신발(살로몬),그래블 컨셉,L49275500,신발,275,L49275500(275),133689214,남성,26SS,2026-05-21,2026-05-21,"360,000.00",31413,1,0.0,2,198720431614,0,0,0,1,0,1,0,0,0,0,0
살로몬,신발(살로몬),그래블 컨셉,L49275500,신발,280,L49275500(280),133689214,남성,26SS,2026-05-21,2026-05-21,"360,000.00",31414,2,0.0,2,,0,0,0,0,0,2,0,0,0,0,0
살로몬,신발(살로몬),그래블 컨셉,L49275500,신발,285,L49275500(285),133689214,남성,26SS,2026-05-21,2026-05-21,"360,000.00",31415,1,0.0,1,,0,0,0,0,0,1,0,0,0,0,0
뉴발란스,용품(뉴발란스),팀 슈즈 백,LAB13504_BK,용품,1SIZE,LAB13504_BK(1SIZE),,공용,24FW,2024-09-19,2024-09-19,"19,900.00",7858,1,0.0,35,NBGCEBG5011999900,0,0,0,0,35,0,0,0,0,0,0
뉴발란스,용품(뉴발란스),팀 필드 백팩,LAB23074_BK,용품,1SIZE,LAB23074_BK(1SIZE),123231204,공용,24FW,2024-09-19,2024-09-19,"129,000.00",7857,0,0.0,4,NBGCEBG5051999900,0,0,0,0,4,0,0,0,0,0,0
뉴발란스,용품(뉴발란스),5 패널 런 햇,LAH00353-Light Gray,용품,1SIZE,LAH00353-Light Gray(1SIZE),131669487,공용,25FW,2025-09-12,2025-09-12,"49,900.00",22951,0,0.0,1,NBGDFB6P011699900,0,0,0,0,1,0,0,0,0,0,0
살로몬,용품(살로몬),ADV 스킨 12 세트,LC1759600,용품,S,LC1759600(S),129101736,공용,24FW,2024-10-15,2024-10-15,"230,000.00",11763,0,0.0,1,193128853488,0,0,0,0,1,0,0,0,0,0,0
살로몬,용품(살로몬),소프트 플라스크 500ml/17oz 42,LC1916000,용품,1SIZE,LC1916000(1SIZE),131615125,공용,26SS,2026-02-13,2026-02-12,"33,000.00",22834,24,0.0,31,195751048385,0,0,0,7,0,24,0,1,0,0,0
살로몬,용품(살로몬),소프트 플라스크 150ml/5oz 28,LC1916100,용품,1SIZE,LC1916100(1SIZE),129574555,공용,26FW,2026-08-11,2026-08-11,"25,000.00",15038,15,0.0,26,195751049108,0,0,0,6,5,15,0,0,0,0,0
살로몬,용품(살로몬),소프트 컵 스피드 150ml/5oz,LC1917600,용품,1SIZE,LC1917600(1SIZE),131615126,공용,26FW,2026-08-11,2026-08-11,"15,000.00",22836,1,0.0,17,195751046640,0,0,0,13,3,1,0,0,0,0,0
살로몬,용품(살로몬),액티브 핸드헬드 (물병 포함),LC1928600,용품,1SIZE,LC1928600(1SIZE),129574558,공용,26FW,2026-08-11,2026-08-11,"45,000.00",15392,0,0.0,34,195751047388,0,0,0,25,9,0,0,0,0,0,0
살로몬,용품(살로몬),소프트 플라스크 250ml/8oz 28,LC1986400,용품,1SIZE,LC1986400(1SIZE),131460551,공용,26SS,2026-02-13,2026-02-12,"30,000.00",15036,0,0.0,9,195751045919,0,0,0,9,0,0,0,1,0,0,0
살로몬,의류(살로몬),센스 에어로 2in1 쇼츠,LC2037600,의류,L,LC2037600(L),128842851,여성,25SS,,,0.00,15053,0,0.0,1,195751173209,0,0,0,1,0,0,0,0,0,0,0
살로몬,의류(살로몬),센스 2in1 쇼츠,LC2048200,의류,XL,LC2048200(XL),128842852,남성,25SS,2025-02-21,2025-03-14,"115,000.00",15062,0,0.0,1,195751165334,0,0,0,0,1,0,0,0,0,0,0
살로몬,용품(살로몬),S/LAB 벨트,LC2091500,용품,L,LC2091500(L),131453777,공용,26FW,,,"80,000.00",17447,7,0.0,20,195751379861,0,0,0,3,0,7,0,0,0,0,0
살로몬,용품(살로몬),S/LAB 벨트,LC2091500,용품,M,LC2091500(M),131453777,공용,26FW,2026-08-11,2026-08-11,"80,000.00",17446,5,0.0,15,195751379854,0,0,0,4,6,5,0,0,0,0,0
살로몬,용품(살로몬),S/LAB 벨트,LC2091500,용품,S,LC2091500(S),131453777,공용,26FW,2026-08-11,2026-08-11,"80,000.00",17445,0,0.0,8,195751379878,0,0,0,5,3,0,0,0,0,0,0
살로몬,용품(살로몬),S/LAB 벨트,LC2091500,용품,XS,LC2091500(XS),131453777,공용,26FW,2026-08-11,2026-08-11,"80,000.00",17444,2,0.0,6,195751379892,0,0,0,2,2,2,0,0,0,0,0
살로몬,용품(살로몬),S/LAB 펄사 3 세트,LC2091700,용품,M,LC2091700(M),131619119,공용,25FW,2025-08-20,2025-08-20,"250,000.00",7540,0,0.0,4,195751379632,0,0,0,0,4,0,0,0,0,0,0
살로몬,용품(살로몬),S/LAB 펄사 3 세트,LC2091700,용품,S,LC2091700(S),131619119,공용,25FW,2025-08-20,2025-08-20,"250,000.00",7539,0,0.0,1,195751379656,0,0,0,0,1,0,0,0,0,0,0
살로몬,용품(살로몬),S/LAB 펄사 3 세트,LC2091700,용품,XS,LC2091700(XS),131619119,공용,25FW,2025-08-20,2025-08-20,"250,000.00",7538,0,0.0,1,195751379670,0,0,0,1,0,0,0,0,0,0,0
살로몬,의류(살로몬),보나티 트레일 자켓,LC2175000,의류,XXL,LC2175000(XXL),123473146,남성,24FW,2024-08-12,2024-08-12,"330,000.00",7432,0,0.0,1,195751510721,0,0,0,0,1,0,0,0,0,0,0
살로몬,용품(살로몬),ADV 스킨 12 세트,LC2176300,용품,S,LC2176300(S),123231197,공용,24FW,2024-08-12,2024-08-12,"230,000.00",7595,0,0.0,1,195751568197,0,0,0,0,1,0,0,0,0,0,0
살로몬,용품(살로몬),ADV 스킨 12 세트,LC2176400,용품,XS,LC2176400(XS),123231198,공용,24FW,2024-08-12,2024-08-12,"230,000.00",7602,0,0.0,1,195751569590,0,0,0,0,1,0,0,0,0,0,0
살로몬,용품(살로몬),엑티브 스킨 12 세트,LC2177400,용품,M,LC2177400(M),131670416,공용,25FW,2025-09-11,2025-09-11,"200,000.00",7652,0,0.0,3,195751570343,0,0,0,2,1,0,0,0,0,0,0
살로몬,용품(살로몬),엑티브 스킨 12 세트,LC2177400,용품,S,LC2177400(S),131670416,공용,25FW,2025-09-11,2025-09-11,"200,000.00",7651,0,0.0,2,195751570367,0,0,0,1,1,0,0,0,0,0,0
살로몬,용품(살로몬),엑티브 스킨 12 세트,LC2177400,용품,XS,LC2177400(XS),131670416,공용,25FW,2025-09-11,2025-09-11,"200,000.00",7650,0,0.0,1,195751570374,0,0,0,1,0,0,0,0,0,0,0
살로몬,용품(살로몬),펄사 벨트,LC2179800,용품,M,LC2179800(M),131156044,공용,25SS,2025-02-21,2025-02-21,"50,000.00",17441,0,0.0,1,195751568395,0,0,0,0,1,0,0,0,0,0,0
살로몬,용품(살로몬),펄사 벨트,LC2179800,용품,M,LC2179800(M),131156044,공용,25FW,2025-08-20,2025-08-20,"50,000.00",17441,0,0.0,1,195751568395,0,0,0,0,0,0,0,1,0,0,0
살로몬,용품(살로몬),센스 에어로 헤드밴드,LC2223100,용품,1SIZE,LC2223100(1SIZE),136588190,공용,26FW,2026-08-11,2026-08-11,"30,000.00",40786,4,0.0,22,195751528474,0,0,0,11,7,4,0,0,0,0,0
살로몬,용품(살로몬),소프트 플라스크 500ml 울트라/17oz ULT,LC2337700,용품,1SIZE,LC2337700(1SIZE),131670403,공용,26SS,2026-02-13,2026-02-12,"40,000.00",22835,20,0.0,27,195751048385,0,0,0,7,0,20,0,0,0,0,0
살로몬,용품(살로몬),S/LAB 벨트,LC2461400,용품,L,LC2461400(L),128842855,남성,25SS,2025-02-21,2025-02-21,"80,000.00",15205,0,0.0,1,195751853729,0,0,0,0,1,0,0,0,0,0,0
살로몬,용품(살로몬),S/LAB 벨트,LC2461400,용품,M,LC2461400(M),128842855,남성,25SS,2025-02-21,2025-02-21,"80,000.00",15204,0,0.0,1,195751853736,0,0,0,0,1,0,0,0,0,0,0
살로몬,용품(살로몬),S/LAB 벨트,LC2461400,용품,S,LC2461400(S),128842855,남성,25SS,2025-02-21,2025-02-21,"80,000.00",15203,0,0.0,1,195751853712,0,0,0,0,0,1,0,0,0,0,0
살로몬,용품(살로몬),S/LAB 펄사 3 세트,LC2461500,용품,L,LC2461500(L),129574556,남성,25SS,2025-03-14,2025-03-14,"250,000.00",15174,0,0.0,2,195751853293,0,0,0,1,1,0,0,0,0,0,0
살로몬,용품(살로몬),S/LAB 펄사 3 세트,LC2461500,용품,M,LC2461500(M),129574556,남성,25SS,2025-03-14,2025-03-14,"250,000.00",15173,2,0.0,5,195751853286,0,0,0,2,1,2,0,0,0,0,0
살로몬,용품(살로몬),S/LAB 펄사 3 세트,LC2461500,용품,S,LC2461500(S),129574556,남성,25SS,2025-03-14,2025-03-14,"250,000.00",15172,0,0.0,1,195751853279,0,0,0,1,0,0,0,0,0,0,0
살로몬,용품(살로몬),S/LAB 펄사 3 세트,LC2461500,용품,XS,LC2461500(XS),129574556,남성,25SS,2025-03-14,2025-03-14,"250,000.00",15171,0,0.0,1,195751853262,0,0,0,0,1,0,0,0,0,0,0
살로몬,용품(살로몬),ADV 스킨 12 세트,LC2464400,용품,M,LC2464400(M),128842863,남성,25SS,2025-02-21,2025-02-21,"230,000.00",15387,0,0.0,1,195751853156,0,0,0,0,1,0,0,0,0,0,0
살로몬,용품(살로몬),ADV 스킨 12 세트,LC2464400,용품,XS,LC2464400(XS),128842863,남성,25SS,2025-02-21,2025-02-21,"230,000.00",15385,0,0.0,1,195751853187,0,0,0,0,1,0,0,0,0,0,0
살로몬,용품(살로몬),ADV 스킨 5 세트,LC2464900,용품,L,LC2464900(L),128842858,남성,26FW,2026-08-11,2026-08-11,"220,000.00",15358,2,0.0,5,195751852371,0,0,0,2,1,2,0,0,0,0,0
살로몬,용품(살로몬),ADV 스킨 5 세트,LC2464900,용품,M,LC2464900(M),128842858,남성,26SS,2026-02-13,2026-02-12,"220,000.00",15357,4,0.0,15,195751852364,0,0,0,3,0,0,0,0,0,0,0
살로몬,용품(살로몬),ADV 스킨 5 세트,LC2464900,용품,M,LC2464900(M),128842858,남성,26FW,2026-08-11,2026-08-11,"220,000.00",15357,4,0.0,15,195751852364,0,0,0,4,4,4,0,0,0,0,0
살로몬,용품(살로몬),ADV 스킨 5 세트,LC2464900,용품,S,LC2464900(S),128842858,남성,25FW,2025-08-20,2025-08-20,"220,000.00",15356,0,0.0,8,195751852357,0,0,0,0,1,0,0,0,0,0,0
살로몬,용품(살로몬),ADV 스킨 5 세트,LC2464900,용품,S,LC2464900(S),128842858,남성,26SS,2026-02-13,2026-02-12,"220,000.00",15356,0,0.0,8,195751852357,0,0,0,2,0,0,0,0,0,0,0
살로몬,용품(살로몬),ADV 스킨 5 세트,LC2464900,용품,S,LC2464900(S),128842858,남성,26FW,2026-08-11,2026-08-11,"220,000.00",15356,0,0.0,8,195751852357,0,0,0,3,2,0,0,0,0,0,0
살로몬,용품(살로몬),ADV 스킨 5 세트,LC2464900,용품,XS,LC2464900(XS),128842858,남성,26FW,2026-08-11,2026-08-11,"220,000.00",15355,1,0.0,3,195751852388,0,0,0,1,1,1,0,0,0,0,0
살로몬,용품(살로몬),ADV 스킨 5 세트,LC2465100,용품,L,LC2465100(L),128842859,남성,25SS,2025-02-21,2025-02-21,"220,000.00",15368,1,0.0,3,195751853798,0,0,0,0,1,0,0,0,0,0,0
살로몬,용품(살로몬),ADV 스킨 5 세트,LC2465100,용품,L,LC2465100(L),128842859,남성,26SS,2026-02-13,2026-02-12,"220,000.00",15368,1,0.0,3,195751853798,0,0,0,1,0,1,0,0,0,0,0
살로몬,용품(살로몬),ADV 스킨 5 세트,LC2465100,용품,M,LC2465100(M),128842859,남성,25SS,2025-02-21,2025-02-21,"220,000.00",15367,1,0.0,3,195751853781,0,0,0,0,1,0,0,0,0,0,0
살로몬,용품(살로몬),ADV 스킨 5 세트,LC2465100,용품,M,LC2465100(M),128842859,남성,26SS,2026-02-13,2026-02-12,"220,000.00",15367,1,0.0,3,195751853781,0,0,0,1,0,1,0,0,0,0,0
살로몬,용품(살로몬),ADV 스킨 5 세트,LC2465100,용품,S,LC2465100(S),128842859,남성,25SS,2025-02-21,2025-02-21,"220,000.00",15366,0,0.0,4,195751853804,0,0,0,0,2,0,0,0,0,0,0
살로몬,용품(살로몬),ADV 스킨 5 세트,LC2465100,용품,S,LC2465100(S),128842859,남성,26SS,2026-02-13,2026-02-12,"220,000.00",15366,0,0.0,4,195751853804,0,0,0,1,0,1,0,0,0,0,0
살로몬,용품(살로몬),ADV 스킨 5 세트,LC2465100,용품,XL,LC2465100(XL),128842859,남성,26SS,2026-02-13,2026-02-12,"220,000.00",15369,1,0.0,1,,0,0,0,0,0,1,0,0,0,0,0
살로몬,용품(살로몬),ADV 스킨 5 세트,LC2465100,용품,XS,LC2465100(XS),128842859,남성,26SS,2026-02-13,2026-02-12,"220,000.00",15365,1,0.0,1,195751853811,0,0,0,0,0,1,0,0,0,0,0
살로몬,용품(살로몬),ADV 스킨 5 세트 레이스 플래그,LC2483800,용품,L,LC2483800(L),131670419,공용,25FW,2025-09-11,2025-09-11,"220,000.00",22800,2,0.0,6,195751854382,0,0,0,0,1,0,0,0,0,0,0
살로몬,용품(살로몬),ADV 스킨 5 세트 레이스 플래그,LC2483800,용품,L,LC2483800(L),131670419,공용,26FW,2026-08-11,2026-08-11,"220,000.00",22800,2,0.0,6,195751854382,0,0,0,2,1,2,0,0,0,0,0
살로몬,용품(살로몬),ADV 스킨 5 세트 레이스 플래그,LC2483800,용품,M,LC2483800(M),131670419,공용,25FW,2025-09-11,2025-09-11,"220,000.00",22799,6,0.0,19,195751854405,0,0,0,0,5,0,0,0,0,0,0
살로몬,용품(살로몬),ADV 스킨 5 세트 레이스 플래그,LC2483800,용품,M,LC2483800(M),131670419,공용,26FW,2026-08-11,2026-08-11,"220,000.00",22799,6,0.0,19,195751854405,0,0,0,4,4,6,0,0,0,0,0
살로몬,용품(살로몬),ADV 스킨 5 세트 레이스 플래그,LC2483800,용품,S,LC2483800(S),131670419,공용,25FW,2025-09-11,2025-09-11,"220,000.00",22798,0,0.0,8,195751854399,0,0,0,0,3,0,0,0,0,0,0
살로몬,용품(살로몬),ADV 스킨 5 세트 레이스 플래그,LC2483800,용품,S,LC2483800(S),131670419,공용,26FW,2026-08-11,2026-08-11,"220,000.00",22798,0,0.0,8,195751854399,0,0,0,3,2,0,0,0,0,0,0
살로몬,용품(살로몬),ADV 스킨 5 세트 레이스 플래그,LC2483800,용품,XS,LC2483800(XS),131670419,공용,26FW,2026-08-11,2026-08-11,"220,000.00",22797,0,0.0,2,195751854412,0,0,0,1,1,0,0,0,0,0,0
살로몬,용품(살로몬),S/LAB 울트라 10 세트,LC2533100,용품,M,LC2533100(M),131619116,공용,25FW,2025-08-20,2025-08-20,"290,000.00",22779,0,0.0,1,195751853354,0,0,0,0,0,1,0,0,0,0,0
살로몬,용품(살로몬),어드밴스드 스킨 5,LC2683400,용품,L,LC2683400(L),136588189,공용,26FW,2026-08-11,2026-08-11,"220,000.00",40647,2,0.0,5,,0,0,0,2,1,2,0,0,0,0,0
살로몬,용품(살로몬),어드밴스드 스킨 5,LC2683400,용품,M,LC2683400(M),136588189,공용,26FW,2026-08-11,2026-08-11,"220,000.00",40646,6,0.0,14,,0,0,0,4,4,6,0,0,0,0,0
살로몬,용품(살로몬),어드밴스드 스킨 5,LC2683400,용품,S,LC2683400(S),136588189,공용,26FW,2026-08-11,2026-08-11,"220,000.00",40645,3,0.0,8,,0,0,0,3,2,3,0,0,0,0,0
살로몬,용품(살로몬),어드밴스드 스킨 5,LC2683400,용품,XS,LC2683400(XS),136588189,공용,26FW,2026-08-11,2026-08-11,"220,000.00",40644,1,0.0,3,,0,0,0,1,1,1,0,0,0,0,0
살로몬,용품(살로몬),ADV 스킨 12 세트 그래디언트,LC2683800,용품,M,LC2683800(M),131670418,공용,25FW,2025-09-11,2025-09-11,"250,000.00",22789,0,0.0,3,195751956581,0,0,0,2,1,0,0,0,0,0,0
살로몬,용품(살로몬),ADV 스킨 12 세트 그래디언트,LC2683800,용품,S,LC2683800(S),131670418,공용,25FW,2025-09-11,2025-09-11,"250,000.00",22788,0,0.0,1,195751956567,0,0,0,0,1,0,0,0,0,0,0
살로몬,의류(살로몬),S/LAB 스피드 스플릿 7인치 숏츠,LC2692300,의류,M,LC2692300(M),129101742,남성,25SS,2025-03-14,2025-03-14,"160,000.00",15131,0,0.0,2,195751960519,0,0,0,2,0,0,0,0,0,0,0
살로몬,의류(살로몬),S/LAB 스피드 스플릿 7인치 숏츠,LC2692300,의류,S,LC2692300(S),129101742,남성,25SS,2025-03-14,2025-03-14,"160,000.00",15130,0,0.0,1,195751960496,0,0,0,1,0,0,0,0,0,0,0
살로몬,의류(살로몬),S/LAB 스피드 스플릿 7인치 숏츠,LC2692300,의류,XL,LC2692300(XL),129101742,남성,25SS,2025-03-14,2025-03-14,"160,000.00",15133,0,0.0,2,195751960502,0,0,0,1,1,0,0,0,0,0,0
살로몬,의류(살로몬),S/LAB 스피드 스플릿 3인치 숏츠,LC2692500,의류,XL,LC2692500(XL),129101744,남성,25SS,2025-03-14,2025-03-14,"150,000.00",15141,0,0.0,1,195751960540,0,0,0,1,0,0,0,0,0,0,0
살로몬,의류(살로몬),S/LAB 스피드 싱글렛,LC2693900,의류,M,LC2693900(M),131191231,남성,25SS,2025-03-14,2025-03-14,"120,000.00",15163,0,0.0,1,195751961578,0,0,0,0,0,1,0,0,0,0,0
살로몬,의류(살로몬),S/LAB 스피드 티,LC2695200,의류,L,LC2695200(L),129101740,여성,25SS,2025-03-14,2025-03-14,"130,000.00",15116,0,0.0,1,195751962254,0,0,0,1,0,0,0,0,0,0,0
살로몬,의류(살로몬),S/LAB 스피드 티,LC2695200,의류,M,LC2695200(M),129101740,여성,25SS,2025-03-14,2025-03-14,"130,000.00",15115,0,0.0,1,195751962247,0,0,0,1,0,0,0,0,0,0,0
살로몬,의류(살로몬),S/LAB 스피드 티,LC2695200,의류,S,LC2695200(S),129101740,여성,25SS,2025-03-14,2025-03-14,"130,000.00",15114,0,0.0,0,195751962223,0,0,0,0,0,0,0,1,0,0,0
살로몬,용품(살로몬),센스 프로 6 세트 코트니 에디션,LC2710300,용품,M,LC2710300(M),131440091,공용,25FW,2025-07-11,2025-07-11,"260,000.00",22769,0,0.0,8,198720053106,0,0,0,0,8,0,0,0,0,0,0
살로몬,용품(살로몬),센스 프로 6 세트 코트니 에디션,LC2710300,용품,S,LC2710300(S),131440091,공용,25FW,2025-07-11,2025-07-11,"260,000.00",22768,0,0.0,3,198720053137,0,0,0,0,3,0,0,0,0,0,0
살로몬,용품(살로몬),펄스 슬링 벨트,LC2710400,용품,1SIZE,LC2710400(1SIZE),133116568,공용,26FW,2026-08-11,2026-08-11,"45,000.00",22814,14,0.0,27,198720053489,0,0,0,6,7,14,0,0,0,0,0
살로몬,용품(살로몬),펄스 슬링 벨트,LC2711000,용품,1SIZE,LC2711000(1SIZE),131707243,공용,26FW,2026-08-11,2026-08-11,"45,000.00",22824,10,0.0,20,198720053502,0,0,0,5,5,10,0,0,0,0,0
살로몬,용품(살로몬),펄스 벨트,LC2711100,용품,L,LC2711100(L),131670399,공용,25FW,2025-09-11,2025-09-11,"50,000.00",22810,0,0.0,1,198720053328,0,0,0,0,1,0,0,0,0,0,0
살로몬,용품(살로몬),펄스 벨트,LC2711100,용품,M,LC2711100(M),131670399,공용,25FW,2025-09-11,2025-09-11,"50,000.00",22809,0,0.0,1,198720053212,0,0,0,1,0,0,0,0,0,0,0
살로몬,용품(살로몬),펄스 벨트,LC2711100,용품,XL,LC2711100(XL),131670399,공용,25FW,2025-09-11,2025-09-11,"50,000.00",22811,0,0.0,1,198720053205,0,0,0,0,1,0,0,0,0,0,0
살로몬,의류(살로몬),센스 에어로 2IN1 트레일 5인치,LC2768900,의류,L,LC2768900(L),136575741,남성,26FW,2026-08-11,2026-08-11,"135,000.00",40690,0,0.0,4,198720362154,0,0,0,2,2,0,0,0,0,0,0
살로몬,의류(살로몬),센스 에어로 2IN1 트레일 5인치,LC2768900,의류,M,LC2768900(M),136575741,남성,26FW,2026-08-11,2026-08-11,"135,000.00",40689,0,0.0,2,198720362178,0,0,0,1,1,0,0,0,0,0,0
살로몬,의류(살로몬),센스 에어로 2IN1 트레일 5인치,LC2768900,의류,XL,LC2768900(XL),136575741,남성,26FW,2026-08-11,2026-08-11,"135,000.00",40691,0,0.0,1,198720362147,0,0,0,1,0,0,0,0,0,0,0
살로몬,의류(살로몬),트레일 그릿 경량 자켓,LC2798500,의류,L,LC2798500(L),130961068,남성,25SS,2025-04-17,2025-04-17,"230,000.00",17283,0,0.0,1,198720132849,0,0,0,1,0,0,0,0,0,0,0
살로몬,의류(살로몬),트레일 그릿 경량 자켓,LC2798500,의류,M,LC2798500(M),130961068,남성,25SS,2025-04-17,2025-04-17,"230,000.00",17282,0,0.0,1,198720132887,0,0,0,1,0,0,0,0,0,0,0
살로몬,의류(살로몬),트레일 그릿 경량 자켓,LC2798500,의류,S,LC2798500(S),130961068,남성,25SS,2025-04-17,2025-04-17,"230,000.00",17281,1,0.0,2,198720132870,0,0,0,1,0,1,0,0,0,0,0
살로몬,의류(살로몬),트레일 그릿 경량 자켓,LC2798500,의류,XXL,LC2798500(XXL),130961068,남성,25SS,2025-04-17,2025-04-17,"230,000.00",17285,0,0.0,1,198720132856,0,0,0,1,0,0,0,0,0,0,0
살로몬,의류(살로몬),트레일 그릿 러닝 브라탑,LC2801200,의류,M,LC2801200(M),129574561,여성,25SS,2025-04-17,2025-04-17,"130,000.00",17322,0,0.0,1,198720126497,0,0,0,1,0,0,0,0,0,0,0
살로몬,의류(살로몬),트레일 그릿 러닝 브라탑,LC2801200,의류,S,LC2801200(S),129574561,여성,25SS,2025-04-17,2025-04-17,"130,000.00",17321,2,0.0,4,198720126480,0,0,0,2,0,2,0,0,0,0,0
살로몬,의류(살로몬),트레일 그릿 러닝 브라탑,LC2801200,의류,XS,LC2801200(XS),129574561,여성,25SS,2025-04-17,2025-04-17,"130,000.00",17320,0,0.0,1,198720126466,0,0,0,1,0,0,0,0,0,0,0
살로몬,용품(살로몬),어드밴스드 스킨 5 SET,LC2854500,용품,L,LC2854500(L),132803673,공용,26SS,2026-02-13,2026-02-12,"220,000.00",31654,1,0.0,3,198720244238,0,0,0,2,0,1,0,0,0,0,0
살로몬,용품(살로몬),어드밴스드 스킨 5 SET,LC2854500,용품,M,LC2854500(M),132803673,공용,26SS,2026-02-13,2026-02-12,"220,000.00",31653,0,0.0,5,198720244221,0,0,0,2,3,0,0,0,0,0,0
살로몬,용품(살로몬),어드밴스드 스킨 5 SET,LC2854500,용품,S,LC2854500(S),132803673,공용,26SS,2026-02-13,2026-02-12,"220,000.00",31652,0,0.0,2,198720244214,0,0,0,1,1,0,0,1,0,0,0
살로몬,용품(살로몬),그래블 스킨 4,LC2854600,용품,M,LC2854600(M),132803672,공용,26SS,2026-02-13,2026-02-12,"150,000.00",31663,0,0.0,1,198720243392,0,0,0,1,0,0,0,0,0,0,0
살로몬,용품(살로몬),그래블 스킨 4,LC2854900,용품,L,LC2854900(L),132803671,공용,26FW,2026-08-11,2026-08-11,"150,000.00",31674,3,0.0,7,198720244580,0,0,0,2,2,3,0,0,0,0,0
살로몬,용품(살로몬),그래블 스킨 4,LC2854900,용품,M,LC2854900(M),132803671,공용,26SS,2026-02-13,2026-02-12,"150,000.00",31673,7,0.0,21,198720244597,0,0,0,2,0,0,0,0,0,0,0
살로몬,용품(살로몬),그래블 스킨 4,LC2854900,용품,M,LC2854900(M),132803671,공용,26FW,2026-08-11,2026-08-11,"150,000.00",31673,7,0.0,21,198720244597,0,0,0,5,7,7,0,0,0,0,0
살로몬,용품(살로몬),그래블 스킨 4,LC2854900,용품,S,LC2854900(S),132803671,공용,26FW,2026-08-11,2026-08-11,"150,000.00",31672,3,0.0,8,198720244573,0,0,0,3,2,3,0,0,0,0,0
살로몬,용품(살로몬),그래블 스킨 4,LC2854900,용품,XS,LC2854900(XS),132803671,공용,26FW,2026-08-11,2026-08-11,"150,000.00",31671,0,0.0,2,198720244566,0,0,0,1,1,0,0,0,0,0,0
살로몬,용품(살로몬),S/LAB 센스 6 SET,LC2855200,용품,L,LC2855200(L),132803675,공용,26SS,2026-02-13,2026-02-12,"280,000.00",31634,1,0.0,2,,0,0,0,1,0,1,0,0,0,0,0
살로몬,용품(살로몬),S/LAB 센스 6 SET,LC2855200,용품,M,LC2855200(M),132803675,공용,26SS,2026-02-13,2026-02-12,"280,000.00",31633,1,0.0,5,198720244283,0,0,0,3,1,1,0,0,0,0,0
살로몬,용품(살로몬),S/LAB 센스 6 SET,LC2855200,용품,S,LC2855200(S),132803675,공용,26SS,2026-02-13,2026-02-12,"280,000.00",31632,1,0.0,3,198720244313,0,0,0,1,1,1,0,0,0,0,0
살로몬,용품(살로몬),S/LAB 센스 6 SET,LC2855300,용품,M,LC2855300(M),132803674,공용,26SS,2026-02-13,2026-02-12,"280,000.00",31643,0,0.0,1,198720244375,0,0,0,0,1,0,0,0,0,0,0
살로몬,용품(살로몬),S/LAB 센스 6 SET,LC2855300,용품,S,LC2855300(S),132803674,공용,26SS,2026-02-13,2026-02-12,"280,000.00",31642,0,0.0,1,198720244412,0,0,0,0,1,0,0,0,0,0,0
살로몬,용품(살로몬),S/LAB 센스 6 SET,LC2855300,용품,XS,LC2855300(XS),132803674,공용,26SS,2026-02-13,2026-02-12,"280,000.00",31641,0,0.0,1,198720244399,0,0,0,0,1,0,0,0,0,0,0
살로몬,용품(살로몬),어드밴스드 스킨 심리스 벨트,LC2855500,용품,M/L,LC2855500(M/L),136588188,공용,26FW,2026-08-11,2026-08-11,"70,000.00",40785,7,0.0,15,198720243781,0,0,0,4,4,7,0,0,0,0,0
살로몬,용품(살로몬),어드밴스드 스킨 심리스 벨트,LC2855500,용품,XL/XXL,LC2855500(XL/XXL),136588188,공용,26FW,2026-08-11,2026-08-11,"70,000.00",40778,2,0.0,6,198720487673,0,0,0,2,2,2,0,0,0,0,0
살로몬,용품(살로몬),어드밴스드 스킨 심리스 벨트,LC2855500,용품,XS/S,LC2855500(XS/S),136588188,공용,26FW,2026-08-11,2026-08-11,"70,000.00",40784,1,0.0,6,198720243767,0,0,0,3,2,1,0,0,0,0,0
살로몬,용품(살로몬),커스텀 퀴버 울트라,LC2856600,용품,1SIZE,LC2856600(1SIZE),136575742,공용,26FW,2026-08-11,2026-08-11,"50,000.00",40740,8,0.0,22,198720244627,0,0,0,8,6,8,0,0,0,0,0
살로몬,용품(살로몬),액티브 스킨 4,LC2859200,용품,L,LC2859200(L),136575743,여성,26FW,2026-08-11,2026-08-11,"150,000.00",40670,1,0.0,2,,0,0,0,1,0,1,0,0,0,0,0
살로몬,용품(살로몬),액티브 스킨 4,LC2859200,용품,M,LC2859200(M),136575743,여성,26FW,2026-08-11,2026-08-11,"150,000.00",40669,2,0.0,5,198720243705,0,0,0,2,1,2,0,0,0,0,0
살로몬,용품(살로몬),액티브 스킨 4,LC2859200,용품,S,LC2859200(S),136575743,여성,26FW,2026-08-11,2026-08-11,"150,000.00",40668,4,0.0,9,198720243699,0,0,0,3,2,4,0,0,0,0,0
살로몬,용품(살로몬),액티브 스킨 4,LC2859200,용품,XS,LC2859200(XS),136575743,여성,26FW,2026-08-11,2026-08-11,"150,000.00",40667,2,0.0,4,198720243682,0,0,0,1,1,2,0,0,0,0,0
살로몬,용품(살로몬),S/LAB 울트라 12,LC2863300,용품,L,LC2863300(L),132803677,공용,26FW,2026-08-11,2026-08-11,"320,000.00",31614,0,0.0,2,198720243422,0,0,0,1,1,0,0,0,0,0,0
살로몬,용품(살로몬),S/LAB 울트라 12,LC2863300,용품,M,LC2863300(M),132803677,공용,26SS,2026-02-13,2026-02-12,"320,000.00",31613,3,0.0,12,198720243439,0,0,0,1,0,0,0,0,0,0,0
살로몬,용품(살로몬),S/LAB 울트라 12,LC2863300,용품,M,LC2863300(M),132803677,공용,26FW,2026-08-11,2026-08-11,"320,000.00",31613,3,0.0,12,198720243439,0,0,0,4,4,3,0,0,0,0,0
살로몬,용품(살로몬),S/LAB 울트라 12,LC2863300,용품,S,LC2863300(S),132803677,공용,26FW,2026-08-11,2026-08-11,"320,000.00",31612,0,0.0,4,198720243460,0,0,0,2,2,0,0,0,0,0,0
살로몬,용품(살로몬),S/LAB 울트라 12,LC2863300,용품,XL,LC2863300(XL),132803677,공용,26FW,2026-08-11,2026-08-11,"320,000.00",31615,1,0.0,2,,0,0,0,1,0,1,0,0,0,0,0
살로몬,용품(살로몬),S/LAB 울트라 12,LC2863300,용품,XS,LC2863300(XS),132803677,공용,26FW,2026-08-11,2026-08-11,"320,000.00",31611,1,0.0,3,198720243446,0,0,0,1,1,1,0,0,0,0,0
살로몬,용품(살로몬),S/LAB 울트라 12,LC2863400,용품,L,LC2863400(L),132803676,공용,26FW,2026-08-11,2026-08-11,"320,000.00",31624,1,0.0,5,198720244771,0,0,0,2,2,1,0,0,0,0,0
살로몬,용품(살로몬),S/LAB 울트라 12,LC2863400,용품,M,LC2863400(M),132803676,공용,26FW,2026-08-11,2026-08-11,"320,000.00",31623,2,0.0,12,198720244795,0,0,0,4,6,2,0,0,0,0,0
살로몬,용품(살로몬),S/LAB 울트라 12,LC2863400,용품,S,LC2863400(S),132803676,공용,26FW,2026-08-11,2026-08-11,"320,000.00",31622,0,0.0,4,198720244740,0,0,0,2,2,0,0,0,0,0,0
살로몬,용품(살로몬),S/LAB 울트라 12,LC2863400,용품,XL,LC2863400(XL),132803676,공용,26FW,2026-08-11,2026-08-11,"320,000.00",31625,1,0.0,2,,0,0,0,1,0,1,0,0,0,0,0
살로몬,용품(살로몬),S/LAB 울트라 12,LC2863400,용품,XS,LC2863400(XS),132803676,공용,26FW,2026-08-11,2026-08-11,"320,000.00",31621,1,0.0,3,198720244757,0,0,0,1,1,1,0,0,0,0,0
살로몬,용품(살로몬),그래블 컨셉 스킨 2,LC2871300,용품,L,LC2871300(L),132803525,공용,26SS,2026-02-13,2026-02-12,"270,000.00",31684,1,0.0,2,198720243538,0,0,0,1,0,1,0,0,0,0,0
살로몬,용품(살로몬),그래블 컨셉 스킨 2,LC2871300,용품,M,LC2871300(M),132803525,공용,26SS,2026-02-13,2026-02-12,"270,000.00",31683,1,0.0,2,198720243507,0,0,0,0,1,1,0,0,0,0,0
살로몬,용품(살로몬),반다나 그래블 GFX U,LC2907500,용품,1SIZE,LC2907500(1SIZE),132803506,공용,26SS,2026-02-13,2026-02-12,"60,000.00",31697,4,0.0,6,198720367029,0,0,0,0,2,4,0,0,0,0,0
살로몬,의류(살로몬),센스 에어로 2IN1 트레일 5인치,LC2933000,의류,M,LC2933000(M),136587899,여성,26FW,2026-08-11,2026-08-11,"135,000.00",40677,1,0.0,3,198720597051,0,0,0,2,0,1,0,0,0,0,0
살로몬,의류(살로몬),센스 에어로 2IN1 트레일 5인치,LC2933000,의류,S,LC2933000(S),136587899,여성,26FW,2026-08-11,2026-08-11,"135,000.00",40676,1,0.0,4,198720597068,0,0,0,1,2,1,0,0,0,0,0
살로몬,의류(살로몬),센스 에어로 2IN1 트레일 5인치,LC2933000,의류,XS,LC2933000(XS),136587899,여성,26FW,2026-08-11,2026-08-11,"135,000.00",40675,0,0.0,1,198720597037,0,0,0,0,1,0,0,0,0,0,0
살로몬,의류(살로몬),셰이크아웃 코어 롱 슬리브,LC2947800,의류,L,LC2947800(L),136588185,남성,26FW,2026-08-11,2026-08-11,"115,000.00",40710,1,0.0,6,198720598720,0,0,0,2,3,1,0,0,0,0,0
살로몬,의류(살로몬),셰이크아웃 코어 롱 슬리브,LC2947800,의류,M,LC2947800(M),136588185,남성,26FW,2026-08-11,2026-08-11,"115,000.00",40709,1,0.0,4,198720598706,0,0,0,2,1,1,0,0,0,0,0
살로몬,의류(살로몬),셰이크아웃 코어 롱 슬리브,LC2947800,의류,XL,LC2947800(XL),136588185,남성,26FW,2026-08-11,2026-08-11,"115,000.00",40711,0,0.0,2,198720598690,0,0,0,1,1,0,0,0,0,0,0
살로몬,의류(살로몬),셰이크아웃 코어 롱 슬리브,LC2950600,의류,L,LC2950600(L),136587904,여성,26FW,2026-08-11,2026-08-11,"115,000.00",40702,1,0.0,3,198720599604,0,0,0,1,1,1,0,0,0,0,0
살로몬,의류(살로몬),셰이크아웃 코어 롱 슬리브,LC2950600,의류,M,LC2950600(M),136587904,여성,26FW,2026-08-11,2026-08-11,"115,000.00",40701,1,0.0,4,198720599628,0,0,0,2,1,1,0,0,0,0,0
살로몬,의류(살로몬),셰이크아웃 코어 롱 슬리브,LC2950600,의류,S,LC2950600(S),136587904,여성,26FW,2026-08-11,2026-08-11,"115,000.00",40700,1,0.0,4,198720599598,0,0,0,1,2,1,0,0,0,0,0
살로몬,의류(살로몬),셰이크 아웃 플라이 자켓,LC2950700,의류,L,LC2950700(L),136588186,여성,26FW,2026-08-11,2026-08-11,"210,000.00",40655,0,0.0,2,198720599635,0,0,0,1,1,0,0,0,0,0,0
살로몬,의류(살로몬),셰이크 아웃 플라이 자켓,LC2950700,의류,M,LC2950700(M),136588186,여성,26FW,2026-08-11,2026-08-11,"210,000.00",40654,1,0.0,4,198720599673,0,0,0,1,2,1,0,0,0,0,0
살로몬,의류(살로몬),셰이크 아웃 플라이 자켓,LC2950700,의류,S,LC2950700(S),136588186,여성,26FW,2026-08-11,2026-08-11,"210,000.00",40653,1,0.0,4,198720599659,0,0,0,1,2,1,0,0,0,0,0
살로몬,용품(살로몬),센스 에어로 그래픽 캡,LC3014300,용품,L/XL,LC3014300(L/XL),136588192,공용,26FW,2026-08-11,2026-08-11,"80,000.00",40755,4,0.0,15,,0,0,0,6,5,4,0,0,0,0,0
살로몬,용품(살로몬),센스 에어로 그래픽 캡,LC3014300,용품,S/M,LC3014300(S/M),136588192,공용,26FW,2026-08-11,2026-08-11,"80,000.00",40756,2,0.0,11,198720602304,0,0,0,4,5,2,0,0,0,0,0
살로몬,의류(살로몬),셰이크아웃 코어 숏 슬리브 GFX,LC3040700,의류,M,LC3040700(M),136587900,여성,26FW,2026-08-11,2026-08-11,"95,000.00",40717,1,0.0,2,198720586093,0,0,0,1,0,1,0,0,0,0,0
살로몬,의류(살로몬),셰이크아웃 코어 숏 슬리브 GFX,LC3040700,의류,S,LC3040700(S),136587900,여성,26FW,2026-08-11,2026-08-11,"95,000.00",40716,1,0.0,3,198720586086,0,0,0,1,1,1,0,0,0,0,0
살로몬,의류(살로몬),셰이크아웃 코어 숏 슬리브 GFX,LC3040800,의류,L,LC3040800(L),136587902,남성,26FW,2026-08-11,2026-08-11,"95,000.00",40731,0,0.0,3,198720598720,0,0,0,2,1,0,0,0,0,0,0
살로몬,의류(살로몬),셰이크아웃 코어 숏 슬리브 GFX,LC3040800,의류,M,LC3040800(M),136587902,남성,26FW,2026-08-11,2026-08-11,"95,000.00",40730,1,0.0,4,198720598706,0,0,0,2,1,1,0,0,0,0,0
살로몬,의류(살로몬),셰이크아웃 코어 숏 슬리브 GFX,LC3040800,의류,XL,LC3040800(XL),136587902,남성,26FW,2026-08-11,2026-08-11,"95,000.00",40732,0,0.0,2,198720598690,0,0,0,1,1,0,0,0,0,0,0
살로몬,용품(살로몬),센스 에어로 캡,LC3057700,용품,L/XL,LC3057700(L/XL),136588191,공용,26FW,2026-08-11,2026-08-11,"75,000.00",40764,4,0.0,15,,0,0,0,6,5,4,0,0,0,0,0
살로몬,용품(살로몬),센스 에어로 캡,LC3057700,용품,S/M,LC3057700(S/M),136588191,공용,26FW,2026-08-11,2026-08-11,"75,000.00",40765,4,0.0,13,,0,0,0,4,5,4,0,0,0,0,0
모스포츠,용품(모스포츠),모 3D 리커버리 슬라이드,MO 3D RECOVERY SLIDE,용품,240,MO 3D RECOVERY SLIDE(240),123234093,공용,24FW,2024-09-27,2024-09-27,"179,000.00",9426,0,0.0,1,M12U01001BK240,0,0,0,0,1,0,0,0,0,0,0
모스포츠,용품(모스포츠),모 빅 로고,MO Big Logo Black,용품,S,MO Big Logo Black(S),123234086,공용,24FW,2024-08-29,2024-08-29,"45,000.00",9472,2,0.0,2,,0,0,0,0,0,2,0,0,0,0,0
모스포츠,용품(모스포츠),모 빅 로고,MO Big Logo Red,용품,L,MO Big Logo Red(L),123234085,공용,24FW,2024-08-29,2024-08-29,"45,000.00",9464,2,0.0,2,M82U01001REDL0,0,0,0,0,0,2,0,0,0,0,0
모스포츠,용품(모스포츠),모 빅 로고,MO Big Logo Red,용품,M,MO Big Logo Red(M),123234085,공용,24FW,2024-08-29,2024-08-29,"45,000.00",9463,7,0.0,7,M82U01001REDM0,0,0,0,0,0,7,0,0,0,0,0
모스포츠,용품(모스포츠),모 빅 로고,MO Big Logo Red,용품,S,MO Big Logo Red(S),123234085,공용,24FW,2024-08-29,2024-08-29,"45,000.00",9462,3,0.0,3,M82U01001REDS0,0,0,0,0,0,3,0,0,0,0,0
모스포츠,용품(모스포츠),모 플립플랍,MO Flipflop Navy,용품,M,MO Flipflop Navy(M),123234088,공용,24FW,2024-08-29,2024-08-29,"39,000.00",9493,1,0.0,1,M72U01042NVYM0,0,0,0,0,0,1,0,0,0,0,0
모스포츠,용품(모스포츠),모 플립플랍,MO Flipflop Navy,용품,S,MO Flipflop Navy(S),123234088,공용,24FW,2024-08-29,2024-08-29,"39,000.00",9492,5,0.0,5,M72U01042NVYS0,0,0,0,0,0,5,0,0,0,0,0
모스포츠,용품(모스포츠),모 슬라이드,MO Slide Navy,용품,S,MO Slide Navy(S),123234084,공용,24FW,2024-08-29,2024-08-29,"39,000.00",9452,2,0.0,2,M72U01041NVYS0,0,0,0,0,0,2,0,0,0,0,0
뉴발란스,의류(뉴발란스),RC 울트라 라이트 스플릿 쇼츠 3인치,MS51283_BK,의류,M,MS51283_BK(M),130701418,남성,25SS,2025-03-05,2025-03-05,"99,900.00",13958,0,0.0,2,NBNVF265011908000,0,0,0,1,1,0,0,0,0,0,0
뉴발란스,의류(뉴발란스),5인치 러닝 쇼츠,MS53278-GAS,의류,L,MS53278-GAS(L),131709941,남성,25FW,2025-08-11,2025-08-11,"79,900.00",22915,0,0.0,1,NBNVF36811BU08500,0,0,0,1,0,0,0,0,0,0,0
뉴발란스,의류(뉴발란스),5인치 러닝 쇼츠,MS53278-GAS,의류,M,MS53278-GAS(M),131709941,남성,25FW,2025-08-11,2025-08-11,"79,900.00",22914,0,0.0,1,NBNVF36811BU08000,0,0,0,1,0,0,0,0,0,0,0
뉴발란스,의류(뉴발란스),5인치 러닝 쇼츠,MS53278-GAS,의류,S,MS53278-GAS(S),131709941,남성,25FW,2025-08-11,2025-08-11,"79,900.00",22913,1,0.0,2,NBNVF36811BU07500,0,0,0,1,0,1,0,0,0,0,0
뉴발란스,의류(뉴발란스),5인치 러닝 쇼츠,MS53278-GAS,의류,XL,MS53278-GAS(XL),131709941,남성,25FW,2025-08-11,2025-08-11,"79,900.00",22916,0,0.0,1,NBNVF36811BU09000,0,0,0,1,0,0,0,0,0,0,0
뉴발란스,의류(뉴발란스),5인치 러닝 쇼츠,MS53279-BIT,의류,L,MS53279-BIT(L),131422583,남성,25FW,2025-08-11,2025-08-11,"79,900.00",22923,0,0.0,2,NBNVF36811BF08500,0,0,0,2,0,0,0,0,0,0,0
뉴발란스,의류(뉴발란스),5인치 러닝 쇼츠,MS53279-BIT,의류,S,MS53279-BIT(S),131422583,남성,25FW,2025-08-11,2025-08-11,"79,900.00",22921,1,0.0,2,NBNVF36811BF07500,0,0,0,1,0,1,0,0,0,0,0
뉴발란스,의류(뉴발란스),애슬레틱 싱글렛,MT41250_BK,의류,L,MT41250_BK(L),131709958,남성,25SS,2025-03-05,2025-03-05,"49,900.00",13919,1,0.0,3,NBNGF264111910000,0,0,0,2,0,1,0,0,0,0,0
뉴발란스,의류(뉴발란스),애슬레틱 싱글렛,MT41250_BK,의류,M,MT41250_BK(M),131709958,남성,25SS,2025-03-05,2025-03-05,"49,900.00",13918,6,0.0,8,NBNGF264111909500,0,0,0,2,0,6,0,0,0,0,0
뉴발란스,의류(뉴발란스),애슬레틱 싱글렛,MT41250_BK,의류,XL,MT41250_BK(XL),131709958,남성,25SS,2025-03-05,2025-03-05,"49,900.00",13920,0,0.0,1,NBNGF264111910500,0,0,0,1,0,0,0,0,0,0,0
뉴발란스,의류(뉴발란스),애슬레틱스 티셔츠,MT41253_MEW,의류,L,MT41253_MEW(L),130701414,남성,25SS,2025-03-05,2025-03-05,"49,900.00",13895,0,0.0,2,NBNEF264134010000,0,0,0,2,0,0,0,0,0,0,0
뉴발란스,의류(뉴발란스),애슬레틱스 티셔츠,MT41253_MEW,의류,M,MT41253_MEW(M),130701414,남성,25SS,2025-03-05,2025-03-05,"49,900.00",13894,4,0.0,7,NBNEF264134009500,0,0,0,2,1,4,0,0,0,0,0
뉴발란스,의류(뉴발란스),애슬레틱스 티셔츠,MT41253_MEW,의류,XL,MT41253_MEW(XL),130701414,남성,25SS,2025-03-05,2025-03-05,"49,900.00",13896,0,0.0,2,NBNEF264134010500,0,0,0,1,1,0,0,0,0,0,0
뉴발란스,의류(뉴발란스),레이스 데이 울트라 라이트 싱글렛,MT51205_HMO,의류,L,MT51205_HMO(L),131709957,남성,25SS,2025-03-05,2025-03-05,"99,900.00",13903,0,0.0,2,NBNGF265018010000,0,0,0,2,0,0,0,0,0,0,0
뉴발란스,의류(뉴발란스),레이스 데이 울트라 라이트 싱글렛,MT51205_HMO,의류,M,MT51205_HMO(M),131709957,남성,25SS,2025-03-05,2025-03-05,"99,900.00",13902,12,0.0,14,NBNGF265018009500,0,0,0,2,0,12,0,0,0,0,0
뉴발란스,의류(뉴발란스),레이스 데이 울트라 라이트 싱글렛,MT51205_HMO,의류,XL,MT51205_HMO(XL),131709957,남성,25SS,2025-03-05,2025-03-05,"99,900.00",13904,3,0.0,5,NBNGF265018010500,0,0,0,2,0,3,0,0,0,0,0
뉴발란스,의류(뉴발란스),레이스 데이 울트라 라이트 싱글렛,MT51205_HMO,의류,XXL,MT51205_HMO(XXL),131709957,남성,25SS,2025-03-05,2025-03-05,"99,900.00",13905,4,0.0,5,NBNGF265018011000,0,0,0,1,0,4,0,0,0,0,0
뉴발란스,의류(뉴발란스),레이스 데이 울트라 라이트 싱글렛,MT51205-BK,의류,L,MT51205-BK(L),,남성,25FW,2025-07-11,2025-07-11,"99,900.00",22875,2,0.0,7,NBNGF368011910000,0,0,0,3,2,2,0,0,0,0,0
뉴발란스,의류(뉴발란스),레이스 데이 울트라 라이트 싱글렛,MT51205-BK,의류,M,MT51205-BK(M),,남성,25FW,2025-07-11,2025-07-11,"99,900.00",22874,3,0.0,5,NBNGF368011909500,0,0,0,2,0,3,0,0,0,0,0
뉴발란스,의류(뉴발란스),레이스 데이 울트라 라이트 싱글렛,MT51205-BK,의류,S,MT51205-BK(S),,남성,25FW,2025-07-11,2025-07-11,"99,900.00",22873,0,0.0,2,NBNGF368011909000,0,0,0,1,1,0,0,0,0,0,0
뉴발란스,의류(뉴발란스),레이스 데이 울트라 라이트 싱글렛,MT51205-BK,의류,XL,MT51205-BK(XL),,남성,25FW,2025-07-11,2025-07-11,"99,900.00",22876,0,0.0,3,NBNGF368011910500,0,0,0,1,2,0,0,0,0,0,0
뉴발란스,의류(뉴발란스),레이스 데이 울트라 라이트 싱글렛,MT51205-GAS,의류,L,MT51205-GAS(L),,남성,25FW,2025-07-11,2025-07-11,"99,900.00",22891,3,0.0,5,NBNGF36801BU10000,0,0,0,1,1,3,0,0,0,0,0
뉴발란스,의류(뉴발란스),레이스 데이 울트라 라이트 싱글렛,MT51205-GAS,의류,M,MT51205-GAS(M),,남성,25FW,2025-07-11,2025-07-11,"99,900.00",22890,0,0.0,3,NBNGF36801BU09500,0,0,0,2,1,0,0,0,0,0,0
뉴발란스,의류(뉴발란스),레이스 데이 울트라 라이트 싱글렛,MT51205-GAS,의류,S,MT51205-GAS(S),,남성,25FW,2025-07-11,2025-07-11,"99,900.00",22889,0,0.0,2,NBNGF36801BU09000,0,0,0,1,1,0,0,0,0,0,0
뉴발란스,의류(뉴발란스),레이스 데이 울트라 라이트 싱글렛,MT51205-URR,의류,M,MT51205-URR(M),131709960,남성,25FW,2025-07-11,2025-07-11,"99,900.00",22882,0,0.0,2,NBNGF368011709500,0,0,0,1,1,0,0,0,0,0,0
뉴발란스,의류(뉴발란스),레이스 데이 울트라 라이트 싱글렛,MT51205-URR,의류,S,MT51205-URR(S),131709960,남성,25FW,2025-07-11,2025-07-11,"99,900.00",22881,0,0.0,1,NBNGF368011709000,0,0,0,1,0,0,0,0,0,0,0
뉴발란스,의류(뉴발란스),레이스데이 울트라 라이트 티셔츠,MT51208_HMO,의류,L,MT51208_HMO(L),130701413,남성,25SS,2025-03-05,2025-03-05,"99,900.00",13879,3,0.0,4,NBNEF265038010000,0,0,0,1,0,3,0,0,0,0,0
뉴발란스,의류(뉴발란스),레이스데이 울트라 라이트 티셔츠,MT51208_HMO,의류,M,MT51208_HMO(M),130701413,남성,25SS,2025-03-05,2025-03-05,"99,900.00",13878,5,0.0,8,NBNEF265038009500,0,0,0,2,1,5,0,0,0,0,0
뉴발란스,의류(뉴발란스),레이스데이 울트라 라이트 티셔츠,MT51208_HMO,의류,XL,MT51208_HMO(XL),130701413,남성,25SS,2025-03-05,2025-03-05,"99,900.00",13880,4,0.0,6,NBNEF265038010500,0,0,0,0,2,4,0,1,0,0,0
뉴발란스,의류(뉴발란스),레이스데이 울트라 라이트 티셔츠,MT51208_HMO,의류,XXL,MT51208_HMO(XXL),130701413,남성,25SS,2025-03-05,2025-03-05,"99,900.00",13881,4,0.0,5,NBNEF265038011000,0,0,0,1,0,4,0,0,0,0,0
뉴발란스,의류(뉴발란스),애슬레틱스 그래픽 싱글렛,MT53215-BK,의류,L,MT53215-BK(L),131422588,남성,25FW,2025-08-11,2025-08-11,"49,900.00",22867,0,0.0,2,NBNGF367111910000,0,0,0,2,0,0,0,0,0,0,0
뉴발란스,의류(뉴발란스),애슬레틱스 그래픽 싱글렛,MT53215-BK,의류,M,MT53215-BK(M),131422588,남성,25FW,2025-08-11,2025-08-11,"49,900.00",22866,1,0.0,2,NBNGF367111909500,0,0,0,1,0,1,0,0,0,0,0
뉴발란스,의류(뉴발란스),애슬레틱스 그래픽 싱글렛,MT53215-BK,의류,S,MT53215-BK(S),131422588,남성,25FW,2025-08-11,2025-08-11,"49,900.00",22865,1,0.0,2,NBNGF367111909000,0,0,0,1,0,1,0,0,0,0,0
뉴발란스,의류(뉴발란스),애슬레틱스 그래픽 티셔츠,MT53216-BK,의류,M,MT53216-BK(M),131422600,남성,25FW,2025-08-11,2025-08-11,"49,900.00",22842,0,0.0,1,NBNEF367111909500,0,0,0,1,0,0,0,0,0,0,0
뉴발란스,의류(뉴발란스),애슬레틱스 그래픽 티셔츠,MT53216-BK,의류,S,MT53216-BK(S),131422600,남성,25FW,2025-08-11,2025-08-11,"49,900.00",22841,0,0.0,1,NBNEF367111909000,0,0,0,1,0,0,0,0,0,0,0
뉴발란스,의류(뉴발란스),애슬레틱스 그래픽 티셔츠,MT53216-LBN,의류,L,MT53216-LBN(L),131422582,남성,25FW,2025-08-11,2025-08-11,"49,900.00",22851,0,0.0,2,NBNEF367114110000,0,0,0,2,0,0,0,0,0,0,0
뉴발란스,의류(뉴발란스),애슬레틱스 그래픽 티셔츠,MT53216-LBN,의류,S,MT53216-LBN(S),131422582,남성,25FW,2025-08-11,2025-08-11,"49,900.00",22849,0,0.0,1,NBNEF367114109000,0,0,0,1,0,0,0,0,0,0,0
노말,용품(노말),레이스 캡,N1ARC03-003,용품,1SIZE,N1ARC03-003(1SIZE),123234275,공용,25SS,2025-05-29,2025-06-13,"65,000.00",9260,0,0.0,2,251N1ARC03-003017S/T,0,0,0,0,2,0,0,0,0,0,0
노말,용품(노말),레이스 삭스,N1ARS02-001,용품,L,N1ARS02-001(L),131179698,공용,25FW,2025-09-03,2025-09-03,"35,000.00",17192,12,0.0,14,252N1ARS02-001018L,0,0,0,0,2,12,0,0,0,0,0
노말,용품(노말),레이스 삭스,N1ARS02-001,용품,M,N1ARS02-001(M),131179698,공용,25FW,2025-09-03,2025-09-03,"35,000.00",17191,0,0.0,5,252N1ARS02-001018M,0,0,0,3,2,0,0,0,0,0,0
노말,용품(노말),레이스 삭스,N1ARS02-002,용품,L,N1ARS02-002(L),131179691,공용,25SS,2025-04-30,2025-04-30,"35,000.00",17202,17,0.0,22,252N1ARS02-002020L,0,0,0,0,0,7,0,0,0,0,0
노말,용품(노말),레이스 삭스,N1ARS02-002,용품,L,N1ARS02-002(L),131179691,공용,25FW,2025-09-03,2025-09-03,"35,000.00",17202,17,0.0,22,252N1ARS02-002020L,0,0,0,2,3,10,0,0,0,0,0
노말,용품(노말),레이스 삭스,N1ARS02-002,용품,M,N1ARS02-002(M),131179691,공용,25SS,2025-04-30,2025-04-30,"35,000.00",17201,11,0.0,16,252N1ARS02-002020M,0,0,0,0,0,4,0,0,0,0,0
노말,용품(노말),레이스 삭스,N1ARS02-002,용품,M,N1ARS02-002(M),131179691,공용,25FW,2025-09-03,2025-09-03,"35,000.00",17201,11,0.0,16,252N1ARS02-002020M,0,0,0,2,3,7,0,0,0,0,0
노말,용품(노말),레이스 삭스 로우 컷,N1ARS03-001,용품,M,N1ARS03-001(M),123234270,공용,24FW,2025-02-10,2025-02-10,"33,000.00",9194,0,0.0,2,242N1ARS03-001001M,0,0,0,2,0,0,0,0,0,0,0
노말,용품(노말),레이스 삭스 로우 컷,N1ARS03-001,용품,S,N1ARS03-001(S),123234270,공용,24FW,2024-08-26,2025-02-10,"33,000.00",9193,0,0.0,1,241N1ARS03-001001S,0,0,0,1,0,0,0,0,0,0,0
노말,용품(노말),레이스 베스트,N1ARV02-002,용품,S,N1ARV02-002(S),123234272,공용,25SS,2025-04-30,2025-04-30,"198,000.00",9245,0,0.0,0,242N1ARV02-002001S,0,0,0,0,0,0,0,1,0,0,0
노말,의류(노말),레이스 쇼츠,N1CMRS2-002,의류,XL,N1CMRS2-002(XL),131179695,남성,25SS,2025-04-30,2025-04-30,"158,000.00",8989,0,0.0,1,251N1CMRS2-002019XL,0,0,0,0,1,0,0,0,0,0,0
노말,의류(노말),레이스 티셔츠,N1CMTS2-007,의류,M,N1CMTS2-007(M),128970160,남성,25SS,2025-03-14,2025-03-14,"98,000.00",17169,0,0.0,1,251N1CMTS2-007021M,0,0,0,0,1,0,0,0,0,0,0
노말,의류(노말),보라 윈드 자켓,N1CMWJ1-001,의류,L,N1CMWJ1-001(L),131962402,남성,25FW,2025-10-17,2025-10-17,"238,000.00",24000,2,0.0,2,,0,0,0,0,0,2,0,0,0,0,0
노말,의류(노말),보라 윈드 자켓,N1CMWJ1-001,의류,M,N1CMWJ1-001(M),131962402,남성,25FW,2025-10-17,2025-10-17,"238,000.00",23999,4,0.0,4,,0,0,0,0,0,4,0,0,0,0,0
노말,의류(노말),보라 윈드 자켓,N1CMWJ1-001,의류,S,N1CMWJ1-001(S),131962402,남성,25FW,2025-10-17,2025-10-17,"238,000.00",23998,2,0.0,2,,0,0,0,0,0,2,0,0,0,0,0
노말,의류(노말),보라 윈드 자켓,N1CMWJ1-001,의류,XL,N1CMWJ1-001(XL),131962402,남성,25FW,2025-10-17,2025-10-17,"238,000.00",24001,3,0.0,3,,0,0,0,0,0,3,0,0,0,0,0
노말,의류(노말),보라 윈드 자켓,N1CMWJ1-002,의류,L,N1CMWJ1-002(L),131962406,남성,25FW,2025-10-17,2025-10-17,"238,000.00",24008,1,0.0,2,252N1CMWJ1-002017L,0,0,0,1,0,1,0,0,0,0,0
노말,의류(노말),보라 윈드 자켓,N1CMWJ1-002,의류,M,N1CMWJ1-002(M),131962406,남성,25FW,2025-10-17,2025-10-17,"238,000.00",24007,1,0.0,3,252N1CMWJ1-002017M,0,0,0,1,1,1,0,0,0,0,0
노말,의류(노말),보라 윈드 자켓,N1CMWJ1-002,의류,S,N1CMWJ1-002(S),131962406,남성,25FW,2025-10-17,2025-10-17,"238,000.00",24006,1,0.0,3,252N1CMWJ1-002017S,0,0,0,1,1,1,0,0,0,0,0
노말,의류(노말),보라 윈드 자켓,N1CMWJ1-002,의류,XL,N1CMWJ1-002(XL),131962406,남성,25FW,2025-10-17,2025-10-17,"238,000.00",24009,1,0.0,2,252N1CMWJ1-002017XL,0,0,0,0,1,1,0,0,0,0,0
노말,의류(노말),레이스 쇼츠,N1CWRS2-002,의류,L,N1CWRS2-002(L),131145250,여성,25SS,2025-04-30,2025-04-30,"158,000.00",9100,0,0.0,1,251N1CWRS2-002019L,0,0,0,0,1,0,0,0,0,0,0
노말,의류(노말),레이스 쇼츠,N1CWRS2-002,의류,M,N1CWRS2-002(M),131145250,여성,25SS,2025-04-30,2025-04-30,"158,000.00",9099,0,0.0,1,251N1CWRS2-002019M,0,0,0,0,1,0,0,0,0,0,0
노말,의류(노말),레이스 쇼츠,N1CWRS2-002,의류,XS,N1CWRS2-002(XS),131145250,여성,25SS,2025-04-30,2025-04-30,"158,000.00",9097,0,0.0,1,251N1CWRS2-002019XS,0,0,0,0,1,0,0,0,0,0,0
노말,의류(노말),레이스 탱크,N1CWRT2-004,의류,M,N1CWRT2-004(M),128970161,여성,25SS,2025-02-27,2025-02-27,"85,000.00",17177,2,0.0,2,251N1CWRT2-004001M,0,0,0,0,0,2,0,0,0,0,0
노말,의류(노말),레이스 탱크,N1CWRT2-004,의류,S,N1CWRT2-004(S),128970161,여성,25SS,2025-02-27,2025-02-27,"85,000.00",17176,1,0.0,2,251N1CWRT2-004001S,0,0,0,0,1,1,0,0,0,0,0
노말,의류(노말),레이스 탱크,N1CWRT2-004,의류,XS,N1CWRT2-004(XS),128970161,여성,25SS,2025-02-27,2025-02-27,"85,000.00",17175,0,0.0,1,251N1CWRT2-004001XS,0,0,0,0,1,0,0,0,0,0,0
노말,의류(노말),레이스 탱크,N1CWRT2-006,의류,XS,N1CWRT2-006(XS),131179697,여성,25SS,2025-04-30,2025-04-30,"85,000.00",17183,0,0.0,2,,0,0,0,0,2,0,0,0,0,0,0
노말,신발(노말),제락 01,N1ZKGM1-002,신발,230,N1ZKGM1-002(230),123234263,남성,24FW,2024-08-26,2024-08-26,"268,000.00",8556,0,0.0,1,241N1ZKGM1-0020055,0,0,0,0,1,0,0,0,0,0,0
노말,신발(노말),제락 01,N1ZKGM1-002,신발,235,N1ZKGM1-002(235),123234263,남성,24FW,2024-08-26,2024-08-26,"268,000.00",8557,2,0.0,3,241N1ZKGM1-0020055.5,0,0,0,0,1,2,0,0,0,0,0
노말,신발(노말),제락 01,N1ZKGM1-002,신발,240,N1ZKGM1-002(240),123234263,남성,24FW,2024-08-26,2024-08-26,"268,000.00",8558,1,0.0,1,241N1ZKGM1-0020056,0,0,0,0,0,1,0,0,0,0,0
노말,신발(노말),제락 01,N1ZKGM1-002,신발,245,N1ZKGM1-002(245),123234263,남성,24FW,2024-08-26,2024-08-26,"268,000.00",8559,2,0.0,2,241N1ZKGM1-0020056.5,0,0,0,0,0,2,0,0,0,0,0
노말,신발(노말),제락 01,N1ZKGM1-002,신발,250,N1ZKGM1-002(250),123234263,남성,24FW,2024-08-26,2024-08-26,"268,000.00",8560,1,0.0,1,241N1ZKGM1-0020057,0,0,0,0,0,1,0,0,0,0,0
노말,신발(노말),제락 01,N1ZKGM1-002,신발,260,N1ZKGM1-002(260),123234263,남성,24FW,2024-08-26,2024-08-26,"268,000.00",8562,0,0.0,1,241N1ZKGM1-0020058,0,0,0,0,1,0,0,0,0,0,0
노말,신발(노말),제락 01,N1ZKGM1-002,신발,270,N1ZKGM1-002(270),123234263,남성,24FW,2024-08-26,2024-08-26,"268,000.00",8564,1,0.0,1,241N1ZKGM1-0020059,0,0,0,0,0,1,0,0,0,0,0
노말,신발(노말),제락 01,N1ZKGM1-002,신발,275,N1ZKGM1-002(275),123234263,남성,24FW,2024-08-26,2024-08-26,"268,000.00",8565,0,0.0,0,241N1ZKGM1-0020059.5,0,0,0,0,0,0,0,1,0,0,0
노말,신발(노말),제락 01,N1ZKGM1-002,신발,285,N1ZKGM1-002(285),123234263,남성,24FW,2024-08-26,2024-08-26,"268,000.00",8567,0,0.0,1,241N1ZKGM1-00200510.5,0,0,0,0,1,0,0,0,0,0,0
노말,신발(노말),제락 01,N1ZKGM1-002,신발,290,N1ZKGM1-002(290),123234263,남성,24FW,2024-08-26,2024-08-26,"268,000.00",8568,0,0.0,1,241N1ZKGM1-00200511,0,0,0,0,1,0,0,0,0,0,0
노말,신발(노말),제락 01,N1ZKGM1-003,신발,230,N1ZKGM1-003(230),123234286,남성,24FW,2024-08-26,2024-08-26,"268,000.00",8577,2,0.0,1,,0,0,0,0,0,1,0,0,0,0,0
노말,신발(노말),제락 01,N1ZKGM1-003,신발,240,N1ZKGM1-003(240),123234286,남성,24FW,2024-08-26,2024-08-26,"268,000.00",8579,2,0.0,1,241N1ZKGM1-0030086,0,0,0,0,0,0,0,0,0,0,1
노말,신발(노말),제락 01,N1ZKGM1-003,신발,265,N1ZKGM1-003(265),123234286,남성,24FW,2024-08-26,2024-08-26,"268,000.00",8584,3,0.0,2,241N1ZKGM1-0030088.5,0,0,0,0,0,2,0,0,0,0,0
노말,신발(노말),제락 01,N1ZKGM1-004,신발,230,N1ZKGM1-004(230),123234265,남성,24FW,2024-08-26,2024-08-26,"268,000.00",8598,1,0.0,1,,0,0,0,0,0,1,0,0,0,0,0
노말,신발(노말),제락 01,N1ZKGM1-004,신발,235,N1ZKGM1-004(235),123234265,남성,24FW,2024-08-26,2024-08-26,"268,000.00",8599,2,0.0,2,241N1ZKGM1-0040155.5,0,0,0,0,0,2,0,0,0,0,0
노말,신발(노말),제락 01,N1ZKGM1-004,신발,240,N1ZKGM1-004(240),123234265,남성,24FW,2024-08-26,2024-08-26,"268,000.00",8600,2,0.0,2,241N1ZKGM1-0040156,0,0,0,0,0,2,0,0,0,0,0
노말,신발(노말),제락 01,N1ZKGM1-004,신발,245,N1ZKGM1-004(245),123234265,남성,24FW,2024-08-26,2024-08-26,"268,000.00",8601,2,0.0,2,241N1ZKGM1-0040156.5,0,0,0,0,0,2,0,0,0,0,0
노말,신발(노말),제락 01,N1ZKGM1-004,신발,250,N1ZKGM1-004(250),123234265,남성,24FW,2024-08-26,2024-08-26,"268,000.00",8602,2,0.0,2,241N1ZKGM1-0040157,0,0,0,0,0,2,0,0,0,0,0
노말,신발(노말),제락 01,N1ZKGM1-004,신발,255,N1ZKGM1-004(255),123234265,남성,24FW,2024-08-26,2024-08-26,"268,000.00",8603,1,0.0,1,241N1ZKGM1-0040157.5,0,0,0,0,0,1,0,0,0,0,0
노말,신발(노말),제락 01,N1ZKGM1-004,신발,260,N1ZKGM1-004(260),123234265,남성,24FW,2024-08-26,2024-08-26,"268,000.00",8604,1,0.0,1,241N1ZKGM1-0040158,0,0,0,0,0,1,0,0,0,0,0
노말,신발(노말),제락 01,N1ZKGM1-004,신발,265,N1ZKGM1-004(265),123234265,남성,24FW,2024-08-26,2024-08-26,"268,000.00",8605,1,0.0,1,241N1ZKGM1-0040158.5,0,0,0,0,0,1,0,0,0,0,0
노말,신발(노말),제락 01,N1ZKGM1-004,신발,270,N1ZKGM1-004(270),123234265,남성,24FW,2024-08-26,2024-08-26,"268,000.00",8606,2,0.0,2,241N1ZKGM1-0040159,0,0,0,0,0,2,0,0,0,0,0
노말,신발(노말),제락 01,N1ZKGM1-004,신발,275,N1ZKGM1-004(275),123234265,남성,24FW,2024-08-26,2024-08-26,"268,000.00",8607,1,0.0,1,241N1ZKGM1-0040159.5,0,0,0,0,0,1,0,0,0,0,0
노말,신발(노말),제락 01,N1ZKGM1-004,신발,280,N1ZKGM1-004(280),123234265,남성,24FW,2024-08-26,2024-08-26,"268,000.00",8608,2,0.0,2,241N1ZKGM1-00401510,0,0,0,0,0,2,0,0,0,0,0
노말,신발(노말),제락 01,N1ZKGM1-004,신발,285,N1ZKGM1-004(285),123234265,남성,24FW,2024-08-26,2024-08-26,"268,000.00",8609,1,0.0,1,241N1ZKGM1-00401510.5,0,0,0,0,0,1,0,0,0,0,0
노말,신발(노말),제락 01,N1ZKGM1-005,신발,240,N1ZKGM1-005(240),123234266,남성,24FW,2024-08-26,2024-08-26,"268,000.00",8621,1,0.0,2,241N1ZKGM1-0050166,0,0,0,0,1,1,0,0,0,0,0
노말,신발(노말),제락 01,N1ZKGM1-005,신발,250,N1ZKGM1-005(250),123234266,남성,24FW,2024-08-26,2024-08-26,"268,000.00",8623,0,0.0,2,241N1ZKGM1-0050167,0,0,0,0,1,0,0,0,0,0,0
노말,신발(노말),제락 01,N1ZKGM1-005,신발,250,N1ZKGM1-005(250),123234266,남성,25SS,2025-02-04,2025-02-04,"268,000.00",8623,0,0.0,2,241N1ZKGM1-0050167,0,0,0,0,1,0,0,0,0,0,0
노말,신발(노말),제락 01,N1ZKGM1-005,신발,255,N1ZKGM1-005(255),123234266,남성,25SS,2025-02-04,2025-02-04,"268,000.00",8624,2,0.0,3,241N1ZKGM1-0050167.5,0,0,0,0,1,2,0,0,0,0,0
노말,신발(노말),제락 01,N1ZKGM1-005,신발,260,N1ZKGM1-005(260),123234266,남성,24FW,2024-08-26,2024-08-26,"268,000.00",8625,4,0.0,4,241N1ZKGM1-0050168,0,0,0,0,0,2,0,0,0,0,0
노말,신발(노말),제락 01,N1ZKGM1-005,신발,260,N1ZKGM1-005(260),123234266,남성,25SS,2025-02-04,2025-02-04,"268,000.00",8625,4,0.0,4,241N1ZKGM1-0050168,0,0,0,0,0,2,0,0,0,0,0
노말,신발(노말),제락 01,N1ZKGM1-005,신발,265,N1ZKGM1-005(265),123234266,남성,24FW,2024-08-26,2024-08-26,"268,000.00",8626,9,0.0,9,241N1ZKGM1-0050168.5,0,0,0,0,0,4,0,0,0,0,0
노말,신발(노말),제락 01,N1ZKGM1-005,신발,265,N1ZKGM1-005(265),123234266,남성,25SS,2025-02-04,2025-02-04,"268,000.00",8626,9,0.0,9,241N1ZKGM1-0050168.5,0,0,0,0,0,5,0,0,0,0,0
노말,신발(노말),제락 01,N1ZKGM1-005,신발,270,N1ZKGM1-005(270),123234266,남성,25SS,2025-02-04,2025-02-04,"268,000.00",8627,2,0.0,3,241N1ZKGM1-0050169,0,0,0,0,1,2,0,0,0,0,0
노말,신발(노말),제락 01,N1ZKGM1-005,신발,275,N1ZKGM1-005(275),123234266,남성,25SS,2025-02-04,2025-02-04,"268,000.00",8628,0,0.0,1,241N1ZKGM1-0050169.5,0,0,0,0,1,0,0,0,0,0,0
노말,신발(노말),제락 01,N1ZKGM1-005,신발,280,N1ZKGM1-005(280),123234266,남성,25SS,2025-02-04,2025-02-04,"268,000.00",8629,0,0.0,1,241N1ZKGM1-00501610,0,0,0,0,1,0,0,0,0,0,0
노말,신발(노말),제락 01,N1ZKGM1-005,신발,285,N1ZKGM1-005(285),123234266,남성,25SS,2025-02-04,2025-02-04,"268,000.00",8630,0,0.0,1,241N1ZKGM1-00501610.5,0,0,0,0,1,0,0,0,0,0,0
노말,신발(노말),제락 브루트,N1ZKSM1-002,신발,230,N1ZKSM1-002(230),129513014,남성,25SS,2025-03-14,2025-03-14,"348,000.00",17085,0,0.0,1,251N1ZKSM1-0020015,0,0,0,0,0,0,0,0,0,0,1
노말,신발(노말),제락 브루트,N1ZKSM1-002,신발,240,N1ZKSM1-002(240),129513014,남성,25SS,2025-03-14,2025-03-14,"348,000.00",17087,2,0.0,1,251N1ZKSM1-0020016,0,0,0,0,0,1,0,0,0,0,0
노말,신발(노말),제락 브루트,N1ZKSM1-002,신발,245,N1ZKSM1-002(245),129513014,남성,25SS,2025-03-14,2025-03-14,"348,000.00",17088,4,0.0,1,251N1ZKSM1-0020016.5,0,0,0,0,0,1,0,0,0,0,0
노말,신발(노말),제락 브루트,N1ZKSM1-002,신발,275,N1ZKSM1-002(275),129513014,남성,25SS,2025-03-14,2025-03-14,"348,000.00",17094,1,0.0,1,251N1ZKSM1-0020019.5,0,0,0,0,0,0,0,0,0,0,1
노말,신발(노말),제락 브루트,N1ZKSM1-002,신발,280,N1ZKSM1-002(280),129513014,남성,25SS,2025-03-14,2025-03-14,"348,000.00",17095,1,0.0,1,251N1ZKSM1-00200110,0,0,0,0,0,1,0,0,0,0,0
노말,신발(노말),제락 브루트,N1ZKSM1-002,신발,285,N1ZKSM1-002(285),129513014,남성,25SS,2025-03-14,2025-03-14,"348,000.00",17096,1,0.0,1,251N1ZKSM1-00200110.5,0,0,0,0,0,1,0,0,0,0,0
노말,용품(노말),메리노 삭스,N2AMS01-001,용품,M,N2AMS01-001(M),123243030,공용,24FW,2024-10-22,2024-10-22,"40,000.00",9218,0,0.0,1,242N2AMS01-001001M,0,0,0,0,1,0,0,0,0,0,0
노말,용품(노말),메리노 삭스,N2AMS02-002,용품,L,N2AMS02-002(L),131179692,공용,25SS,2025-04-30,2025-04-30,"40,000.00",17212,17,0.0,22,252N2AMS02-002018L,0,0,0,3,0,5,0,0,0,0,0
노말,용품(노말),메리노 삭스,N2AMS02-002,용품,L,N2AMS02-002(L),131179692,공용,25FW,2025-09-03,2025-09-03,"40,000.00",17212,17,0.0,22,252N2AMS02-002018L,0,0,0,0,2,12,0,0,0,0,0
노말,용품(노말),메리노 삭스,N2AMS02-002,용품,M,N2AMS02-002(M),131179692,공용,25SS,2025-04-30,2025-04-30,"40,000.00",17211,8,0.0,17,252N2AMS02-002018M,0,0,0,0,0,3,0,0,0,0,0
노말,용품(노말),메리노 삭스,N2AMS02-002,용품,M,N2AMS02-002(M),131179692,공용,25FW,2025-09-03,2025-09-03,"40,000.00",17211,8,0.0,17,252N2AMS02-002018M,0,0,0,6,3,5,0,0,0,0,0
노말,용품(노말),메리노 삭스,N2AMS02-003,용품,L,N2AMS02-003(L),131179693,공용,25SS,2025-03-14,2025-03-14,"40,000.00",17222,15,0.0,18,252N2AMS02-003017L,0,0,0,0,0,6,0,0,0,0,0
노말,용품(노말),메리노 삭스,N2AMS02-003,용품,L,N2AMS02-003(L),131179693,공용,25FW,2025-09-03,2025-09-03,"40,000.00",17222,15,0.0,18,252N2AMS02-003017L,0,0,0,3,0,9,0,0,0,0,0
노말,용품(노말),메리노 삭스,N2AMS02-003,용품,M,N2AMS02-003(M),131179693,공용,25SS,2025-03-14,2025-03-14,"40,000.00",17221,7,0.0,14,252N2AMS02-003017M,0,0,0,0,0,2,0,0,0,0,0
노말,용품(노말),메리노 삭스,N2AMS02-003,용품,M,N2AMS02-003(M),131179693,공용,25FW,2025-09-03,2025-09-03,"40,000.00",17221,7,0.0,14,252N2AMS02-003017M,0,0,0,4,3,5,0,0,0,0,0
노말,의류(노말),트레일 롱 슬리브,N2CMAF1-001,의류,XL,N2CMAF1-001(XL),131179687,남성,25SS,2025-05-29,2025-06-13,"188,000.00",8933,0,0.0,1,251N2CMAF1-001019XL,0,0,0,0,1,0,0,0,0,0,0
노말,의류(노말),액티브 타이츠,N2CMAT1-002,의류,L,N2CMAT1-002(L),131179688,남성,25SS,2025-05-29,2025-06-13,"178,000.00",8956,1,0.0,2,251N2CMAT1-002019L,0,0,0,0,1,1,0,0,0,0,0
노말,의류(노말),액티브 타이츠,N2CMAT1-002,의류,M,N2CMAT1-002(M),131179688,남성,25SS,2025-05-29,2025-06-13,"178,000.00",8955,0,0.0,1,251N2CMAT1-002019M,0,0,0,0,1,0,0,0,0,0,0
노말,의류(노말),액티브 타이츠,N2CMAT1-002,의류,S,N2CMAT1-002(S),131179688,남성,25SS,2025-05-29,2025-06-13,"178,000.00",8954,0,0.0,1,251N2CMAT1-002019S,0,0,0,0,1,0,0,0,0,0,0
노말,의류(노말),트레일 크롭 탑,N2CWTB1-001,의류,M,N2CWTB1-001(M),131179696,여성,25SS,2025-02-27,2025-02-27,"158,000.00",9155,2,0.0,3,251N2CWTB1-001001M,0,0,0,1,0,2,0,0,0,0,0
노말,의류(노말),트레일 크롭 탑,N2CWTB1-001,의류,S,N2CWTB1-001(S),131179696,여성,25SS,2025-02-27,2025-02-27,"158,000.00",9154,2,0.0,4,251N2CWTB1-001001S,0,0,0,2,0,2,0,0,0,0,0
노말,의류(노말),트레일 크롭 탑,N2CWTB1-001,의류,XS,N2CWTB1-001(XS),131179696,여성,25SS,2025-02-27,2025-02-27,"158,000.00",9153,1,0.0,1,251N2CWTB1-001001XS,0,0,0,0,0,1,0,0,0,0,0
노말,의류(노말),트레일 크롭 탑,N2CWTB1-002,의류,M,N2CWTB1-002(M),131179801,여성,25SS,2025-04-30,2025-04-30,"158,000.00",9163,1,0.0,2,251N2CWTB1-002019M,0,0,0,0,1,1,0,0,0,0,0
노말,의류(노말),트레일 크롭 탑,N2CWTB1-002,의류,S,N2CWTB1-002(S),131179801,여성,25SS,2025-04-30,2025-04-30,"158,000.00",9162,3,0.0,4,251N2CWTB1-002019S,0,0,0,1,0,3,0,0,0,0,0
노말,의류(노말),트레일 크롭 탑,N2CWTB1-002,의류,XS,N2CWTB1-002(XS),131179801,여성,25SS,2025-04-30,2025-04-30,"158,000.00",9161,2,0.0,3,251N2CWTB1-002019XS,0,0,0,1,0,2,0,0,0,0,0
노말,신발(노말),토미르 02,N2ZTR02-001,신발,260,N2ZTR02-001(260),123234267,남성,24FW,2024-08-26,2024-08-26,"298,000.00",8793,1,0.0,1,241N2ZTR02-0010188,0,0,0,0,0,1,0,0,0,0,0
노말,신발(노말),토미르 02,N2ZTR02-005,신발,230,N2ZTR02-005(230),123234268,남성,25SS,2025-02-04,2025-02-04,"298,000.00",8808,0,0.0,1,,0,0,0,0,0,1,0,0,0,0,0
노말,신발(노말),토미르 02,N2ZTR02-007,신발,255,N2ZTR02-007(255),123234269,남성,24FW,2024-08-26,2024-08-26,"298,000.00",8855,0,0.0,1,241N2ZTR02-0070177.5,0,0,0,0,1,0,0,0,0,0,0
노말,신발(노말),토미르 02,N2ZTR02-007,신발,265,N2ZTR02-007(265),123234269,남성,24FW,2024-08-26,2024-08-26,"298,000.00",8857,0,0.0,1,241N2ZTR02-0070178.5,0,0,0,0,1,0,0,0,0,0,0
노말,신발(노말),토미르 02,N2ZTR02-007,신발,275,N2ZTR02-007(275),123234269,남성,24FW,2024-08-26,2024-08-26,"298,000.00",8859,0,0.0,1,241N2ZTR02-0070179.5,0,0,0,0,1,0,0,0,0,0,0
노말,신발(노말),토미르 02,N2ZTR02-010,신발,245,N2ZTR02-010(245),123243028,남성,24FW,2024-09-10,2024-09-10,"298,000.00",8874,0,0.0,1,242N2ZTR02-0100046.5,0,0,0,0,1,0,0,0,0,0,0
노말,신발(노말),토미르 02,N2ZTR02-010,신발,255,N2ZTR02-010(255),123243028,남성,24FW,2024-09-10,2024-09-10,"298,000.00",8876,0,0.0,1,242N2ZTR02-0100047.5,0,0,0,0,1,0,0,0,0,0,0
노말,신발(노말),토미르 02,N2ZTR02-010,신발,265,N2ZTR02-010(265),123243028,남성,24FW,2024-09-10,2024-09-10,"298,000.00",8878,0,0.0,1,242N2ZTR02-0100048.5,0,0,0,0,1,0,0,0,0,0,0
노말,신발(노말),토미르 02,N2ZTR02-010,신발,270,N2ZTR02-010(270),123243028,남성,24FW,2024-09-10,2024-09-10,"298,000.00",8879,0,0.0,1,242N2ZTR02-0100049,0,0,0,0,1,0,0,0,0,0,0
노말,신발(노말),토미르 02,N2ZTR02-010,신발,280,N2ZTR02-010(280),123243028,남성,24FW,2024-09-10,2024-09-10,"298,000.00",8881,0,0.0,1,242N2ZTR02-01000410,0,0,0,0,1,0,0,0,0,0,0
노말,신발(노말),토미르 02,N2ZTR02-010,신발,285,N2ZTR02-010(285),123243028,남성,24FW,2024-09-10,2024-09-10,"298,000.00",8882,0,0.0,1,242N2ZTR02-01000410.5,0,0,0,0,1,0,0,0,0,0,0
노말,신발(노말),토미르 02,N2ZTR02-013,신발,235,N2ZTR02-013(235),128970053,남성,25SS,2025-02-04,2025-02-04,"298,000.00",17107,0,0.0,1,251N2ZTR02-0130235.5,0,0,0,0,0,0,0,0,0,0,1
노말,신발(노말),토미르 02,N2ZTR02-013,신발,240,N2ZTR02-013(240),128970053,남성,25SS,2025-02-04,2025-02-04,"298,000.00",17108,0,0.0,0,251N2ZTR02-0130236,0,0,0,0,0,0,0,2,0,0,0
노말,신발(노말),토미르 02,N2ZTR02-014,신발,245,N2ZTR02-014(245),128970154,남성,25SS,2025-02-04,2025-02-04,"298,000.00",17130,1,0.0,1,251N2ZTR02-0140246.5,0,0,0,0,0,1,0,0,0,0,0
노말,신발(노말),토미르 02,N2ZTR02-014,신발,250,N2ZTR02-014(250),128970154,남성,25SS,2025-02-04,2025-02-04,"298,000.00",17131,2,0.0,3,251N2ZTR02-0140247,0,0,0,1,0,2,0,0,0,0,0
노말,신발(노말),토미르 02,N2ZTR02-014,신발,255,N2ZTR02-014(255),128970154,남성,25SS,2025-02-04,2025-02-04,"298,000.00",17132,1,0.0,2,251N2ZTR02-0140247.5,0,0,0,1,0,1,0,0,0,0,0
노말,신발(노말),토미르 02,N2ZTR02-014,신발,260,N2ZTR02-014(260),128970154,남성,25SS,2025-02-04,2025-02-04,"298,000.00",17133,0,0.0,1,251N2ZTR02-0140248,0,0,0,1,0,0,0,0,0,0,0
노말,신발(노말),토미르 02,N2ZTR02-014,신발,265,N2ZTR02-014(265),128970154,남성,25SS,2025-02-04,2025-02-04,"298,000.00",17134,7,0.0,8,251N2ZTR02-0140248.5,0,0,0,1,0,7,0,0,0,0,0
노말,신발(노말),토미르 02,N2ZTR02-014,신발,270,N2ZTR02-014(270),128970154,남성,25SS,2025-02-04,2025-02-04,"298,000.00",17135,3,0.0,3,251N2ZTR02-0140249,0,0,0,0,0,3,0,0,0,0,0
노말,신발(노말),토미르 02,N2ZTR02-014,신발,275,N2ZTR02-014(275),128970154,남성,25SS,2025-02-04,2025-02-04,"298,000.00",17136,3,0.0,4,251N2ZTR02-0140249.5,0,0,0,1,0,3,0,0,0,0,0
노말,신발(노말),토미르 02,N2ZTR02-014,신발,280,N2ZTR02-014(280),128970154,남성,25SS,2025-02-04,2025-02-04,"298,000.00",17137,1,0.0,2,251N2ZTR02-01402410,0,0,0,1,0,1,0,0,0,0,0
노말,신발(노말),토미르 02,N2ZTR02-014,신발,285,N2ZTR02-014(285),128970154,남성,25SS,2025-02-04,2025-02-04,"298,000.00",17138,1,0.0,1,251N2ZTR02-01402410.5,0,0,0,0,0,1,0,0,0,0,0
노말,신발(노말),토미르 02,N2ZTR25-001,신발,255,N2ZTR25-001(255),131436093,남성,25FW,2025-07-28,2025-07-28,"298,000.00",23944,0,0.0,1,252N2ZTR25-0010017.5,0,0,0,0,1,0,0,0,0,0,0
노말,신발(노말),토미르 02,N2ZTR25-001,신발,275,N2ZTR25-001(275),131436093,남성,25FW,2025-07-28,2025-07-28,"298,000.00",23948,0,0.0,1,252N2ZTR25-0010019.5,0,0,0,1,0,0,0,0,0,0,0
노말,신발(노말),토미르 02,N2ZTR25-002,신발,255,N2ZTR25-002(255),131436095,남성,25FW,2025-07-28,2025-07-28,"298,000.00",23965,0,0.0,2,252N2ZTR25-0020187.5,0,0,0,1,1,0,0,0,0,0,0
노말,신발(노말),토미르 02,N2ZTR25-002,신발,260,N2ZTR25-002(260),131436095,남성,25FW,2025-07-28,2025-07-28,"298,000.00",23966,0,0.0,1,252N2ZTR25-0020188,0,0,0,0,1,0,0,0,0,0,0
노말,신발(노말),토미르 02,N2ZTR25-002,신발,265,N2ZTR25-002(265),131436095,남성,25FW,2025-07-28,2025-07-28,"298,000.00",23967,0,0.0,1,252N2ZTR25-0020188.5,0,0,0,1,0,0,0,0,0,0,0
노말,신발(노말),토미르 02,N2ZTR25-002,신발,270,N2ZTR25-002(270),131436095,남성,25FW,2025-07-28,2025-07-28,"298,000.00",23968,0,0.0,2,252N2ZTR25-0020189,0,0,0,1,1,0,0,0,0,0,0
노말,신발(노말),토미르 02,N2ZTR25-002,신발,275,N2ZTR25-002(275),131436095,남성,25FW,2025-07-28,2025-07-28,"298,000.00",23969,0,0.0,1,252N2ZTR25-0020189.5,0,0,0,0,1,0,0,0,0,0,0
노말,신발(노말),토미르 02,N2ZTR25-002,신발,280,N2ZTR25-002(280),131436095,남성,25FW,2025-07-28,2025-07-28,"298,000.00",23970,0,0.0,1,252N2ZTR25-00201810,0,0,0,1,0,0,0,0,0,0,0
노말,신발(노말),토미르 02,N2ZTR25-003,신발,260,N2ZTR25-003(260),131485874,남성,25FW,2025-08-22,2025-08-22,"298,000.00",23987,0,0.0,1,252N2ZTR25-0030058,0,0,0,1,0,0,0,0,0,0,0
노말,신발(노말),토미르 02,N2ZTR25-003,신발,265,N2ZTR25-003(265),131485874,남성,25FW,2025-08-22,2025-08-22,"298,000.00",23988,0,0.0,1,252N2ZTR25-0030058.5,0,0,0,1,0,0,0,0,0,0,0
노말,신발(노말),토미르 02,N2ZTR25-003,신발,270,N2ZTR25-003(270),131485874,남성,25FW,2025-08-22,2025-08-22,"298,000.00",23989,0,0.0,1,252N2ZTR25-0030059,0,0,0,1,0,0,0,0,0,0,0
노말,신발(노말),토미르 02,N2ZTR25-003,신발,275,N2ZTR25-003(275),131485874,남성,25FW,2025-08-22,2025-08-22,"298,000.00",23990,2,0.0,3,252N2ZTR25-0030059.5,0,0,0,1,0,2,0,0,0,0,0
노말,신발(노말),토미르 02,N2ZTR25-003,신발,280,N2ZTR25-003(280),131485874,남성,25FW,2025-08-22,2025-08-22,"298,000.00",23991,0,0.0,1,252N2ZTR25-00300510,0,0,0,1,0,0,0,0,0,0,0
노말,신발(노말),토미르 02 GTX,N2ZTRG1-001,신발,255,N2ZTRG1-001(255),131436092,남성,25FW,2025-07-28,2025-07-28,"338,000.00",23902,3,0.0,4,252N2ZTRG1-0010237.5,0,0,0,0,1,3,0,0,0,0,0
노말,신발(노말),토미르 02 GTX,N2ZTRG1-001,신발,260,N2ZTRG1-001(260),131436092,남성,25FW,2025-07-28,2025-07-28,"338,000.00",23903,0,0.0,1,252N2ZTRG1-0010238,0,0,0,0,1,0,0,1,0,0,0
노말,신발(노말),토미르 02 GTX,N2ZTRG1-001,신발,265,N2ZTRG1-001(265),131436092,남성,25FW,2025-07-28,2025-07-28,"338,000.00",23904,0,0.0,1,252N2ZTRG1-0010238.5,0,0,0,0,1,0,0,0,0,0,0
노말,신발(노말),토미르 02 GTX,N2ZTRG1-001,신발,285,N2ZTRG1-001(285),131436092,남성,25FW,2025-07-28,2025-07-28,"338,000.00",23908,0,0.0,1,252N2ZTRG1-00102310.5,0,0,0,0,1,0,0,0,0,0,0
노말,신발(노말),토미르 02 GTX,N2ZTRG1-002,신발,250,N2ZTRG1-002(250),131436116,남성,25FW,2025-07-28,2025-07-28,"338,000.00",23922,1,0.0,2,252N2ZTRG1-0020267,0,0,0,0,1,1,0,0,0,0,0
노말,신발(노말),토미르 02 GTX,N2ZTRG1-002,신발,255,N2ZTRG1-002(255),131436116,남성,25FW,2025-07-28,2025-07-28,"338,000.00",23923,0,0.0,1,252N2ZTRG1-0020267.5,0,0,0,0,1,0,0,0,0,0,0
노말,신발(노말),토미르 02 GTX,N2ZTRG1-002,신발,260,N2ZTRG1-002(260),131436116,남성,25FW,2025-07-28,2025-07-28,"338,000.00",23924,1,0.0,3,252N2ZTRG1-0020268,0,0,0,1,1,1,0,0,0,0,0
노말,신발(노말),토미르 02 GTX,N2ZTRG1-002,신발,265,N2ZTRG1-002(265),131436116,남성,25FW,2025-07-28,2025-07-28,"338,000.00",23925,2,0.0,4,252N2ZTRG1-0020268.5,0,0,0,1,1,2,0,0,0,0,0
노말,신발(노말),토미르 02 GTX,N2ZTRG1-002,신발,270,N2ZTRG1-002(270),131436116,남성,25FW,2025-07-28,2025-07-28,"338,000.00",23926,0,0.0,1,252N2ZTRG1-0020269,0,0,0,1,0,0,0,0,0,0,0
노말,신발(노말),토미르 02 GTX,N2ZTRG1-002,신발,275,N2ZTRG1-002(275),131436116,남성,25FW,2025-07-28,2025-07-28,"338,000.00",23927,2,0.0,4,252N2ZTRG1-0020269.5,0,0,0,1,1,2,0,0,0,0,0
노말,신발(노말),토미르 02 GTX,N2ZTRG1-002,신발,280,N2ZTRG1-002(280),131436116,남성,25FW,2025-07-28,2025-07-28,"338,000.00",23928,1,0.0,2,252N2ZTRG1-00202610,0,0,0,0,1,1,0,0,0,0,0
노말,신발(노말),토미르 WP,N2ZTRW1-002,신발,230,N2ZTRW1-002(230),131158793,남성,24FW,2024-08-26,2024-08-26,"248,000.00",8913,1,0.0,1,,0,0,0,0,0,1,0,0,0,0,0
노말,신발(노말),토미르 WP,N2ZTRW1-002,신발,255,N2ZTRW1-002(255),131158793,남성,24FW,2024-08-26,2024-08-26,"248,000.00",8918,1,0.0,1,,0,0,0,0,0,1,0,0,0,0,0
뉴발란스,의류(뉴발란스),러닝 재킷,NBNAE4P05280,의류,M,NBNAE4P05280(M),130373489,여성,24FW,2024-08-13,2024-08-13,"129,000.00",7950,2,0.0,3,NBNAE4P0528009000,0,0,0,1,0,2,0,0,0,0,0
뉴발란스,의류(뉴발란스),러닝 재킷,NBNAE4P05280,의류,S,NBNAE4P05280(S),130373489,여성,24FW,2024-08-13,2024-08-13,"129,000.00",7949,2,0.0,3,NBNAE4P0528008500,0,0,0,1,0,2,0,0,0,0,0
뉴발란스,의류(뉴발란스),런닝 긴팔 티셔츠 (스탠다드핏),NBNDE4P12119,의류,XL,NBNDE4P12119(XL),130373492,남성,24FW,2024-08-13,2024-08-13,"49,900.00",7888,0,0.0,1,NBNDE4P1211910500,0,0,0,0,0,1,0,0,0,0,0
뉴발란스,의류(뉴발란스),에슬레틱 러닝 셔츠(스탠다드핏),NBNEE4P04219,의류,M,NBNEE4P04219(M),130373496,여성,24FW,2024-08-13,2024-08-13,"49,900.00",7902,1,0.0,1,NBNEE4P0421909000,0,0,0,0,0,1,0,0,0,0,0
뉴발란스,의류(뉴발란스),에슬레틱 프린트 런닝 반팔 티셔츠,NBNEE4P14117,의류,XL,NBNEE4P14117(XL),,남성,24FW,2024-08-13,2024-08-13,"59,900.00",7896,0,0.0,1,NBNEE4P1411710500,0,0,0,1,0,0,0,0,0,0,0
뉴발란스,의류(뉴발란스),에슬레틱 러닝 나시티(스탠다드핏),NBNGE4P01219,의류,XS,NBNGE4P01219(XS),130373499,여성,24FW,,,0.00,7908,0,0.0,1,,0,0,0,0,1,0,0,0,0,0,0
뉴발란스,의류(뉴발란스),에슬레틱 러닝 나시티(스탠다드핏),NBNGE4P01280,의류,S,NBNGE4P01280(S),130373502,여성,24FW,2024-08-13,2024-08-13,"49,900.00",7917,0,0.0,2,NBNGE4P0128008500,0,0,0,1,1,0,0,0,0,0,0
뉴발란스,의류(뉴발란스),에슬레틱 러닝 나시티(스탠다드핏),NBNGE4P01280,의류,XS,NBNGE4P01280(XS),130373502,여성,24FW,,,0.00,7916,0,0.0,2,,0,0,0,0,2,0,0,0,0,0,0
뉴발란스,의류(뉴발란스),에슬레틱 런닝 싱글렛 (스탠다드핏),NBNGE4P02119,의류,M,NBNGE4P02119(M),130373504,남성,24FW,2024-08-13,2024-08-13,"49,900.00",7862,0,0.0,1,NBNGE4P0211909500,0,0,0,1,0,0,0,0,0,0,0
뉴발란스,의류(뉴발란스),AC 스트레치 우븐 팬츠 (스탠다드핏),NBNTE4P08119,의류,M,NBNTE4P08119(M),130373505,남성,24FW,2024-08-13,2024-08-13,"99,900.00",7878,0,0.0,2,NBNTE4P0811908000,0,0,0,2,0,0,0,0,0,0,0
뉴발란스,의류(뉴발란스),AC 스트레치 우븐 팬츠 (스탠다드핏),NBNTE4P08119,의류,XL,NBNTE4P08119(XL),130373505,남성,24FW,2024-08-13,2024-08-13,"99,900.00",7880,0,0.0,1,NBNTE4P0811909000,0,0,0,1,0,0,0,0,0,0,0
뉴발란스,의류(뉴발란스),RC 파트 3 2in1 숏 팬츠 (스탠다드핏),NBNVE4P01219,의류,S,NBNVE4P01219(S),130373512,여성,24FW,2024-08-13,2024-08-13,"99,900.00",7925,0,0.0,2,NBNVE4P0121907000,0,0,0,2,0,0,0,0,0,0,0
뉴발란스,의류(뉴발란스),RC 3부 숏 팬츠 (스탠다드핏),NBNVE4P02219,의류,M,NBNVE4P02219(M),,여성,24FW,2024-08-13,2024-08-13,"79,900.00",7934,0,0.0,1,NBNVE4P0221907500,0,0,0,0,1,0,0,0,0,0,0
뉴발란스,의류(뉴발란스),RC 3부 숏 팬츠 (스탠다드핏),NBNVE4P02219,의류,S,NBNVE4P02219(S),,여성,24FW,2024-08-13,2024-08-13,"79,900.00",7933,0,0.0,2,NBNVE4P0221907000,0,0,0,2,0,0,0,0,0,0,0
뉴발란스,의류(뉴발란스),RC 3부 숏 팬츠 (스탠다드핏),NBNVE4P02280,의류,S,NBNVE4P02280(S),130373518,여성,24FW,2024-08-13,2024-08-13,"79,900.00",7941,0,0.0,1,NBNVE4P0228007000,0,0,0,0,1,0,0,0,0,0,0
뉴발란스,의류(뉴발란스),RC 4부 쇼츠 (스탠다드핏),NBNVE4P06119,의류,XL,NBNVE4P06119(XL),,남성,24FW,2024-08-13,2024-08-13,"79,900.00",7872,0,0.0,2,NBNVE4P0611909000,0,0,0,2,0,0,0,0,0,0,0
뉴발란스,신발(뉴발란스),프레쉬폼x 모어 V5,NBPFEB708W,신발,245,NBPFEB708W(245),123539094,여성,24FW,2024-08-15,2024-08-15,"209,000.00",4785,0,0.0,1,NBPFEF708W10245,0,0,0,0,1,0,0,0,0,0,0
뉴발란스,신발(뉴발란스),프레쉬폼x 860 V14,NBPFEB717J,신발,260,NBPFEB717J(260),123231431,남성,24FW,2024-09-06,2024-09-06,"179,000.00",4662,0,0.0,1,NBPFEB717J9260,0,0,0,0,1,0,0,0,0,0,0
뉴발란스,신발(뉴발란스),퓨어셀 SC 엘리트 V4,NBPFEB738M,신발,260,NBPFEB738M(260),123231432,남성,24FW,2024-08-15,2024-08-15,"319,000.00",4872,0,0.0,0,NBPFEF738M84260,0,0,0,0,0,0,0,1,0,0,0
뉴발란스,신발(뉴발란스),퓨어셀 SC 엘리트 V4,NBPFEB738M,신발,270,NBPFEB738M(270),123231432,남성,24FW,2024-08-15,2024-08-15,"319,000.00",4874,0,0.0,0,NBPFEF738M84270,0,0,0,0,0,0,0,1,0,0,0
뉴발란스,신발(뉴발란스),퓨어셀 SC 엘리트 V4,NBPFEB739M,신발,230,NBPFEB739M(230),123477824,여성,24FW,2024-08-20,2024-08-20,"319,000.00",4971,1,0.0,1,NBPFEF739M84230,0,0,0,0,0,1,0,0,0,0,0
뉴발란스,신발(뉴발란스),퓨어셀 SC 트레이너 V3,NBPFEB741M,신발,230,NBPFEB741M(230),123539095,여성,24FW,2024-08-15,2024-08-15,"249,000.00",4992,1,0.0,1,NBPFEF741M84230,0,0,0,0,0,1,0,0,0,0,0
뉴발란스,신발(뉴발란스),프레쉬폼x 발로스 V1,NBPFFB101L,신발,230,NBPFFB101L(230),127491516,여성,25SS,2025-02-07,2025-02-07,"259,000.00",13719,1,0.0,1,NBPFFB101L15230,0,0,0,0,0,1,0,0,0,0,0
뉴발란스,신발(뉴발란스),프레쉬폼x 발로스 V1,NBPFFB101L,신발,235,NBPFFB101L(235),127491516,여성,25SS,2025-02-07,2025-02-07,"259,000.00",13720,1,0.0,1,NBPFFB101L15235,0,0,0,0,0,1,0,0,0,0,0
뉴발란스,신발(뉴발란스),프레쉬폼x 발로스 V1,NBPFFB101L,신발,240,NBPFFB101L(240),127491516,여성,25SS,2025-02-07,2025-02-07,"259,000.00",13721,1,0.0,1,NBPFFB101L15240,0,0,0,0,0,1,0,0,0,0,0
뉴발란스,신발(뉴발란스),프레쉬폼x 1080 V14,NBPFFB102I,신발,255,NBPFFB102I(255),124389394,남성,25SS,2025-01-15,2025-01-15,"199,000.00",13661,0,0.0,1,,0,0,0,0,1,0,0,0,0,0,0
뉴발란스,신발(뉴발란스),프레쉬폼x 모어 V5,NBPFFB105I,신발,250,NBPFFB105I(250),127493888,여성,25SS,2025-01-15,2025-01-15,"209,000.00",13555,0,0.0,1,NBPFFB105I39250,0,0,0,0,0,1,0,0,0,0,0
뉴발란스,신발(뉴발란스),프레쉬폼x 봉고 V6,NBPFFB108W,신발,265,NBPFFB108W(265),127491491,남성,25SS,2025-01-24,2025-01-24,"199,000.00",13474,1,0.0,1,NBPFFB108W10265,0,0,0,0,0,1,0,0,0,0,0
뉴발란스,신발(뉴발란스),프레쉬폼x 봉고 V6,NBPFFB108W,신발,270,NBPFFB108W(270),127491491,남성,25SS,2025-01-24,2025-01-24,"199,000.00",13475,1,0.0,1,NBPFFB108W10270,0,0,0,0,0,1,0,0,0,0,0
뉴발란스,신발(뉴발란스),프레쉬폼x 봉고 V6,NBPFFB108W,신발,275,NBPFFB108W(275),127491491,남성,25SS,2025-01-24,2025-01-24,"199,000.00",13476,1,0.0,1,NBPFFB108W10275,0,0,0,0,0,1,0,0,0,0,0
뉴발란스,신발(뉴발란스),프레쉬폼x 860 V14,NBPFFB109W,신발,265,NBPFFB109W(265),127492946,남성,25SS,2025-02-07,2025-02-07,"179,000.00",13453,2,0.0,2,NBPFFB109W10265,0,0,0,0,0,2,0,0,0,0,0
뉴발란스,신발(뉴발란스),프레쉬폼x 860 V14,NBPFFB109W,신발,270,NBPFFB109W(270),127492946,남성,25SS,2025-02-07,2025-02-07,"179,000.00",13454,1,0.0,1,NBPFFB109W10270,0,0,0,0,0,1,0,0,0,0,0
뉴발란스,신발(뉴발란스),프레쉬폼x 860 V14,NBPFFB110B,신발,230,NBPFFB110B(230),124348809,여성,25SS,2025-01-13,2025-01-13,"179,000.00",13425,1,0.0,1,NBPFFB110B19230,0,0,0,0,0,1,0,0,0,0,0
뉴발란스,용품(뉴발란스),리커버리 슬라이드,NBPFFB116B,용품,260,NBPFFB116B(260),127492253,공용,25SS,,,0.00,13771,0,0.0,1,NBPFFB116B19260,0,0,0,1,0,0,0,0,0,0,0
뉴발란스,용품(뉴발란스),리커버리 슬라이드,NBPFFB116B,용품,270,NBPFFB116B(270),127492253,공용,25SS,2025-02-07,2025-02-07,"69,000.00",13772,1,0.0,1,NBPFFB116B19270,0,0,0,1,0,0,0,0,0,0,0
뉴발란스,용품(뉴발란스),리커버리 슬라이드,NBPFFB116I,용품,240,NBPFFB116I(240),127494069,공용,25SS,2025-02-07,2025-02-07,"69,000.00",13759,0,0.0,1,NBPFFB116I39240,0,0,0,1,0,0,0,0,0,0,0
뉴발란스,용품(뉴발란스),리커버리 슬라이드,NBPFFB116I,용품,250,NBPFFB116I(250),127494069,공용,25SS,2025-02-07,2025-02-07,"69,000.00",13760,0,0.0,2,NBPFFB116I39250,0,0,0,2,0,0,0,0,0,0,0
뉴발란스,용품(뉴발란스),리커버리 슬라이드,NBPFFB116I,용품,260,NBPFFB116I(260),127494069,공용,25SS,,,0.00,13761,0,0.0,3,NBPFFB116I39260,0,0,0,3,0,0,0,0,0,0,0
뉴발란스,용품(뉴발란스),리커버리 슬라이드,NBPFFB116I,용품,270,NBPFFB116I(270),127494069,공용,25SS,2025-02-07,2025-02-07,"69,000.00",13762,0,0.0,1,NBPFFB116I39270,0,0,0,1,0,0,0,0,0,0,0
뉴발란스,용품(뉴발란스),리커버리 슬라이드,NBPFFB116I,용품,280,NBPFFB116I(280),127494069,공용,25SS,2025-02-07,2025-02-07,"69,000.00",13763,0,0.0,1,NBPFFB116I39280,0,0,0,1,0,0,0,0,0,0,0
뉴발란스,신발(뉴발란스),퓨어셀 SC 엘리트 V4,NBPFFB145I,신발,255,NBPFFB145I(255),124311606,남성,25SS,2025-01-06,2025-01-06,"319,000.00",13262,0,0.0,1,NBPFFB145I39255,0,0,0,0,1,0,0,0,0,0,0
뉴발란스,신발(뉴발란스),퓨어셀 SC 엘리트 V4,NBPFFB145I,신발,260,NBPFFB145I(260),124311606,남성,25SS,2025-01-06,2025-01-06,"319,000.00",13263,0,0.0,1,NBPFFB145I39260,0,0,0,0,1,0,0,0,0,0,0
뉴발란스,신발(뉴발란스),퓨어셀 SC 엘리트 V4,NBPFFB145I,신발,265,NBPFFB145I(265),124311606,남성,25SS,2025-01-06,2025-01-06,"319,000.00",13264,0,0.0,1,NBPFFB145I39265,0,0,0,0,1,0,0,0,0,0,0
뉴발란스,신발(뉴발란스),퓨어셀 SC 엘리트 V4,NBPFFB146I,신발,240,NBPFFB146I(240),124311605,여성,25SS,2025-01-06,2025-01-06,"319,000.00",13238,0,0.0,1,NBPFFB146I39240,0,0,0,0,1,0,0,0,0,0,0
뉴발란스,신발(뉴발란스),퓨어셀 SC 엘리트 V4,NBPFFB146I,신발,250,NBPFFB146I(250),124311605,여성,25SS,2025-01-06,2025-01-06,"319,000.00",13240,0,0.0,2,NBPFFB146I39250,0,0,0,0,2,0,0,0,0,0,0
뉴발란스,신발(뉴발란스),퓨어셀 SC 트레이너 V3,NBPFFB151B,신발,250,NBPFFB151B(250),129420035,남성,25SS,2025-04-04,2025-04-04,"249,000.00",13408,1,0.0,1,NBPFFS151B19250,0,0,0,0,0,1,0,0,0,0,0
뉴발란스,신발(뉴발란스),퓨어셀 SC 트레이너 V3,NBPFFB151B,신발,255,NBPFFB151B(255),129420035,남성,25SS,2025-04-04,2025-04-04,"249,000.00",13409,1,0.0,1,NBPFFS151B19255,0,0,0,0,0,1,0,0,0,0,0
뉴발란스,신발(뉴발란스),퓨어셀 SC 트레이너 V3,NBPFFB151B,신발,265,NBPFFB151B(265),129420035,남성,25SS,2025-04-04,2025-04-04,"249,000.00",13411,1,0.0,1,NBPFFS151B19265,0,0,0,0,0,1,0,0,0,0,0
뉴발란스,신발(뉴발란스),퓨어셀 SC 트레이너 V3,NBPFFB151B,신발,270,NBPFFB151B(270),129420035,남성,25SS,2025-04-04,2025-04-04,"249,000.00",13412,1,0.0,1,NBPFFS151B19270,0,0,0,0,0,1,0,0,0,0,0
뉴발란스,신발(뉴발란스),퓨어셀 SC 트레이너 V3,NBPFFB151J,신발,255,NBPFFB151J(255),128955265,남성,25SS,2025-03-05,2025-03-05,"249,000.00",13388,1,0.0,1,NBPFFP151J42255,0,0,0,0,0,1,0,0,0,0,0
뉴발란스,신발(뉴발란스),퓨어셀 SC 트레이너 V3,NBPFFB151J,신발,270,NBPFFB151J(270),128955265,남성,25SS,2025-03-05,2025-03-05,"249,000.00",13391,1,0.0,1,NBPFFP151J42270,0,0,0,0,0,1,0,0,0,0,0
뉴발란스,신발(뉴발란스),퓨어셀 SD100 V5,NBPFFB163W,신발,235,NBPFFB163W(235),127492957,남성,25SS,2025-02-07,2025-02-07,"109,000.00",13845,2,0.0,3,NBPFFS163W10235,0,0,0,0,1,2,0,0,0,0,0
뉴발란스,신발(뉴발란스),퓨어셀 SD100 V5,NBPFFB163W,신발,240,NBPFFB163W(240),127492957,남성,25SS,2025-02-07,2025-02-07,"109,000.00",13846,2,0.0,3,NBPFFS163W10240,0,0,0,0,1,2,0,0,0,0,0
뉴발란스,신발(뉴발란스),퓨어셀 SD100 V5,NBPFFB163W,신발,245,NBPFFB163W(245),127492957,남성,25SS,2025-02-07,2025-02-07,"109,000.00",13847,2,0.0,3,NBPFFS163W10245,0,0,0,0,1,2,0,0,0,0,0
뉴발란스,신발(뉴발란스),퓨어셀 SD100 V5,NBPFFB163W,신발,250,NBPFFB163W(250),127492957,남성,25SS,2025-02-07,2025-02-07,"109,000.00",13848,2,0.0,3,NBPFFS163W10250,0,0,0,0,1,2,0,0,0,0,0
뉴발란스,신발(뉴발란스),퓨어셀 SD100 V5,NBPFFB163W,신발,255,NBPFFB163W(255),127492957,남성,25SS,2025-02-07,2025-02-07,"109,000.00",13849,1,0.0,2,NBPFFS163W10255,0,0,0,0,1,1,0,0,0,0,0
뉴발란스,신발(뉴발란스),퓨어셀 SD100 V5,NBPFFB163W,신발,260,NBPFFB163W(260),127492957,남성,25SS,2025-02-07,2025-02-07,"109,000.00",13850,2,0.0,3,NBPFFS163W10260,0,0,0,0,1,2,0,0,0,0,0
뉴발란스,신발(뉴발란스),퓨어셀 SD100 V5,NBPFFB163W,신발,265,NBPFFB163W(265),127492957,남성,25SS,2025-02-07,2025-02-07,"109,000.00",13851,2,0.0,3,NBPFFS163W10265,0,0,0,0,1,2,0,0,0,0,0
뉴발란스,신발(뉴발란스),퓨어셀 SD100 V5,NBPFFB163W,신발,270,NBPFFB163W(270),127492957,남성,25SS,2025-02-07,2025-02-07,"109,000.00",13852,0,0.0,1,NBPFFS163W10270,0,0,0,0,1,0,0,0,0,0,0
뉴발란스,신발(뉴발란스),퓨어셀 SD100 V5,NBPFFB163W,신발,275,NBPFFB163W(275),127492957,남성,25SS,2025-02-07,2025-02-07,"109,000.00",13853,2,0.0,3,NBPFFS163W10275,0,0,0,0,1,2,0,0,0,0,0
뉴발란스,신발(뉴발란스),퓨어셀 SD100 V5,NBPFFB163W,신발,280,NBPFFB163W(280),127492957,남성,25SS,2025-02-07,2025-02-07,"109,000.00",13854,2,0.0,3,NBPFFS163W10280,0,0,0,0,1,2,0,0,0,0,0
뉴발란스,신발(뉴발란스),프레쉬폼x 모어 V6 (2E),NBPFFB707B,신발,270,NBPFFB707B(270),131422177,남성,25FW,2025-08-06,2025-08-06,"209,000.00",22073,0,0.0,1,NBPFFB707B19270,0,0,0,0,1,0,0,0,0,0,0
뉴발란스,신발(뉴발란스),프레쉬폼x 모어 V6 (2E),NBPFFB707G,신발,270,NBPFFB707G(270),131376572,남성,25FW,2025-08-06,2025-08-06,"209,000.00",22094,1,0.0,1,NBPFFB707G15270,0,0,0,0,0,0,0,0,0,0,1
뉴발란스,신발(뉴발란스),프레쉬폼x 모어 V6 (2E),NBPFFB707G,신발,275,NBPFFB707G(275),131376572,남성,25FW,2025-08-06,2025-08-06,"209,000.00",22095,0,0.0,1,NBPFFB707G15275,0,0,0,0,1,0,0,0,0,0,0
뉴발란스,신발(뉴발란스),퓨어셀 SC 엘리트 V5 (D),NBPFFB751O,신발,270,NBPFFB751O(270),131376565,남성,25FW,2025-08-06,2025-08-06,"319,000.00",21842,0,0.0,1,NBPFFB751O20270,0,0,0,0,1,0,0,0,0,0,0
뉴발란스,신발(뉴발란스),퓨어셀 SC 엘리트 V5 (D),NBPFFB751T,신발,250,NBPFFB751T(250),131599726,남성,25FW,2025-09-02,2025-09-02,"319,000.00",21859,0,0.0,2,NBPFFB751T39250,0,0,0,0,2,0,0,0,0,0,0
뉴발란스,신발(뉴발란스),퓨어셀 SC 엘리트 V5 (D),NBPFFB751T,신발,255,NBPFFB751T(255),131599726,남성,25FW,2025-09-02,2025-09-02,"319,000.00",21860,0,0.0,2,NBPFFB751T39255,0,0,0,0,2,0,0,0,0,0,0
뉴발란스,신발(뉴발란스),퓨어셀 SC 엘리트 V5 (D),NBPFFB751T,신발,260,NBPFFB751T(260),131599726,남성,25FW,2025-09-02,2025-09-02,"319,000.00",21861,0,0.0,1,NBPFFB751T39260,0,0,0,0,1,0,0,0,0,0,0
뉴발란스,신발(뉴발란스),퓨어셀 SC 엘리트 V5 (D),NBPFFB751T,신발,265,NBPFFB751T(265),131599726,남성,25FW,2025-09-02,2025-09-02,"319,000.00",21862,0,0.0,4,NBPFFB751T39265,0,0,0,0,4,0,0,0,0,0,0
뉴발란스,신발(뉴발란스),퓨어셀 SC 엘리트 V5 (D),NBPFFB751T,신발,270,NBPFFB751T(270),131599726,남성,25FW,2025-09-02,2025-09-02,"319,000.00",21863,0,0.0,3,NBPFFB751T39270,0,0,0,0,3,0,0,0,0,0,0
뉴발란스,신발(뉴발란스),퓨어셀 SC 엘리트 V5 (D),NBPFFB751T,신발,275,NBPFFB751T(275),131599726,남성,25FW,2025-09-02,2025-09-02,"319,000.00",21864,0,0.0,2,NBPFFB751T39275,0,0,0,0,2,0,0,0,0,0,0
뉴발란스,신발(뉴발란스),퓨어셀 SC 엘리트 V5 (D),NBPFFB751T,신발,280,NBPFFB751T(280),131599726,남성,25FW,2025-09-02,2025-09-02,"319,000.00",21865,0,0.0,2,NBPFFB751T39280,0,0,0,0,2,0,0,0,0,0,0
뉴발란스,신발(뉴발란스),퓨어셀 SC 엘리트 V5 (D),NBPFFB751T,신발,290,NBPFFB751T(290),131599726,남성,25FW,2025-09-02,2025-09-02,"319,000.00",21867,0,0.0,2,NBPFFB751T39290,0,0,0,0,2,0,0,0,0,0,0
뉴발란스,신발(뉴발란스),퓨어셀 SC 엘리트 V5,NBPFFB752R,신발,230,NBPFFB752R(230),131376602,여성,25FW,2025-08-06,2025-08-06,"319,000.00",21876,0,0.0,1,NBPFFF752R20230,0,0,0,0,1,0,0,0,0,0,0
뉴발란스,신발(뉴발란스),퓨어셀 SC 트레이너 V3 (2E),NBPFFB756L,신발,260,NBPFFB756L(260),131599728,남성,25FW,2025-09-02,2025-09-02,"249,000.00",22050,1,0.0,1,NBPFFB756L16260,0,0,0,0,0,1,0,0,0,0,0
뉴발란스,신발(뉴발란스),퓨어셀 SC 트레이너 V3 (2E),NBPFFB756L,신발,270,NBPFFB756L(270),131599728,남성,25FW,2025-09-02,2025-09-02,"249,000.00",22052,1,0.0,1,NBPFFB756L16270,0,0,0,0,0,1,0,0,0,0,0
뉴발란스,신발(뉴발란스),퓨어셀 SC 트레이너 V3 (2E),NBPFFB756L,신발,275,NBPFFB756L(275),131599728,남성,25FW,2025-09-02,2025-09-02,"249,000.00",22053,1,0.0,1,NBPFFB756L16275,0,0,0,0,0,1,0,0,0,0,0
뉴발란스,신발(뉴발란스),퓨어셀 SC 트레이너 V3 (2E),NBPFFB756L,신발,280,NBPFFB756L(280),131599728,남성,25FW,2025-09-02,2025-09-02,"249,000.00",22054,1,0.0,1,NBPFFB756L16280,0,0,0,0,0,1,0,0,0,0,0
뉴발란스,신발(뉴발란스),퓨어셀 SC 트레이너 V3 (2E),NBPFFB756L,신발,285,NBPFFB756L(285),131599728,남성,25FW,2025-09-02,2025-09-02,"249,000.00",22055,1,0.0,1,NBPFFB756L16285,0,0,0,0,0,1,0,0,0,0,0
뉴발란스,신발(뉴발란스),퓨어셀 SC 트레이너 V3 (2E),NBPFFB756L,신발,290,NBPFFB756L(290),131599728,남성,25FW,2025-09-02,2025-09-02,"249,000.00",22056,1,0.0,1,NBPFFB756L16290,0,0,0,0,0,1,0,0,0,0,0
뉴발란스,신발(뉴발란스),퓨어셀 SC 트레이너 V3 (2E),NBPFFB756R,신발,285,NBPFFB756R(285),131383193,남성,25FW,2025-07-25,2025-07-25,"249,000.00",22034,1,0.0,1,,0,0,0,0,0,1,0,0,0,0,0
뉴발란스,신발(뉴발란스),퓨어셀 레벨 V5 (D),NBPFFB758F,신발,230,NBPFFB758F(230),131058899,여성,25FW,2025-07-03,2025-07-03,"189,000.00",22296,0,0.0,2,NBPFFB758F85230,0,0,0,0,2,0,0,0,0,0,0
뉴발란스,신발(뉴발란스),퓨어셀 레벨 V5 (D),NBPFFB758I,신발,230,NBPFFB758I(230),131383209,여성,25FW,2025-08-01,2025-08-01,"189,000.00",22317,0,0.0,1,NBPFFB758I39230,0,0,0,0,1,0,0,0,0,0,0
뉴발란스,신발(뉴발란스),퓨어셀 레벨 V5 (D),NBPFFB758O,신발,240,NBPFFB758O(240),131058898,여성,25FW,2025-07-03,2025-07-03,"189,000.00",22256,0,0.0,1,NBPFFB758O20240,0,0,0,0,1,0,0,0,0,0,0
뉴발란스,신발(뉴발란스),1080 V15 (2E),NBPFGB103M,신발,275,NBPFGB103M(275),132561500,남성,26SS,2026-01-14,2026-01-14,"209,000.00",30993,0,0.0,1,NBPFGB103M16275,0,0,0,0,0,0,0,0,0,0,1
뉴발란스,신발(뉴발란스),1080 V15 (2E),NBPFGB103T,신발,255,NBPFGB103T(255),132563100,남성,26SS,2026-01-14,2026-01-14,"209,000.00",30968,0,0.0,1,NBPFGB103T19255,0,0,0,1,0,0,0,0,0,0,0
뉴발란스,신발(뉴발란스),1080 V15 (2E),NBPFGB103T,신발,260,NBPFGB103T(260),132563100,남성,26SS,2026-01-14,2026-01-14,"209,000.00",30969,0,0.0,2,NBPFGB103T19260,0,0,0,2,0,0,0,0,0,0,0
뉴발란스,신발(뉴발란스),1080 V15 (2E),NBPFGB103T,신발,265,NBPFGB103T(265),132563100,남성,26SS,2026-01-14,2026-01-14,"209,000.00",30970,0,0.0,3,NBPFGB103T19265,0,0,0,3,0,0,0,0,0,0,0
뉴발란스,신발(뉴발란스),1080 V15 (2E),NBPFGB103T,신발,270,NBPFGB103T(270),132563100,남성,26SS,2026-01-14,2026-01-14,"209,000.00",30971,0,0.0,1,NBPFGB103T19270,0,0,0,1,0,0,0,0,0,0,0
뉴발란스,신발(뉴발란스),SC트레이너 V3 (2E),NBPFGB160W,신발,250,NBPFGB160W(250),133116556,남성,26SS,2026-03-11,2026-02-26,"249,000.00",30946,5,0.0,6,198689404063,0,0,0,1,0,5,0,0,0,0,0
뉴발란스,신발(뉴발란스),SC트레이너 V3 (2E),NBPFGB160W,신발,255,NBPFGB160W(255),133116556,남성,26SS,2026-03-11,2026-02-26,"249,000.00",30947,5,0.0,6,198689404261,0,0,0,1,0,5,0,0,0,0,0
뉴발란스,신발(뉴발란스),SC트레이너 V3 (2E),NBPFGB160W,신발,260,NBPFGB160W(260),133116556,남성,26SS,2026-03-11,2026-02-26,"249,000.00",30948,5,0.0,6,198689404452,0,0,0,1,0,5,0,0,0,0,0
뉴발란스,신발(뉴발란스),SC트레이너 V3 (2E),NBPFGB160W,신발,265,NBPFGB160W(265),133116556,남성,26SS,2026-03-11,2026-02-26,"249,000.00",30949,4,0.0,5,198689404643,0,0,0,1,0,4,0,0,0,0,0
뉴발란스,신발(뉴발란스),SC트레이너 V3 (2E),NBPFGB160W,신발,270,NBPFGB160W(270),133116556,남성,26SS,2026-03-11,2026-02-26,"249,000.00",30950,4,0.0,6,198689404858,0,0,0,2,0,4,0,0,0,0,0
뉴발란스,신발(뉴발란스),SC트레이너 V3 (2E),NBPFGB160W,신발,275,NBPFGB160W(275),133116556,남성,26SS,2026-03-11,2026-02-26,"249,000.00",30951,5,0.0,6,198688607540,0,0,0,1,0,5,0,0,0,0,0
뉴발란스,신발(뉴발란스),SC트레이너 V3 (2E),NBPFGB160W,신발,280,NBPFGB160W(280),133116556,남성,26SS,2026-03-11,2026-02-26,"249,000.00",30952,5,0.0,6,198688607762,0,0,0,1,0,5,0,0,0,0,0
뉴발란스,신발(뉴발란스),레벨 V5 (D),NBPFGB165T,신발,235,NBPFGB165T(235),133116558,여성,26SS,2026-03-11,2026-02-26,"189,000.00",31111,6,0.0,9,198689522965,0,0,0,2,1,6,0,0,0,0,0
뉴발란스,신발(뉴발란스),레벨 V5 (D),NBPFGB165T,신발,240,NBPFGB165T(240),133116558,여성,26SS,2026-03-11,2026-02-26,"189,000.00",31112,6,0.0,9,198689523238,0,0,0,2,1,6,0,0,0,0,0
뉴발란스,신발(뉴발란스),레벨 V5 (D),NBPFGB165T,신발,245,NBPFGB165T(245),133116558,여성,26SS,2026-03-11,2026-02-26,"189,000.00",31113,7,0.0,9,198689523405,0,0,0,1,1,7,0,0,0,0,0
뉴발란스,신발(뉴발란스),SC엘리트 V6,NBPFGB718I,신발,260,NBPFGB718I(260),,남성,26FW,2026-09-01,2026-09-01,0.00,40418,6,0.0,6,,0,0,0,0,0,6,0,0,0,0,0
뉴발란스,신발(뉴발란스),SC엘리트 V6,NBPFGB718I,신발,265,NBPFGB718I(265),,남성,26FW,2026-09-01,2026-09-01,0.00,40419,6,0.0,6,,0,0,0,0,0,6,0,0,0,0,0
뉴발란스,신발(뉴발란스),SC엘리트 V6,NBPFGB718I,신발,270,NBPFGB718I(270),,남성,26FW,2026-09-01,2026-09-01,0.00,40420,6,0.0,6,,0,0,0,0,0,6,0,0,0,0,0
뉴발란스,신발(뉴발란스),SC엘리트 V6,NBPFGB718I,신발,275,NBPFGB718I(275),,남성,26FW,2026-09-01,2026-09-01,0.00,40421,6,0.0,6,,0,0,0,0,0,6,0,0,0,0,0
뉴발란스,신발(뉴발란스),SC엘리트 V6,NBPFGB718I,신발,280,NBPFGB718I(280),,남성,26FW,2026-09-01,2026-09-01,0.00,40422,6,0.0,6,,0,0,0,0,0,6,0,0,0,0,0
뉴발란스,신발(뉴발란스),SC 레벨,NBPFGB720I,신발,255,NBPFGB720I(255),136587897,남성,26FW,2026-08-07,2026-08-07,"259,000.00",40439,4,0.0,5,NBPFGB720I39255,0,0,0,0,1,4,0,0,0,0,0
뉴발란스,신발(뉴발란스),SC 레벨,NBPFGB720I,신발,260,NBPFGB720I(260),136587897,남성,26FW,2026-08-07,2026-08-07,"259,000.00",40440,4,0.0,6,NBPFGB720I39260,0,0,0,1,1,4,0,0,0,0,0
뉴발란스,신발(뉴발란스),SC 레벨,NBPFGB720I,신발,265,NBPFGB720I(265),136587897,남성,26FW,2026-08-07,2026-08-07,"259,000.00",40441,9,0.0,11,NBPFGB720I39265,0,0,0,1,1,9,0,0,0,0,0
뉴발란스,신발(뉴발란스),SC 레벨,NBPFGB720I,신발,270,NBPFGB720I(270),136587897,남성,26FW,2026-08-07,2026-08-07,"259,000.00",40442,10,0.0,12,NBPFGB720I39270,0,0,0,1,1,10,0,0,0,0,0
뉴발란스,신발(뉴발란스),SC 레벨,NBPFGB720I,신발,275,NBPFGB720I(275),136587897,남성,26FW,2026-08-07,2026-08-07,"259,000.00",40443,10,0.0,12,NBPFGB720I39275,0,0,0,1,1,10,0,0,0,0,0
뉴발란스,신발(뉴발란스),SC 레벨,NBPFGB720I,신발,280,NBPFGB720I(280),136587897,남성,26FW,2026-08-07,2026-08-07,"259,000.00",40444,4,0.0,6,NBPFGB720I39280,0,0,0,1,1,4,0,0,0,0,0
뉴발란스,신발(뉴발란스),SC 레벨,NBPFGB720I,신발,285,NBPFGB720I(285),136587897,남성,26FW,2026-08-07,2026-08-07,"259,000.00",40445,6,0.0,6,,0,0,0,0,0,6,0,0,0,0,0
뉴발란스,신발(뉴발란스),SC 레벨,NBPFGB720J,신발,255,NBPFGB720J(255),136587895,남성,26FW,2026-08-07,2026-08-07,"259,000.00",40461,4,0.0,6,NBPFGB720J45255,0,0,0,1,1,4,0,0,0,0,0
뉴발란스,신발(뉴발란스),SC 레벨,NBPFGB720J,신발,260,NBPFGB720J(260),136587895,남성,26FW,2026-08-07,2026-08-07,"259,000.00",40462,4,0.0,6,NBPFGB720J45260,0,0,0,1,1,4,0,0,0,0,0
뉴발란스,신발(뉴발란스),SC 레벨,NBPFGB720J,신발,265,NBPFGB720J(265),136587895,남성,26FW,2026-08-07,2026-08-07,"259,000.00",40463,4,0.0,6,NBPFGB720J45265,0,0,0,1,1,4,0,0,0,0,0
뉴발란스,신발(뉴발란스),SC 레벨,NBPFGB720J,신발,270,NBPFGB720J(270),136587895,남성,26FW,2026-08-07,2026-08-07,"259,000.00",40464,4,0.0,6,NBPFGB720J45270,0,0,0,1,1,4,0,0,0,0,0
뉴발란스,신발(뉴발란스),SC 레벨,NBPFGB720J,신발,275,NBPFGB720J(275),136587895,남성,26FW,2026-08-07,2026-08-07,"259,000.00",40465,4,0.0,6,NBPFGB720J45275,0,0,0,1,1,4,0,0,0,0,0
뉴발란스,신발(뉴발란스),SC 레벨,NBPFGB720J,신발,280,NBPFGB720J(280),136587895,남성,26FW,2026-08-07,2026-08-07,"259,000.00",40466,4,0.0,6,NBPFGB720J45280,0,0,0,1,1,4,0,0,0,0,0
뉴발란스,신발(뉴발란스),SC 레벨,NBPFGB720J,신발,285,NBPFGB720J(285),136587895,남성,26FW,2026-08-07,2026-08-07,"259,000.00",40467,6,0.0,6,,0,0,0,0,0,6,0,0,0,0,0
뉴발란스,신발(뉴발란스),SC 레벨,NBPFGB721I,신발,230,NBPFGB721I(230),136587893,여성,26FW,2026-08-07,2026-08-07,"259,000.00",40478,4,0.0,6,NBPFGB721I39230,0,0,0,1,1,4,0,0,0,0,0
뉴발란스,신발(뉴발란스),SC 레벨,NBPFGB721I,신발,235,NBPFGB721I(235),136587893,여성,26FW,2026-08-07,2026-08-07,"259,000.00",40479,4,0.0,6,NBPFGB721I39235,0,0,0,1,1,4,0,0,0,0,0
뉴발란스,신발(뉴발란스),SC 레벨,NBPFGB721I,신발,240,NBPFGB721I(240),136587893,여성,26FW,2026-08-07,2026-08-07,"259,000.00",40480,4,0.0,5,NBPFGB721I39240,0,0,0,0,1,4,0,0,0,0,0
뉴발란스,신발(뉴발란스),SC 레벨,NBPFGB721I,신발,245,NBPFGB721I(245),136587893,여성,26FW,2026-08-07,2026-08-07,"259,000.00",40481,4,0.0,6,NBPFGB721I39245,0,0,0,1,1,4,0,0,0,0,0
뉴발란스,신발(뉴발란스),SC 레벨,NBPFGB721I,신발,250,NBPFGB721I(250),136587893,여성,26FW,2026-08-07,2026-08-07,"259,000.00",40482,4,0.0,6,NBPFGB721I39250,0,0,0,1,1,4,0,0,0,0,0
뉴발란스,신발(뉴발란스),레벨 V5,NBPFGB723B,신발,230,NBPFGB723B(230),,여성,26FW,2026-07-03,2026-07-03,"189,000.00",39895,2,0.0,6,NBPFGB723B19230,0,0,0,2,2,2,0,0,0,0,0
뉴발란스,신발(뉴발란스),레벨 V5,NBPFGB723B,신발,235,NBPFGB723B(235),,여성,26FW,2026-07-03,2026-07-03,"189,000.00",39896,2,0.0,6,NBPFGB723B19235,0,0,0,2,2,2,0,0,0,0,0
뉴발란스,신발(뉴발란스),레벨 V5,NBPFGB723B,신발,240,NBPFGB723B(240),,여성,26FW,2026-07-03,2026-07-03,"189,000.00",39897,2,0.0,6,NBPFGB723B19240,0,0,0,2,2,2,0,0,0,0,0
뉴발란스,신발(뉴발란스),레벨 V5,NBPFGB723B,신발,245,NBPFGB723B(245),,여성,26FW,2026-07-03,2026-07-03,"189,000.00",39898,2,0.0,6,NBPFGB723B19245,0,0,0,2,2,2,0,0,0,0,0
뉴발란스,신발(뉴발란스),레벨 V5,NBPFGB723B,신발,250,NBPFGB723B(250),,여성,26FW,2026-07-03,2026-07-03,"189,000.00",39899,2,0.0,6,NBPFGB723B19250,0,0,0,2,2,2,0,0,0,0,0
뉴발란스,신발(뉴발란스),엘립스 V1 (2E),NBPFGB730K,신발,255,NBPFGB730K(255),136587892,남성,26FW,2026-07-23,2026-07-23,"219,000.00",40060,5,0.0,6,,0,0,0,0,1,5,0,0,0,0,0
뉴발란스,신발(뉴발란스),엘립스 V1 (2E),NBPFGB730K,신발,260,NBPFGB730K(260),136587892,남성,26FW,2026-07-23,2026-07-23,"219,000.00",40061,5,0.0,6,,0,0,0,0,1,5,0,0,0,0,0
뉴발란스,신발(뉴발란스),엘립스 V1 (2E),NBPFGB730K,신발,265,NBPFGB730K(265),136587892,남성,26FW,2026-07-23,2026-07-23,"219,000.00",40062,10,0.0,12,,0,0,0,0,2,10,0,0,0,0,0
뉴발란스,신발(뉴발란스),엘립스 V1 (2E),NBPFGB730K,신발,270,NBPFGB730K(270),136587892,남성,26FW,2026-07-23,2026-07-23,"219,000.00",40063,9,0.0,11,,0,0,0,0,2,9,0,0,0,0,0
뉴발란스,신발(뉴발란스),엘립스 V1 (2E),NBPFGB730K,신발,275,NBPFGB730K(275),136587892,남성,26FW,2026-07-23,2026-07-23,"219,000.00",40064,10,0.0,12,,0,0,0,0,2,10,0,0,0,0,0
뉴발란스,신발(뉴발란스),엘립스 V1 (2E),NBPFGB730K,신발,280,NBPFGB730K(280),136587892,남성,26FW,2026-07-23,2026-07-23,"219,000.00",40065,5,0.0,6,,0,0,0,0,1,5,0,0,0,0,0
뉴발란스,신발(뉴발란스),엘립스 V1 (2E),NBPFGB730K,신발,285,NBPFGB730K(285),136587892,남성,26FW,2026-07-23,2026-07-23,"219,000.00",40066,5,0.0,6,,0,0,0,0,1,5,0,0,0,0,0
뉴발란스,신발(뉴발란스),엘립스 V1 (2E),NBPFGB730X,신발,255,NBPFGB730X(255),136587891,남성,26FW,2026-07-23,2026-07-23,"219,000.00",40038,6,0.0,6,,0,0,0,0,0,6,0,0,0,0,0
뉴발란스,신발(뉴발란스),엘립스 V1 (2E),NBPFGB730X,신발,260,NBPFGB730X(260),136587891,남성,26FW,2026-07-23,2026-07-23,"219,000.00",40039,6,0.0,6,,0,0,0,0,0,6,0,0,0,0,0
뉴발란스,신발(뉴발란스),엘립스 V1 (2E),NBPFGB730X,신발,265,NBPFGB730X(265),136587891,남성,26FW,2026-07-23,2026-07-23,"219,000.00",40040,6,0.0,6,,0,0,0,0,0,6,0,0,0,0,0
뉴발란스,신발(뉴발란스),엘립스 V1 (2E),NBPFGB730X,신발,270,NBPFGB730X(270),136587891,남성,26FW,2026-07-23,2026-07-23,"219,000.00",40041,6,0.0,6,,0,0,0,0,0,6,0,0,0,0,0
뉴발란스,신발(뉴발란스),엘립스 V1 (2E),NBPFGB730X,신발,275,NBPFGB730X(275),136587891,남성,26FW,2026-07-23,2026-07-23,"219,000.00",40042,6,0.0,6,,0,0,0,0,0,6,0,0,0,0,0
뉴발란스,신발(뉴발란스),엘립스 V1 (2E),NBPFGB730X,신발,280,NBPFGB730X(280),136587891,남성,26FW,2026-07-23,2026-07-23,"219,000.00",40043,6,0.0,6,,0,0,0,0,0,6,0,0,0,0,0
뉴발란스,신발(뉴발란스),엘립스 V1 (2E),NBPFGB730X,신발,285,NBPFGB730X(285),136587891,남성,26FW,2026-07-23,2026-07-23,"219,000.00",40044,6,0.0,6,,0,0,0,0,0,6,0,0,0,0,0
뉴발란스,신발(뉴발란스),1080 V15 (D),NBPFGS104L,신발,230,NBPFGS104L(230),132561499,여성,26SS,2026-01-14,2026-01-14,"209,000.00",31026,2,0.0,4,NBPFGB104L16230,0,0,0,2,0,2,0,0,0,0,0
뉴발란스,신발(뉴발란스),1080 V15 (D),NBPFGS104L,신발,235,NBPFGS104L(235),132561499,여성,26SS,2026-01-14,2026-01-14,"209,000.00",31027,1,0.0,3,NBPFGB104L16235,0,0,0,2,0,1,0,0,0,0,0
뉴발란스,신발(뉴발란스),1080 V15 (D),NBPFGS104L,신발,240,NBPFGS104L(240),132561499,여성,26SS,2026-01-14,2026-01-14,"209,000.00",31028,1,0.0,2,NBPFGB104L16240,0,0,0,1,0,1,0,0,0,0,0
뉴발란스,신발(뉴발란스),1080 V15 (D),NBPFGS104L,신발,245,NBPFGS104L(245),132561499,여성,26SS,2026-01-14,2026-01-14,"209,000.00",31029,0,0.0,2,NBPFGB104L16245,0,0,0,1,1,0,0,0,0,0,0
뉴발란스,신발(뉴발란스),1080 V15 (D),NBPFGS104L,신발,250,NBPFGS104L(250),132561499,여성,26SS,2026-01-14,2026-01-14,"209,000.00",31030,0,0.0,1,NBPFGB104L16250,0,0,0,1,0,0,0,0,0,0,0
뉴발란스,신발(뉴발란스),엘립스 V1 (2E),NBPFGS112J,신발,250,NBPFGS112J(250),133160846,남성,26SS,2026-03-17,2026-03-17,"189,000.00",31135,2,0.0,5,198688582151,0,0,0,2,1,2,0,0,0,0,0
뉴발란스,신발(뉴발란스),엘립스 V1 (2E),NBPFGS112J,신발,255,NBPFGS112J(255),133160846,남성,26SS,2026-03-17,2026-03-17,"189,000.00",31136,0,0.0,3,198688582267,0,0,0,1,2,0,0,0,0,0,0
뉴발란스,신발(뉴발란스),엘립스 V1 (2E),NBPFGS112J,신발,260,NBPFGS112J(260),133160846,남성,26SS,2026-03-17,2026-03-17,"189,000.00",31137,2,0.0,6,198688582366,0,0,0,2,2,2,0,0,0,0,0
뉴발란스,신발(뉴발란스),엘립스 V1 (2E),NBPFGS112J,신발,265,NBPFGS112J(265),133160846,남성,26SS,2026-03-17,2026-03-17,"189,000.00",31138,6,0.0,9,198688582441,0,0,0,2,1,6,0,0,0,0,0
뉴발란스,신발(뉴발란스),엘립스 V1 (2E),NBPFGS112J,신발,270,NBPFGS112J(270),133160846,남성,26SS,2026-03-17,2026-03-17,"189,000.00",31139,6,0.0,10,198688582533,0,0,0,2,2,6,0,0,0,0,0
뉴발란스,신발(뉴발란스),엘립스 V1 (2E),NBPFGS112J,신발,275,NBPFGS112J(275),133160846,남성,26SS,2026-03-17,2026-03-17,"189,000.00",31140,7,0.0,9,198688582632,0,0,0,2,0,7,0,0,0,0,0
뉴발란스,신발(뉴발란스),엘립스 V1 (2E),NBPFGS112J,신발,280,NBPFGS112J(280),133160846,남성,26SS,2026-03-17,2026-03-17,"189,000.00",31141,0,0.0,1,198688582717,0,0,0,1,0,0,0,0,0,0,0
뉴발란스,신발(뉴발란스),엘립스 V1 (2E),NBPFGS112T,신발,250,NBPFGS112T(250),133217739,남성,26SS,2026-03-18,2026-03-18,"189,000.00",31156,4,0.0,6,NBPFGB112T19250,0,0,0,2,0,4,0,0,0,0,0
뉴발란스,신발(뉴발란스),엘립스 V1 (2E),NBPFGS112T,신발,255,NBPFGS112T(255),133217739,남성,26SS,2026-03-18,2026-03-18,"189,000.00",31157,4,0.0,6,NBPFGB112T19255,0,0,0,1,1,4,0,0,0,0,0
뉴발란스,신발(뉴발란스),엘립스 V1 (2E),NBPFGS112T,신발,260,NBPFGS112T(260),133217739,남성,26SS,2026-03-18,2026-03-18,"189,000.00",31158,6,0.0,12,NBPFGB112T19260,0,0,0,2,4,6,0,0,0,0,0
뉴발란스,신발(뉴발란스),엘립스 V1 (2E),NBPFGS112T,신발,265,NBPFGS112T(265),133217739,남성,26SS,2026-03-18,2026-03-18,"189,000.00",31159,4,0.0,8,NBPFGB112T19265,0,0,0,2,2,4,0,0,0,0,0
뉴발란스,신발(뉴발란스),엘립스 V1 (2E),NBPFGS112T,신발,270,NBPFGS112T(270),133217739,남성,26SS,2026-03-18,2026-03-18,"189,000.00",31160,2,0.0,10,NBPFGB112T19270,0,0,0,5,3,2,0,0,0,0,0
뉴발란스,신발(뉴발란스),엘립스 V1 (2E),NBPFGS112T,신발,275,NBPFGS112T(275),133217739,남성,26SS,2026-03-18,2026-03-18,"189,000.00",31161,3,0.0,8,NBPFGB112T19275,0,0,0,2,3,3,0,0,0,0,0
뉴발란스,신발(뉴발란스),엘립스 V1 (2E),NBPFGS112T,신발,280,NBPFGS112T(280),133217739,남성,26SS,2026-03-18,2026-03-18,"189,000.00",31162,4,0.0,7,NBPFGB112T19280,0,0,0,2,1,4,0,0,0,0,0
뉴발란스,신발(뉴발란스),엘립스 V1 (2E),NBPFGS112T,신발,285,NBPFGS112T(285),133217739,남성,26SS,2026-03-18,2026-03-18,"189,000.00",31163,0,0.0,2,NBPFGB112T19285,0,0,0,1,1,0,0,0,0,0,0
뉴발란스,신발(뉴발란스),엘립스 V1 (2E),NBPFGS112T,신발,290,NBPFGS112T(290),133217739,남성,26SS,2026-03-18,2026-03-18,"189,000.00",31164,3,0.0,4,NBPFGB112T19290,0,0,0,1,0,3,0,0,0,0,0
뉴발란스,신발(뉴발란스),엘립스 V1 (2E),NBPFGS112Y,신발,260,NBPFGS112Y(260),133160794,남성,26SS,2026-03-17,2026-03-17,"189,000.00",31221,3,0.0,5,198687969694,0,0,0,2,0,3,0,0,0,0,0
뉴발란스,신발(뉴발란스),엘립스 V1 (2E),NBPFGS112Y,신발,265,NBPFGS112Y(265),133160794,남성,26SS,2026-03-17,2026-03-17,"189,000.00",31222,4,0.0,6,198687969885,0,0,0,2,0,4,0,0,0,0,0
뉴발란스,신발(뉴발란스),엘립스 V1 (2E),NBPFGS112Y,신발,270,NBPFGS112Y(270),133160794,남성,26SS,2026-03-17,2026-03-17,"189,000.00",31223,3,0.0,5,198688645207,0,0,0,2,0,3,0,0,0,0,0
뉴발란스,신발(뉴발란스),엘립스 V1 (2E),NBPFGS112Y,신발,275,NBPFGS112Y(275),133160794,남성,26SS,2026-03-17,2026-03-17,"189,000.00",31224,3,0.0,5,198688645436,0,0,0,2,0,3,0,0,0,0,0
뉴발란스,신발(뉴발란스),엘립스 V1 (D),NBPFGS113M,신발,230,NBPFGS113M(230),133160717,여성,26SS,2026-03-17,2026-03-17,"189,000.00",31194,4,0.0,6,198688734710,0,0,0,2,0,4,0,0,0,0,0
뉴발란스,신발(뉴발란스),엘립스 V1 (D),NBPFGS113M,신발,235,NBPFGS113M(235),133160717,여성,26SS,2026-03-17,2026-03-17,"189,000.00",31195,3,0.0,4,198688734796,0,0,0,1,0,3,0,0,0,0,0
뉴발란스,신발(뉴발란스),엘립스 V1 (D),NBPFGS113M,신발,240,NBPFGS113M(240),133160717,여성,26SS,2026-03-17,2026-03-17,"189,000.00",31196,3,0.0,4,198688734864,0,0,0,1,0,3,0,0,0,0,0
뉴발란스,신발(뉴발란스),엘립스 V1 (D),NBPFGS113M,신발,245,NBPFGS113M(245),133160717,여성,26SS,2026-03-17,2026-03-17,"189,000.00",31197,4,0.0,5,198688734970,0,0,0,1,0,4,0,0,0,0,0
뉴발란스,신발(뉴발란스),엘립스 V1 (D),NBPFGS113M,신발,250,NBPFGS113M(250),133160717,여성,26SS,2026-03-17,2026-03-17,"189,000.00",31198,4,0.0,4,198689532520,0,0,0,0,0,4,0,0,0,0,0
뉴발란스,신발(뉴발란스),엘립스 V1 (D),NBPFGS113T,신발,230,NBPFGS113T(230),133217732,여성,26SS,2026-03-18,2026-03-18,"189,000.00",31173,7,0.0,9,NBPFGB113T19230,0,0,0,0,2,7,0,0,0,0,0
뉴발란스,신발(뉴발란스),엘립스 V1 (D),NBPFGS113T,신발,235,NBPFGS113T(235),133217732,여성,26SS,2026-03-18,2026-03-18,"189,000.00",31174,4,0.0,9,NBPFGB113T19235,0,0,0,2,3,4,0,0,0,0,0
뉴발란스,신발(뉴발란스),엘립스 V1 (D),NBPFGS113T,신발,240,NBPFGS113T(240),133217732,여성,26SS,2026-03-18,2026-03-18,"189,000.00",31175,10,0.0,14,NBPFGB113T19240,0,0,0,3,1,10,0,0,0,0,0
뉴발란스,신발(뉴발란스),엘립스 V1 (D),NBPFGS113T,신발,245,NBPFGS113T(245),133217732,여성,26SS,2026-03-18,2026-03-18,"189,000.00",31176,5,0.0,7,NBPFGB113T19245,0,0,0,2,0,5,0,0,0,0,0
뉴발란스,신발(뉴발란스),엘립스 V1 (D),NBPFGS113T,신발,250,NBPFGS113T(250),133217732,여성,26SS,2026-03-18,2026-03-18,"189,000.00",31177,0,0.0,2,NBPFGB113T19250,0,0,0,2,0,0,0,0,0,0,0
뉴발란스,신발(뉴발란스),엘립스 V1 (D),NBPFGS113Y,신발,235,NBPFGS113Y(235),133217634,여성,26SS,2026-03-18,2026-03-18,"189,000.00",31237,4,0.0,5,NBPFGB113Y19235,0,0,0,1,0,4,0,0,0,0,0
뉴발란스,신발(뉴발란스),엘립스 V1 (D),NBPFGS113Y,신발,240,NBPFGS113Y(240),133217634,여성,26SS,2026-03-18,2026-03-18,"189,000.00",31238,2,0.0,4,NBPFGB113Y19240,0,0,0,2,0,2,0,0,0,0,0
뉴발란스,신발(뉴발란스),엘립스 V1 (D),NBPFGS113Y,신발,245,NBPFGS113Y(245),133217634,여성,26SS,2026-03-18,2026-03-18,"189,000.00",31239,3,0.0,5,NBPFGB113Y19245,0,0,0,2,0,3,0,0,0,0,0
뉴발란스,신발(뉴발란스),SC엘리트 V5 (D),NBPFGS155O,신발,250,NBPFGS155O(250),133334417,남성,26SS,2026-03-17,2026-03-17,"349,000.00",30904,0,0.0,1,198688823605,0,0,0,1,0,0,0,0,0,0,0
뉴발란스,신발(뉴발란스),SC엘리트 V5 (D),NBPFGS155O,신발,255,NBPFGS155O(255),133334417,남성,26SS,2026-03-17,2026-03-17,"349,000.00",30905,0,0.0,1,198688823629,0,0,0,1,0,0,0,0,0,0,0
뉴발란스,신발(뉴발란스),SC엘리트 V5 (D),NBPFGS155O,신발,260,NBPFGS155O(260),133334417,남성,26SS,2026-03-17,2026-03-17,"349,000.00",30906,1,0.0,2,198688823650,0,0,0,1,0,0,0,0,0,0,1
뉴발란스,신발(뉴발란스),SC엘리트 V5 (D),NBPFGS155O,신발,265,NBPFGS155O(265),133334417,남성,26SS,2026-03-17,2026-03-17,"349,000.00",30907,1,0.0,2,198688823674,0,0,0,1,0,0,0,0,0,0,1
뉴발란스,신발(뉴발란스),SC엘리트 V5 (D),NBPFGS155O,신발,270,NBPFGS155O(270),133334417,남성,26SS,2026-03-17,2026-03-17,"349,000.00",30908,0,0.0,2,198688823681,0,0,0,2,0,0,0,0,0,0,0
뉴발란스,신발(뉴발란스),SC엘리트 V5 (D),NBPFGS155O,신발,275,NBPFGS155O(275),133334417,남성,26SS,2026-03-17,2026-03-17,"349,000.00",30909,1,0.0,2,198688823698,0,0,0,1,0,0,0,0,0,0,1
뉴발란스,신발(뉴발란스),SC엘리트 V5 (D),NBPFGS155O,신발,280,NBPFGS155O(280),133334417,남성,26SS,2026-03-17,2026-03-17,"349,000.00",30910,1,0.0,2,198688823704,0,0,0,1,0,0,0,0,0,0,1
뉴발란스,신발(뉴발란스),SC엘리트 V5 (D),NBPFGS155Q,신발,250,NBPFGS155Q(250),133334416,남성,26SS,2026-03-17,2026-03-17,"349,000.00",30883,1,0.0,2,198689622603,0,0,0,1,0,0,0,0,0,0,1
뉴발란스,신발(뉴발란스),SC엘리트 V5 (D),NBPFGS155Q,신발,255,NBPFGS155Q(255),133334416,남성,26SS,2026-03-17,2026-03-17,"349,000.00",30884,1,0.0,2,198689622627,0,0,0,1,0,0,0,0,0,0,1
뉴발란스,신발(뉴발란스),SC엘리트 V5 (D),NBPFGS155Q,신발,260,NBPFGS155Q(260),133334416,남성,26SS,2026-03-17,2026-03-17,"349,000.00",30885,1,0.0,2,198689622665,0,0,0,1,0,0,0,0,0,0,1
뉴발란스,신발(뉴발란스),SC엘리트 V5 (D),NBPFGS155Q,신발,265,NBPFGS155Q(265),133334416,남성,26SS,2026-03-17,2026-03-17,"349,000.00",30886,1,0.0,2,198689622696,0,0,0,1,0,0,0,0,0,0,1
뉴발란스,신발(뉴발란스),SC엘리트 V5 (D),NBPFGS155Q,신발,270,NBPFGS155Q(270),133334416,남성,26SS,2026-03-17,2026-03-17,"349,000.00",30887,0,0.0,2,198689622719,0,0,0,2,0,0,0,0,0,0,0
뉴발란스,신발(뉴발란스),SC엘리트 V5 (D),NBPFGS155Q,신발,275,NBPFGS155Q(275),133334416,남성,26SS,2026-03-17,2026-03-17,"349,000.00",30888,1,0.0,1,198689622740,0,0,0,0,0,0,0,0,0,0,1
뉴발란스,신발(뉴발란스),SC엘리트 V5 (D),NBPFGS155Q,신발,280,NBPFGS155Q(280),133334416,남성,26SS,2026-03-17,2026-03-17,"349,000.00",30889,0,0.0,1,198689622771,0,0,0,1,0,0,0,0,0,0,0
뉴발란스,신발(뉴발란스),SC트레이너 V3 (2E),NBPFGS160E,신발,250,NBPFGS160E(250),133160666,남성,26SS,2026-03-17,2026-03-17,"249,000.00",30925,0,0.0,1,198689412082,0,0,0,1,0,0,0,0,0,0,0
뉴발란스,신발(뉴발란스),SC트레이너 V3 (2E),NBPFGS160E,신발,255,NBPFGS160E(255),133160666,남성,26SS,2026-03-17,2026-03-17,"249,000.00",30926,0,0.0,1,198689412303,0,0,0,1,0,0,0,0,0,0,0
뉴발란스,신발(뉴발란스),SC트레이너 V3 (2E),NBPFGS160E,신발,260,NBPFGS160E(260),133160666,남성,26SS,2026-03-17,2026-03-17,"249,000.00",30927,0,0.0,1,198688615040,0,0,0,1,0,0,0,0,0,0,0
뉴발란스,신발(뉴발란스),SC트레이너 V3 (2E),NBPFGS160E,신발,265,NBPFGS160E(265),133160666,남성,26SS,2026-03-17,2026-03-17,"249,000.00",30928,0,0.0,1,198688615248,0,0,0,1,0,0,0,0,0,0,0
뉴발란스,신발(뉴발란스),SC트레이너 V3 (2E),NBPFGS160E,신발,270,NBPFGS160E(270),133160666,남성,26SS,2026-03-17,2026-03-17,"249,000.00",30929,0,0.0,2,198688615460,0,0,0,2,0,0,0,0,0,0,0
뉴발란스,신발(뉴발란스),SC트레이너 V3 (2E),NBPFGS160E,신발,275,NBPFGS160E(275),133160666,남성,26SS,2026-03-17,2026-03-17,"249,000.00",30930,0,0.0,1,198688615576,0,0,0,1,0,0,0,0,0,0,0
뉴발란스,신발(뉴발란스),SC트레이너 V3 (2E),NBPFGS160E,신발,280,NBPFGS160E(280),133160666,남성,26SS,2026-03-17,2026-03-17,"249,000.00",30931,0,0.0,1,198688615675,0,0,0,1,0,0,0,0,0,0,0
뉴발란스,신발(뉴발란스),레벨 V5 (2E),NBPFGS163E,신발,250,NBPFGS163E(250),132563102,남성,26SS,2026-01-14,2026-01-14,"189,000.00",31072,0,0.0,3,NBPFGB163E49250,0,0,0,1,2,0,0,0,0,0,0
뉴발란스,신발(뉴발란스),레벨 V5 (2E),NBPFGS163E,신발,255,NBPFGS163E(255),132563102,남성,26SS,2026-01-14,2026-01-14,"189,000.00",31073,0,0.0,2,NBPFGB163E49255,0,0,0,1,1,0,0,0,0,0,0
뉴발란스,신발(뉴발란스),레벨 V5 (2E),NBPFGS163E,신발,260,NBPFGS163E(260),132563102,남성,26SS,2026-01-14,2026-01-14,"189,000.00",31074,1,0.0,4,NBPFGB163E49260,0,0,0,1,2,0,0,0,0,0,1
뉴발란스,신발(뉴발란스),레벨 V5 (2E),NBPFGS163E,신발,265,NBPFGS163E(265),132563102,남성,26SS,2026-01-14,2026-01-14,"189,000.00",31075,2,0.0,5,NBPFGB163E49265,0,0,0,1,2,0,0,0,0,0,2
뉴발란스,신발(뉴발란스),레벨 V5 (2E),NBPFGS163E,신발,270,NBPFGS163E(270),132563102,남성,26SS,2026-01-14,2026-01-14,"189,000.00",31076,1,0.0,3,NBPFGB163E49270,0,0,0,1,1,0,0,0,0,0,1
뉴발란스,신발(뉴발란스),레벨 V5 (2E),NBPFGS163E,신발,275,NBPFGS163E(275),132563102,남성,26SS,2026-01-14,2026-01-14,"189,000.00",31077,1,0.0,2,NBPFGB163E49275,0,0,0,0,1,0,0,0,0,0,1
뉴발란스,신발(뉴발란스),레벨 V5 (2E),NBPFGS163E,신발,280,NBPFGS163E(280),132563102,남성,26SS,2026-01-14,2026-01-14,"189,000.00",31078,1,0.0,1,NBPFGB163E49280,0,0,0,0,0,0,0,0,0,0,1
뉴발란스,신발(뉴발란스),레벨 V5 (2E),NBPFGS163E,신발,285,NBPFGS163E(285),132563102,남성,26SS,2026-01-14,2026-01-14,"189,000.00",31079,0,0.0,2,NBPFGB163E49285,0,0,0,0,2,0,0,0,0,0,0
뉴발란스,신발(뉴발란스),레벨 V5 (2E),NBPFGS163J,신발,250,NBPFGS163J(250),132563101,남성,26SS,2026-01-14,2026-01-14,"189,000.00",31093,2,0.0,5,NBPFGB163J45250,0,0,0,1,2,2,0,0,0,0,0
뉴발란스,신발(뉴발란스),레벨 V5 (2E),NBPFGS163J,신발,255,NBPFGS163J(255),132563101,남성,26SS,2026-01-14,2026-01-14,"189,000.00",31094,3,0.0,6,NBPFGB163J45255,0,0,0,1,2,3,0,0,0,0,0
뉴발란스,신발(뉴발란스),레벨 V5 (2E),NBPFGS163J,신발,260,NBPFGS163J(260),132563101,남성,26SS,2026-01-14,2026-01-14,"189,000.00",31095,0,0.0,3,NBPFGB163J45260,0,0,0,1,2,0,0,0,0,0,0
뉴발란스,신발(뉴발란스),레벨 V5 (2E),NBPFGS163J,신발,265,NBPFGS163J(265),132563101,남성,26SS,2026-01-14,2026-01-14,"189,000.00",31096,2,0.0,4,NBPFGB163J45265,0,0,0,1,1,2,0,0,0,0,0
뉴발란스,신발(뉴발란스),레벨 V5 (2E),NBPFGS163J,신발,270,NBPFGS163J(270),132563101,남성,26SS,2026-01-14,2026-01-14,"189,000.00",31097,0,0.0,2,NBPFGB163J45270,0,0,0,1,1,0,0,0,0,0,0
뉴발란스,신발(뉴발란스),레벨 V5 (2E),NBPFGS163J,신발,275,NBPFGS163J(275),132563101,남성,26SS,2026-01-14,2026-01-14,"189,000.00",31098,3,0.0,6,NBPFGB163J45275,0,0,0,1,2,3,0,0,0,0,0
뉴발란스,신발(뉴발란스),레벨 V5 (2E),NBPFGS163J,신발,280,NBPFGS163J(280),132563101,남성,26SS,2026-01-14,2026-01-14,"189,000.00",31099,2,0.0,5,NBPFGB163J45280,0,0,0,1,2,2,0,0,0,0,0
뉴발란스,신발(뉴발란스),레벨 V5 (2E),NBPFGS163T,신발,250,NBPFGS163T(250),133116560,남성,26SS,2026-03-11,2026-02-26,"189,000.00",31051,0,0.0,1,198689479399,0,0,0,1,0,0,0,0,0,0,0
뉴발란스,신발(뉴발란스),레벨 V5 (2E),NBPFGS163T,신발,255,NBPFGS163T(255),133116560,남성,26SS,2026-03-11,2026-02-26,"189,000.00",31052,0,0.0,1,198689479504,0,0,0,1,0,0,0,0,0,0,0
뉴발란스,신발(뉴발란스),레벨 V5 (2E),NBPFGS163T,신발,260,NBPFGS163T(260),133116560,남성,26SS,2026-03-11,2026-02-26,"189,000.00",31053,2,0.0,3,198689479603,0,0,0,1,0,0,0,0,0,0,2
뉴발란스,신발(뉴발란스),레벨 V5 (2E),NBPFGS163T,신발,265,NBPFGS163T(265),133116560,남성,26SS,2026-03-11,2026-02-26,"189,000.00",31054,2,0.0,2,198689479740,0,0,0,0,0,0,0,0,0,0,2
뉴발란스,신발(뉴발란스),레벨 V5 (2E),NBPFGS163T,신발,270,NBPFGS163T(270),133116560,남성,26SS,2026-03-11,2026-02-26,"189,000.00",31055,2,0.0,3,198689479849,0,0,0,1,0,0,0,0,0,0,2
뉴발란스,신발(뉴발란스),레벨 V5 (2E),NBPFGS163T,신발,275,NBPFGS163T(275),133116560,남성,26SS,2026-03-11,2026-02-26,"189,000.00",31056,1,0.0,3,198689479962,0,0,0,2,0,0,0,0,0,0,1
뉴발란스,신발(뉴발란스),레벨 V5 (2E),NBPFGS163T,신발,280,NBPFGS163T(280),133116560,남성,26SS,2026-03-11,2026-02-26,"189,000.00",31057,0,0.0,1,198689480074,0,0,0,1,0,0,0,0,0,0,0
노말,의류(노말),레이스 티셔츠 02,NC2TS1M-001,의류,M,NC2TS1M-001(M),133528919,남성,26SS,2026-05-07,2026-05-07,"128,000.00",32669,0,0.0,1,261NC2TS1M-001001M,0,0,0,0,1,0,0,0,0,0,0
노말,의류(노말),레이스 티셔츠 02,NC2TS1M-003,의류,L,NC2TS1M-003(L),133528873,남성,26SS,2026-05-07,2026-05-07,"128,000.00",34541,0,0.0,1,261NC2TS1M-003025L,0,0,0,0,1,0,0,0,0,0,0
노말,의류(노말),레이스 티셔츠 02,NC2TS1M-003,의류,S,NC2TS1M-003(S),133528873,남성,26SS,2026-05-07,2026-05-07,"128,000.00",34539,0,0.0,1,261NC2TS1M-003025S,0,0,0,0,1,0,0,0,0,0,0
노말,의류(노말),레이스 티셔츠 02,NC2TS1M-003,의류,XL,NC2TS1M-003(XL),133528873,남성,26SS,2026-05-07,2026-05-07,"128,000.00",34542,0,0.0,1,261NC2TS1M-003025XL,0,0,0,0,1,0,0,0,0,0,0
노말,의류(노말),레이스 티셔츠 02,NC2TS1W-001,의류,S,NC2TS1W-001(S),133528752,여성,26SS,2026-05-07,2026-05-07,"128,000.00",32694,1,0.0,1,261NC2TS1W-001001S,0,0,0,0,0,1,0,0,0,0,0
노말,의류(노말),레이스 티셔츠 02,NC2TS1W-001,의류,XS,NC2TS1W-001(XS),133528752,여성,26SS,2026-05-07,2026-05-07,"128,000.00",32693,0,0.0,1,261NC2TS1W-001001XS,0,0,0,0,1,0,0,0,0,0,0
노말,의류(노말),레이스 티셔츠 02,NC2TS1W-004,의류,M,NC2TS1W-004(M),133528344,여성,26SS,2026-05-07,2026-05-07,"128,000.00",32708,0,0.0,1,261NC2TS1W-004002M,0,0,0,0,1,0,0,0,0,0,0
노말,의류(노말),레이스 티셔츠 02,NC2TS1W-004,의류,S,NC2TS1W-004(S),133528344,여성,26SS,2026-05-07,2026-05-07,"128,000.00",32707,1,0.0,2,261NC2TS1W-004002S,0,0,0,0,1,1,0,0,0,0,0
노말,의류(노말),레이스 티셔츠 02,NC2TS1W-004,의류,XS,NC2TS1W-004(XS),133528344,여성,26SS,2026-05-07,2026-05-07,"128,000.00",32706,1,0.0,2,261NC2TS1W-004002XS,0,0,0,0,1,1,0,0,0,0,0
노말,의류(노말),레이스 쇼츠 02,NC4SH1M-003,의류,L,NC4SH1M-003(L),133528264,남성,26SS,2026-05-07,2026-05-07,"198,000.00",32722,0,0.0,1,261NC4SH1M-003001L,0,0,0,0,1,0,0,0,0,0,0
노말,의류(노말),레이스 쇼츠 02,NC4SH1M-003,의류,M,NC4SH1M-003(M),133528264,남성,26SS,2026-05-07,2026-05-07,"198,000.00",32721,0,0.0,1,261NC4SH1M-003001M,0,0,0,0,1,0,0,0,0,0,0
노말,의류(노말),레이스 쇼츠 02,NC4SH1W-001,의류,M,NC4SH1W-001(M),133527963,여성,26SS,2026-05-07,2026-05-07,"198,000.00",32729,0,0.0,1,261NC4SH1W-001001M,0,0,0,0,1,0,0,0,0,0,0
노말,의류(노말),레이스 쇼츠 02,NC4SH1W-001,의류,S,NC4SH1W-001(S),133527963,여성,26SS,2026-05-07,2026-05-07,"198,000.00",32728,0,0.0,1,261NC4SH1W-001001S,0,0,0,0,1,0,0,0,0,0,0
노말,의류(노말),레이스 쇼츠 02,NC4SH1W-001,의류,XS,NC4SH1W-001(XS),133527963,여성,26SS,2026-05-07,2026-05-07,"198,000.00",32727,0,0.0,1,261NC4SH1W-001001XS,0,0,0,0,1,0,0,0,0,0,0
나이키,신발(나이키),샵바이 테스트 품목,NHNTest001_100,신발,250,NHNTest001_100(250),127678356,,TEST01,,,"9,990,000.00",17266,10,0.0,10,,0,0,0,0,0,10,0,0,0,0,0
나이키,신발(나이키),샵바이 테스트 품목,NHNTest001_100,신발,265,NHNTest001_100(265),127678356,,TEST01,,,"9,990,000.00",17269,10,0.0,10,,0,0,0,0,0,10,0,0,0,0,0
나이키,신발(나이키),샵바이 테스트 품목,NHNTest001_100,신발,270,NHNTest001_100(270),127678356,,TEST01,,,"9,990,000.00",17270,10,0.0,10,,0,0,0,0,0,10,0,0,0,0,0
세이스카이,의류(세이스카이),스트라이프 컴뱃 싱글렛,NMRSI31C008,의류,XL,NMRSI31C008(XL),128954758,남성,25SS,2025-03-12,2025-03-12,"120,000.00",17715,1,0.0,1,5713645137868,0,0,0,0,0,1,0,0,0,0,0
세이스카이,의류(세이스카이),스트라이프 컴뱃 싱글렛,NMRSI31C008,의류,XXL,NMRSI31C008(XXL),128954758,남성,25SS,2025-03-12,2025-03-12,"120,000.00",17716,1,0.0,1,5713645137875,0,0,0,0,0,1,0,0,0,0,0
세이스카이,의류(세이스카이),스트라이프 컴뱃 티셔츠,NMRSS31C008,의류,L,NMRSS31C008(L),128954760,남성,25SS,2025-03-12,2025-03-12,"130,000.00",17730,7,0.0,7,5713645142282,0,0,0,0,0,7,0,0,0,0,0
세이스카이,의류(세이스카이),스트라이프 컴뱃 티셔츠,NMRSS31C008,의류,M,NMRSS31C008(M),128954760,남성,25SS,2025-03-12,2025-03-12,"130,000.00",17729,4,0.0,4,5713645142275,0,0,0,0,0,4,0,0,0,0,0
세이스카이,의류(세이스카이),스트라이프 컴뱃 티셔츠,NMRSS31C008,의류,XL,NMRSS31C008(XL),128954760,남성,25SS,2025-03-12,2025-03-12,"130,000.00",17731,1,0.0,2,5713645142299,0,0,0,0,1,1,0,0,0,0,0
노말,신발(노말),카디,NS4CD1M-001,신발,255,NS4CD1M-001(255),133192080,남성,26SS,2026-03-19,2026-03-19,"234,000.00",32614,0,0.0,1,261NS4CD1M-0010017.5,0,0,0,1,0,0,0,0,0,0,0
노말,신발(노말),카디,NS4CD1M-001,신발,260,NS4CD1M-001(260),133192080,남성,26SS,2026-03-19,2026-03-19,"234,000.00",32615,0,0.0,1,261NS4CD1M-0010018,0,0,0,1,0,0,0,0,0,0,0
노말,신발(노말),카디,NS4CD1M-001,신발,265,NS4CD1M-001(265),133192080,남성,26SS,2026-03-19,2026-03-19,"234,000.00",32616,0,0.0,1,261NS4CD1M-0010018.5,0,0,0,1,0,0,0,0,0,0,0
노말,신발(노말),카디,NS4CD1M-001,신발,270,NS4CD1M-001(270),133192080,남성,26SS,2026-03-19,2026-03-19,"234,000.00",32617,0,0.0,3,261NS4CD1M-0010019,0,0,0,1,2,0,0,0,0,0,0
노말,신발(노말),카디,NS4CD1M-001,신발,275,NS4CD1M-001(275),133192080,남성,26SS,2026-03-19,2026-03-19,"234,000.00",32618,0,0.0,2,261NS4CD1M-0010019.5,0,0,0,1,1,0,0,0,0,0,0
노말,신발(노말),카디,NS4CD1M-001,신발,280,NS4CD1M-001(280),133192080,남성,26SS,2026-03-19,2026-03-19,"234,000.00",32619,0,0.0,1,261NS4CD1M-00100110,0,0,0,0,1,0,0,0,0,0,0
노말,신발(노말),카디,NS4CD1M-001,신발,285,NS4CD1M-001(285),133192080,남성,26SS,2026-03-19,2026-03-19,"234,000.00",32620,0,0.0,1,261NS4CD1M-00100110.5,0,0,0,0,1,0,0,0,0,0,0
노말,신발(노말),카디,NS4CD1M-002,신발,255,NS4CD1M-002(255),133192014,남성,26SS,2026-03-19,2026-03-19,"234,000.00",32635,0,0.0,1,261NS4CD1M-0020187.5,0,0,0,1,0,0,0,0,0,0,0
노말,신발(노말),카디,NS4CD1M-002,신발,260,NS4CD1M-002(260),133192014,"남,여",26SS,2026-03-19,2026-03-19,"234,000.00",32636,0,0.0,2,261NS4CD1M-0020188,0,0,0,2,0,0,0,0,0,0,0
노말,신발(노말),카디,NS4CD1M-002,신발,265,NS4CD1M-002(265),133192014,"남,여",26SS,2026-03-19,2026-03-19,"234,000.00",32637,0,0.0,1,261NS4CD1M-0020188.5,0,0,0,1,0,0,0,0,0,0,0
노말,신발(노말),카디,NS4CD1M-002,신발,270,NS4CD1M-002(270),133192014,"남,여",26SS,2026-03-19,2026-03-19,"234,000.00",32638,0,0.0,1,261NS4CD1M-0020189,0,0,0,1,0,0,0,0,0,0,0
노말,신발(노말),카디,NS4CD1M-002,신발,280,NS4CD1M-002(280),133192014,"남,여",26SS,2026-03-19,2026-03-19,"234,000.00",32640,0,0.0,1,261NS4CD1M-00201810,0,0,0,1,0,0,0,0,0,0,0
노말,신발(노말),카디,NS4CD1W-002,신발,230,NS4CD1W-002(230),133191955,"남,여",26SS,2026-03-19,2026-03-19,"234,000.00",32651,0,0.0,1,261NS4CD1W-0020025,0,0,0,0,1,0,0,0,0,0,0
노말,신발(노말),카디,NS4CD1W-002,신발,240,NS4CD1W-002(240),133191955,"남,여",26SS,2026-03-19,2026-03-19,"234,000.00",32653,0,0.0,1,261NS4CD1W-0020026,0,0,0,0,1,0,0,0,0,0,0
논스톱도그웨어,용품(논스톱도그웨어),프리모션 하네스(Purple/1),NSD1111,용품,1SIZE,NSD1111(1SIZE),133122612,공용,24FW,2024-09-10,2024-09-10,"125,000.00",10208,1,0.0,1,7071652011112,0,0,0,0,0,1,0,0,0,0,0
논스톱도그웨어,용품(논스톱도그웨어),프리모션 하네스 5.0(Teal/7),NSD11175,용품,1SIZE,NSD11175(1SIZE),133121313,공용,24FW,2024-09-10,2024-09-10,"145,000.00",10229,1,0.0,1,7071652111751,0,0,0,0,0,1,0,0,0,0,0
논스톱도그웨어,용품(논스톱도그웨어),락 컬러 3.0(L),NSD15751,용품,1SIZE,NSD15751(1SIZE),133121018,공용,24FW,2024-09-10,2024-09-10,"45,000.00",10234,1,0.0,1,7071652157513,0,0,0,0,0,1,0,0,0,0,0
논스톱도그웨어,용품(논스톱도그웨어),리플렉션 블렝킷,NSD1836,용품,1SIZE,NSD1836(1SIZE),133120873,공용,24FW,2024-09-10,2024-09-10,"48,000.00",10248,1,0.0,1,7071652018364,0,0,0,0,0,1,0,0,0,0,0
세이스카이,의류(세이스카이),스트라이프 컴뱃 싱글렛,NWRSI31C008,의류,L,NWRSI31C008(L),128954762,여성,25SS,2025-03-12,2025-03-12,"120,000.00",17746,3,0.0,3,5713645138537,0,0,0,0,0,3,0,0,0,0,0
세이스카이,의류(세이스카이),스트라이프 컴뱃 싱글렛,NWRSI31C008,의류,M,NWRSI31C008(M),128954762,여성,25SS,2025-03-12,2025-03-12,"120,000.00",17745,7,0.0,7,5713645138520,0,0,0,0,0,7,0,0,0,0,0
세이스카이,의류(세이스카이),스트라이프 컴뱃 싱글렛,NWRSI31C008,의류,S,NWRSI31C008(S),128954762,여성,25SS,2025-03-12,2025-03-12,"120,000.00",17744,4,0.0,4,5713645138513,0,0,0,0,0,4,0,0,0,0,0
세이스카이,의류(세이스카이),스트라이프 컴뱃 티셔츠,NWRSS31C008,의류,L,NWRSS31C008(L),128954763,여성,25SS,2025-03-12,2025-03-12,"130,000.00",17754,1,0.0,1,5713645142565,0,0,0,0,0,1,0,0,0,0,0
세이스카이,의류(세이스카이),스트라이프 컴뱃 티셔츠,NWRSS31C008,의류,M,NWRSS31C008(M),128954763,여성,25SS,2025-03-12,2025-03-12,"130,000.00",17753,1,0.0,1,5713645142558,0,0,0,0,0,1,0,0,0,0,0
증정품,용품(증정품),온러닝 폴딩방석(비매품),ON-PD01,용품,1SIZE,ON-PD01(1SIZE),,,25SS,2025-02-14,2025-02-14,0.00,17232,0,0.0,150,,0,0,0,0,150,0,0,0,0,0,0
컴프레스포트,용품(컴프레스포트),프로 마라톤 삭스 V2.0,PRO MARATHON SOCKS V2.0-BLACK.WHITE,용품,T3,PRO MARATHON SOCKS V2.0-BLACK.WHITE(T3),135911569,공용,25SS,2025-03-17,2025-03-17,"33,000.00",18201,0,0.0,1,7630102562125,0,0,0,1,0,0,0,0,0,0,0
컴프레스포트,용품(컴프레스포트),프로 마라톤 삭스 V2.0,PRO MARATHON SOCKS V2.0-WHITE.BLACK,용품,T1,PRO MARATHON SOCKS V2.0-WHITE.BLACK(T1),131709870,공용,25SS,2025-03-17,2025-03-17,"33,000.00",18209,0,0.0,11,7630102562422,0,0,0,11,0,0,0,0,0,0,0
컴프레스포트,용품(컴프레스포트),프로 마라톤 삭스 V2.0,PRO MARATHON SOCKS V2.0-WHITE.BLACK,용품,T2,PRO MARATHON SOCKS V2.0-WHITE.BLACK(T2),131709870,공용,25SS,2025-03-17,2025-03-17,"33,000.00",18210,0,0.0,18,7630102562552,0,0,0,12,6,0,0,0,0,0,0
컴프레스포트,용품(컴프레스포트),프로 마라톤 삭스 V2.0,PRO MARATHON SOCKS V2.0-WHITE.BLACK,용품,T3,PRO MARATHON SOCKS V2.0-WHITE.BLACK(T3),131709870,공용,25SS,2025-03-17,2025-03-17,"33,000.00",18211,0,0.0,2,7630102562675,0,0,0,1,0,1,0,0,0,0,0
컴프레스포트,용품(컴프레스포트),프로 레이싱 삭스 V4.0 런 하이,PRO RACING SOCKS V4.0 RUN HIGH-WHITE.BLACK,용품,T1,PRO RACING SOCKS V4.0 RUN HIGH-WHITE.BLACK(T1),135911570,공용,25SS,2025-03-17,2025-03-17,"29,000.00",18169,0,0.0,1,7630102554359,0,0,0,1,0,0,0,0,0,0,0
컴프레스포트,용품(컴프레스포트),프로 레이싱 삭스 V4.0 런 하이,PRO RACING SOCKS V4.0 RUN HIGH-WHITE.FLUO RED,용품,T1,PRO RACING SOCKS V4.0 RUN HIGH-WHITE.FLUO RED(T1),131709869,공용,25SS,2025-03-17,2025-03-17,"29,000.00",18179,0,0.0,2,7630102587517,0,0,0,2,0,0,0,0,0,0,0
컴프레스포트,용품(컴프레스포트),프로 레이싱 삭스 V4.0 런 하이,PRO RACING SOCKS V4.0 RUN HIGH-WHITE.FLUO RED,용품,T2,PRO RACING SOCKS V4.0 RUN HIGH-WHITE.FLUO RED(T2),131709869,공용,25SS,2025-03-17,2025-03-17,"29,000.00",18180,0,0.0,1,7630102587579,0,0,0,1,0,0,0,0,0,0,0
컴프레스포트,용품(컴프레스포트),프로 레이싱 삭스 V4.0 런 하이,PRO RACING SOCKS V4.0 RUN HIGH-WHITE.FLUO RED,용품,T3,PRO RACING SOCKS V4.0 RUN HIGH-WHITE.FLUO RED(T3),131709869,공용,25SS,2025-03-17,2025-03-17,"29,000.00",18181,0,0.0,2,7630102587654,0,0,0,0,0,2,0,0,0,0,0
블랙다이아몬드,의류(블랙다이아몬드),디플로이 3L 쉘 MENS,QAMAP745057-Black,의류,L,QAMAP745057-Black(L),133194786,남성,26SS,2026-03-18,2026-03-18,"580,000.00",32452,1,0.0,3,QAMAP7450570002LRG,0,0,0,1,1,1,0,0,0,0,0
블랙다이아몬드,의류(블랙다이아몬드),디플로이 3L 쉘 MENS,QAMAP745057-Black,의류,M,QAMAP745057-Black(M),133194786,남성,26SS,2026-03-18,2026-03-18,"580,000.00",32451,1,0.0,3,QAMAP7450570002MED,0,0,0,1,1,1,0,0,0,0,0
블랙다이아몬드,의류(블랙다이아몬드),디플로이 3L 쉘 MENS,QAMAP745057-Black,의류,S,QAMAP745057-Black(S),133194786,남성,26SS,2026-03-18,2026-03-18,"580,000.00",32450,1,0.0,2,QAMAP7450570002SML,0,0,0,0,1,1,0,0,0,0,0
블랙다이아몬드,의류(블랙다이아몬드),디플로이 3L 쉘 MENS,QAMAP745057-Black,의류,XL,QAMAP745057-Black(XL),133194786,남성,26SS,2026-03-18,2026-03-18,"580,000.00",32453,1,0.0,2,QAMAP7450570002XLG,0,0,0,0,1,1,0,0,0,0,0
기타,용품(기타),레이스먼트 1주년 키링 SET(비매품),RM-E001-BK,용품,1SIZE,RM-E001-BK(1SIZE),,공용,25FW,2025-08-28,2025-08-28,0.00,24428,0,0.0,200,,0,0,0,0,0,200,0,0,0,0,0
기타,용품(기타),레이스먼트 상품권 (5만원),RM-GC05,용품,1SIZE,RM-GC05(1SIZE),,공용,25FW,2025-12-17,2025-12-17,"50,000.00",27710,0,0.0,497,,0,0,0,179,12,306,0,0,0,0,0
기타,용품(기타),레이스먼트 상품권 (10만원),RM-GC10,용품,1SIZE,RM-GC10(1SIZE),,공용,25FW,2025-12-17,2025-12-17,"100,000.00",27719,0,0.0,114,,0,0,0,45,14,55,0,0,0,0,0
증정품,용품(증정품),레이스먼트 양말(비매품),RM-SO01-BK,용품,1SIZE,RM-SO01-BK(1SIZE),,공용,25FW,2025-08-14,2025-08-14,0.00,24179,0,0.0,60,,60,0,0,0,0,0,0,0,0,0,0
증정품,용품(증정품),레이스먼트 양말(비매품),RM-SO01-WH,용품,1SIZE,RM-SO01-WH(1SIZE),,공용,25FW,2025-08-14,2025-08-14,0.00,24188,0,0.0,226,,0,0,0,0,0,226,0,0,0,0,0
기타,의류(기타),레이스먼트 1주년 기념 러닝티셔츠(비매품),RM-T001-BK,의류,L,RM-T001-BK(L),,남성,25FW,2025-08-28,2025-08-28,0.00,24424,0,0.0,72,,0,0,0,0,72,0,0,0,0,0,0
기타,의류(기타),레이스먼트 1주년 기념 러닝티셔츠(비매품),RM-T001-BK,의류,M,RM-T001-BK(M),,남성,25FW,2025-08-28,2025-08-28,0.00,24423,0,0.0,21,,0,0,0,0,21,0,0,0,0,0,0
기타,의류(기타),레이스먼트 1주년 기념 러닝티셔츠(비매품),RM-T001-BK,의류,XL,RM-T001-BK(XL),,남성,25FW,2025-08-28,2025-08-28,0.00,24425,0,0.0,1,,0,0,0,0,1,0,0,0,0,0,0
기타,의류(기타),레이스먼트 1주년 기념 오버핏면티셔츠(비매품),RM-T002-BK,의류,L,RM-T002-BK(L),,공용,25FW,2025-08-28,2025-08-28,0.00,24441,0,0.0,4,,0,0,0,0,0,4,0,0,0,0,0
기타,의류(기타),레이스먼트 1주년 기념 오버핏면티셔츠(비매품),RM-T002-BK,의류,XL,RM-T002-BK(XL),,공용,25FW,2025-08-28,2025-08-28,0.00,24442,0,0.0,12,,0,0,0,0,0,12,0,0,0,0,0
증정품,용품(증정품),레이스먼트 폴딩방석(비매품),RN-PD01,용품,1SIZE,RN-PD01(1SIZE),,,25SS,2025-02-14,2025-02-14,0.00,17239,0,0.0,150,,0,0,0,0,150,0,0,0,0,0,0
써코니,신발(써코니),허리케인 26,S101098-1024,신발,250,S101098-1024(250),136418770,남성,26FW,2026-07-27,2026-07-27,"209,000.00",37712,1,0.0,3,195021979098,0,0,0,1,1,1,0,0,0,0,0
써코니,신발(써코니),허리케인 26,S101098-1024,신발,255,S101098-1024(255),136418770,남성,26FW,2026-07-27,2026-07-27,"209,000.00",37713,2,0.0,4,195021979104,0,0,0,1,1,2,0,0,0,0,0
써코니,신발(써코니),허리케인 26,S101098-1024,신발,260,S101098-1024(260),136418770,남성,26FW,2026-07-27,2026-07-27,"209,000.00",37714,3,0.0,4,195021979111,0,0,0,0,1,3,0,0,0,0,0
써코니,신발(써코니),허리케인 26,S101098-1024,신발,265,S101098-1024(265),136418770,남성,26FW,2026-07-27,2026-07-27,"209,000.00",37715,4,0.0,6,195021979128,0,0,0,1,1,4,0,0,0,0,0
써코니,신발(써코니),허리케인 26,S101098-1024,신발,270,S101098-1024(270),136418770,남성,26FW,2026-07-27,2026-07-27,"209,000.00",37716,3,0.0,6,195021979135,0,0,0,1,2,3,0,0,0,0,0
써코니,신발(써코니),허리케인 26,S101098-1024,신발,275,S101098-1024(275),136418770,남성,26FW,2026-07-27,2026-07-27,"209,000.00",37717,4,0.0,5,195021979142,0,0,0,1,0,4,0,0,0,0,0
써코니,신발(써코니),허리케인 26,S101098-1024,신발,280,S101098-1024(280),136418770,남성,26FW,2026-07-27,2026-07-27,"209,000.00",37718,1,0.0,2,195021979159,0,0,0,1,0,1,0,0,0,0,0
써코니,신발(써코니),허리케인 26,S101098-1024,신발,285,S101098-1024(285),136418770,남성,26FW,2026-07-27,2026-07-27,"209,000.00",37719,2,0.0,2,195021979166,0,0,0,0,0,2,0,0,0,0,0
써코니,신발(써코니),허리케인 26,S101106-1008,신발,230,S101106-1008(230),136418767,여성,26FW,2026-07-27,2026-07-27,"209,000.00",37730,1,0.0,3,195021958727,0,0,0,1,1,1,0,0,0,0,0
써코니,신발(써코니),허리케인 26,S101106-1008,신발,235,S101106-1008(235),136418767,여성,26FW,2026-07-27,2026-07-27,"209,000.00",37731,3,0.0,5,195021958727,0,0,0,1,1,3,0,0,0,0,0
써코니,신발(써코니),허리케인 26,S101106-1008,신발,240,S101106-1008(240),136418767,여성,26FW,2026-07-27,2026-07-27,"209,000.00",37732,3,0.0,5,195021958734,0,0,0,1,1,3,0,0,0,0,0
써코니,신발(써코니),허리케인 26,S101106-1008,신발,245,S101106-1008(245),136418767,여성,26FW,2026-07-27,2026-07-27,"209,000.00",37733,3,0.0,5,195021958741,0,0,0,2,0,3,0,0,0,0,0
써코니,신발(써코니),허리케인 26,S101106-1008,신발,250,S101106-1008(250),136418767,여성,26FW,2026-07-27,2026-07-27,"209,000.00",37734,2,0.0,3,195021958758,0,0,0,1,0,2,0,0,0,0,0
써코니,신발(써코니),엔돌핀 프로 5,S101308-1006,신발,230,S101308-1006(230),133863779,여성,26FW,2026-06-23,2026-06-23,"299,000.00",37554,0,0.0,3,195021961123,0,0,0,1,2,0,0,0,0,0,0
써코니,신발(써코니),엔돌핀 프로 5,S101308-1006,신발,235,S101308-1006(235),133863779,여성,26FW,2026-06-23,2026-06-23,"299,000.00",37555,0,0.0,3,195021961130,0,0,0,1,2,0,0,0,0,0,0
써코니,신발(써코니),엔돌핀 프로 5,S101308-1006,신발,240,S101308-1006(240),133863779,여성,26FW,2026-06-23,2026-06-23,"299,000.00",37556,1,0.0,5,195021961147,0,0,0,2,2,1,0,0,0,0,0
써코니,신발(써코니),엔돌핀 프로 5,S101308-1006,신발,245,S101308-1006(245),133863779,여성,26FW,2026-06-23,2026-06-23,"299,000.00",37557,3,0.0,6,195021961154,0,0,0,1,2,3,0,0,0,0,0
써코니,신발(써코니),엔돌핀 프로 5,S101308-1006,신발,250,S101308-1006(250),133863779,여성,26FW,2026-06-23,2026-06-23,"299,000.00",37558,2,0.0,4,195021961161,0,0,0,1,1,2,0,0,0,0,0
써코니,신발(써코니),엔돌핀 아주라,S101329-1041,신발,255,S101329-1041(255),133863883,남성,26FW,2026-06-23,2026-06-23,"189,000.00",37669,0,0.0,2,195021981503,0,0,0,2,0,0,0,0,0,0,0
써코니,신발(써코니),엔돌핀 아주라,S101329-1041,신발,260,S101329-1041(260),133863883,남성,26FW,2026-06-23,2026-06-23,"189,000.00",37670,0,0.0,2,195021981510,0,0,0,2,0,0,0,0,0,0,0
써코니,신발(써코니),엔돌핀 아주라,S101329-1041,신발,265,S101329-1041(265),133863883,남성,26FW,2026-06-23,2026-06-23,"189,000.00",37671,0,0.0,2,195021981527,0,0,0,1,1,0,0,0,0,0,0
써코니,신발(써코니),엔돌핀 아주라,S101329-1041,신발,270,S101329-1041(270),133863883,남성,26FW,2026-06-23,2026-06-23,"189,000.00",37672,0,0.0,2,195021981534,0,0,0,1,1,0,0,0,0,0,0
써코니,신발(써코니),엔돌핀 아주라,S101329-1041,신발,275,S101329-1041(275),133863883,남성,26FW,2026-06-23,2026-06-23,"189,000.00",37673,0,0.0,3,195021981541,0,0,0,2,1,0,0,0,0,0,0
써코니,신발(써코니),엔돌핀 아주라,S101329-1041,신발,280,S101329-1041(280),133863883,남성,26FW,2026-06-23,2026-06-23,"189,000.00",37674,0,0.0,1,195021981558,0,0,0,1,0,0,0,0,0,0,0
써코니,신발(써코니),엔돌핀 아주라,S101329-1041,신발,285,S101329-1041(285),133863883,남성,26FW,2026-06-23,2026-06-23,"189,000.00",37675,0,0.0,2,195021981565,0,0,0,2,0,0,0,0,0,0,0
써코니,신발(써코니),엔돌핀 아주라,S101348-1032,신발,230,S101348-1032(230),133863877,여성,26FW,2026-06-23,2026-06-23,"189,000.00",37686,0,0.0,3,195021962922,0,0,0,1,2,0,0,0,0,0,0
써코니,신발(써코니),엔돌핀 아주라,S101348-1032,신발,235,S101348-1032(235),133863877,여성,26FW,2026-06-23,2026-06-23,"189,000.00",37687,0,0.0,3,195021962939,0,0,0,2,1,0,0,0,0,0,0
써코니,신발(써코니),엔돌핀 아주라,S101348-1032,신발,240,S101348-1032(240),133863877,여성,26FW,2026-06-23,2026-06-23,"189,000.00",37688,0,0.0,4,195021962946,0,0,0,2,2,0,0,0,0,0,0
써코니,신발(써코니),엔돌핀 아주라,S101348-1032,신발,245,S101348-1032(245),133863877,여성,26FW,2026-06-23,2026-06-23,"189,000.00",37689,0,0.0,1,195021962953,0,0,0,1,0,0,0,0,0,0,0
써코니,신발(써코니),엔돌핀 아주라,S101348-1032,신발,250,S101348-1032(250),133863877,여성,26FW,2026-06-23,2026-06-23,"189,000.00",37690,0,0.0,1,195021962960,0,0,0,0,1,0,0,0,0,0,0
써코니,신발(써코니),엔돌핀 프로 5,S101360-1010,신발,250,S101360-1010(250),133863868,남성,26FW,2026-06-23,2026-06-23,"299,000.00",37536,1,0.0,2,195021982999,0,0,0,0,1,1,0,0,0,0,0
써코니,신발(써코니),엔돌핀 프로 5,S101360-1010,신발,255,S101360-1010(255),133863868,남성,26FW,2026-06-23,2026-06-23,"299,000.00",37537,1,0.0,4,195021983002,0,0,0,1,2,1,0,0,0,0,0
써코니,신발(써코니),엔돌핀 프로 5,S101360-1010,신발,260,S101360-1010(260),133863868,남성,26FW,2026-06-23,2026-06-23,"299,000.00",37538,3,0.0,5,195021983019,0,0,0,1,1,3,0,0,0,0,0
써코니,신발(써코니),엔돌핀 프로 5,S101360-1010,신발,265,S101360-1010(265),133863868,남성,26FW,2026-06-23,2026-06-23,"299,000.00",37539,6,0.0,7,195021983026,0,0,0,1,0,6,0,0,0,0,0
써코니,신발(써코니),엔돌핀 프로 5,S101360-1010,신발,270,S101360-1010(270),133863868,남성,26FW,2026-06-23,2026-06-23,"299,000.00",37540,9,0.0,12,195021983033,0,0,0,1,2,9,0,0,0,0,0
써코니,신발(써코니),엔돌핀 프로 5,S101360-1010,신발,275,S101360-1010(275),133863868,남성,26FW,2026-06-23,2026-06-23,"299,000.00",37541,6,0.0,10,195021983040,0,0,0,1,3,6,0,0,0,0,0
써코니,신발(써코니),엔돌핀 프로 5,S101360-1010,신발,280,S101360-1010(280),133863868,남성,26FW,2026-06-23,2026-06-23,"299,000.00",37542,5,0.0,8,195021983057,0,0,0,1,2,5,0,0,0,0,0
써코니,신발(써코니),엔돌핀 프로 5,S101360-1010,신발,285,S101360-1010(285),133863868,남성,26FW,2026-06-23,2026-06-23,"299,000.00",37543,2,0.0,4,195021983064,0,0,0,1,1,2,0,0,0,0,0
써코니,신발(써코니),엔돌핀 스피드 5,S101368-1002,신발,250,S101368-1002(250),133863927,남성,26FW,2026-06-23,2026-06-23,"219,000.00",37580,5,0.0,7,195021983446,0,0,0,1,1,5,0,0,0,0,0
써코니,신발(써코니),엔돌핀 스피드 5,S101368-1002,신발,255,S101368-1002(255),133863927,남성,26FW,2026-06-23,2026-06-23,"219,000.00",37581,5,0.0,6,195021983453,0,0,0,1,0,5,0,0,0,0,0
써코니,신발(써코니),엔돌핀 스피드 5,S101368-1002,신발,260,S101368-1002(260),133863927,남성,26FW,2026-06-23,2026-06-23,"219,000.00",37582,6,0.0,8,195021983460,0,0,0,1,1,6,0,0,0,0,0
써코니,신발(써코니),엔돌핀 스피드 5,S101368-1002,신발,265,S101368-1002(265),133863927,남성,26FW,2026-06-23,2026-06-23,"219,000.00",37583,6,0.0,11,195021983477,0,0,0,2,3,6,0,0,0,0,0
써코니,신발(써코니),엔돌핀 스피드 5,S101368-1002,신발,270,S101368-1002(270),133863927,남성,26FW,2026-06-23,2026-06-23,"219,000.00",37584,10,0.0,13,195021983484,0,0,0,1,2,10,0,0,0,0,0
써코니,신발(써코니),엔돌핀 스피드 5,S101368-1002,신발,275,S101368-1002(275),133863927,남성,26FW,2026-06-23,2026-06-23,"219,000.00",37585,7,0.0,12,195021983491,0,0,0,2,3,7,0,0,0,0,0
써코니,신발(써코니),엔돌핀 스피드 5,S101368-1002,신발,280,S101368-1002(280),133863927,남성,26FW,2026-06-23,2026-06-23,"219,000.00",37586,7,0.0,10,195021983507,0,0,0,1,2,7,0,0,0,0,0
써코니,신발(써코니),엔돌핀 스피드 5,S101368-1002,신발,285,S101368-1002(285),133863927,남성,26FW,2026-06-23,2026-06-23,"219,000.00",37587,4,0.0,5,195021983514,0,0,0,1,0,4,0,0,0,0,0
써코니,신발(써코니),엔돌핀 스피드 5,S101368-1002,신발,300,S101368-1002(300),133863927,남성,26FW,,,"219,000.00",37590,0,0.0,1,195021983545,0,0,0,1,0,0,0,0,0,0,0
써코니,신발(써코니),엔돌핀 스피드 5,S101368-1003,신발,250,S101368-1003(250),133863893,남성,26FW,2026-06-10,2026-06-10,"219,000.00",37602,5,0.0,6,195021983590,0,0,0,1,0,5,0,0,0,0,0
써코니,신발(써코니),엔돌핀 스피드 5,S101368-1003,신발,255,S101368-1003(255),133863893,남성,26FW,2026-06-10,2026-06-10,"219,000.00",37603,5,0.0,7,195021983606,0,0,0,1,1,5,0,0,0,0,0
써코니,신발(써코니),엔돌핀 스피드 5,S101368-1003,신발,260,S101368-1003(260),133863893,남성,26FW,2026-06-10,2026-06-10,"219,000.00",37604,5,0.0,7,195021983613,0,0,0,1,1,5,0,0,0,0,0
써코니,신발(써코니),엔돌핀 스피드 5,S101368-1003,신발,265,S101368-1003(265),133863893,남성,26FW,2026-06-10,2026-06-10,"219,000.00",37605,8,0.0,10,195021983620,0,0,0,1,1,8,0,0,0,0,0
써코니,신발(써코니),엔돌핀 스피드 5,S101368-1003,신발,270,S101368-1003(270),133863893,남성,26FW,2026-06-10,2026-06-10,"219,000.00",37606,9,0.0,14,195021983637,0,0,0,2,3,9,0,0,0,0,0
써코니,신발(써코니),엔돌핀 스피드 5,S101368-1003,신발,275,S101368-1003(275),133863893,남성,26FW,2026-06-10,2026-06-10,"219,000.00",37607,7,0.0,11,195021983644,0,0,0,1,3,7,0,0,0,0,0
써코니,신발(써코니),엔돌핀 스피드 5,S101368-1003,신발,280,S101368-1003(280),133863893,남성,26FW,2026-06-10,2026-06-10,"219,000.00",37608,7,0.0,9,195021983651,0,0,0,1,1,7,0,0,0,0,0
써코니,신발(써코니),엔돌핀 스피드 5,S101368-1003,신발,285,S101368-1003(285),133863893,남성,26FW,2026-06-10,2026-06-10,"219,000.00",37609,5,0.0,7,195021983668,0,0,0,1,1,5,0,0,0,0,0
써코니,신발(써코니),엔돌핀 스피드 5,S101391-1004,신발,230,S101391-1004(230),133863914,여성,26FW,2026-06-23,2026-06-23,"219,000.00",37620,1,0.0,3,195021964278,0,0,0,1,1,1,0,0,0,0,0
써코니,신발(써코니),엔돌핀 스피드 5,S101391-1004,신발,235,S101391-1004(235),133863914,여성,26FW,2026-06-23,2026-06-23,"219,000.00",37621,4,0.0,6,195021964285,0,0,0,1,1,4,0,0,0,0,0
써코니,신발(써코니),엔돌핀 스피드 5,S101391-1004,신발,240,S101391-1004(240),133863914,여성,26FW,2026-06-23,2026-06-23,"219,000.00",37622,10,0.0,12,195021964292,0,0,0,1,1,10,0,0,0,0,0
써코니,신발(써코니),엔돌핀 스피드 5,S101391-1004,신발,245,S101391-1004(245),133863914,여성,26FW,2026-06-23,2026-06-23,"219,000.00",37623,8,0.0,10,195021964308,0,0,0,1,1,8,0,0,0,0,0
써코니,신발(써코니),엔돌핀 스피드 5,S101391-1004,신발,250,S101391-1004(250),133863914,여성,26FW,2026-06-23,2026-06-23,"219,000.00",37624,6,0.0,7,195021964315,0,0,0,1,0,6,0,0,0,0,0
써코니,신발(써코니),엔돌핀 스피드 5,S101391-1042,신발,230,S101391-1042(230),133863887,여성,26FW,2026-06-10,2026-06-10,"219,000.00",37642,1,0.0,3,195021965022,0,0,0,1,1,1,0,0,0,0,0
써코니,신발(써코니),엔돌핀 스피드 5,S101391-1042,신발,235,S101391-1042(235),133863887,여성,26FW,2026-06-10,2026-06-10,"219,000.00",37643,3,0.0,6,195021965039,0,0,0,1,2,3,0,0,0,0,0
써코니,신발(써코니),엔돌핀 스피드 5,S101391-1042,신발,240,S101391-1042(240),133863887,여성,26FW,2026-06-10,2026-06-10,"219,000.00",37644,8,0.0,12,195021965046,0,0,0,1,3,8,0,0,0,0,0
써코니,신발(써코니),엔돌핀 스피드 5,S101391-1042,신발,245,S101391-1042(245),133863887,여성,26FW,2026-06-10,2026-06-10,"219,000.00",37645,6,0.0,10,195021965053,0,0,0,1,3,6,0,0,0,0,0
써코니,신발(써코니),엔돌핀 스피드 5,S101391-1042,신발,250,S101391-1042(250),133863887,여성,26FW,2026-06-10,2026-06-10,"219,000.00",37646,4,0.0,8,195021965060,0,0,0,2,2,4,0,0,0,0,0
써코니,신발(써코니),엔돌핀 프로 4,S10939-97,신발,230,S10939-97(230),131182993,여성,25FW,2025-07-15,2025-07-15,"269,000.00",22601,2,0.0,4,195021139676,0,0,0,0,2,2,0,0,0,0,0
써코니,신발(써코니),엔돌핀 프로 4,S10939-97,신발,235,S10939-97(235),131182993,여성,25FW,2025-07-15,2025-07-15,"269,000.00",22602,0,0.0,1,195021139683,0,0,0,0,1,0,0,0,0,0,0
써코니,신발(써코니),엔돌핀 트레이너,S10996-97,신발,230,S10996-97(230),131102408,여성,25FW,2025-07-03,2025-07-03,"219,000.00",22622,4,0.0,4,195021142522,0,0,0,0,0,4,0,0,0,0,0
써코니,신발(써코니),엔돌핀 트레이너,S10996-97,신발,235,S10996-97(235),131102408,여성,25FW,2025-07-03,2025-07-03,"219,000.00",22623,2,0.0,2,195021142539,0,0,0,0,0,2,0,0,0,0,0
써코니,신발(써코니),엔돌핀 트레이너,S10996-97,신발,240,S10996-97(240),131102408,여성,25FW,2025-07-03,2025-07-03,"219,000.00",22624,2,0.0,2,195021142546,0,0,0,0,0,2,0,0,0,0,0
써코니,신발(써코니),엔돌핀 트레이너,S10996-97,신발,245,S10996-97(245),131102408,여성,25FW,2025-07-03,2025-07-03,"219,000.00",22625,3,0.0,3,195021142553,0,0,0,0,0,3,0,0,0,0,0
써코니,신발(써코니),라이드 18,S11000-104,신발,250,S11000-104(250),130807518,여성,25SS,2025-02-24,2025-02-24,"159,000.00",16189,0,0.0,1,195020778265,0,0,0,0,0,1,0,0,0,0,0
써코니,신발(써코니),엔돌핀 스피드 5,S11007-172,신발,225,S11007-172(225),132707359,여성,26SS,2025-12-31,2025-12-31,"219,000.00",30522,1,0.0,1,195021608523,0,0,0,0,0,1,0,0,0,0,0
써코니,신발(써코니),엔돌핀 스피드 5,S11007-172,신발,230,S11007-172(230),132707359,여성,26SS,2025-12-26,2025-12-31,"219,000.00",30523,1,0.0,2,195021608530,0,0,0,1,0,1,0,0,0,0,0
써코니,신발(써코니),엔돌핀 스피드 5,S11007-172,신발,235,S11007-172(235),132707359,여성,26SS,2025-12-26,2025-12-31,"219,000.00",30524,3,0.0,6,195021608547,0,0,0,1,2,3,0,0,0,0,0
써코니,신발(써코니),엔돌핀 스피드 5,S11007-172,신발,240,S11007-172(240),132707359,여성,26SS,2025-12-26,2025-12-31,"219,000.00",30525,0,0.0,2,195021608554,0,0,0,1,1,0,0,0,0,0,0
써코니,신발(써코니),엔돌핀 스피드 5,S11007-172,신발,245,S11007-172(245),132707359,여성,26SS,2025-12-26,2025-12-31,"219,000.00",30526,0,0.0,3,195021608561,0,0,0,1,2,0,0,0,0,0,0
써코니,신발(써코니),트라이엄프 23 와이드,S11024-232,신발,225,S11024-232(225),132707162,여성,26SS,2025-12-31,2025-12-31,"199,000.00",30648,1,0.0,1,195021192510,0,0,0,0,0,1,0,0,0,0,0
써코니,신발(써코니),트라이엄프 23 와이드,S11024-232,신발,230,S11024-232(230),132707162,여성,26SS,2025-12-26,2025-12-31,"199,000.00",30649,2,0.0,4,195021192527,0,0,0,1,1,2,0,0,0,0,0
써코니,신발(써코니),트라이엄프 23 와이드,S11024-232,신발,235,S11024-232(235),132707162,여성,26SS,2025-12-26,2025-12-31,"199,000.00",30650,1,0.0,4,195021192534,0,0,0,1,2,1,0,0,0,0,0
써코니,신발(써코니),트라이엄프 23 와이드,S11024-232,신발,240,S11024-232(240),132707162,여성,26SS,2025-12-26,2025-12-31,"199,000.00",30651,0,0.0,1,195021192541,0,0,0,1,0,0,0,0,0,0,0
써코니,신발(써코니),라이드 19,S11055-131,신발,225,S11055-131(225),132707374,여성,26SS,2026-01-20,2026-01-20,"179,000.00",30627,3,0.0,5,195021615729,0,0,0,0,2,3,0,0,0,0,0
써코니,신발(써코니),라이드 19,S11055-131,신발,230,S11055-131(230),132707374,여성,26SS,2026-01-20,2026-01-20,"179,000.00",30628,7,0.0,10,195021615736,0,0,0,1,2,7,0,0,0,0,0
써코니,신발(써코니),라이드 19,S11055-131,신발,235,S11055-131(235),132707374,여성,26SS,2026-01-20,2026-01-20,"179,000.00",30629,11,0.0,15,195021615743,0,0,0,2,2,11,0,0,0,0,0
써코니,신발(써코니),라이드 19,S11055-131,신발,240,S11055-131(240),132707374,여성,26SS,2026-01-20,2026-01-20,"179,000.00",30630,6,0.0,10,195021615750,0,0,0,2,2,6,0,0,0,0,0
써코니,신발(써코니),라이드 19,S11055-131,신발,245,S11055-131(245),132707374,여성,26SS,2026-01-20,2026-01-20,"179,000.00",30631,1,0.0,2,195021615767,0,0,0,0,1,1,0,0,0,0,0
써코니,신발(써코니),라이드 19,S11055-131,신발,250,S11055-131(250),132707374,여성,26SS,2026-01-20,2026-01-20,"179,000.00",30632,0,0.0,1,195021615774,0,0,0,0,1,0,0,0,0,0,0
써코니,신발(써코니),가이드 19,S11058-121,신발,225,S11058-121(225),133217930,여성,26SS,2026-03-06,2026-03-06,"179,000.00",30732,3,0.0,4,195021618874,0,0,0,1,0,3,0,0,0,0,0
써코니,신발(써코니),가이드 19,S11058-121,신발,230,S11058-121(230),133217930,여성,26SS,2026-03-06,2026-03-06,"179,000.00",30733,2,0.0,4,195021618881,0,0,0,1,1,2,0,0,0,0,0
써코니,신발(써코니),가이드 19,S11058-121,신발,235,S11058-121(235),133217930,여성,26SS,2026-03-06,2026-03-06,"179,000.00",30734,5,0.0,6,195021618898,0,0,0,0,1,5,0,0,0,0,0
써코니,신발(써코니),가이드 19,S11058-121,신발,240,S11058-121(240),133217930,여성,26SS,2026-03-06,2026-03-06,"179,000.00",30735,2,0.0,3,195021618904,0,0,0,1,0,2,0,0,0,0,0
써코니,신발(써코니),가이드 19,S11058-121,신발,245,S11058-121(245),133217930,여성,26SS,2026-03-06,2026-03-06,"179,000.00",30736,0,0.0,2,195021618911,0,0,0,0,2,0,0,0,0,0,0
써코니,신발(써코니),엔돌핀 프로 5,S11064-151,신발,230,S11064-151(230),132707385,여성,26SS,2026-01-30,2026-01-30,"299,000.00",30460,1,0.0,4,195021622932,0,0,0,0,3,1,0,0,0,0,0
써코니,신발(써코니),엔돌핀 프로 5,S11064-151,신발,235,S11064-151(235),132707385,여성,26SS,2026-01-30,2026-01-30,"299,000.00",30461,1,0.0,4,195021622949,0,0,0,0,3,1,0,0,0,0,0
써코니,신발(써코니),엔돌핀 프로 5,S11064-151,신발,240,S11064-151(240),132707385,여성,26SS,2026-01-30,2026-01-30,"299,000.00",30462,0,0.0,1,195021622956,0,0,0,0,1,0,0,0,0,0,0
써코니,신발(써코니),엔돌핀 아주라,S11070-124,신발,230,S11070-124(230),132707407,여성,26SS,2026-01-30,2026-01-30,"189,000.00",30607,0,0.0,2,195021625186,0,0,0,1,1,0,0,0,0,0,0
써코니,신발(써코니),엔돌핀 아주라,S11070-124,신발,235,S11070-124(235),132707407,여성,26SS,2026-01-30,2026-01-30,"189,000.00",30608,0,0.0,1,195021625193,0,0,0,0,1,0,0,0,0,0,0
써코니,신발(써코니),옴니 23 ST 와이드,S11073-104,신발,225,S11073-104(225),132707367,여성,26SS,2025-12-31,2025-12-31,"209,000.00",30669,2,0.0,2,,0,0,0,0,0,2,0,0,0,0,0
써코니,신발(써코니),옴니 23 ST 와이드,S11073-104,신발,230,S11073-104(230),132707367,여성,26SS,2025-12-31,2025-12-31,"209,000.00",30670,4,0.0,5,195021627432,0,0,0,0,1,4,0,0,0,0,0
써코니,신발(써코니),옴니 23 ST 와이드,S11073-104,신발,235,S11073-104(235),132707367,여성,26SS,2025-12-31,2025-12-31,"209,000.00",30671,4,0.0,6,195021627449,0,0,0,0,2,4,0,0,0,0,0
써코니,신발(써코니),옴니 23 ST 와이드,S11073-104,신발,240,S11073-104(240),132707367,여성,26SS,2025-12-31,2025-12-31,"209,000.00",30672,2,0.0,3,195021627456,0,0,0,0,1,2,0,0,0,0,0
써코니,신발(써코니),옴니 23 ST 와이드,S11073-104,신발,245,S11073-104(245),132707367,여성,26SS,2025-12-31,2025-12-31,"209,000.00",30673,1,0.0,1,195021627463,0,0,0,0,0,1,0,0,0,0,0
써코니,신발(써코니),허리케인 24,S20933-140,신발,250,S20933-140(250),130807513,남성,25SS,2025-02-24,2025-02-24,"189,000.00",16147,0,0.0,2,195020784129,0,0,0,0,2,0,0,0,0,0,0
써코니,신발(써코니),가이드 17,S20936-200,신발,250,S20936-200(250),123708660,남성,24FW,2024-10-16,2024-10-17,"159,000.00",11842,0,0.0,1,195020447581,0,0,0,0,0,1,0,0,0,0,0
써코니,신발(써코니),가이드 17,S20936-200,신발,270,S20936-200(270),123708660,남성,24FW,2024-10-16,2024-10-17,"159,000.00",11846,1,0.0,1,195020447628,0,0,0,0,0,1,0,0,0,0,0
써코니,신발(써코니),가이드 17 와이드,S20937-115,신발,260,S20937-115(260),123708659,남성,24FW,2024-10-16,2024-10-17,"159,000.00",11823,1,0.0,1,195019904538,0,0,0,0,0,1,0,0,0,0,0
써코니,신발(써코니),엔돌핀 프로 4,S20939-97,신발,270,S20939-97(270),131182992,남성,25FW,2025-07-15,2025-07-15,"269,000.00",22504,1,0.0,1,195021160182,0,0,0,0,0,1,0,0,0,0,0
써코니,신발(써코니),엔돌핀 스피드 4,S20940-11,신발,285,S20940-11(285),124358669,남성,25SS,2025-01-15,2025-01-15,"209,000.00",15986,0,0.0,1,195020951392,0,0,0,0,1,0,0,0,0,0,0
써코니,신발(써코니),엔돌핀 스피드 4,S20940-30,신발,260,S20940-30(260),124358667,남성,25SS,2025-01-15,2025-01-15,"209,000.00",15939,0,0.0,1,195020822159,0,0,0,0,1,0,0,0,0,0,0
써코니,신발(써코니),엔돌핀 트레이너,S20996-130,신발,250,S20996-130(250),129310340,남성,25SS,2025-04-01,2025-04-01,"219,000.00",16084,1,0.0,1,195020792520,0,0,0,0,0,1,0,0,0,0,0
써코니,신발(써코니),엔돌핀 트레이너,S20996-130,신발,255,S20996-130(255),129310340,남성,25SS,2025-04-01,2025-04-01,"219,000.00",16085,1,0.0,1,195020792537,0,0,0,0,0,1,0,0,0,0,0
써코니,신발(써코니),엔돌핀 트레이너,S20996-130,신발,260,S20996-130(260),129310340,남성,25SS,2025-04-01,2025-04-01,"219,000.00",16086,1,0.0,1,195020792544,0,0,0,0,0,1,0,0,0,0,0
써코니,신발(써코니),엔돌핀 트레이너,S20996-130,신발,265,S20996-130(265),129310340,남성,25SS,2025-04-01,2025-04-01,"219,000.00",16087,1,0.0,1,195020792551,0,0,0,0,0,1,0,0,0,0,0
써코니,신발(써코니),엔돌핀 트레이너,S20996-130,신발,270,S20996-130(270),129310340,남성,25SS,2025-04-01,2025-04-01,"219,000.00",16088,1,0.0,1,195020792568,0,0,0,0,0,1,0,0,0,0,0
써코니,신발(써코니),엔돌핀 트레이너,S20996-130,신발,275,S20996-130(275),129310340,남성,25SS,2025-04-01,2025-04-01,"219,000.00",16089,1,0.0,1,195020792575,0,0,0,0,0,1,0,0,0,0,0
써코니,신발(써코니),엔돌핀 트레이너,S20996-130,신발,280,S20996-130(280),129310340,남성,25SS,2025-04-01,2025-04-01,"219,000.00",16090,1,0.0,1,195020792582,0,0,0,0,0,1,0,0,0,0,0
써코니,신발(써코니),엔돌핀 트레이너,S20996-130,신발,285,S20996-130(285),129310340,남성,25SS,2025-04-01,2025-04-01,"219,000.00",16091,2,0.0,3,195020792599,0,0,0,0,1,2,0,0,0,0,0
써코니,신발(써코니),엔돌핀 트레이너,S20996-97,신발,255,S20996-97(255),131102390,남성,25FW,2025-07-03,2025-07-03,"219,000.00",22543,3,0.0,3,195021162704,0,0,0,0,0,3,0,0,0,0,0
써코니,신발(써코니),엔돌핀 트레이너,S20996-97,신발,260,S20996-97(260),131102390,남성,25FW,2025-07-03,2025-07-03,"219,000.00",22544,4,0.0,4,195021162711,0,0,0,0,0,4,0,0,0,0,0
써코니,신발(써코니),엔돌핀 트레이너,S20996-97,신발,265,S20996-97(265),131102390,남성,25FW,2025-07-03,2025-07-03,"219,000.00",22545,2,0.0,2,195021162728,0,0,0,0,0,2,0,0,0,0,0
써코니,신발(써코니),엔돌핀 트레이너,S20996-97,신발,270,S20996-97(270),131102390,남성,25FW,2025-07-03,2025-07-03,"219,000.00",22546,4,0.0,4,195021162735,0,0,0,0,0,4,0,0,0,0,0
써코니,신발(써코니),엔돌핀 트레이너,S20996-97,신발,275,S20996-97(275),131102390,남성,25FW,2025-07-03,2025-07-03,"219,000.00",22547,1,0.0,1,195021162742,0,0,0,0,0,1,0,0,0,0,0
써코니,신발(써코니),엔돌핀 트레이너,S20996-97,신발,280,S20996-97(280),131102390,남성,25FW,2025-07-03,2025-07-03,"219,000.00",22548,1,0.0,1,195021162759,0,0,0,0,0,1,0,0,0,0,0
써코니,신발(써코니),가이드 18,S20998-131,신발,275,S20998-131(275),130807733,남성,25SS,2025-02-24,2025-02-24,"159,000.00",16131,0,0.0,1,195020793985,0,0,0,0,0,1,0,0,0,0,0
써코니,신발(써코니),가이드 18,S20998-210,신발,255,S20998-210(255),131102361,남성,25FW,2025-07-03,2025-07-03,"159,000.00",22480,0,0.0,1,195021158295,0,0,0,0,1,0,0,0,0,0,0
써코니,신발(써코니),가이드 18,S20998-210,신발,280,S20998-210(280),131102361,남성,25FW,2025-07-03,2025-07-03,"159,000.00",22485,0,0.0,1,195021158349,0,0,0,0,1,0,0,0,0,0,0
써코니,신발(써코니),라이드 18,S21000-137,신발,285,S21000-137(285),130807531,남성,25SS,2025-02-24,2025-02-24,"159,000.00",16007,1,0.0,1,195020796160,0,0,0,0,0,1,0,0,0,0,0
써코니,신발(써코니),라이드 18,S21000-164,신발,255,S21000-164(255),124362770,남성,25SS,2025-01-15,2025-01-15,"159,000.00",16106,1,0.0,1,195020797150,0,0,0,0,0,1,0,0,0,0,0
써코니,신발(써코니),엔돌핀 스피드 5,S21007-172,신발,250,S21007-172(250),132707360,남성,26SS,2025-12-26,2025-12-31,"219,000.00",30485,1,0.0,2,195021629047,0,0,0,1,0,1,0,0,0,0,0
써코니,신발(써코니),엔돌핀 스피드 5,S21007-172,신발,255,S21007-172(255),132707360,남성,26SS,2025-12-26,2025-12-31,"219,000.00",30486,1,0.0,1,195021629054,0,0,0,0,0,1,0,0,0,0,0
써코니,신발(써코니),엔돌핀 스피드 5,S21007-172,신발,260,S21007-172(260),132707360,남성,26SS,2025-12-26,2025-12-31,"219,000.00",30487,8,0.0,9,195021629061,0,0,0,1,0,8,0,0,0,0,0
써코니,신발(써코니),엔돌핀 스피드 5,S21007-172,신발,265,S21007-172(265),132707360,남성,26SS,2025-12-26,2025-12-31,"219,000.00",30488,7,0.0,8,195021629078,0,0,0,1,0,7,0,0,0,0,0
써코니,신발(써코니),엔돌핀 스피드 5,S21007-172,신발,270,S21007-172(270),132707360,남성,26SS,2025-12-26,2025-12-31,"219,000.00",30489,12,0.0,13,195021629085,0,0,0,1,0,12,0,0,0,0,0
써코니,신발(써코니),엔돌핀 스피드 5,S21007-172,신발,275,S21007-172(275),132707360,남성,26SS,2025-12-26,2025-12-31,"219,000.00",30490,2,0.0,3,195021629092,0,0,0,1,0,2,0,0,0,0,0
써코니,신발(써코니),엔돌핀 스피드 5,S21007-172,신발,280,S21007-172(280),132707360,남성,26SS,2025-12-26,2025-12-31,"219,000.00",30491,2,0.0,4,195021629108,0,0,0,2,0,2,0,0,0,0,0
써코니,신발(써코니),엔돌핀 스피드 5 와이드,S21008-142,신발,255,S21008-142(255),132707357,남성,26SS,2025-12-26,2025-12-31,"219,000.00",30507,0,0.0,1,195021630258,0,0,0,1,0,0,0,0,0,0,0
써코니,신발(써코니),엔돌핀 스피드 5 와이드,S21008-142,신발,260,S21008-142(260),132707357,남성,26SS,2025-12-26,2025-12-31,"219,000.00",30508,1,0.0,2,195021630265,0,0,0,1,0,1,0,0,0,0,0
써코니,신발(써코니),엔돌핀 스피드 5 와이드,S21008-142,신발,265,S21008-142(265),132707357,남성,26SS,2025-12-26,2025-12-31,"219,000.00",30509,1,0.0,1,195021630272,0,0,0,0,0,1,0,0,0,0,0
써코니,신발(써코니),엔돌핀 스피드 5 와이드,S21008-142,신발,270,S21008-142(270),132707357,남성,26SS,2025-12-26,2025-12-31,"219,000.00",30510,1,0.0,2,195021630289,0,0,0,1,0,1,0,0,0,0,0
써코니,신발(써코니),엔돌핀 스피드 5 와이드,S21008-142,신발,275,S21008-142(275),132707357,남성,26SS,2025-12-26,2025-12-31,"219,000.00",30511,0,0.0,1,195021630296,0,0,0,1,0,0,0,0,0,0,0
써코니,신발(써코니),엔돌핀 스피드 5 와이드,S21008-142,신발,285,S21008-142(285),132707357,남성,26SS,2025-12-26,2025-12-31,"219,000.00",30513,0,0.0,1,195021630319,0,0,0,1,0,0,0,0,0,0,0
써코니,신발(써코니),엔돌핀 스피드 5 와이드,S21008-142,신발,290,S21008-142(290),132707357,남성,26SS,2025-12-26,2025-12-31,"219,000.00",30514,1,0.0,1,,0,0,0,0,0,1,0,0,0,0,0
써코니,신발(써코니),트라이엄프 23,S21023-172,신발,250,S21023-172(250),132707203,남성,26SS,2025-12-26,2025-12-31,"199,000.00",30569,0,0.0,2,195021631743,0,0,0,1,1,0,0,0,0,0,0
써코니,신발(써코니),트라이엄프 23,S21023-172,신발,255,S21023-172(255),132707203,남성,26SS,2025-12-26,2025-12-31,"199,000.00",30570,1,0.0,3,195021631750,0,0,0,1,1,1,0,0,0,0,0
써코니,신발(써코니),트라이엄프 23,S21023-172,신발,260,S21023-172(260),132707203,남성,26SS,2025-12-26,2025-12-31,"199,000.00",30571,4,0.0,6,195021631767,0,0,0,1,2,3,0,0,0,0,0
써코니,신발(써코니),트라이엄프 23,S21023-172,신발,265,S21023-172(265),132707203,남성,26SS,2025-12-26,2025-12-31,"199,000.00",30572,6,0.0,8,195021631774,0,0,0,1,1,6,0,0,0,0,0
써코니,신발(써코니),트라이엄프 23,S21023-172,신발,270,S21023-172(270),132707203,남성,26SS,2025-12-26,2025-12-31,"199,000.00",30573,9,0.0,12,195021631781,0,0,0,2,1,9,0,0,0,0,0
써코니,신발(써코니),트라이엄프 23,S21023-172,신발,275,S21023-172(275),132707203,남성,26SS,2025-12-26,2025-12-31,"199,000.00",30574,5,0.0,8,195021631798,0,0,0,1,2,5,0,0,0,0,0
써코니,신발(써코니),트라이엄프 23,S21023-172,신발,280,S21023-172(280),132707203,남성,26SS,2025-12-26,2025-12-31,"199,000.00",30575,3,0.0,5,195021631804,0,0,0,1,1,3,0,0,0,0,0
써코니,신발(써코니),트라이엄프 23,S21023-172,신발,285,S21023-172(285),132707203,남성,26SS,2025-12-26,2025-12-31,"199,000.00",30576,0,0.0,1,195021631811,0,0,0,1,0,0,0,0,0,0,0
써코니,신발(써코니),라이드 19,S21055-172,신발,250,S21055-172(250),132707380,남성,26SS,2025-12-26,2025-12-31,"179,000.00",30695,1,0.0,2,195021636519,0,0,0,1,0,1,0,0,0,0,0
써코니,신발(써코니),라이드 19,S21055-172,신발,255,S21055-172(255),132707380,남성,26SS,2025-12-26,2025-12-31,"179,000.00",30696,2,0.0,3,195021636526,0,0,0,1,0,2,0,0,0,0,0
써코니,신발(써코니),라이드 19,S21055-172,신발,260,S21055-172(260),132707380,남성,26SS,2025-12-26,2025-12-31,"179,000.00",30697,9,0.0,11,195021636533,0,0,0,1,1,9,0,0,0,0,0
써코니,신발(써코니),라이드 19,S21055-172,신발,265,S21055-172(265),132707380,남성,26SS,2025-12-26,2025-12-31,"179,000.00",30698,13,0.0,15,195021636540,0,0,0,1,1,13,0,0,0,0,0
써코니,신발(써코니),라이드 19,S21055-172,신발,270,S21055-172(270),132707380,남성,26SS,2025-12-26,2025-12-31,"179,000.00",30699,16,0.0,19,195021636557,0,0,0,2,1,16,0,0,0,0,0
써코니,신발(써코니),라이드 19,S21055-172,신발,275,S21055-172(275),132707380,남성,26SS,2025-12-26,2025-12-31,"179,000.00",30700,10,0.0,12,195021636564,0,0,0,1,1,10,0,0,0,0,0
써코니,신발(써코니),라이드 19,S21055-172,신발,280,S21055-172(280),132707380,남성,26SS,2025-12-26,2025-12-31,"179,000.00",30701,6,0.0,7,195021636571,0,0,0,1,0,6,0,0,0,0,0
써코니,신발(써코니),라이드 19,S21055-172,신발,285,S21055-172(285),132707380,남성,26SS,2025-12-26,2025-12-31,"179,000.00",30702,2,0.0,3,195021636588,0,0,0,1,0,2,0,0,0,0,0
써코니,신발(써코니),라이드 19,S21055-172,신발,290,S21055-172(290),132707380,남성,26SS,2025-12-26,2025-12-31,"179,000.00",30703,2,0.0,2,,0,0,0,0,0,2,0,0,0,0,0
써코니,신발(써코니),가이드 19,S21059-103,신발,260,S21059-103(260),133315283,남성,26SS,2026-03-27,2026-03-27,"179,000.00",30718,8,0.0,9,195021640912,0,0,0,1,0,8,0,0,0,0,0
써코니,신발(써코니),가이드 19,S21059-103,신발,265,S21059-103(265),133315283,남성,26SS,2026-03-27,2026-03-27,"179,000.00",30719,8,0.0,9,195021640929,0,0,0,1,0,8,0,0,0,0,0
써코니,신발(써코니),가이드 19,S21059-103,신발,270,S21059-103(270),133315283,남성,26SS,2026-03-27,2026-03-27,"179,000.00",30720,10,0.0,11,195021640936,0,0,0,1,0,10,0,0,0,0,0
써코니,신발(써코니),가이드 19,S21059-103,신발,275,S21059-103(275),133315283,남성,26SS,2026-03-27,2026-03-27,"179,000.00",30721,3,0.0,4,195021640943,0,0,0,1,0,3,0,0,0,0,0
써코니,신발(써코니),가이드 19,S21059-103,신발,280,S21059-103(280),133315283,남성,26SS,2026-03-27,2026-03-27,"179,000.00",30722,4,0.0,5,195021640950,0,0,0,1,0,4,0,0,0,0,0
써코니,신발(써코니),가이드 19,S21059-103,신발,285,S21059-103(285),133315283,남성,26SS,2026-03-27,2026-03-27,"179,000.00",30723,1,0.0,2,195021640967,0,0,0,1,0,1,0,0,0,0,0
써코니,신발(써코니),가이드 19,S21059-103,신발,290,S21059-103(290),133315283,남성,26SS,2026-03-27,2026-03-27,"179,000.00",30724,1,0.0,1,,0,0,0,0,0,1,0,0,0,0,0
써코니,신발(써코니),엔돌핀 프로 5,S21064-130,신발,280,S21064-130(280),,남성,26SS,2026-04-22,2026-04-22,"299,000.00",34484,0,0.0,1,,0,0,0,0,0,1,0,0,0,0,0
써코니,신발(써코니),엔돌핀 프로 5,S21064-140,신발,260,S21064-140(260),133431986,남성,26SS,2026-04-22,2026-04-22,"299,000.00",34436,5,0.0,6,195021642473,0,0,0,1,0,5,0,0,0,0,0
써코니,신발(써코니),엔돌핀 프로 5,S21064-140,신발,265,S21064-140(265),133431986,남성,26SS,2026-04-22,2026-04-22,"299,000.00",34437,0,0.0,2,195021642480,0,0,0,2,0,0,0,0,0,0,0
써코니,신발(써코니),엔돌핀 프로 5,S21064-140,신발,270,S21064-140(270),133431986,남성,26SS,2026-04-22,2026-04-22,"299,000.00",34438,6,0.0,7,195021642497,0,0,0,1,0,6,0,0,0,0,0
써코니,신발(써코니),엔돌핀 프로 5,S21064-140,신발,275,S21064-140(275),133431986,남성,26SS,2026-04-22,2026-04-22,"299,000.00",34439,6,0.0,7,195021642503,0,0,0,1,0,6,0,0,0,0,0
써코니,신발(써코니),엔돌핀 프로 5,S21064-140,신발,280,S21064-140(280),133431986,남성,26SS,2026-04-22,2026-04-22,"299,000.00",34440,0,0.0,1,195021642510,0,0,0,1,0,0,0,0,0,0,0
써코니,신발(써코니),엔돌핀 프로 5,S21064-151,신발,260,S21064-151(260),132707398,남성,26SS,2026-01-30,2026-04-22,"299,000.00",30445,2,0.0,4,195021642626,0,0,0,1,1,2,0,0,0,0,0
써코니,신발(써코니),엔돌핀 프로 5,S21064-151,신발,265,S21064-151(265),132707398,남성,26SS,2026-01-30,2026-04-22,"299,000.00",30446,1,0.0,5,195021642633,0,0,0,1,3,1,0,0,0,0,0
써코니,신발(써코니),엔돌핀 프로 5,S21064-151,신발,270,S21064-151(270),132707398,남성,26SS,2026-01-30,2026-04-22,"299,000.00",30447,1,0.0,4,195021642640,0,0,0,2,1,1,0,0,0,0,0
써코니,신발(써코니),엔돌핀 프로 5,S21064-151,신발,275,S21064-151(275),132707398,남성,26SS,2026-01-30,2026-04-22,"299,000.00",30448,1,0.0,4,195021642657,0,0,0,1,2,1,0,0,0,0,0
써코니,신발(써코니),엔돌핀 프로 5,S21064-151,신발,280,S21064-151(280),132707398,남성,26SS,2026-01-30,2026-04-22,"299,000.00",30449,0,0.0,3,195021642664,0,0,0,1,1,1,0,0,0,0,0
써코니,신발(써코니),엔돌핀 프로 5,S21064-172,신발,260,S21064-172(260),132707391,남성,26SS,2026-01-30,2026-01-30,"299,000.00",30424,0,0.0,1,195021642770,0,0,0,1,0,0,0,0,0,0,0
써코니,신발(써코니),엔돌핀 프로 5,S21064-172,신발,265,S21064-172(265),132707391,남성,26SS,2026-01-30,2026-01-30,"299,000.00",30425,1,0.0,2,195021642787,0,0,0,1,0,1,0,0,0,0,0
써코니,신발(써코니),엔돌핀 프로 5,S21064-172,신발,270,S21064-172(270),132707391,남성,26SS,2026-01-30,2026-01-30,"299,000.00",30426,0,0.0,1,195021642794,0,0,0,1,0,0,0,0,0,0,0
써코니,신발(써코니),엔돌핀 프로 5,S21064-172,신발,275,S21064-172(275),132707391,남성,26SS,2026-01-30,2026-01-30,"299,000.00",30427,0,0.0,1,195021642800,0,0,0,1,0,0,0,0,0,0,0
써코니,신발(써코니),엔돌핀 아주라,S21070-172,신발,260,S21070-172(260),132707409,남성,26SS,2026-01-30,2026-01-30,"189,000.00",30550,0,0.0,1,195021645474,0,0,0,1,0,0,0,0,0,0,0
써코니,신발(써코니),엔돌핀 아주라,S21070-172,신발,270,S21070-172(270),132707409,남성,26SS,2026-01-30,2026-01-30,"189,000.00",30552,0,0.0,2,195021645498,0,0,0,1,1,0,0,0,0,0,0
써코니,신발(써코니),엔돌핀 아주라,S21070-172,신발,275,S21070-172(275),132707409,남성,26SS,2026-01-30,2026-01-30,"189,000.00",30553,0,0.0,1,195021645504,0,0,0,0,1,0,0,0,0,0,0
써코니,신발(써코니),옴니 23 ST,S21073-103,신발,250,S21073-103(250),132707778,남성,26SS,2026-01-30,2026-01-30,"199,000.00",30590,1,0.0,2,195021647256,0,0,0,0,1,1,0,0,0,0,0
써코니,신발(써코니),옴니 23 ST,S21073-103,신발,255,S21073-103(255),132707778,남성,26SS,2026-01-30,2026-01-30,"199,000.00",30591,2,0.0,2,195021647263,0,0,0,0,0,2,0,0,0,0,0
써코니,신발(써코니),옴니 23 ST,S21073-103,신발,260,S21073-103(260),132707778,"남,여",26SS,2026-01-30,2026-01-30,"199,000.00",30592,5,0.0,7,195021647270,0,0,0,1,1,5,0,0,0,0,0
써코니,신발(써코니),옴니 23 ST,S21073-103,신발,265,S21073-103(265),132707778,"남,여",26SS,2026-01-30,2026-01-30,"199,000.00",30593,7,0.0,11,195021647287,0,0,0,1,3,7,0,0,0,0,0
써코니,신발(써코니),옴니 23 ST,S21073-103,신발,270,S21073-103(270),132707778,"남,여",26SS,2026-01-30,2026-01-30,"199,000.00",30594,9,0.0,14,195021647294,0,0,0,2,3,9,0,0,0,0,0
써코니,신발(써코니),옴니 23 ST,S21073-103,신발,275,S21073-103(275),132707778,"남,여",26SS,2026-01-30,2026-01-30,"199,000.00",30595,5,0.0,9,195021647300,0,0,0,1,3,5,0,0,0,0,0
써코니,신발(써코니),옴니 23 ST,S21073-103,신발,280,S21073-103(280),132707778,"남,여",26SS,2026-01-30,2026-01-30,"199,000.00",30596,3,0.0,5,195021647317,0,0,0,1,1,3,0,0,0,0,0
써코니,신발(써코니),옴니 23 ST,S21073-103,신발,285,S21073-103(285),132707778,"남,여",26SS,2026-01-30,2026-01-30,"199,000.00",30597,1,0.0,2,195021647324,0,0,0,1,0,1,0,0,0,0,0
써코니,신발(써코니),옴니 23 ST,S21073-103,신발,290,S21073-103(290),132707778,남성,26SS,2026-01-30,2026-01-30,"199,000.00",30598,1,0.0,1,,0,0,0,0,0,1,0,0,0,0,0
써코니,신발(써코니),엔돌핀 엘리트 2,S30994-130,신발,265,S30994-130(265),128610204,남성,25SS,2025-02-24,2025-02-24,"339,000.00",16045,0,0.0,1,195020799277,0,0,0,0,1,0,0,0,0,0,0
쏘어,용품(쏘어),울트라 레이스 캡,SA13MW-BLK,용품,1SIZE,SA13MW-BLK(1SIZE),133843166,공용,26SS,2026-06-15,2026-06-11,"89,000.00",37777,10,0.0,18,5061103402059,0,0,0,8,0,10,0,0,0,0,0
쏘어,용품(쏘어),울트라 레이스 캡,SA13MW-GRE,용품,1SIZE,SA13MW-GRE(1SIZE),133843164,공용,26SS,2026-06-15,2026-06-11,"89,000.00",37767,13,0.0,18,5061103402066,0,0,0,5,0,13,0,0,0,0,0
쏘어,용품(쏘어),런 캡 2.0,SA28MW-BLK,용품,1SIZE,SA28MW-BLK(1SIZE),133091811,공용,26SS,2026-03-09,2026-03-09,"89,000.00",32063,0,0.0,1,5061103402400,0,0,0,0,1,0,0,0,0,0,0
쏘어,용품(쏘어),런 캡 2.0,SA28MW-PIN,용품,1SIZE,SA28MW-PIN(1SIZE),133088587,공용,26SS,2026-03-09,2026-03-09,"89,000.00",32055,0,0.0,9,5061103402431,0,0,0,2,7,0,0,0,0,0,0
라이다,용품(라이다),페이스,SKU021,용품,1SIZE,SKU021(1SIZE),,공용,25SS,2025-02-19,2025-02-19,"127,000.00",17254,0,0.0,4,,0,0,0,3,1,0,0,0,0,0,0
라이다,용품(라이다),조그,SKU072,용품,1SIZE,SKU072(1SIZE),,공용,25SS,2025-02-19,2025-02-19,"118,000.00",10177,0,0.0,1,RIDAR-SKU072,0,0,0,0,1,0,0,0,0,0,0
쏘어,의류(쏘어),런 쇼츠,SS5M-BLK,의류,S,SS5M-BLK(S),133088584,남성,26SS,2026-03-09,2026-03-09,"199,000.00",32049,0,0.0,1,5061103405647,0,0,0,0,1,0,0,0,0,0,0
쏘어,의류(쏘어),테크 티,ST2M-BLK,의류,S,ST2M-BLK(S),133088576,공용,26SS,2026-03-09,2026-03-09,"159,000.00",32028,0,0.0,2,5061103406828,0,0,0,1,1,0,0,0,0,0,0
쏘어,의류(쏘어),테크 티,ST2M-BLK,의류,XL,ST2M-BLK(XL),133088576,공용,26SS,2026-03-09,2026-03-09,"159,000.00",32031,0,0.0,1,5061103406859,0,0,0,0,1,0,0,0,0,0,0
쏘어,의류(쏘어),테크 티,ST2M-WHI,의류,L,ST2M-WHI(L),133088566,공용,26SS,2026-03-09,2026-03-09,"159,000.00",32017,0,0.0,1,5061103407146,0,0,0,1,0,0,0,0,0,0,0
쏘어,의류(쏘어),테크 티,ST2M-WHI,의류,S,ST2M-WHI(S),133088566,공용,26SS,2026-03-09,2026-03-09,"159,000.00",32015,0,0.0,2,5061103407122,0,0,0,2,0,0,0,0,0,0,0
쏘어,의류(쏘어),레이스 베스트,SV7M-BLK-WHI,의류,L,SV7M-BLK-WHI(L),133088554,공용,26SS,2026-03-09,2026-03-09,"189,000.00",32009,0,0.0,2,5061103409997,0,0,0,0,2,0,0,0,0,0,0
쏘어,의류(쏘어),레이스 베스트,SV7M-BLK-WHI,의류,M,SV7M-BLK-WHI(M),133088554,공용,26SS,2026-03-09,2026-03-09,"189,000.00",32008,0,0.0,1,5061103409980,0,0,0,1,0,0,0,0,0,0,0
쏘어,의류(쏘어),레이스 베스트,SV7M-BLK-WHI,의류,XL,SV7M-BLK-WHI(XL),133088554,공용,26SS,2026-03-09,2026-03-09,"189,000.00",32010,0,0.0,1,5061110450005,0,0,0,1,0,0,0,0,0,0,0
쏘어,의류(쏘어),레이스 베스트,SV7M-BLU,의류,L,SV7M-BLU(L),133088551,공용,26SS,2026-03-09,2026-03-09,"189,000.00",32001,0,0.0,1,5061110450050,0,0,0,0,1,0,0,0,0,0,0
쏘어,의류(쏘어),레이스 베스트,SV7M-BLU,의류,M,SV7M-BLU(M),133088551,공용,26SS,2026-03-09,2026-03-09,"189,000.00",32000,0,0.0,1,5061110450043,0,0,0,0,1,0,0,0,0,0,0
쏘어,의류(쏘어),레이스 베스트,SV7M-BLU,의류,S,SV7M-BLU(S),133088551,공용,26SS,2026-03-09,2026-03-09,"189,000.00",31999,0,0.0,2,5061110450036,0,0,0,1,1,0,0,0,0,0,0
쏘어,의류(쏘어),레이스 베스트,SV7M-BLU,의류,XL,SV7M-BLU(XL),133088551,공용,26SS,2026-03-09,2026-03-09,"189,000.00",32002,0,0.0,2,5061110450067,0,0,0,1,1,0,0,0,0,0,0
쏘어,의류(쏘어),레이스 베스트,SV7M-BLU-GRE,의류,L,SV7M-BLU-GRE(L),133088032,공용,26SS,2026-03-09,2026-03-09,"189,000.00",31993,0,0.0,1,5061110450111,0,0,0,0,1,0,0,0,0,0,0
쏘어,의류(쏘어),레이스 베스트,SV7M-BLU-GRE,의류,M,SV7M-BLU-GRE(M),133088032,공용,26SS,2026-03-09,2026-03-09,"189,000.00",31992,0,0.0,1,5061110450104,0,0,0,1,0,0,0,0,0,0,0
쏘어,의류(쏘어),레이스 베스트,SV7M-BLU-GRE,의류,S,SV7M-BLU-GRE(S),133088032,공용,26SS,2026-03-09,2026-03-09,"189,000.00",31991,0,0.0,1,5061110450098,0,0,0,0,1,0,0,0,0,0,0
쏘어,의류(쏘어),레이스 베스트,SV7M-NAV,의류,L,SV7M-NAV(L),133088030,공용,26SS,2026-03-09,2026-03-09,"189,000.00",31985,0,0.0,1,5061110450234,0,0,0,0,1,0,0,0,0,0,0
쏘어,의류(쏘어),레이스 베스트,SV7M-NAV,의류,M,SV7M-NAV(M),133088030,공용,26SS,2026-03-09,2026-03-09,"189,000.00",31984,0,0.0,2,5061110450227,0,0,0,1,1,0,0,0,0,0,0
쏘어,의류(쏘어),레이스 베스트,SV7M-NAV,의류,S,SV7M-NAV(S),133088030,공용,26SS,2026-03-09,2026-03-09,"189,000.00",31983,0,0.0,2,5061110450210,0,0,0,1,1,0,0,0,0,0,0
나이키,용품(나이키),에브리데이 플러스 쿠션드,SX6888-010,용품,L,SX6888-010(L),123231085,공용,SU24,2024-05-16,2024-05-16,"29,000.00",2430,4,0.0,4,888408257970,0,0,0,0,0,4,0,1,0,0,0
나이키,용품(나이키),에브리데이 플러스 쿠션드,SX6888-010,용품,XL,SX6888-010(XL),123231085,공용,SU24,2024-05-16,2024-05-16,"29,000.00",2431,0,0.0,2,888408257987,0,0,0,0,2,0,0,0,0,0,0
나이키,용품(나이키),에브리데이 플러스 쿠션드,SX6888-100,용품,L,SX6888-100(L),123231136,공용,SU24,2024-04-11,2024-04-15,"29,000.00",2438,0,0.0,1,888408258069,0,0,0,0,1,0,0,0,0,0,0
나이키,용품(나이키),에브리데이 플러스 쿠션드,SX6888-100,용품,XL,SX6888-100(XL),123231136,공용,SU24,2024-04-11,2024-04-15,"29,000.00",2439,0,0.0,2,888408258076,0,0,0,0,2,0,0,0,0,0,0
나이키,용품(나이키),에브리데이 플러스 쿠션드,SX6888-900,용품,XL,SX6888-900(XL),123231086,공용,SU24,2024-04-18,2024-04-18,"29,000.00",2447,0,0.0,2,196976532437,0,0,0,0,2,0,0,0,0,0,0
나이키,용품(나이키),멀티플라이어,SX7554-010,용품,L,SX7554-010(L),123231429,공용,SU24,2024-06-12,2024-06-12,"29,000.00",2454,12,0.0,12,194275662831,0,0,0,0,0,12,0,0,0,0,0
나이키,용품(나이키),멀티플라이어,SX7554-010,용품,M,SX7554-010(M),123231429,공용,SU24,2024-06-12,2024-06-12,"29,000.00",2453,9,0.0,10,194275662824,0,0,0,0,1,9,0,0,0,0,0
나이키,용품(나이키),멀티플라이어,SX7554-010,용품,XL,SX7554-010(XL),123231429,공용,SU24,2024-06-12,2024-06-12,"29,000.00",2455,4,0.0,6,194275662848,0,0,0,0,2,4,0,0,0,0,0
씨엘르,용품(씨엘르),SKL비니 Speedway-Whitaker,U-2-BN-0373-BK008,용품,1SIZE,U-2-BN-0373-BK008(1SIZE),,공용,26FW,2026-07-31,2026-07-31,"120,000.00",40386,4,0.0,10,,0,0,0,3,3,4,0,0,0,0,0
씨엘르,용품(씨엘르),SKL비니 Speedway-Cake,U-2-BN-0373-BR013,용품,1SIZE,U-2-BN-0373-BR013(1SIZE),,공용,26FW,2026-07-31,2026-07-31,"120,000.00",40396,1,0.0,5,,0,0,0,2,2,1,0,0,0,0,0
씨엘르,용품(씨엘르),GO캡 Classic-Athletics-Quarry,U-2-CA-0056-BL029,용품,M/L,U-2-CA-0056-BL029(M/L),136602001,공용,26FW,2026-07-31,2026-07-31,"66,000.00",40309,8,0.0,18,056465017404,0,0,0,5,5,8,0,0,0,0,0
씨엘르,용품(씨엘르),GO캡 Classic-Athletics-Quarry,U-2-CA-0056-BL029,용품,S/M,U-2-CA-0056-BL029(S/M),136602001,공용,26FW,2026-07-31,2026-07-31,"66,000.00",40308,4,0.0,10,056465017398,0,0,0,3,3,4,0,0,0,0,0
씨엘르,용품(씨엘르),GO캡 Classic-Athletics-Spruce,U-2-CA-0056-GN029,용품,M/L,U-2-CA-0056-GN029(M/L),,공용,26FW,2026-07-31,2026-07-31,"66,000.00",40329,6,0.0,12,,0,0,0,3,3,6,0,0,0,0,0
씨엘르,용품(씨엘르),GO캡 Classic-Athletics-Spruce,U-2-CA-0056-GN029,용품,S/M,U-2-CA-0056-GN029(S/M),,공용,26FW,2026-07-31,2026-07-31,"66,000.00",40328,4,0.0,7,,0,0,0,2,1,4,0,0,0,0,0
씨엘르,용품(씨엘르),GO캡 Classic-Athletics-Gekko,U-2-CA-0056-YE006,용품,M/L,U-2-CA-0056-YE006(M/L),136602000,공용,26FW,2026-07-31,2026-07-31,"66,000.00",40319,4,0.0,10,056465017367,0,0,0,3,3,4,0,0,0,0,0
씨엘르,용품(씨엘르),GO캡 Classic-Athletics-Gekko,U-2-CA-0056-YE006,용품,S/M,U-2-CA-0056-YE006(S/M),136602000,공용,26FW,2026-07-31,2026-07-31,"66,000.00",40318,3,0.0,5,056465017350,0,0,0,1,1,3,0,0,0,0,0
씨엘르,용품(씨엘르),GO캡 Long Brim Denim LE,U-2-CA-0118-BL001-ML,용품,M/L,U-2-CA-0118-BL001-ML(M/L),129417682,공용,25SS,2025-03-13,2025-03-13,"114,000.00",17555,0,0.0,5,709904328165,0,0,0,0,5,0,0,0,0,0,0
씨엘르,용품(씨엘르),GO캡 Long Brim Milkensuga LE,U-2-CA-0119-GN005-ML,용품,M/L,U-2-CA-0119-GN005-ML(M/L),129417687,공용,25SS,2025-03-13,2025-03-13,"102,000.00",17563,0,0.0,5,709904328158,0,0,0,1,4,0,0,0,0,0,0
씨엘르,용품(씨엘르),FST캡 SC-Classic-AthleticsSL-LightMoss,U-2-CA-0263-GN030,용품,S/M,U-2-CA-0263-GN030(S/M),,공용,26FW,2026-07-31,2026-07-31,"72,000.00",40298,4,0.0,8,056465016780,0,0,0,2,2,4,0,0,0,0,0
씨엘르,용품(씨엘르),FST캡 SC-Classic-AthleticsSL-RoseDawn,U-2-CA-0263-PK007,용품,S/M,U-2-CA-0263-PK007(S/M),136601994,공용,26FW,2026-07-31,2026-07-31,"72,000.00",40288,3,0.0,8,,0,0,0,2,3,3,0,0,0,0,0
씨엘르,용품(씨엘르),FST캡 Ethereal-Icon-CircleC-Shadowcast,U-2-CA-0283-BK001,용품,S/M,U-2-CA-0283-BK001(S/M),136601997,공용,26FW,2026-07-31,2026-07-31,"126,000.00",40228,9,0.0,28,056465003667,0,0,0,9,10,9,0,0,0,0,0
씨엘르,용품(씨엘르),FST캡 Ethereal-Icon-CircleC-Toad,U-2-CA-0283-GN018,용품,S/M,U-2-CA-0283-GN018(S/M),136601995,공용,26FW,2026-07-31,2026-07-31,"126,000.00",40238,5,0.0,15,056465003674,0,0,0,5,5,5,0,0,0,0,0
씨엘르,용품(씨엘르),GO캡 SC-Comp-WWM26 뉴욕,U-2-CA-0322-BL043,용품,M/L,U-2-CA-0322-BL043(M/L),136602013,공용,26FW,2026-07-31,2026-07-31,"84,000.00",40339,20,0.0,38,,0,0,0,9,9,20,0,0,0,0,0
씨엘르,용품(씨엘르),GO캡 SC-Comp-WWM26 샤모니,U-2-CA-0322-BL044,용품,M/L,U-2-CA-0322-BL044(M/L),136602009,공용,26FW,2026-07-31,2026-07-31,"84,000.00",40349,4,0.0,7,,0,0,0,1,2,4,0,0,0,0,0
씨엘르,용품(씨엘르),GO캡 SC-Comp-WWM26 베를린,U-2-CA-0322-GN029,용품,M/L,U-2-CA-0322-GN029(M/L),136602010,공용,26FW,2026-07-31,2026-07-31,"84,000.00",40359,10,0.0,30,,0,0,0,10,10,10,0,0,0,0,0
씨엘르,용품(씨엘르),GO캡 SC-Comp-WWM26 시카고,U-2-CA-0322-GN030,용품,M/L,U-2-CA-0322-GN030(M/L),136602012,공용,26FW,2026-07-31,2026-07-31,"84,000.00",40369,19,0.0,38,,0,0,0,9,10,19,0,0,0,0,0
씨엘르,용품(씨엘르),TRL캡 SC-Comp-Throttle-DeepSpace,U-2-CA-0360-BL004,용품,M/L,U-2-CA-0360-BL004(M/L),136601991,공용,26FW,2026-07-31,2026-07-31,"90,000.00",40249,4,0.0,10,,0,0,0,3,3,4,0,0,0,0,0
씨엘르,용품(씨엘르),TRL캡 SC-Comp-Throttle-Spruce,U-2-CA-0360-GN029,용품,M/L,U-2-CA-0360-GN029(M/L),136601982,공용,26FW,2026-07-31,2026-07-31,"90,000.00",40259,4,0.0,9,,0,0,0,2,3,4,0,0,0,0,0
씨엘르,용품(씨엘르),GO캡 MRPH-EQ-RaceDay-RainyDay,U-2-CA-0361-BE005,용품,M/L,U-2-CA-0361-BE005(M/L),136601999,공용,26FW,2026-07-31,2026-07-31,"114,000.00",40269,4,0.0,10,,0,0,0,3,3,4,0,0,0,0,0
씨엘르,용품(씨엘르),GO캡 MRPH-EQ-RaceDay-DeepSpace,U-2-CA-0361-BL004,용품,M/L,U-2-CA-0361-BL004(M/L),136601998,공용,26FW,2026-07-31,2026-07-31,"114,000.00",40279,4,0.0,10,,0,0,0,3,3,4,0,0,0,0,0
카멜백,용품(카멜백),울트라 벨트 17oz,ULTRA BELT TEAL,용품,M/L,ULTRA BELT TEAL(M/L),135911571,공용,25SS,2025-04-16,2025-04-16,"87,000.00",19349,0,0.0,3,886798051888,0,0,0,1,2,0,0,0,0,0,0
밴딧러닝,용품(밴딧러닝),엠브로이더 라이트 런 삭스 2 PACK,UPLRP001FL24CU,용품,XS/S,UPLRP001FL24CU(XS/S),123945883,공용,24FW,2024-10-21,2024-10-21,"49,000.00",11886,0,0.0,1,810169343869,0,0,0,0,1,0,0,0,0,0,0
밴딧러닝,용품(밴딧러닝),라이트 런 삭스 2 PACK,UPLRP001FL24GR,용품,XS/S,UPLRP001FL24GR(XS/S),123945893,공용,24FW,2024-10-21,2024-10-21,"49,000.00",11972,0,0.0,1,810169343807,0,0,0,0,1,0,0,0,0,0,0
밴딧러닝,용품(밴딧러닝),엠브로이더 라이트 런 삭스 2 PACK,UPLRP001FL24TD,용품,M/L,UPLRP001FL24TD(M/L),123945884,공용,24FW,2024-10-21,2024-10-21,"49,000.00",11895,0,0.0,2,810169343852,0,0,0,0,2,0,0,0,0,0,0
밴딧러닝,용품(밴딧러닝),엠브로이더 라이트 런 삭스 2 PACK,UPLRP001FL24TD,용품,XS/S,UPLRP001FL24TD(XS/S),123945884,공용,24FW,2024-10-21,2024-10-21,"49,000.00",11896,0,0.0,4,810169343845,0,0,0,0,4,0,0,0,0,0,0
밴딧러닝,의류(밴딧러닝),자카드 롱 슬리브 퍼포먼스 티셔츠,UPPLP001FL24SO,의류,XXS,UPPLP001FL24SO(XXS),123945891,남성,24FW,2024-10-21,2024-11-01,"159,000.00",11945,0,0.0,2,810169343005,0,0,0,2,0,0,0,0,0,0,0
얼티밋포텐셜,용품(얼티밋포텐셜),러닝에너지젤,UT-01,용품,1SIZE,UT-01(1SIZE),132903036,공용,26SS,2026-03-03,2026-03-03,"18,000.00",31978,0,0.0,24,8809359457822,0,0,0,11,13,0,0,0,0,0,0
얼티밋포텐셜,용품(얼티밋포텐셜),러닝에너지프리,UT-02,용품,1SIZE,UT-02(1SIZE),132903031,공용,26SS,2026-03-03,2026-03-03,"18,000.00",31979,1,0.0,3,8809359457846,0,0,0,2,1,0,0,0,0,0,0
얼티밋포텐셜,용품(얼티밋포텐셜),얼티밋하이드로 50,UT-03,용품,1SIZE,UT-03(1SIZE),132903030,공용,26SS,2026-03-03,2026-03-03,"22,000.00",31980,1,0.0,21,8809965481372,0,0,0,4,16,1,0,0,0,0,0
삼경엠앤에스,용품(삼경엠앤에스),비타민웰 액티브 500ml (사과향),VT-01,용품,1SIZE,VT-01(1SIZE),,공용,25SS,2025-02-21,2025-02-21,"2,900.00",17452,0,0.0,10,7340222800440,0,0,0,0,10,0,0,0,0,0,0
삼경엠앤에스,용품(삼경엠앤에스),비타민웰 케어 500ml (레드자몽향),VT-02,용품,1SIZE,VT-02(1SIZE),,공용,25SS,2025-02-21,2025-02-21,"2,900.00",17453,0,0.0,13,7340222800419,0,0,0,0,13,0,0,0,0,0,0
삼경엠앤에스,용품(삼경엠앤에스),비타민웰 리로드 500ml (레몬라임향),VT-03,용품,1SIZE,VT-03(1SIZE),,공용,25SS,2025-02-21,2025-02-21,"2,900.00",17454,0,0.0,8,7340222800433,0,0,0,0,8,0,0,0,0,0,0
삼경엠앤에스,용품(삼경엠앤에스),오트사이드 귀리음료 오리지널 200ml,VT-04,용품,1SIZE,VT-04(1SIZE),,공용,25SS,2025-02-21,2025-02-21,"1,500.00",17455,0,0.0,19,8997240600287,0,0,0,0,19,0,0,0,0,0,0
삼경엠앤에스,용품(삼경엠앤에스),오트사이드 귀리음료 초콜릿맛 200ml,VT-05,용품,1SIZE,VT-05(1SIZE),,공용,25SS,2025-02-21,2025-02-21,"1,500.00",17456,0,0.0,20,8997240600294,0,0,0,0,20,0,0,0,0,0,0
삼경엠앤에스,용품(삼경엠앤에스),오트사이드 귀리음료 커피 200ml,VT-06,용품,1SIZE,VT-06(1SIZE),,공용,25SS,2025-02-21,2025-02-21,"1,900.00",17457,0,0.0,24,8997240600737,0,0,0,0,24,0,0,0,0,0,0
뉴발란스,의류(뉴발란스),RC 브라,WB51052_BK,의류,L,WB51052_BK(L),130701419,여성,25SS,2025-03-05,2025-03-05,"99,900.00",13975,2,0.0,4,NBN9F265021909500,0,0,0,1,1,2,0,0,0,0,0
뉴발란스,의류(뉴발란스),RC 브라,WB51052_BK,의류,M,WB51052_BK(M),130701419,여성,25SS,2025-03-05,2025-03-05,"99,900.00",13974,5,0.0,6,NBN9F265021909000,0,0,0,1,1,4,0,0,0,0,0
뉴발란스,의류(뉴발란스),RC 브라,WB51052_BK,의류,S,WB51052_BK(S),130701419,여성,25SS,2025-03-05,2025-03-05,"99,900.00",13973,6,0.0,8,NBN9F265021908500,0,0,0,1,1,6,0,0,0,0,0
뉴발란스,의류(뉴발란스),RC 브라,WB51052_HMO,의류,M,WB51052_HMO(M),,여성,25SS,2025-03-05,2025-03-05,"99,900.00",13966,3,0.0,5,NBN9F265028009000,0,0,0,2,0,3,0,0,0,0,0
뉴발란스,의류(뉴발란스),RC 브라,WB51052_HMO,의류,S,WB51052_HMO(S),,여성,25SS,2025-03-05,2025-03-05,"99,900.00",13965,3,0.0,5,NBN9F265021908500,0,0,0,2,0,3,0,0,0,0,0
뉴발란스,의류(뉴발란스),디파인 하이 라이즈 레깅스 25인치,WP51141_BK,의류,M,WP51141_BK(M),129420037,여성,25SS,2025-04-04,2025-04-04,"79,900.00",13926,6,0.0,9,NBNSF2V3221907500,0,0,0,3,0,6,0,0,0,0,0
뉴발란스,의류(뉴발란스),디파인 하이 라이즈 레깅스 25인치,WP51141_BK,의류,S,WP51141_BK(S),129420037,여성,25SS,2025-04-04,2025-04-04,"79,900.00",13925,12,0.0,14,NBNSF2V3221907000,0,0,0,2,0,12,0,0,0,0,0
CEP,용품(CEP),코어 런 울트라라이트 미드컷 삭스 V4,WP7C0L,용품,2,WP7C0L(2),133843149,여성,26SS,2026-06-02,2026-06-02,"49,000.00",36349,13,0.0,28,4068903470456,0,0,0,7,8,13,0,0,0,0,0
CEP,용품(CEP),코어 런 울트라라이트 미드컷 삭스 V4,WP7C0L,용품,3,WP7C0L(3),133843149,여성,26SS,2026-06-02,2026-06-02,"49,000.00",36350,0,0.0,25,4068903470463,0,0,0,11,14,0,0,0,0,0,0
CEP,용품(CEP),코어 런 미드컷 삭스 V5,WP7C0R,용품,2,WP7C0R(2),131601550,여성,26SS,2026-03-09,2026-03-09,"45,000.00",24415,3,0.0,33,4068903468088,0,0,0,7,23,3,0,1,0,0,0
CEP,용품(CEP),코어 런 미드컷 삭스 V5,WP7C0R,용품,3,WP7C0R(3),131601550,여성,26SS,2026-06-02,2026-06-02,"45,000.00",24416,2,0.0,106,4068903468095,0,0,0,55,49,2,0,0,0,0,0
CEP,용품(CEP),코어 런 미드컷 삭스 V5,WP7C4R,용품,4,WP7C4R(4),131601549,여성,25FW,2025-08-20,2025-08-20,"45,000.00",24401,0,0.0,2,4068903468163,0,0,0,0,2,0,0,0,0,0,0
CEP,용품(CEP),코어 런 미드컷 삭스 V5,WP7C5R,용품,2,WP7C5R(2),131601547,여성,25FW,2025-08-20,2025-09-16,"45,000.00",24367,1,0.0,19,4068903468170,0,0,0,10,8,1,0,0,0,0,0
CEP,용품(CEP),코어 런 미드컷 삭스 V5,WP7C5R,용품,4,WP7C5R(4),131601547,여성,25FW,2025-08-20,2025-08-20,"45,000.00",24369,0,0.0,1,4068903468194,0,0,0,0,1,0,0,0,0,0,0
CEP,용품(CEP),코어 런 미드컷 삭스 V5,WP7CIR,용품,2,WP7CIR(2),131601548,여성,25FW,2025-08-20,2025-08-20,"45,000.00",24383,0,0.0,1,4068903468262,0,0,0,0,1,0,0,0,0,0,0
CEP,용품(CEP),코어 런 울트라 라이드 미드컷 삭스 V4,WP7CPL,용품,2,WP7CPL(2),,여성,26SS,2026-06-02,2026-06-02,"49,000.00",36366,20,0.0,20,4068903470517,0,0,0,0,0,20,0,0,0,0,0
CEP,용품(CEP),코어 런 울트라 라이드 미드컷 삭스 V4,WP7CPL,용품,3,WP7CPL(3),,여성,26SS,2026-06-02,2026-06-02,"49,000.00",36367,30,0.0,30,4068903470524,0,0,0,0,0,30,0,0,0,0,0
CEP,용품(CEP),코어 런 울트라라이트 미드컷 삭스 V4,WP8C0L,용품,3,WP8C0L(3),132964934,남성,26SS,2026-06-02,2026-06-02,"49,000.00",21598,0,0.0,40,4068903470845,0,0,0,23,17,0,0,0,0,0,0
CEP,용품(CEP),코어 런 울트라라이트 미드컷 삭스 V4,WP8C0L,용품,4,WP8C0L(4),132964934,남성,26SS,2026-06-02,2026-06-02,"49,000.00",21599,0,0.0,51,4068903470852,0,0,0,27,24,0,0,0,0,0,0
CEP,용품(CEP),코어 런 미드컷 삭스 V5,WP8C0R,용품,3,WP8C0R(3),131601546,남성,26SS,2026-03-09,2026-03-09,"45,000.00",24352,0,0.0,31,4068903469108,0,0,0,9,22,0,0,0,0,0,0
CEP,용품(CEP),코어 런 미드컷 삭스 V5,WP8C0R,용품,4,WP8C0R(4),131601546,남성,26SS,2026-03-09,2026-03-09,"45,000.00",24353,0,0.0,79,4068903469115,0,0,0,19,60,0,0,0,0,0,0
CEP,용품(CEP),코어 런 미드컷 삭스 V5,WP8C2R,용품,3,WP8C2R(3),133843146,남성,26SS,2026-06-02,2026-06-02,"45,000.00",36384,0,0.0,1,4068903560638,0,0,0,0,1,0,0,0,0,0,0
CEP,용품(CEP),코어 런 미드컷 삭스 V5,WP8C2R,용품,4,WP8C2R(4),133843146,남성,26SS,2026-06-02,2026-06-02,"45,000.00",36385,0,0.0,6,4068903560645,0,0,0,5,1,0,0,0,0,0,0
CEP,용품(CEP),코어 런 미드컷 삭스 V5,WP8C4R,용품,4,WP8C4R(4),131601545,남성,25FW,2025-08-20,2025-08-20,"45,000.00",24337,0,0.0,2,4068903511029,0,0,0,0,2,0,0,0,0,0,0
CEP,용품(CEP),코어 런 미드컷 삭스 V5,WP8C5R,용품,3,WP8C5R(3),131601554,남성,26SS,2026-03-09,2026-03-09,"45,000.00",24288,1,0.0,10,4068903469160,0,0,0,1,9,0,0,0,0,0,0
CEP,용품(CEP),코어 런 미드컷 삭스 V5,WP8C5R,용품,4,WP8C5R(4),131601554,남성,26SS,2026-03-09,2026-03-09,"45,000.00",24289,1,0.0,17,4068903469177,0,0,0,4,12,1,0,0,0,0,0
CEP,용품(CEP),코어 런 미드컷 삭스 V5,WP8CLR,용품,3,WP8CLR(3),131601543,남성,26SS,2026-06-02,2026-06-02,"45,000.00",24304,7,0.0,16,4068903469283,0,0,0,4,5,7,0,0,0,0,0
CEP,용품(CEP),코어 런 미드컷 삭스 V5,WP8CLR,용품,4,WP8CLR(4),131601543,남성,26SS,2026-06-02,2026-06-02,"45,000.00",24305,10,0.0,28,4068903469290,0,0,0,8,10,10,0,0,0,0,0
CEP,용품(CEP),코어 런 울트라라이트 미드컷 삭스 V4,WP8CVL,용품,3,WP8CVL(3),133063558,남성,26SS,2026-03-09,2026-03-09,"49,000.00",21553,0,0.0,21,4068903470906,0,0,0,10,11,0,0,0,0,0,0
CEP,용품(CEP),코어 런 울트라라이트 미드컷 삭스 V4,WP8CVL,용품,4,WP8CVL(4),133063558,남성,26SS,2026-03-09,2026-03-09,"49,000.00",21554,0,0.0,29,4068903470913,0,0,0,12,17,0,0,0,0,0,0
CEP,용품(CEP),코어 런 울트라라이트 미드컷 삭스 V4,WP8CVL,용품,5,WP8CVL(5),133063558,남성,25FW,2025-06-27,2025-06-27,"49,000.00",21555,0,0.0,4,4068903470920,0,0,0,0,4,0,0,0,0,0,0
밴딧러닝,의류(밴딧러닝),스테미나 헬터 크루넥 크롭탑,WPCCP001FL24BB,의류,XS,WPCCP001FL24BB(XS),123945900,여성,24FW,2024-10-21,2024-10-21,"109,000.00",11998,0,0.0,1,810169340080,0,0,0,1,0,0,0,0,0,0,0
밴딧러닝,의류(밴딧러닝),스테미나 스쿱 넥 크롭탑,WPCCP001FL24SG,의류,XS,WPCCP001FL24SG(XS),123946088,여성,24FW,2024-10-21,2024-10-21,"109,000.00",12014,0,0.0,1,810155239886,0,0,0,1,0,0,0,0,0,0,0
밴딧러닝,의류(밴딧러닝),스테미나 스쿱 넥 크롭탑,WPCCP001FL24SM,의류,XS,WPCCP001FL24SM(XS),123945904,여성,24FW,2024-10-21,2024-10-21,"109,000.00",12022,0,0.0,1,810155239930,0,0,0,1,0,0,0,0,0,0,0
밴딧러닝,의류(밴딧러닝),벤토 3인치 스플리티 런 쇼츠,WPRSP001FL24SE,의류,XS,WPRSP001FL24SE(XS),123945918,여성,24FW,2024-10-21,2024-10-21,"129,000.00",12086,0,0.0,1,810155235123,0,0,0,1,0,0,0,0,0,0,0
밴딧러닝,의류(밴딧러닝),스테미나 스쿱 넥 브라,WPSBP001FL24TD,의류,XS,WPSBP001FL24TD(XS),123945903,여성,24FW,2024-10-21,2024-10-21,"99,000.00",12006,0,0.0,1,810155239633,0,0,0,1,0,0,0,0,0,0,0
뉴발란스,의류(뉴발란스),RC 울트라 라이트 쇼츠,WS51288_BK,의류,L,WS51288_BK(L),130701417,여성,25SS,2025-03-05,2025-03-05,"99,900.00",13951,3,0.0,4,NBNVF265021908000,0,0,0,0,1,3,0,0,0,0,0
뉴발란스,의류(뉴발란스),RC 울트라 라이트 쇼츠,WS51288_BK,의류,M,WS51288_BK(M),130701417,여성,25SS,2025-03-05,2025-03-05,"99,900.00",13950,4,0.0,7,NBNVF265021907500,0,0,0,2,1,4,0,0,0,0,0
뉴발란스,의류(뉴발란스),RC 울트라 라이트 쇼츠,WS51288_BK,의류,S,WS51288_BK(S),130701417,여성,25SS,2025-03-05,2025-03-05,"99,900.00",13949,5,0.0,7,NBNVF265021907000,0,0,0,2,0,5,0,0,0,0,0
뉴발란스,의류(뉴발란스),RC 울트라 라이트 쇼츠,WS51288_HMO,의류,M,WS51288_HMO(M),131709936,여성,25SS,2025-03-05,2025-03-05,"99,900.00",13942,8,0.0,10,NBNVF265028007500,0,0,0,2,0,8,0,0,0,0,0
뉴발란스,의류(뉴발란스),RC 울트라 라이트 쇼츠,WS51288_HMO,의류,S,WS51288_HMO(S),131709936,여성,25SS,2025-03-05,2025-03-05,"99,900.00",13941,13,0.0,15,NBNVF265028007000,0,0,0,2,0,13,0,0,0,0,0
뉴발란스,의류(뉴발란스),RC 울트라 라이트 스플릿 쇼츠 3인치,WS51288-BK,의류,L,WS51288-BK(L),,여성,25FW,2025-07-11,2025-07-11,"99,900.00",22931,0,0.0,1,NBNVF368221908000,0,0,0,0,1,0,0,0,0,0,0
뉴발란스,의류(뉴발란스),RC 울트라 라이트 스플릿 쇼츠 3인치,WS51288-BK,의류,M,WS51288-BK(M),,여성,25FW,2025-07-11,2025-07-11,"99,900.00",22930,1,0.0,2,NBNVF368221907500,0,0,0,1,0,1,0,0,0,0,0
뉴발란스,의류(뉴발란스),RC 울트라 라이트 스플릿 쇼츠 3인치,WS51288-BK,의류,S,WS51288-BK(S),,여성,25FW,2025-07-11,2025-07-11,"99,900.00",22929,1,0.0,4,NBNVF368221907000,0,0,0,2,1,1,0,0,0,0,0
뉴발란스,의류(뉴발란스),RC 울트라 라이트 스플릿 쇼츠 3인치,WS51288-GYM,의류,L,WS51288-GYM(L),,여성,25FW,2025-07-11,2025-07-11,"99,900.00",22939,0,0.0,1,NBNVF368221608000,0,0,0,1,0,0,0,0,0,0,0
뉴발란스,의류(뉴발란스),RC 울트라 라이트 스플릿 쇼츠 3인치,WS51288-GYM,의류,M,WS51288-GYM(M),,여성,25FW,2025-07-11,2025-07-11,"99,900.00",22938,1,0.0,1,NBNVF368221607500,0,0,0,0,0,1,0,0,0,0,0
뉴발란스,의류(뉴발란스),RC 울트라 라이트 스플릿 쇼츠 3인치,WS51288-GYM,의류,S,WS51288-GYM(S),,여성,25FW,2025-07-11,2025-07-11,"99,900.00",22937,1,0.0,3,NBNVF368221607000,0,0,0,2,0,1,0,0,0,0,0
뉴발란스,의류(뉴발란스),레이스 데이 싱글렛,WT41290-BK,의류,S,WT41290-BK(S),,여성,25FW,2025-07-11,2025-07-11,"69,900.00",22897,0,0.0,1,NBNGF368021908500,0,0,0,0,1,0,0,0,0,0,0
뉴발란스,의류(뉴발란스),레이스 데이 싱글렛,WT41290-URR,의류,M,WT41290-URR(M),,여성,25FW,2025-07-11,2025-07-11,"69,900.00",22906,0,0.0,1,NBNGF368026109000,0,0,0,1,0,0,0,0,0,0,0
뉴발란스,의류(뉴발란스),레이스 데이 싱글렛,WT41290-URR,의류,S,WT41290-URR(S),,여성,25FW,2025-07-11,2025-07-11,"69,900.00",22905,0,0.0,1,NBNGF368026108500,0,0,0,1,0,0,0,0,0,0,0
뉴발란스,의류(뉴발란스),디파인 피티드 티셔츠,WT51126_WT,의류,M,WT51126_WT(M),130701412,여성,25SS,2025-03-05,2025-03-05,"59,900.00",13870,3,0.0,7,NBNEF2V3621009000,0,0,0,3,1,3,0,0,0,0,0
뉴발란스,의류(뉴발란스),디파인 피티드 티셔츠,WT51126_WT,의류,S,WT51126_WT(S),130701412,여성,25SS,2025-03-05,2025-03-05,"59,900.00",13869,13,0.0,18,NBNEF2V3621008500,0,0,0,2,3,13,0,0,0,0,0
뉴발란스,의류(뉴발란스),레이스 데이 티셔츠,WT51224-URR,의류,M,WT51224-URR(M),,여성,25FW,2025-07-11,2025-07-11,"69,900.00",22858,0,0.0,2,NBNEF368026109000,0,0,0,1,1,0,0,0,0,0,0
뉴발란스,의류(뉴발란스),레이스 데이 티셔츠,WT51224-URR,의류,S,WT51224-URR(S),,여성,25FW,2025-07-11,2025-07-11,"69,900.00",22857,0,0.0,2,NBNEF368026108500,0,0,0,1,1,0,0,0,0,0,0
뉴발란스,의류(뉴발란스),레이스 데이 울트라 라이트 티셔츠,WT51227_BK,의류,L,WT51227_BK(L),131709956,여성,25SS,2025-03-05,2025-03-05,"99,900.00",13863,3,0.0,4,197967393754,0,0,0,1,0,3,0,0,0,0,0
뉴발란스,의류(뉴발란스),레이스 데이 울트라 라이트 티셔츠,WT51227_BK,의류,M,WT51227_BK(M),131709956,여성,25SS,2025-03-05,2025-03-05,"99,900.00",13862,4,0.0,7,197967393761,0,0,0,3,0,4,0,0,0,0,0
뉴발란스,의류(뉴발란스),레이스 데이 울트라 라이트 티셔츠,WT51227_BK,의류,S,WT51227_BK(S),131709956,여성,25SS,2025-03-05,2025-03-05,"99,900.00",13861,3,0.0,4,197967393785,0,0,0,1,0,3,0,0,0,0,0
요헤미티,용품(요헤미티),에너지 젤 (1팩 당 10포),YH-01,용품,1SIZE,YH-01(1SIZE),123761457,공용,26SS,2026-07-22,2026-07-22,"21,000.00",12117,124,0.0,154,8809952430116,0,0,0,20,10,124,0,0,0,0,0
요헤미티,용품(요헤미티),요헤미티-워터 (청포도),YH-03,용품,1SIZE,YH-03(1SIZE),132618342,,25FW,2025-08-13,2025-08-13,"9,900.00",24176,53,0.0,73,8809137862848,0,0,0,3,0,0,0,0,0,0,0
요헤미티,용품(요헤미티),요헤미티-워터 (청포도),YH-03,용품,1SIZE,YH-03(1SIZE),132618342,,26SS,2026-07-22,2026-07-22,"9,900.00",24176,53,0.0,73,8809137862848,0,0,0,7,10,53,0,0,0,0,0
요헤미티,용품(요헤미티),요헤미티-워터 (레몬),YH-04,용품,1SIZE,YH-04(1SIZE),132618333,,25FW,2025-08-13,2025-08-13,"9,900.00",24177,0,0.0,8,8809137862381,0,0,0,1,7,0,0,0,0,0,0
요헤미티,용품(요헤미티),요헤미티-워터 (피치),YH-05,용품,1SIZE,YH-05(1SIZE),132618316,,25FW,2025-08-13,2025-08-13,"9,900.00",24178,0,0.0,56,8809137862374,0,0,0,5,1,0,0,0,0,0,0
요헤미티,용품(요헤미티),에너지젤 카페인 110,YH-06,용품,1SIZE,YH-06(1SIZE),135951391,,26SS,2026-07-22,2026-07-22,"32,000.00",40018,30,0.0,50,8809952431885,0,0,0,10,10,30,0,0,0,0,0
요넥스,신발(요넥스),요넥스 샌드 남성,YNX-01,신발,265,YNX-01(265),,남성,SU25,2025-04-30,2025-04-30,"185,000.00",19592,0,0.0,2,4550675148379,0,0,0,0,2,0,0,0,0,0,0
요넥스,신발(요넥스),요넥스 샌드 남성,YNX-01,신발,270,YNX-01(270),,남성,SU25,2025-04-30,2025-04-30,"185,000.00",19593,0,0.0,2,4550675148386,0,0,0,0,2,0,0,0,0,0,0
요넥스,신발(요넥스),요넥스 샌드 남성,YNX-01,신발,275,YNX-01(275),,남성,SU25,2025-04-30,2025-04-30,"185,000.00",19594,0,0.0,2,4550675148393,0,0,0,0,2,0,0,0,0,0,0
요넥스,신발(요넥스),요넥스 샌드 남성,YNX-01,신발,280,YNX-01(280),,남성,SU25,2025-04-30,2025-04-30,"185,000.00",19595,0,0.0,2,4550675148409,0,0,0,0,2,0,0,0,0,0,0
요넥스,신발(요넥스),요넥스 샌드 여성,YNX-02,신발,235,YNX-02(235),,여성,SU25,2025-04-30,2025-04-30,"185,000.00",19607,0,0.0,1,4550675148782,0,0,0,0,1,0,0,0,0,0,0
요넥스,신발(요넥스),요넥스 샌드 여성,YNX-02,신발,240,YNX-02(240),,여성,SU25,2025-04-30,2025-04-30,"185,000.00",19608,0,0.0,1,4550675148799,0,0,0,0,1,0,0,0,0,0,0
요넥스,신발(요넥스),요넥스 샌드 여성,YNX-02,신발,245,YNX-02(245),,여성,SU25,2025-04-30,2025-04-30,"185,000.00",19609,0,0.0,1,4550675148805,0,0,0,0,1,0,0,0,0,0,0
요넥스,신발(요넥스),요넥스 샌드 여성,YNX-02,신발,250,YNX-02(250),,여성,SU25,2025-04-30,2025-04-30,"185,000.00",19610,0,0.0,1,4550675148812,0,0,0,0,1,0,0,0,0,0,0
요넥스,신발(요넥스),요넥스 블랙 남성,YNX-03,신발,265,YNX-03(265),,남성,SU25,2025-07-11,2025-07-11,"186,364.00",19634,0,0.0,2,,0,0,0,0,2,0,0,0,0,0,0
요넥스,신발(요넥스),요넥스 블랙 남성,YNX-03,신발,270,YNX-03(270),,남성,SU25,2025-07-11,2025-07-11,"186,364.00",19635,0,0.0,2,,0,0,0,0,2,0,0,0,0,0,0
요넥스,신발(요넥스),요넥스 블랙 남성,YNX-03,신발,275,YNX-03(275),,남성,SU25,2025-07-11,2025-07-11,"186,364.00",19636,0,0.0,2,,0,0,0,0,2,0,0,0,0,0,0
요넥스,신발(요넥스),요넥스 블랙 남성,YNX-03,신발,280,YNX-03(280),,남성,SU25,2025-07-11,2025-07-11,"186,364.00",19637,0,0.0,2,,0,0,0,0,2,0,0,0,0,0,0
요넥스,신발(요넥스),요넥스 블랙 여성,YNX-04,신발,235,YNX-04(235),,여성,SU25,2025-07-11,2025-07-11,"186,364.00",19649,0,0.0,1,,0,0,0,0,1,0,0,0,0,0,0
요넥스,신발(요넥스),요넥스 블랙 여성,YNX-04,신발,240,YNX-04(240),,여성,SU25,2025-07-11,2025-07-11,"186,364.00",19650,0,0.0,1,,0,0,0,0,1,0,0,0,0,0,0
요넥스,신발(요넥스),요넥스 블랙 여성,YNX-04,신발,245,YNX-04(245),,여성,SU25,2025-07-11,2025-07-11,"186,364.00",19651,0,0.0,1,,0,0,0,0,1,0,0,0,0,0,0
요넥스,신발(요넥스),요넥스 블랙 여성,YNX-04,신발,250,YNX-04(250),,여성,SU25,2025-07-11,2025-07-11,"186,364.00",19652,0,0.0,1,,0,0,0,0,1,0,0,0,0,0,0
