품번,카테고리,상품명,소비자가,프로모션 할인,프로모션 할인가,프로모션 이름,시작 일자,종료 일자
24FW-BCV-BLK,용품,비컨 베스트," 73,000 ",30%," 51,100 ",트레일위크,2026-09-05,2026-09-18
24FW-BKB-BLK,용품,비컨 니 밴드," 59,000 ",30%," 41,300 ",트레일위크,2026-09-05,2026-09-18
23FW-VHH-BLK,용품,하이드레이션 힙 색," 98,000 ",30%," 68,600 ",트레일위크,2026-09-05,2026-09-18
FZ0006-010,의류,고 하이라이즈 7/8 타이즈," 139,000 ",30%," 97,300 ",트레일위크,2026-09-05,2026-09-18
FZ1116-370,의류,써마핏 리펠 엘리멘트 집업," 129,000 ",30%," 90,300 ",트레일위크,2026-09-05,2026-09-18
FZ1124-035,의류,드라이핏 러닝 디비젼 4인치 2in1 쇼츠," 119,000 ",30%," 83,300 ",트레일위크,2026-09-05,2026-09-18
FQ0908-006,신발,리액트X 페가수스 트레일 5 GTX," 209,000 ",30%," 146,300 ",트레일위크,2026-09-05,2026-09-18
FN4003-846,의류,트레일 에어리즈 자켓," 149,000 ",30%," 104,300 ",트레일위크,2026-09-05,2026-09-18
HJ4395-475,용품,아펙스 버킷," 49,000 ",30%," 34,300 ",트레일위크,2026-09-05,2026-09-18
FN3350-085,의류,드라이핏 ADV 에어로스위프트 2인치 브리프라인드 쇼츠," 105,000 ",30%," 73,500 ",트레일위크,2026-09-05,2026-09-18
FV9995-247,의류,드라이핏 트레일 미드레이어 하프집업," 99,000 ",30%," 69,300 ",트레일위크,2026-09-05,2026-09-18
HJ9025-902,용품,NSW 카고 토드백," 95,000 ",30%," 66,500 ",트레일위크,2026-09-05,2026-09-18
HV9489-010,의류,NSW 티셔츠 위닝 이너프," 45,000 ",30%," 31,500 ",트레일위크,2026-09-05,2026-09-18
HV9491-100,의류,NSW 티셔츠 위닝 원," 45,000 ",30%," 31,500 ",트레일위크,2026-09-05,2026-09-18
HV9495-010,의류,NSW 티셔츠 위닝 콰이어틀리," 45,000 ",30%," 31,500 ",트레일위크,2026-09-05,2026-09-18
HV9497-010,의류,NSW 티셔츠 위닝 이너프," 45,000 ",30%," 31,500 ",트레일위크,2026-09-05,2026-09-18
HV9500-010,의류,NSW 티셔츠 위닝 콰이어틀리," 35,000 ",30%," 24,500 ",트레일위크,2026-09-05,2026-09-18
FB7452-464,의류,패스트 리펠 자켓," 125,000 ",30%," 87,500 ",트레일위크,2026-09-05,2026-09-18
FV9950-247,의류,드라이핏 트레일 스트라이드 MB 쇼츠 7인치 브리프라인드 쇼츠," 79,000 ",30%," 55,300 ",트레일위크,2026-09-05,2026-09-18
FZ1081-809,의류,드라이핏 라이즈 365 런 에너지 숏슬리브탑," 69,000 ",30%," 48,300 ",트레일위크,2026-09-05,2026-09-18
DV9306-121,의류,드라이핏 트레일 솔라체이스," 75,000 ",30%," 52,500 ",트레일위크,2026-09-05,2026-09-18
DX0994-010,의류,드라이핏 티 RLGD 롱슬리브 리셋," 45,000 ",30%," 31,500 ",트레일위크,2026-09-05,2026-09-18
DX6822-010,의류,스우시 미디엄 서포트 브라," 49,000 ",30%," 34,300 ",트레일위크,2026-09-05,2026-09-18
FN2329-085,의류,에어로스위프트 드라이핏 ADV 미드라이즈 3인치 쇼츠," 95,000 ",30%," 66,500 ",트레일위크,2026-09-05,2026-09-18
HM8292-100,의류,드라이핏 파운더스 숏슬리브탑," 45,000 ",30%," 31,500 ",트레일위크,2026-09-05,2026-09-18
FN3353-085,의류,드라이핏 ADV 에어로스위프트 4인치 브리프라인드 쇼츠," 105,000 ",30%," 73,500 ",트레일위크,2026-09-05,2026-09-18
SX7554-010,용품,멀티플라이어," 29,000 ",30%," 20,300 ",트레일위크,2026-09-05,2026-09-18
SX6888-010,용품,에브리데이 플러스 쿠션드," 29,000 ",30%," 20,300 ",트레일위크,2026-09-05,2026-09-18
FZ5763-157,용품,드라이 핏 경량 글로브," 59,000 ",30%," 41,300 ",트레일위크,2026-09-05,2026-09-18
HQ2350-012,용품,드라이 핏 트레일 랩," 49,000 ",30%," 34,300 ",트레일위크,2026-09-05,2026-09-18
AC4466-127,용품,프로 엘리트 슬리브 2.0," 69,000 ",30%," 48,300 ",트레일위크,2026-09-05,2026-09-18
DX7120-109,용품,라이트웨이트 슬리브 2.0," 33,000 ",30%," 23,100 ",트레일위크,2026-09-05,2026-09-18
DX7120-042,용품,라이트웨이트 슬리브 2.0," 33,000 ",30%," 23,100 ",트레일위크,2026-09-05,2026-09-18
N1ZKGM1-002,신발,제락 01," 268,000 ",30%," 187,600 ",트레일위크,2026-09-05,2026-09-18
N1ZKGM1-003,신발,제락 01," 268,000 ",30%," 187,600 ",트레일위크,2026-09-05,2026-09-18
N1ZKGM1-004,신발,제락 01," 268,000 ",30%," 187,600 ",트레일위크,2026-09-05,2026-09-18
N2ZTRW1-002,신발,토미르 WP," 248,000 ",30%," 173,600 ",트레일위크,2026-09-05,2026-09-18
NBNAE4P05280,의류,러닝 재킷," 129,000 ",30%," 90,300 ",트레일위크,2026-09-05,2026-09-18
NBNEE4P04219,의류,에슬레틱 러닝 셔츠(스탠다드핏)," 49,900 ",30%," 34,930 ",트레일위크,2026-09-05,2026-09-18
NBNEE4P14117,의류,에슬레틱 프린트 런닝 반팔 티셔츠," 59,900 ",30%," 41,930 ",트레일위크,2026-09-05,2026-09-18
NBNTE4P08119,의류,AC 스트레치 우븐 팬츠 (스탠다드핏)," 99,900 ",30%," 69,930 ",트레일위크,2026-09-05,2026-09-18
NBNVE4P02219,의류,RC 3부 숏 팬츠 (스탠다드핏)," 79,900 ",30%," 55,930 ",트레일위크,2026-09-05,2026-09-18
BD620653-4031,용품,스프린트 225 헤드램프," 90,000 ",30%," 63,000 ",트레일위크,2026-09-05,2026-09-18
L47440800,신발,S/LAB 제네시스," 278,000 ",30%," 194,600 ",트레일위크,2026-09-05,2026-09-18
L47443700,신발,제네시스," 248,000 ",30%," 173,600 ",트레일위크,2026-09-05,2026-09-18
DFNXM33076CLK,신발,골든게이트 ATR," 199,000 ",30%," 139,300 ",트레일위크,2026-09-05,2026-09-18
DFNXM33076MYG,신발,골든게이트 ATR," 199,000 ",30%," 139,300 ",트레일위크,2026-09-05,2026-09-18
DFNXM33082AAE,신발,리벨레런 GTX," 275,000 ",30%," 192,500 ",트레일위크,2026-09-05,2026-09-18
DFNXW33076WW2,신발,골든게이트 ATR," 199,000 ",30%," 139,300 ",트레일위크,2026-09-05,2026-09-18
DFOXM33063ASN,신발,스핀플레닛," 230,000 ",30%," 161,000 ",트레일위크,2026-09-05,2026-09-18
ALOA85PE480,신발,팀프 5," 229,000 ",30%," 160,300 ",트레일위크,2026-09-05,2026-09-18
AL0A85NJ923,신발,올림퍼스 6," 249,000 ",30%," 174,300 ",트레일위크,2026-09-05,2026-09-18
AL0A85NC923,신발,론픽8," 199,000 ",30%," 139,300 ",트레일위크,2026-09-05,2026-09-18
K32002APS32BLK,의류,플라이트 우븐 쇼츠 4인치," 150,000 ",30%," 105,000 ",트레일위크,2026-09-05,2026-09-18
C24FW-J05-BLK,의류,프리마로프트 자켓," 325,000 ",30%," 227,500 ",트레일위크,2026-09-05,2026-09-18
C24FW-J06-GRY,의류,프리마로프트 자켓," 325,000 ",30%," 227,500 ",트레일위크,2026-09-05,2026-09-18
C24FW-H01-BLK,의류,패커블 스트레치 후디," 172,000 ",30%," 120,400 ",트레일위크,2026-09-05,2026-09-18
C24FW-J01-BLK,의류,라이트 에어 패커블 자켓," 228,000 ",30%," 159,600 ",트레일위크,2026-09-05,2026-09-18
25SS-HIP-GRY,용품,3km 힙 색," 59,000 ",20%," 47,200 ",트레일위크,2026-09-05,2026-09-18
21SS-VEST-BLK,용품,10km 러닝 베스트," 124,000 ",20%," 99,200 ",트레일위크,2026-09-05,2026-09-18
22FW-AD15-BLK,용품,안단테 트레일 러닝 베스트 15L," 238,000 ",20%," 190,400 ",트레일위크,2026-09-05,2026-09-18
24SS-GYM-GBL,용품,짐 색," 51,000 ",20%," 40,800 ",트레일위크,2026-09-05,2026-09-18
WP7C5R,용품,코어 런 미드컷 삭스 V5," 45,000 ",20%," 36,000 ",트레일위크,2026-09-05,2026-09-18
GONTEX Multicolor Tape 5cm-Beige,용품,곤텍스 멀티컬러 테이프 5cm," 13,500 ",20%," 10,800 ",트레일위크,2026-09-05,2026-09-18
GONTEX Multicolor Tape 5cm-Blue,용품,곤텍스 멀티컬러 테이프 5cm," 13,500 ",20%," 10,800 ",트레일위크,2026-09-05,2026-09-18
GONTEX Multicolor Tape 5cm-Leopard,용품,곤텍스 멀티컬러 테이프 5cm," 13,500 ",20%," 10,800 ",트레일위크,2026-09-05,2026-09-18
GONTEX Multicolor Tape 5cm-Military,용품,곤텍스 멀티컬러 테이프 5cm," 13,500 ",20%," 10,800 ",트레일위크,2026-09-05,2026-09-18
GONTEX Multicolor Tape 5cm-Zebra,용품,곤텍스 멀티컬러 테이프 5cm," 13,500 ",20%," 10,800 ",트레일위크,2026-09-05,2026-09-18
IM6268-010,의류,리플렉트 투인원 쇼츠," 125,000 ",20%," 100,000 ",트레일위크,2026-09-05,2026-09-18
FB5682-010,용품,드라이 핏 클럽 언스트럭쳐드 페더라이트 캡," 39,000 ",20%," 31,200 ",트레일위크,2026-09-05,2026-09-18
DM4756-084,의류,드라이 핏 스트라이드 5인치 브리프 라인드 쇼츠," 69,000 ",20%," 55,200 ",트레일위크,2026-09-05,2026-09-18
HV2708-017,의류,써마 핏 리펠 윈터라이즈드 하프집 러닝 탑," 115,000 ",20%," 92,000 ",트레일위크,2026-09-05,2026-09-18
HV4549-014,의류,스트라이드 리펠 UV 러닝 자켓," 155,000 ",20%," 124,000 ",트레일위크,2026-09-05,2026-09-18
FN3372-010,의류,드라이핏 페스트 하프 타이즈," 55,000 ",20%," 44,000 ",트레일위크,2026-09-05,2026-09-18
HV5204-100,의류,스트라이드 드라이 핏 ADV 숏 슬리브 탑," 69,000 ",20%," 55,200 ",트레일위크,2026-09-05,2026-09-18
IH2823-084,의류,드라이 핏 플리스 러닝 크루," 99,000 ",20%," 79,200 ",트레일위크,2026-09-05,2026-09-18
DM4756-635,의류,드라이 핏 스트라이드 5인치 브리프 라인드 쇼츠," 69,000 ",20%," 55,200 ",트레일위크,2026-09-05,2026-09-18
IB1999-675,의류,스위프트 드라이 핏 풀집 미드 레이어 러닝 탑," 115,000 ",20%," 92,000 ",트레일위크,2026-09-05,2026-09-18
HV2009-010,의류,드라이 핏 ADV 런 5인치 브리프 라인드 러닝 쇼츠," 125,000 ",20%," 100,000 ",트레일위크,2026-09-05,2026-09-18
DM4762-635,의류,드라이 핏 스트라이드 7인치 브리프 라인드 쇼츠," 75,000 ",20%," 60,000 ",트레일위크,2026-09-05,2026-09-18
HJ3535-133,의류,드라이 핏 야코브 숏 슬리브 탑," 69,000 ",20%," 55,200 ",트레일위크,2026-09-05,2026-09-18
HJ3581-133,의류,솔라 체이스 드라이 핏 ADV 숏 슬리브 탑," 75,000 ",20%," 60,000 ",트레일위크,2026-09-05,2026-09-18
HJ3581-633,의류,솔라 체이스 드라이 핏 ADV 숏 슬리브 탑," 75,000 ",20%," 60,000 ",트레일위크,2026-09-05,2026-09-18
HV2163-133,의류,트레일 드라이 핏 6인치 브리프 라인드 러닝 쇼츠," 79,000 ",20%," 63,200 ",트레일위크,2026-09-05,2026-09-18
HV4549-010,의류,스트라이드 리펠 UV 러닝 자켓," 155,000 ",20%," 124,000 ",트레일위크,2026-09-05,2026-09-18
HJ2313-533,의류,트레일 드라이 핏 탱크 탑," 75,000 ",20%," 60,000 ",트레일위크,2026-09-05,2026-09-18
HF0854-010,용품,트레일 러닝 크루 삭스," 29,000 ",20%," 23,200 ",트레일위크,2026-09-05,2026-09-18
HQ0621-607,의류,스위프트 드라이 핏 러닝 탱크 탑," 65,000 ",20%," 52,000 ",트레일위크,2026-09-05,2026-09-18
HJ3381-736,의류,에어로스위프트 드라이 핏 ADV 엘리트 엔트리 싱글렛," 125,000 ",20%," 100,000 ",트레일위크,2026-09-05,2026-09-18
DA3588-100,용품,스파크 라이트웨이트 러닝 앵클 삭스," 25,000 ",20%," 20,000 ",트레일위크,2026-09-05,2026-09-18
HJ2194-010,의류,러닝 디비전 리플렉티브 자켓," 185,000 ",20%," 148,000 ",트레일위크,2026-09-05,2026-09-18
HJ3577-010,의류,던 레인지 드라이 핏 러닝 팬츠," 145,000 ",20%," 116,000 ",트레일위크,2026-09-05,2026-09-18
FB7953-010,의류,드라이핏 타이즈," 49,000 ",20%," 39,200 ",트레일위크,2026-09-05,2026-09-18
FN2329-696,의류,에어로스위프트 드라이 핏 ADV 미드라이즈 브리프 라인드 3인치 러닝 쇼츠," 95,000 ",20%," 76,000 ",트레일위크,2026-09-05,2026-09-18
HJ2249-856,의류,트레일 드라이 핏 집업 러닝 탑," 115,000 ",20%," 92,000 ",트레일위크,2026-09-05,2026-09-18
HJ2251-010,의류,트레일 리펠 자켓," 155,000 ",20%," 124,000 ",트레일위크,2026-09-05,2026-09-18
HJ3385-736,의류,에어로스위프트 드라이 핏 ADV 엘리트 엔트리 쇼츠," 125,000 ",20%," 100,000 ",트레일위크,2026-09-05,2026-09-18
FN2505-010,의류,에어로스위프트 드라이핏 ADV 싱글렛," 95,000 ",20%," 76,000 ",트레일위크,2026-09-05,2026-09-18
HJ5377-010,의류,스위프트 드라이 핏 미드라이즈 투인원 러닝 쇼츠," 75,000 ",20%," 60,000 ",트레일위크,2026-09-05,2026-09-18
HQ0500-696,의류,스위프트 드라이 핏 UV 쿼터집 탑," 99,000 ",20%," 79,200 ",트레일위크,2026-09-05,2026-09-18
HQ0651-214,의류,스위프트 리펠 패커블 러닝 자켓," 155,000 ",20%," 124,000 ",트레일위크,2026-09-05,2026-09-18
DM4762-345,의류,드라이 핏 스트라이드 7인치 브리프 라인드 쇼츠," 75,000 ",20%," 60,000 ",트레일위크,2026-09-05,2026-09-18
DX7876-042,용품,써마 핏 랩 2.0," 35,000 ",20%," 28,000 ",트레일위크,2026-09-05,2026-09-18
N1CMWJ1-001,의류,보라 윈드 자켓," 238,000 ",20%," 190,400 ",트레일위크,2026-09-05,2026-09-18
N1CMWJ1-002,의류,보라 윈드 자켓," 238,000 ",20%," 190,400 ",트레일위크,2026-09-05,2026-09-18
N1ARS02-001,용품,레이스 삭스," 35,000 ",20%," 28,000 ",트레일위크,2026-09-05,2026-09-18
N1ARS02-002,용품,레이스 삭스," 35,000 ",20%," 28,000 ",트레일위크,2026-09-05,2026-09-18
N2AMS02-002,용품,메리노 삭스," 40,000 ",20%," 32,000 ",트레일위크,2026-09-05,2026-09-18
N2AMS02-003,용품,메리노 삭스," 40,000 ",20%," 32,000 ",트레일위크,2026-09-05,2026-09-18
N2ZTR25-003,신발,토미르 02," 298,000 ",20%," 238,400 ",트레일위크,2026-09-05,2026-09-18
N2ZTRG1-001,신발,토미르 02 GTX," 338,000 ",20%," 270,400 ",트레일위크,2026-09-05,2026-09-18
N2ZTRG1-002,신발,토미르 02 GTX," 338,000 ",20%," 270,400 ",트레일위크,2026-09-05,2026-09-18
N2CMAT1-002,의류,액티브 타이츠," 178,000 ",20%," 142,400 ",트레일위크,2026-09-05,2026-09-18
N2CWTB1-002,의류,트레일 크롭 탑," 158,000 ",20%," 126,400 ",트레일위크,2026-09-05,2026-09-18
N1ZKSM1-002,신발,제락 브루트," 348,000 ",20%," 278,400 ",트레일위크,2026-09-05,2026-09-18
N1CWRT2-004,의류,레이스 탱크," 85,000 ",20%," 68,000 ",트레일위크,2026-09-05,2026-09-18
N2CWTB1-001,의류,트레일 크롭 탑," 158,000 ",20%," 126,400 ",트레일위크,2026-09-05,2026-09-18
N1ZKGM1-005,신발,제락 01," 268,000 ",20%," 214,400 ",트레일위크,2026-09-05,2026-09-18
N2ZTR02-014,신발,토미르 02," 298,000 ",20%," 238,400 ",트레일위크,2026-09-05,2026-09-18
MS53278-GAS,의류,5인치 러닝 쇼츠," 79,900 ",20%," 63,920 ",트레일위크,2026-09-05,2026-09-18
MS53279-BIT,의류,5인치 러닝 쇼츠," 79,900 ",20%," 63,920 ",트레일위크,2026-09-05,2026-09-18
MT53215-BK,의류,애슬레틱스 그래픽 싱글렛," 49,900 ",20%," 39,920 ",트레일위크,2026-09-05,2026-09-18
MT53216-LBN,의류,애슬레틱스 그래픽 티셔츠," 49,900 ",20%," 39,920 ",트레일위크,2026-09-05,2026-09-18
MT51205-BK,의류,레이스 데이 울트라 라이트 싱글렛," 99,900 ",20%," 79,920 ",트레일위크,2026-09-05,2026-09-18
MT51205-GAS,의류,레이스 데이 울트라 라이트 싱글렛," 99,900 ",20%," 79,920 ",트레일위크,2026-09-05,2026-09-18
WS51288-BK,의류,RC 울트라 라이트 스플릿 쇼츠 3인치," 99,900 ",20%," 79,920 ",트레일위크,2026-09-05,2026-09-18
WS51288-GYM,의류,RC 울트라 라이트 스플릿 쇼츠 3인치," 99,900 ",20%," 79,920 ",트레일위크,2026-09-05,2026-09-18
WP51141_BK,의류,디파인 하이 라이즈 레깅스 25인치," 79,900 ",20%," 63,920 ",트레일위크,2026-09-05,2026-09-18
MT41250_BK,의류,애슬레틱 싱글렛," 49,900 ",20%," 39,920 ",트레일위크,2026-09-05,2026-09-18
MT41253_MEW,의류,애슬레틱스 티셔츠," 49,900 ",20%," 39,920 ",트레일위크,2026-09-05,2026-09-18
MT51205_HMO,의류,레이스 데이 울트라 라이트 싱글렛," 99,900 ",20%," 79,920 ",트레일위크,2026-09-05,2026-09-18
MT51208_HMO,의류,레이스데이 울트라 라이트 티셔츠," 99,900 ",20%," 79,920 ",트레일위크,2026-09-05,2026-09-18
WB51052_BK,의류,RC 브라," 99,900 ",20%," 79,920 ",트레일위크,2026-09-05,2026-09-18
WB51052_HMO,의류,RC 브라," 99,900 ",20%," 79,920 ",트레일위크,2026-09-05,2026-09-18
WS51288_BK,의류,RC 울트라 라이트 쇼츠," 99,900 ",20%," 79,920 ",트레일위크,2026-09-05,2026-09-18
WS51288_HMO,의류,RC 울트라 라이트 쇼츠," 99,900 ",20%," 79,920 ",트레일위크,2026-09-05,2026-09-18
WT51126_WT,의류,디파인 피티드 티셔츠," 59,900 ",20%," 47,920 ",트레일위크,2026-09-05,2026-09-18
WT51227_BK,의류,레이스 데이 울트라 라이트 티셔츠," 99,900 ",20%," 79,920 ",트레일위크,2026-09-05,2026-09-18
1104401D131,신발,칼데라 8," 179,000 ",20%," 143,200 ",트레일위크,2026-09-05,2026-09-18
1204291B142,신발,칼데라 8," 179,000 ",20%," 143,200 ",트레일위크,2026-09-05,2026-09-18
1104411D253,신발,카타마운트 4," 199,000 ",20%," 159,200 ",트레일위크,2026-09-05,2026-09-18
BD620676-6018,용품,스팟 400-R 헤드램프," 105,000 ",20%," 84,000 ",트레일위크,2026-09-05,2026-09-18
L47887800,신발,펄사," 210,000 ",20%," 168,000 ",트레일위크,2026-09-05,2026-09-18
L47376000,신발,S/LAB 스펙터," 320,000 ",20%," 256,000 ",트레일위크,2026-09-05,2026-09-18
L47829400,신발,S/LAB 제네시스 LTD 코트니 V2," 325,000 ",20%," 260,000 ",트레일위크,2026-09-05,2026-09-18
LC2798500,의류,트레일 그릿 경량 자켓," 230,000 ",20%," 184,000 ",트레일위크,2026-09-05,2026-09-18
LC2801200,의류,트레일 그릿 러닝 브라탑," 130,000 ",20%," 104,000 ",트레일위크,2026-09-05,2026-09-18
LC2461500,용품,S/LAB 펄사 3 세트," 250,000 ",20%," 200,000 ",트레일위크,2026-09-05,2026-09-18
LC2461400,용품,S/LAB 벨트," 80,000 ",20%," 64,000 ",트레일위크,2026-09-05,2026-09-18
AL0A85NJ330,신발,올림퍼스 6," 249,000 ",20%," 199,200 ",트레일위크,2026-09-05,2026-09-18
AL0A85NK336,신발,올림퍼스 6," 249,000 ",20%," 199,200 ",트레일위크,2026-09-05,2026-09-18
AL0A85RG000,신발,론픽 9 플러스," 219,000 ",20%," 175,200 ",트레일위크,2026-09-05,2026-09-18
AL0A85RH580,신발,론픽 9 플러스," 219,000 ",20%," 175,200 ",트레일위크,2026-09-05,2026-09-18
K52001ATN24-LGR,의류,플라이트 레이스 싱글렛," 200,000 ",20%," 160,000 ",트레일위크,2026-09-05,2026-09-18
K52001ATN12-BLK,의류,에어블레이드 레이스 싱글렛Ⅰ," 140,000 ",20%," 112,000 ",트레일위크,2026-09-05,2026-09-18
PRO MARATHON SOCKS V2.0-WHITE.BLACK,용품,프로 마라톤 삭스 V2.0," 33,000 ",20%," 26,400 ",트레일위크,2026-09-05,2026-09-18
PRO RACING SOCKS V4.0 RUN HIGH-WHITE.FLUO RED,용품,프로 레이싱 삭스 V4.0 런 하이," 29,000 ",20%," 23,200 ",트레일위크,2026-09-05,2026-09-18
C25FW-C03-BLK,용품,라이트 파워그리드 바라클라바," 59,000 ",20%," 47,200 ",트레일위크,2026-09-05,2026-09-18
C25FW-J02-BLK,의류,라이트 다운 베스트," 308,000 ",20%," 246,400 ",트레일위크,2026-09-05,2026-09-18
C25FW-B01-BGE,용품,트레일 토트 그리드," 138,000 ",20%," 110,400 ",트레일위크,2026-09-05,2026-09-18
C25FW-B02-YGE,용품,트레일 토트 그리드," 138,000 ",20%," 110,400 ",트레일위크,2026-09-05,2026-09-18
C25SS-B02-BIE,용품,패니 팩 비 그리드," 125,000 ",20%," 100,000 ",트레일위크,2026-09-05,2026-09-18
C25SS-B02-GRY,용품,패니 팩 비 그리드," 125,000 ",20%," 100,000 ",트레일위크,2026-09-05,2026-09-18
C25SS-B02-GRY2,용품,패니 팩 케일 그리드," 125,000 ",20%," 100,000 ",트레일위크,2026-09-05,2026-09-18
C25SS-E01-BLK500,용품,소프트 플라스크 하이드라팩 500ml," 43,000 ",20%," 34,400 ",트레일위크,2026-09-05,2026-09-18
C25SS-E02-BLK250,용품,소프트 플라스크 하이드라팩 250ml," 32,000 ",20%," 25,600 ",트레일위크,2026-09-05,2026-09-18
C25SS-J03-BLK,의류,플로우 풀오버 베스트," 125,000 ",20%," 100,000 ",트레일위크,2026-09-05,2026-09-18
23410-CLMB,의류,후디니 스태쉬 1/2 집 풀오버," 219,000 ",20%," 175,200 ",트레일위크,2026-09-05,2026-09-18
23435-SRPO,의류,후디니 스태쉬 1/2 집 풀오버," 219,000 ",20%," 175,200 ",트레일위크,2026-09-05,2026-09-18
24093-BLK,의류,윈드 쉴드 자켓," 299,000 ",20%," 239,200 ",트레일위크,2026-09-05,2026-09-18
24093-MRLB,의류,윈드 쉴드 자켓," 299,000 ",20%," 239,200 ",트레일위크,2026-09-05,2026-09-18
44585-HEBK,의류,롱 슬리브 캡 쿨 메리노 블렌드 그래픽 셔츠," 159,000 ",20%," 127,200 ",트레일위크,2026-09-05,2026-09-18
47560Q5-BLK,의류,캡 쿨 라이트웨이트 셔츠," 83,000 ",20%," 66,400 ",트레일위크,2026-09-05,2026-09-18
47560Q5-GRZX,의류,캡 쿨 라이트웨이트 셔츠," 83,000 ",20%," 66,400 ",트레일위크,2026-09-05,2026-09-18
24197Q5-GRZG,의류,에어셰드 프로 풀오버," 219,000 ",20%," 175,200 ",트레일위크,2026-09-05,2026-09-18
24634Q5-SLPU,의류,스트라이더 프로 쇼츠 5인치," 139,000 ",20%," 111,200 ",트레일위크,2026-09-05,2026-09-18
24811Q5-BLK,의류,엔드리스 런 7/8 타이츠," 199,000 ",20%," 159,200 ",트레일위크,2026-09-05,2026-09-18
28758Q5-LMSP,용품,덕빌 트러커 햇," 69,000 ",20%," 55,200 ",트레일위크,2026-09-05,2026-09-18
45695Q5-ABNB,의류,롱 슬리브 캡 쿨 라이트웨이트 셔츠," 99,000 ",20%," 79,200 ",트레일위크,2026-09-05,2026-09-18
45695Q5-SBLX,의류,캐필린 쿨 라이트웨이트 셔츠," 99,000 ",20%," 79,200 ",트레일위크,2026-09-05,2026-09-18
1122931-DBIWE,용품,크루 런 삭 3팩," 55,000 ",20%," 44,000 ",트레일위크,2026-09-05,2026-09-18
1122931-WHTWH,용품,크루 런 삭 3팩," 55,000 ",20%," 44,000 ",트레일위크,2026-09-05,2026-09-18
1164154-BLK,의류,레이스데이 싱글렛," 105,000 ",20%," 84,000 ",트레일위크,2026-09-05,2026-09-18
1162010-FPR,신발,마파테 X," 299,000 ",20%," 239,200 ",트레일위크,2026-09-05,2026-09-18
1151077-BLK,의류,글라이드 5인치 쇼츠 w/Brief," 89,000 ",20%," 71,200 ",트레일위크,2026-09-05,2026-09-18
1164154-HKCT,의류,레이스 데이 싱글렛," 105,000 ",20%," 84,000 ",트레일위크,2026-09-05,2026-09-18
1129930-SLRL,신발,마파테 스피드 4," 239,000 ",20%," 191,200 ",트레일위크,2026-09-05,2026-09-18
1131056-NSOF,신발,마파테 스피드 4," 239,000 ",20%," 191,200 ",트레일위크,2026-09-05,2026-09-18
1131056-PPYR,신발,마파테 스피드 4," 239,000 ",20%," 191,200 ",트레일위크,2026-09-05,2026-09-18
1134507-OFNS,신발,텍톤 X 2," 299,000 ",20%," 239,200 ",트레일위크,2026-09-05,2026-09-18
WP7C0L,용품,코어 런 울트라라이트 미드컷 삭스 V4," 49,000 ",10%," 44,100 ",트레일위크,2026-09-05,2026-09-18
WP7C0R,용품,코어 런 미드컷 삭스 V5," 45,000 ",10%," 40,500 ",트레일위크,2026-09-05,2026-09-18
WP7CPL,용품,코어 런 울트라 라이드 미드컷 삭스 V4," 49,000 ",10%," 44,100 ",트레일위크,2026-09-05,2026-09-18
WP8CLR,용품,코어 런 미드컷 삭스 V5," 45,000 ",10%," 40,500 ",트레일위크,2026-09-05,2026-09-18
WP8C5R,용품,코어 런 미드컷 삭스 V5," 45,000 ",10%," 40,500 ",트레일위크,2026-09-05,2026-09-18
GM16124,의류,에어리 셸 패커블 윈드 자켓," 390,000 ",10%," 351,000 ",트레일위크,2026-09-05,2026-09-18
GM66119,의류,와플 드라이 티셔츠," 120,000 ",10%," 108,000 ",트레일위크,2026-09-05,2026-09-18
GM66102-EBONY GRAY,의류,워프 드라이 티셔츠," 160,000 ",10%," 144,000 ",트레일위크,2026-09-05,2026-09-18
GM66102-SLEET GRAY,의류,워프 드라이 티셔츠," 160,000 ",10%," 144,000 ",트레일위크,2026-09-05,2026-09-18
GM76159-BLACK,의류,에어 핏 스토리지 쇼츠," 248,000 ",10%," 223,200 ",트레일위크,2026-09-05,2026-09-18
GM76159-JET BROWN,의류,에어 핏 스토리지 쇼츠," 248,000 ",10%," 223,200 ",트레일위크,2026-09-05,2026-09-18
IH8647-010,용품,ACG 에브리데이 엘리베이티드 크루," 25,000 ",10%," 22,500 ",트레일위크,2026-09-05,2026-09-18
FN3350-010,의류,에어로스위프트 드라이 핏 ADV 2인치 브리프 라인드 러닝 쇼츠," 105,000 ",10%," 94,500 ",트레일위크,2026-09-05,2026-09-18
FN4232-570,의류,드라이핏 ADV 에어로스위프트 싱글렛," 115,000 ",10%," 103,500 ",트레일위크,2026-09-05,2026-09-18
HV6919-100,용품,라이트웨이트 크루 삭스 1팩," 22,000 ",10%," 19,800 ",트레일위크,2026-09-05,2026-09-18
IF3650-100,의류,드라이핏 ADV 에어로스위프트 크롭 탱크," 119,000 ",10%," 107,100 ",트레일위크,2026-09-05,2026-09-18
IO1461-010,의류,ACG 드라이핏 와일드씨 베이스레이어 숏슬리브 티," 69,000 ",10%," 62,100 ",트레일위크,2026-09-05,2026-09-18
IF2105-020,의류,ACG UV 에어리즈 재킷," 155,000 ",10%," 139,500 ",트레일위크,2026-09-05,2026-09-18
IO1461-020,의류,ACG 드라이핏 와일드씨 베이스레이어 숏슬리브 티," 69,000 ",10%," 62,100 ",트레일위크,2026-09-05,2026-09-18
IO9653-382,의류,ACG 트레일 드라이핏 탱크," 75,000 ",10%," 67,500 ",트레일위크,2026-09-05,2026-09-18
IO9653-416,의류,ACG 트레일 드라이핏 탱크," 75,000 ",10%," 67,500 ",트레일위크,2026-09-05,2026-09-18
IO9678-010,의류,ACG 드라이핏 ADV 솔라 체이스 숏슬리브," 75,000 ",10%," 67,500 ",트레일위크,2026-09-05,2026-09-18
IO9678-020,의류,ACG 드라이핏 ADV 솔라 체이스 숏슬리브," 75,000 ",10%," 67,500 ",트레일위크,2026-09-05,2026-09-18
IF2368-455,의류,리펠 스트라이드 노벨티 재킷," 175,000 ",10%," 157,500 ",트레일위크,2026-09-05,2026-09-18
IO9749-020,의류,ACG 트레일 리펠 재킷," 155,000 ",10%," 139,500 ",트레일위크,2026-09-05,2026-09-18
IF1679-010,의류,스위프트 브리드 쇼츠," 69,000 ",10%," 62,100 ",트레일위크,2026-09-05,2026-09-18
HV8116-310,신발,ACG 페가수스 트레일," 179,000 ",10%," 161,100 ",트레일위크,2026-09-05,2026-09-18
HV8121-310,신발,ACG 페가수스 트레일," 179,000 ",10%," 161,100 ",트레일위크,2026-09-05,2026-09-18
IH6938-394,의류,드라이핏 ADV 에어로스위프트 2인치 브리프 라인드 쇼츠," 115,000 ",10%," 103,500 ",트레일위크,2026-09-05,2026-09-18
HM5221-503,의류,스위프트 하이서포트 브라," 75,000 ",10%," 67,500 ",트레일위크,2026-09-05,2026-09-18
HM5221-010,의류,스위프트 하이서포트 브라," 75,000 ",10%," 67,500 ",트레일위크,2026-09-05,2026-09-18
HM9699-503,의류,스위프트 드라이핏 숏슬리브," 69,000 ",10%," 62,100 ",트레일위크,2026-09-05,2026-09-18
HV4549-430,의류,UV 리펠 스트라이드 재킷," 155,000 ",10%," 139,500 ",트레일위크,2026-09-05,2026-09-18
HV5211-100,의류,드라이핏 ADV 스트라이드 탱크," 65,000 ",10%," 58,500 ",트레일위크,2026-09-05,2026-09-18
IH8673-025,용품,ACG 플라이 언스트럭쳐드 캡," 45,000 ",10%," 40,500 ",트레일위크,2026-09-05,2026-09-18
IO9658-020,의류,ACG 드라이핏 미드라이즈 브리프 라인드 트레일 러닝 쇼츠," 95,000 ",10%," 85,500 ",트레일위크,2026-09-05,2026-09-18
IO9749-010,의류,ACG 트레일 리펠 재킷," 155,000 ",10%," 139,500 ",트레일위크,2026-09-05,2026-09-18
IO8269-009,용품,프로 드라이 핏 언스트럭처드 스우시 러닝 캡," 55,000 ",10%," 49,500 ",트레일위크,2026-09-05,2026-09-18
IO8269-010,용품,프로 드라이 핏 언스트럭처드 스우시 러닝 캡," 55,000 ",10%," 49,500 ",트레일위크,2026-09-05,2026-09-18
IH8673-010,용품,ACG 플라이 언스트럭처드 캡," 49,000 ",10%," 44,100 ",트레일위크,2026-09-05,2026-09-18
HM5221-502,의류,스위프트 하이서포트 브라," 75,000 ",10%," 67,500 ",트레일위크,2026-09-05,2026-09-18
HM5221-897,의류,스위프트 하이서포트 브라," 75,000 ",10%," 67,500 ",트레일위크,2026-09-05,2026-09-18
HV5204-377,의류,스트라이드 드라이 핏 ADV 숏 슬리브 탑," 69,000 ",10%," 62,100 ",트레일위크,2026-09-05,2026-09-18
HV6089-502,의류,스위프트 드라이 핏 미드라이즈 팬츠," 115,000 ",10%," 103,500 ",트레일위크,2026-09-05,2026-09-18
HF5668-801,신발,울트라플라이 2," 319,000 ",10%," 287,100 ",트레일위크,2026-09-05,2026-09-18
IO9135-819,의류,ACG 써마 핏 라바 로프트 재킷," 369,000 ",10%," 332,100 ",트레일위크,2026-09-05,2026-09-18
IO9646-010,의류,ACG 드라이 핏 하이웨이스트 7/8 타이츠," 125,000 ",10%," 112,500 ",트레일위크,2026-09-05,2026-09-18
IO9651-030,의류,ACG 드라이 핏 숏 슬리브 탑," 75,000 ",10%," 67,500 ",트레일위크,2026-09-05,2026-09-18
IO9674-010,의류,ACG 드라이 핏 ADV 루나 레이 타이츠," 135,000 ",10%," 121,500 ",트레일위크,2026-09-05,2026-09-18
DV5465-101,용품,ACG 아웃도어 쿠션 크루 1PR," 33,000 ",10%," 29,700 ",트레일위크,2026-09-05,2026-09-18
IO9133-010,의류,ACG 써마 핏 라바 로프트 재킷," 369,000 ",10%," 332,100 ",트레일위크,2026-09-05,2026-09-18
IO9678-819,의류,ACG 드라이 핏 ADV 솔라 체이스 숏 슬리브 탑," 75,000 ",10%," 67,500 ",트레일위크,2026-09-05,2026-09-18
DB5471-010,용품,스파크 라이트웨이트 오버더카프 컴프레션 러닝 삭스," 65,000 ",10%," 58,500 ",트레일위크,2026-09-05,2026-09-18
DB5471-100,용품,스파크 라이트웨이트 오버더카프 컴프레션 러닝 삭스," 65,000 ",10%," 58,500 ",트레일위크,2026-09-05,2026-09-18
FQ0908-002,신발,리액트X 페가수스 트레일 5 GTX," 219,000 ",10%," 197,100 ",트레일위크,2026-09-05,2026-09-18
FQ0908-014,신발,리엑트 X 페가수스 트레일 5 GTX," 219,000 ",10%," 197,100 ",트레일위크,2026-09-05,2026-09-18
HV6089-010,의류,스위프트 드라이 핏 미드라이즈 팬츠," 115,000 ",10%," 103,500 ",트레일위크,2026-09-05,2026-09-18
HV6919-010,용품,패스트 라이트웨이트 크루 1PR," 22,000 ",10%," 19,800 ",트레일위크,2026-09-05,2026-09-18
IM9481-502,의류,스위프트 리펠 재킷 NV," 155,000 ",10%," 139,500 ",트레일위크,2026-09-05,2026-09-18
IO9651-819,의류,ACG 드라이 핏 숏 슬리브 탑," 75,000 ",10%," 67,500 ",트레일위크,2026-09-05,2026-09-18
DA6935-010,용품,프로 파텔라 밴드 3.0," 33,000 ",10%," 29,700 ",트레일위크,2026-09-05,2026-09-18
001A-HORIZON-M,신발,001A," 399,000 ",10%," 359,100 ",트레일위크,2026-09-05,2026-09-18
NC2TS1W-001,의류,레이스 티셔츠 02," 128,000 ",10%," 115,200 ",트레일위크,2026-09-05,2026-09-18
NC2TS1W-004,의류,레이스 티셔츠 02," 128,000 ",10%," 115,200 ",트레일위크,2026-09-05,2026-09-18
NC4SH1W-001,의류,레이스 쇼츠 02," 198,000 ",10%," 178,200 ",트레일위크,2026-09-05,2026-09-18
65625841,용품,SL 울트라트레일 FX.ONE," 360,000 ",10%," 324,000 ",트레일위크,2026-09-05,2026-09-18
BD681350-Alloy,용품,디스턴스 런 벨트," 63,000 ",10%," 56,700 ",트레일위크,2026-09-05,2026-09-18
BD681350-Black,용품,디스턴스 런 벨트," 63,000 ",10%," 56,700 ",트레일위크,2026-09-05,2026-09-18
BD112557,용품,디스턴스 카본 FKT 폴," 310,000 ",10%," 279,000 ",트레일위크,2026-09-05,2026-09-18
BD620693-Alloy,용품,디플로이 러닝 라이트," 94,000 ",10%," 84,600 ",트레일위크,2026-09-05,2026-09-18
QAMAP745057-Black,의류,디플로이 3L 쉘 MENS," 580,000 ",10%," 522,000 ",트레일위크,2026-09-05,2026-09-18
26M7002,신발,V-RUN," 229,000 ",10%," 206,100 ",트레일위크,2026-09-05,2026-09-18
L49275500,신발,그래블 컨셉," 360,000 ",10%," 324,000 ",트레일위크,2026-09-05,2026-09-18
L49174800,신발,에어로 글라이드 4 그래블," 280,000 ",10%," 252,000 ",트레일위크,2026-09-05,2026-09-18
L49175400,신발,에어로 글라이드 4 그래블," 280,000 ",10%," 252,000 ",트레일위크,2026-09-05,2026-09-18
L49141200,신발,울트라 글라이드 4," 230,000 ",10%," 207,000 ",트레일위크,2026-09-05,2026-09-18
L49174900,신발,에어로 글라이드 4 그래블," 280,000 ",10%," 252,000 ",트레일위크,2026-09-05,2026-09-18
LC1916000,용품,소프트 플라스크 500ml/17oz 42," 33,000 ",10%," 29,700 ",트레일위크,2026-09-05,2026-09-18
LC2337700,용품,소프트 플라스크 500ml 울트라/17oz ULT," 40,000 ",10%," 36,000 ",트레일위크,2026-09-05,2026-09-18
LC2465100,용품,ADV 스킨 5 세트," 220,000 ",10%," 198,000 ",트레일위크,2026-09-05,2026-09-18
LC2854500,용품,어드밴스드 스킨 5 SET," 220,000 ",10%," 198,000 ",트레일위크,2026-09-05,2026-09-18
LC2855200,용품,S/LAB 센스 6 SET," 280,000 ",10%," 252,000 ",트레일위크,2026-09-05,2026-09-18
LC2871300,용품,그래블 컨셉 스킨 2," 270,000 ",10%," 243,000 ",트레일위크,2026-09-05,2026-09-18
LC2907400,용품,반다나 그래블 GFX U," 60,000 ",10%," 54,000 ",트레일위크,2026-09-05,2026-09-18
LC2907500,용품,반다나 그래블 GFX U," 60,000 ",10%," 54,000 ",트레일위크,2026-09-05,2026-09-18
L49137700,신발,제네시스," 248,000 ",10%," 223,200 ",트레일위크,2026-09-05,2026-09-18
12074-00000,용품,테크실크 8인치 쇼츠," 400,000 ",10%," 360,000 ",트레일위크,2026-09-05,2026-09-18
40002-AW,신발,더 락커," 449,000 ",10%," 404,100 ",트레일위크,2026-09-05,2026-09-18
11146-00001,의류,스페이스 오 싱글렛," 240,000 ",10%," 216,000 ",트레일위크,2026-09-05,2026-09-18
40002-FA-SE,신발,더 락커," 449,000 ",10%," 404,100 ",트레일위크,2026-09-05,2026-09-18
SA13MW-BLK,용품,울트라 레이스 캡," 89,000 ",10%," 80,100 ",트레일위크,2026-09-05,2026-09-18
SA13MW-GRE,용품,울트라 레이스 캡," 89,000 ",10%," 80,100 ",트레일위크,2026-09-05,2026-09-18
UT-02,용품,러닝에너지프리," 18,000 ",10%," 16,200 ",트레일위크,2026-09-05,2026-09-18
UT-03,용품,얼티밋하이드로 50," 22,000 ",10%," 19,800 ",트레일위크,2026-09-05,2026-09-18
94950936,용품,레이다 플레이트 프리즘 슬레이트," 329,000 ",10%," 296,100 ",트레일위크,2026-09-05,2026-09-18
95210157,용품,토니켓 프리즘 그레이," 211,000 ",10%," 189,900 ",트레일위크,2026-09-05,2026-09-18
94380158,용품,아이자켓 리덕스," 261,000 ",10%," 234,900 ",트레일위크,2026-09-05,2026-09-18
94382658,용품,아이재킷 리덕스 프리즘 브론즈," 261,000 ",10%," 234,900 ",트레일위크,2026-09-05,2026-09-18
YH-01,용품,에너지 젤 (1팩 당 10포)," 21,000 ", ,#VALUE!,트레일위크,2026-09-05,2026-09-18
YH-03,용품,요헤미티-워터 (청포도)," 9,900 ",10%," 8,910 ",트레일위크,2026-09-05,2026-09-18
YH-06,용품,에너지젤 카페인 110," 32,000 ",10%," 28,800 ",트레일위크,2026-09-05,2026-09-18
24147R5-LVT,의류,후디니 재킷," 199,000 ",10%," 179,100 ",트레일위크,2026-09-05,2026-09-18
1161990-BCMN,신발,마파테 X," 299,000 ",10%," 269,100 ",트레일위크,2026-09-05,2026-09-18
1162010-BSTC,신발,마파테 X," 299,000 ",10%," 269,100 ",트레일위크,2026-09-05,2026-09-18
1168722-CMNTB,신발,마파테 5," 259,000 ",10%," 233,100 ",트레일위크,2026-09-05,2026-09-18
60019-00016,용품,레제르 라운드," 180,000 ",0%," 180,000 ",트레일위크,2026-09-05,2026-09-18
60020-00009,용품,레제르 스퀘어," 180,000 ",0%," 180,000 ",트레일위크,2026-09-05,2026-09-18
60020-00019,용품,레제르 스퀘어," 200,000 ",0%," 200,000 ",트레일위크,2026-09-05,2026-09-18
60078-10001,용품,A2," 250,000 ",0%," 250,000 ",트레일위크,2026-09-05,2026-09-18
60078-10003,용품,A2," 230,000 ",0%," 230,000 ",트레일위크,2026-09-05,2026-09-18
60078-10005,용품,A2," 250,000 ",0%," 250,000 ",트레일위크,2026-09-05,2026-09-18
FN3353-010,의류,드라이핏 ADV 에어로스위프트 4인치 브리프라인드 쇼츠," 115,000 ",0%," 115,000 ",트레일위크,2026-09-05,2026-09-18
HV8113-002,신발,ACG 제가마 트레일," 219,000 ",0%," 219,000 ",트레일위크,2026-09-05,2026-09-18
HV8113-300,신발,ACG 제가마 트레일," 219,000 ",0%," 219,000 ",트레일위크,2026-09-05,2026-09-18
HV8113-600,신발,ACG 제가마 트레일," 219,000 ",0%," 219,000 ",트레일위크,2026-09-05,2026-09-18
HV8115-002,신발,ACG 제가마 트레일," 219,000 ",0%," 219,000 ",트레일위크,2026-09-05,2026-09-18
IF2083-010,의류,드라이핏 UV 마일러 숏슬리브," 49,000 ",0%," 49,000 ",트레일위크,2026-09-05,2026-09-18
IO9672-010,의류,ACG 라바 루프 드라이핏 ADV 하프 트레일 러닝 타이츠," 95,000 ",0%," 95,000 ",트레일위크,2026-09-05,2026-09-18
IV5371-100,의류,ACG 드라이핏 래디컬 에어플로 탱크," 139,000 ",0%," 139,000 ",트레일위크,2026-09-05,2026-09-18
HV4545-010,의류,스트라이드 드라이 핏 러닝 팬츠," 119,000 ",0%," 119,000 ",트레일위크,2026-09-05,2026-09-18
IW0768-060,의류,ACG 드라이핏 래디컬 에어플로 탱크," 139,000 ",0%," 139,000 ",트레일위크,2026-09-05,2026-09-18
IF9474-104,의류,ACG 드라이핏 UV 솔라 체이스 롱슬리브 후드 탑," 109,000 ",0%," 109,000 ",트레일위크,2026-09-05,2026-09-18
FN3370-011,의류,드라이핏 ADV 에어로스위프트 브리프라인드 하프타이즈," 95,000 ",0%," 95,000 ",트레일위크,2026-09-05,2026-09-18
FN4232-010,의류,에어로스위프트 드라이핏 ADV 싱글렛," 115,000 ",0%," 115,000 ",트레일위크,2026-09-05,2026-09-18
HJ3378-010,의류,에어로스위프트 드라이 핏 ADV 숏 슬리브 탑," 115,000 ",0%," 115,000 ",트레일위크,2026-09-05,2026-09-18
IO7855-200,신발,ACG 제가마 하이크," 229,000 ",0%," 229,000 ",트레일위크,2026-09-05,2026-09-18
HF5668-300,신발,ACG 울트라플라이," 319,000 ",0%," 319,000 ",트레일위크,2026-09-05,2026-09-18
IM4224-010,의류,ACG 드라이핏 와일드씨 쿼터집 롱슬리브 탑," 95,000 ",0%," 95,000 ",트레일위크,2026-09-05,2026-09-18
FN3353-418,의류,드라이핏 ADV 에어로스위프트 4인치 브리프 라인드 쇼츠," 115,000 ",0%," 115,000 ",트레일위크,2026-09-05,2026-09-18
FN3370-416,의류,드라이핏 ADV 에어로스위프트 브리프 라인드 하프타이츠," 95,000 ",0%," 95,000 ",트레일위크,2026-09-05,2026-09-18
FN4232-418,의류,드라이핏 ADV 에어로스위프트 싱글렛," 115,000 ",0%," 115,000 ",트레일위크,2026-09-05,2026-09-18
HV8115-200,신발,ACG 제가마 트레일," 219,000 ",0%," 219,000 ",트레일위크,2026-09-05,2026-09-18
HV8115-300,신발,ACG 제가마 트레일," 219,000 ",0%," 219,000 ",트레일위크,2026-09-05,2026-09-18
HV8116-002,신발,ACG 페가수스 트레일," 179,000 ",0%," 179,000 ",트레일위크,2026-09-05,2026-09-18
HV8116-301,신발,ACG 페가수스 트레일," 179,000 ",0%," 179,000 ",트레일위크,2026-09-05,2026-09-18
HV8121-200,신발,ACG 페가수스 트레일," 179,000 ",0%," 179,000 ",트레일위크,2026-09-05,2026-09-18
IB6114-010,용품,라이트웨이트 런 크루," 25,000 ",0%," 25,000 ",트레일위크,2026-09-05,2026-09-18
IB6114-441,용품,라이트웨이트 런 크루," 25,000 ",0%," 25,000 ",트레일위크,2026-09-05,2026-09-18
IB6114-702,용품,라이트웨이트 마이크로 크루 삭스 1팩," 25,000 ",0%," 25,000 ",트레일위크,2026-09-05,2026-09-18
IM4234-010,의류,ACG 울프 그리드 하프집 탑," 129,000 ",0%," 129,000 ",트레일위크,2026-09-05,2026-09-18
IM4234-698,의류,ACG 울프 그리드 하프집 탑," 129,000 ",0%," 129,000 ",트레일위크,2026-09-05,2026-09-18
IM4297-010,의류,ACG 하이 스테이크 스코트," 119,000 ",0%," 119,000 ",트레일위크,2026-09-05,2026-09-18
IM7543-010,의류,스위프트 저지 탑 롱슬리브," 155,000 ",0%," 155,000 ",트레일위크,2026-09-05,2026-09-18
IM7543-621,의류,스위프트 저지 탑 롱슬리브," 155,000 ",0%," 155,000 ",트레일위크,2026-09-05,2026-09-18
IO4472-010,의류,ACG 울프 그리드 하프집 탑," 129,000 ",0%," 129,000 ",트레일위크,2026-09-05,2026-09-18
IO4472-698,의류,ACG 울프 그리드 하프집 탑," 129,000 ",0%," 129,000 ",트레일위크,2026-09-05,2026-09-18
IO9676-010,의류,ACG 세컨드 선라이즈 드라이 핏 ADV 5인치 브리프 라인드 쇼츠," 99,000 ",0%," 99,000 ",트레일위크,2026-09-05,2026-09-18
IW0768-100,의류,ACG 드라이핏 래디컬 에어플로 탱크," 139,000 ",0%," 139,000 ",트레일위크,2026-09-05,2026-09-18
IM5149-236,의류,에어로핏 스위프트 탱크," 89,000 ",0%," 89,000 ",트레일위크,2026-09-05,2026-09-18
IU1608-833,용품,ACG UV 쿨링 랩," 45,000 ",0%," 45,000 ",트레일위크,2026-09-05,2026-09-18
IU9971-042,용품,UV 쿨링 슬리브 페어," 39,000 ",0%," 39,000 ",트레일위크,2026-09-05,2026-09-18
IF0102-698,의류,ACG ADV 판타즈마 재킷," 219,000 ",0%," 219,000 ",트레일위크,2026-09-05,2026-09-18
IH8112-336,의류,에어로핏 스위프트 탱크," 89,000 ",0%," 89,000 ",트레일위크,2026-09-05,2026-09-18
IH8112-468,의류,에어로핏 스위프트 탱크," 89,000 ",0%," 89,000 ",트레일위크,2026-09-05,2026-09-18
IH8115-014,의류,에어로핏 스위프트 숏슬리브 탑," 95,000 ",0%," 95,000 ",트레일위크,2026-09-05,2026-09-18
IU1064-437,의류,에어로스위프트 드라이핏 ADV 타이츠," 105,000 ",0%," 105,000 ",트레일위크,2026-09-05,2026-09-18
FJ0736-100,용품,드라이핏 ADV 플라이," 59,000 ",0%," 59,000 ",트레일위크,2026-09-05,2026-09-18
IQ5128-010,의류,ACG 드라이핏 와일드씨 베이스레이어 쇼츠," 75,000 ",0%," 75,000 ",트레일위크,2026-09-05,2026-09-18
FJ0736-654,용품,드라이핏 ADV 플라이 캡," 59,000 ",0%," 59,000 ",트레일위크,2026-09-05,2026-09-18
FN2329-468,의류,드라이핏 ADV 에이로스위프트 미드라이즈 브리프 라인드 3인치 쇼츠," 105,000 ",0%," 105,000 ",트레일위크,2026-09-05,2026-09-18
HF5668-600,신발,ACG 울트라플라이," 319,000 ",0%," 319,000 ",트레일위크,2026-09-05,2026-09-18
HJ2259-010,의류,스위프트 하이웨이스트 4인치 타이트 포켓 러닝 쇼츠," 89,000 ",0%," 89,000 ",트레일위크,2026-09-05,2026-09-18
HQ0651-133,의류,스위프트 리펠 패커블 러닝 자켓," 155,000 ",0%," 155,000 ",트레일위크,2026-09-05,2026-09-18
HV5204-084,의류,스트라이드 드라이 핏 ADV 숏 슬리브 탑," 69,000 ",0%," 69,000 ",트레일위크,2026-09-05,2026-09-18
IB6114-100,용품,라이트웨이트 마이크로 크루 삭스 1팩," 22,000 ",0%," 22,000 ",트레일위크,2026-09-05,2026-09-18
IF1144-236,의류,ACG 판타즈마 재킷," 219,000 ",0%," 219,000 ",트레일위크,2026-09-05,2026-09-18
IF2370-010,의류,UV 리펠 마일러 재킷," 119,000 ",0%," 119,000 ",트레일위크,2026-09-05,2026-09-18
IM7562-010,용품,에어로스위프트 드라이핏 ADV 크롭 탑," 89,000 ",0%," 89,000 ",트레일위크,2026-09-05,2026-09-18
IO7854-701,신발,ACG 제가마 하이크," 229,000 ",0%," 229,000 ",트레일위크,2026-09-05,2026-09-18
IO9644-010,의류,ACG 트레일 드라이핏 하이라이즈 4인치 타이츠," 105,000 ",0%," 105,000 ",트레일위크,2026-09-05,2026-09-18
IO9651-010,의류,ACG 트레일 드라이핏 숏슬리브 탑," 79,000 ",0%," 79,000 ",트레일위크,2026-09-05,2026-09-18
IO9678-104,의류,ACG 드라이핏 ADV 솔라 체이스 숏슬리브," 79,000 ",0%," 79,000 ",트레일위크,2026-09-05,2026-09-18
IO9756-010,의류,ACG 트레일 UV 후드 미드레이어," 105,000 ",0%," 105,000 ",트레일위크,2026-09-05,2026-09-18
IU1064-010,의류,에어로스위프트 드라이핏 ADV 타이츠," 105,000 ",0%," 105,000 ",트레일위크,2026-09-05,2026-09-18
IU8151-070,의류,ACG UV 에어리즈 버튼 재킷," 165,000 ",0%," 165,000 ",트레일위크,2026-09-05,2026-09-18
IU8163-121,의류,ACG 드라이핏 터프 플리스 라이트 크루," 135,000 ",0%," 135,000 ",트레일위크,2026-09-05,2026-09-18
IU8163-819,의류,ACG 드라이핏 터프 플리스 라이트 크루," 135,000 ",0%," 135,000 ",트레일위크,2026-09-05,2026-09-18
IU8169-070,의류,ACG 드라이핏 터프 플리스 라이트 크루," 139,000 ",0%," 139,000 ",트레일위크,2026-09-05,2026-09-18
FN2329-010,의류,에어로스위프트 드라이핏 ADV 미드라이즈 3인치 쇼츠," 105,000 ",0%," 105,000 ",트레일위크,2026-09-05,2026-09-18
JA0381-285,용품,ACG 차모카모 팩 베스트 5L," 229,000 ",0%," 229,000 ",트레일위크,2026-09-05,2026-09-18
IB0355-001,용품,드라이핏 퓨리 엘레베이트 헤드밴드," 23,000 ",0%," 23,000 ",트레일위크,2026-09-05,2026-09-18
IQ6027-039,용품,ACG GOAT 벨트," 79,000 ",0%," 79,000 ",트레일위크,2026-09-05,2026-09-18
IQ7354-039,용품,ACG GOAT 팩 베스트 5L," 199,000 ",0%," 199,000 ",트레일위크,2026-09-05,2026-09-18
IU1504-019,용품,ACG UV 쿨링 슬리브 페어," 49,000 ",0%," 49,000 ",트레일위크,2026-09-05,2026-09-18
IU1504-833,용품,ACG UV 쿨링 슬리브 페어," 49,000 ",0%," 49,000 ",트레일위크,2026-09-05,2026-09-18
IU1608-019,용품,ACG UV 쿨링 랩," 45,000 ",0%," 45,000 ",트레일위크,2026-09-05,2026-09-18
001A-SCORIA-M,신발,001A," 399,000 ",0%," 399,000 ",트레일위크,2026-09-05,2026-09-18
001A-SCORIA-W,신발,001A," 399,000 ",0%," 399,000 ",트레일위크,2026-09-05,2026-09-18
005-STBLACK-M,신발,005," 429,000 ",0%," 429,000 ",트레일위크,2026-09-05,2026-09-18
005-STBLACK-W,신발,005," 429,000 ",0%," 429,000 ",트레일위크,2026-09-05,2026-09-18
005-ZEPHYR-M,신발,005," 429,000 ",0%," 429,000 ",트레일위크,2026-09-05,2026-09-18
005-ZEPHYR-W,신발,005," 429,000 ",0%," 429,000 ",트레일위크,2026-09-05,2026-09-18
055-STRATO-M,신발,055," 429,000 ",0%," 429,000 ",트레일위크,2026-09-05,2026-09-18
055-STRATO-W,신발,055," 429,000 ",0%," 429,000 ",트레일위크,2026-09-05,2026-09-18
001A-ALMOND-M,신발,001A," 399,000 ",0%," 399,000 ",트레일위크,2026-09-05,2026-09-18
001A-ALMOND-W,신발,001A," 399,000 ",0%," 399,000 ",트레일위크,2026-09-05,2026-09-18
L45388500,신발,제네시스 2 와이드," 250,000 ",0%," 250,000 ",트레일위크,2026-09-05,2026-09-18
L45396000,신발,울트라 글라이드 4," 230,000 ",0%," 230,000 ",트레일위크,2026-09-05,2026-09-18
L45396100,신발,울트라 글라이드 4," 230,000 ",0%," 230,000 ",트레일위크,2026-09-05,2026-09-18
L49190100,신발,S/LAB 제네시스2," 340,000 ",0%," 340,000 ",트레일위크,2026-09-05,2026-09-18
LC1916100,용품,소프트 플라스크 150ml/5oz 28," 25,000 ",0%," 25,000 ",트레일위크,2026-09-05,2026-09-18
LC1917600,용품,소프트 컵 스피드 150ml/5oz," 15,000 ",0%," 15,000 ",트레일위크,2026-09-05,2026-09-18
LC2091500,용품,S/LAB 벨트," 80,000 ",0%," 80,000 ",트레일위크,2026-09-05,2026-09-18
LC2223100,용품,센스 에어로 헤드밴드," 30,000 ",0%," 30,000 ",트레일위크,2026-09-05,2026-09-18
LC2464900,용품,ADV 스킨 5 세트," 220,000 ",0%," 220,000 ",트레일위크,2026-09-05,2026-09-18
LC2483800,용품,ADV 스킨 5 세트 레이스 플래그," 220,000 ",0%," 220,000 ",트레일위크,2026-09-05,2026-09-18
LC2683400,용품,어드밴스드 스킨 5," 220,000 ",0%," 220,000 ",트레일위크,2026-09-05,2026-09-18
LC2710400,용품,펄스 슬링 벨트," 45,000 ",0%," 45,000 ",트레일위크,2026-09-05,2026-09-18
LC2711000,용품,펄스 슬링 벨트," 45,000 ",0%," 45,000 ",트레일위크,2026-09-05,2026-09-18
LC2854900,용품,그래블 스킨 4," 150,000 ",0%," 150,000 ",트레일위크,2026-09-05,2026-09-18
LC2855500,용품,어드밴스드 스킨 심리스 벨트," 70,000 ",0%," 70,000 ",트레일위크,2026-09-05,2026-09-18
LC2856600,용품,커스텀 퀴버 울트라," 50,000 ",0%," 50,000 ",트레일위크,2026-09-05,2026-09-18
LC2859200,용품,액티브 스킨 4," 150,000 ",0%," 150,000 ",트레일위크,2026-09-05,2026-09-18
LC2863300,용품,S/LAB 울트라 12," 320,000 ",0%," 320,000 ",트레일위크,2026-09-05,2026-09-18
LC2863400,용품,S/LAB 울트라 12," 320,000 ",0%," 320,000 ",트레일위크,2026-09-05,2026-09-18
LC2933000,의류,센스 에어로 2IN1 트레일 5인치," 135,000 ",0%," 135,000 ",트레일위크,2026-09-05,2026-09-18
LC2947800,의류,셰이크아웃 코어 롱 슬리브," 115,000 ",0%," 115,000 ",트레일위크,2026-09-05,2026-09-18
LC2950600,의류,셰이크아웃 코어 롱 슬리브," 115,000 ",0%," 115,000 ",트레일위크,2026-09-05,2026-09-18
LC2950700,의류,셰이크 아웃 플라이 자켓," 210,000 ",0%," 210,000 ",트레일위크,2026-09-05,2026-09-18
LC3014300,용품,센스 에어로 그래픽 캡," 80,000 ",0%," 80,000 ",트레일위크,2026-09-05,2026-09-18
LC3040700,의류,셰이크아웃 코어 숏 슬리브 GFX," 95,000 ",0%," 95,000 ",트레일위크,2026-09-05,2026-09-18
LC3040800,의류,셰이크아웃 코어 숏 슬리브 GFX," 95,000 ",0%," 95,000 ",트레일위크,2026-09-05,2026-09-18
LC3057700,용품,센스 에어로 캡," 75,000 ",0%," 75,000 ",트레일위크,2026-09-05,2026-09-18
U-2-CA-0056-BL029,용품,GO캡 Classic-Athletics-Quarry," 66,000 ",0%," 66,000 ",트레일위크,2026-09-05,2026-09-18
U-2-CA-0056-YE006,용품,GO캡 Classic-Athletics-Gekko," 66,000 ",0%," 66,000 ",트레일위크,2026-09-05,2026-09-18
U-2-CA-0263-PK007,용품,FST캡 SC-Classic-AthleticsSL-RoseDawn," 72,000 ",0%," 72,000 ",트레일위크,2026-09-05,2026-09-18
U-2-CA-0283-BK001,용품,FST캡 Ethereal-Icon-CircleC-Shadowcast," 126,000 ",0%," 126,000 ",트레일위크,2026-09-05,2026-09-18
U-2-CA-0283-GN018,용품,FST캡 Ethereal-Icon-CircleC-Toad," 126,000 ",0%," 126,000 ",트레일위크,2026-09-05,2026-09-18
U-2-CA-0322-BL043,용품,GO캡 SC-Comp-WWM26 뉴욕," 84,000 ",0%," 84,000 ",트레일위크,2026-09-05,2026-09-18
U-2-CA-0322-BL044,용품,GO캡 SC-Comp-WWM26 샤모니," 84,000 ",0%," 84,000 ",트레일위크,2026-09-05,2026-09-18
U-2-CA-0322-GN029,용품,GO캡 SC-Comp-WWM26 베를린," 84,000 ",0%," 84,000 ",트레일위크,2026-09-05,2026-09-18
U-2-CA-0322-GN030,용품,GO캡 SC-Comp-WWM26 시카고," 84,000 ",0%," 84,000 ",트레일위크,2026-09-05,2026-09-18
U-2-CA-0360-BL004,용품,TRL캡 SC-Comp-Throttle-DeepSpace," 90,000 ",0%," 90,000 ",트레일위크,2026-09-05,2026-09-18
U-2-CA-0360-GN029,용품,TRL캡 SC-Comp-Throttle-Spruce," 90,000 ",0%," 90,000 ",트레일위크,2026-09-05,2026-09-18
U-2-CA-0361-BE005,용품,GO캡 MRPH-EQ-RaceDay-RainyDay," 114,000 ",0%," 114,000 ",트레일위크,2026-09-05,2026-09-18
U-2-CA-0361-BL004,용품,GO캡 MRPH-EQ-RaceDay-DeepSpace," 114,000 ",0%," 114,000 ",트레일위크,2026-09-05,2026-09-18
C26FW-C01-BLK,용품,포인티드 메쉬 캡," 64,000 ",0%," 64,000 ",트레일위크,2026-09-05,2026-09-18
C26FW-C03-BLK,용품,플로우 5 패널 캡 S.B.," 59,000 ",0%," 59,000 ",트레일위크,2026-09-05,2026-09-18
C26FW-C03-GRY,용품,플로우 5 패널 캡 S.B.," 59,000 ",0%," 59,000 ",트레일위크,2026-09-05,2026-09-18
C26FW-C04-BLK,용품,트레일 캡 S.B.," 59,000 ",0%," 59,000 ",트레일위크,2026-09-05,2026-09-18
C26FW-C04-GRY,용품,트레일 캡 S.B.," 59,000 ",0%," 59,000 ",트레일위크,2026-09-05,2026-09-18
C26FW-P01-BLK,의류,라인 포켓 팬츠," 198,000 ",," 198,000 ",트레일위크,2026-09-05,2026-09-18
010-03920-50,용품,포러너 170," 479,000 ",," 479,000 ",트레일위크,2026-09-05,2026-09-18
010-03920-51,용품,포러너 170," 479,000 ",," 479,000 ",트레일위크,2026-09-05,2026-09-18
010-03920-52,용품,포러너 170 뮤직," 559,000 ",," 559,000 ",트레일위크,2026-09-05,2026-09-18
010-04307-10,용품,포러너 70," 399,000 ",," 399,000 ",트레일위크,2026-09-05,2026-09-18
010-04307-11,용품,포러너 70," 399,000 ",," 399,000 ",트레일위크,2026-09-05,2026-09-18
010-02970-40,용품,포러너 570 42mm," 799,000 ",," 799,000 ",트레일위크,2026-09-05,2026-09-18
010-02970-41,용품,포러너 570 42mm," 799,000 ",," 799,000 ",트레일위크,2026-09-05,2026-09-18
010-02971-40,용품,포러너 570 47mm," 799,000 ",," 799,000 ",트레일위크,2026-09-05,2026-09-18
010-02971-41,용품,포러너 570 47mm," 799,000 ",," 799,000 ",트레일위크,2026-09-05,2026-09-18
010-02626-50,용품,인스팅트 2," 229,000 ",," 229,000 ",트레일위크,2026-09-05,2026-09-18
010-02903-17,용품,피닉스 8 43mm," 1,690,000 ",," 1,690,000 ",트레일위크,2026-09-05,2026-09-18
010-02905-64,용품,피닉스 8 51mm," 1,890,000 ",," 1,890,000 ",트레일위크,2026-09-05,2026-09-18
010-03025-14,용품,피닉스 E 47mm," 1,190,000 ",," 1,190,000 ",트레일위크,2026-09-05,2026-09-18
IX8976,의류,아디제로 컨트롤 러닝 쇼츠 타이츠," 159,000 ",," 159,000 ",트레일위크,2026-09-05,2026-09-18
KE3738,의류,아디365 클라이마쿨 3 스트라이프 러닝 레깅스," 85,000 ",," 85,000 ",트레일위크,2026-09-05,2026-09-18
JD3638,의류,아디제로 러닝 롱슬리브 티셔츠," 89,000 ",," 89,000 ",트레일위크,2026-09-05,2026-09-18
KG8457,의류,아디제로 러닝 베스트," 119,000 ",," 119,000 ",트레일위크,2026-09-05,2026-09-18
JM3650,의류,아디제로 러닝 젤 포켓 쇼츠," 79,000 ",," 79,000 ",트레일위크,2026-09-05,2026-09-18
KF9875,의류,테렉스 엑스페리어 클라이마쿨 티셔츠," 79,000 ",," 79,000 ",트레일위크,2026-09-05,2026-09-18
KH2316,의류,아디제로 아카이브 러닝 크롭 탑," 59,000 ",," 59,000 ",트레일위크,2026-09-05,2026-09-18
KR2970,의류,아디365 클라이마쿨 아이코닉 탱크," 39,000 ",," 39,000 ",트레일위크,2026-09-05,2026-09-18
KX4396,의류,아디365 러닝 포모션 아이코닉 쇼츠," 55,000 ",," 55,000 ",트레일위크,2026-09-05,2026-09-18
KZ8663,신발,테렉스 아그라빅 SL," 189,000 ",," 189,000 ",트레일위크,2026-09-05,2026-09-18
KX0764,의류,테렉스 멀티 라이트 쇼츠," 79,000 ",," 79,000 ",트레일위크,2026-09-05,2026-09-18
KX0767,의류,테렉스 멀티 클라이마쿨 로고 테크 티셔츠," 39,000 ",," 39,000 ",트레일위크,2026-09-05,2026-09-18
KY7803,용품,태렉스 엑스페리어 클라이마쿨 캡," 39,000 ",," 39,000 ",트레일위크,2026-09-05,2026-09-18
KY7814,용품,테렉스 엑스페리어 클라이마쿨 트레일 크루 삭스," 19,000 ",," 19,000 ",트레일위크,2026-09-05,2026-09-18
JW9081,의류,아디365 러닝 클라이마쿨 브라," 79,000 ",," 79,000 ",트레일위크,2026-09-05,2026-09-18
KS6098,의류,아디365 클라이마쿨 4포켓 2IN1 쇼츠," 79,000 ",," 79,000 ",트레일위크,2026-09-05,2026-09-18
JZ0504,용품,러닝 메쉬 4패널 캡 클라이마쿨," 35,000 ",," 35,000 ",트레일위크,2026-09-05,2026-09-18
JZ0505,용품,러닝 메쉬 4패널 캡 클라이마쿨," 35,000 ",," 35,000 ",트레일위크,2026-09-05,2026-09-18
KE8210,의류,아디365 클라이마쿨 투 포켓 쇼츠," 79,000 ",," 79,000 ",트레일위크,2026-09-05,2026-09-18
KE8211,의류,아디365 클라이마쿨 투 포켓 쇼츠," 79,000 ",," 79,000 ",트레일위크,2026-09-05,2026-09-18
KQ8645,의류,아디365 클라이마쿨 하이퍼부스트 러닝 탱크," 69,000 ",," 69,000 ",트레일위크,2026-09-05,2026-09-18
KQ8647,의류,아디365 클라이마쿨 하이퍼부스트 러닝 점프슈트," 99,000 ",," 99,000 ",트레일위크,2026-09-05,2026-09-18
KR8956,용품,러닝 클라이마쿨 헤드밴드," 25,000 ",," 25,000 ",트레일위크,2026-09-05,2026-09-18
KR8970,용품,러닝 컴피 크루 삭스," 23,000 ",," 23,000 ",트레일위크,2026-09-05,2026-09-18
KS5871,의류,아디365 러닝 클라이마쿨 브라," 79,000 ",," 79,000 ",트레일위크,2026-09-05,2026-09-18
KY5654,의류,아디365 하이퍼부스트 러닝 그래픽 티셔츠," 69,000 ",," 69,000 ",트레일위크,2026-09-05,2026-09-18
KQ8649,의류,아디365 클라이마쿨 하이퍼부스트 러닝 티셔츠," 69,000 ",," 69,000 ",트레일위크,2026-09-05,2026-09-18
KZ0027,의류,아디제로 아스파이어 러닝 유나이트핏 티셔츠," 89,000 ",," 89,000 ",트레일위크,2026-09-05,2026-09-18
KH1059,의류,아디제로 아카이브 러닝 쇼츠," 79,000 ",," 79,000 ",트레일위크,2026-09-05,2026-09-18
IM7706,의류,패스트 임팩트 럭스 런 하이 서포트 브라," 99,000 ",," 99,000 ",트레일위크,2026-09-05,2026-09-18
KD4847,의류,테렉스 엑스페리어 클라이마쿨 티셔츠," 79,000 ",," 79,000 ",트레일위크,2026-09-05,2026-09-18
HP7011,신발,테렉스 아그라빅 TT," 209,000 ",," 209,000 ",트레일위크,2026-09-05,2026-09-18
HP7013,신발,테렉스 아그라빅 TT," 209,000 ",," 209,000 ",트레일위크,2026-09-05,2026-09-18
KR8955,용품,러닝 클라이마쿨 헤드 밴드," 25,000 ",," 25,000 ",트레일위크,2026-09-05,2026-09-18
JF3473,의류,아디제로 러닝 티셔츠," 79,000 ",," 79,000 ",트레일위크,2026-09-05,2026-09-18
JF3480,의류,아디제로 러닝 티셔츠," 79,000 ",," 79,000 ",트레일위크,2026-09-05,2026-09-18
KR3050,의류,아디365 러닝 클라이마쿨 아이코닉 티셔츠," 49,000 ",," 49,000 ",트레일위크,2026-09-05,2026-09-18
JY7572,용품,엑스페리어 트레일 베스트 5L," 169,000 ",," 169,000 ",트레일위크,2026-09-05,2026-09-18
KH4571,의류,테렉스 엑스페리어 클라이마365 라이트 윈드웨이브 자켓," 179,000 ",," 179,000 ",트레일위크,2026-09-05,2026-09-18
KH4572,의류,테렉스 엑스페리어 클라이마365 라이트 윈드웨이브 자켓," 179,000 ",," 179,000 ",트레일위크,2026-09-05,2026-09-18
JY3055,용품,클라이마쿨 암슬리브," 35,000 ",," 35,000 ",트레일위크,2026-09-05,2026-09-18
KG9716,용품,러닝 컴피 크루 삭스," 23,000 ",," 23,000 ",트레일위크,2026-09-05,2026-09-18
HQ5070,신발,테렉스 아그라빅 TT," 209,000 ",," 209,000 ",트레일위크,2026-09-05,2026-09-18
IQ3359,용품,패스트임팩트 럭스 런 하이 서포트 스포츠브라," 99,000 ",," 99,000 ",트레일위크,2026-09-05,2026-09-18
JD1160,용품,러닝 X 아디제로 클라이마쿨 캡," 39,000 ",," 39,000 ",트레일위크,2026-09-05,2026-09-18
JN0298,의류,아디제로 싱글렛," 89,000 ",," 89,000 ",트레일위크,2026-09-05,2026-09-18
KD6975,용품,러닝 X 아디제로 클라이마쿨 캡," 39,000 ",," 39,000 ",트레일위크,2026-09-05,2026-09-18
KD9193,의류,아디365 러닝 클라이마쿨 쇼츠 레깅스," 65,000 ",," 65,000 ",트레일위크,2026-09-05,2026-09-18
KG9749,의류,아디제로 아카이브 러닝 쇼츠," 79,000 ",," 79,000 ",트레일위크,2026-09-05,2026-09-18
KH8796,신발,테렉스 아그라빅 SL," 189,000 ",," 189,000 ",트레일위크,2026-09-05,2026-09-18
KH8800,신발,테렉스 아그라빅 SL," 189,000 ",," 189,000 ",트레일위크,2026-09-05,2026-09-18
KH8801,신발,테렉스 아그라빅 SL," 189,000 ",," 189,000 ",트레일위크,2026-09-05,2026-09-18
KH8804,신발,테렉스 아그라빅 SL," 189,000 ",," 189,000 ",트레일위크,2026-09-05,2026-09-18
KS3244,의류,아디365 러닝 클라이마쿨 아이코닉 티셔츠," 49,000 ",," 49,000 ",트레일위크,2026-09-05,2026-09-18
KS3248,의류,아디365 러닝 클라이마쿨 아이코닉 티셔츠," 49,000 ",," 49,000 ",트레일위크,2026-09-05,2026-09-18
KZ0028,의류,아디제로 아스파이어 러닝 유나이트핏 티셔츠," 89,000 ",," 89,000 ",트레일위크,2026-09-05,2026-09-18
KZ9653,신발,테렉스 아그라빅 SL," 189,000 ",," 189,000 ",트레일위크,2026-09-05,2026-09-18
KH1056,의류,아디제로 아카이브 러닝 쇼츠," 79,000 ",," 79,000 ",트레일위크,2026-09-05,2026-09-18
KT4854,의류,아디제로 아카이브 러닝 쇼츠," 79,000 ",," 79,000 ",트레일위크,2026-09-05,2026-09-18
KR6408,의류,테렉스 클라이마쿨 5패널 그래픽 캡," 29,000 ",," 29,000 ",트레일위크,2026-09-05,2026-09-18
JZ7684,의류,아디365 브리즈 티," 45,000 ",," 45,000 ",트레일위크,2026-09-05,2026-09-18
JZ7762,의류,아디365 브리즈 티," 55,000 ",," 55,000 ",트레일위크,2026-09-05,2026-09-18
JZ7694,의류,아디365 클라이마쿨 티셔츠," 49,000 ",," 49,000 ",트레일위크,2026-09-05,2026-09-18
JZ2478,의류,아디365 아이코닉 러닝 숏 타이즈," 65,000 ",," 65,000 ",트레일위크,2026-09-05,2026-09-18
JR9098,신발,테렉스 아그라빅 TT," 209,000 ",," 209,000 ",트레일위크,2026-09-05,2026-09-18
KB4332,의류,아디제로 아카이브 러닝 싱글렛," 79,000 ",," 79,000 ",트레일위크,2026-09-05,2026-09-18
IX8975,의류,아디제로 러닝 스플릿 쇼츠," 89,000 ",," 89,000 ",트레일위크,2026-09-05,2026-09-18
JY7573,용품,엑스페리어 트레일 베스트 8L," 189,000 ",," 189,000 ",트레일위크,2026-09-05,2026-09-18
JY8624,의류,아디제로 싱글렛," 69,000 ",," 69,000 ",트레일위크,2026-09-05,2026-09-18
KA0143,의류,아디365 소프트 터치 탱크 탑," 55,000 ",," 55,000 ",트레일위크,2026-09-05,2026-09-18
KA0317,의류,아디365 소프트 터치 탱크 탑," 55,000 ",," 55,000 ",트레일위크,2026-09-05,2026-09-18
JV6530,의류,엑스페리어 프로 티," 109,000 ",," 109,000 ",트레일위크,2026-09-05,2026-09-18
JR9112,신발,테렉스 아그라빅 TT," 209,000 ",," 209,000 ",트레일위크,2026-09-05,2026-09-18
HZ3692,의류,아디제로 아카이브 러닝 재킷," 159,000 ",," 159,000 ",트레일위크,2026-09-05,2026-09-18
HZ3696,의류,아디제로 아카이브 러닝 재킷," 159,000 ",," 159,000 ",트레일위크,2026-09-05,2026-09-18
JD9557,용품,런 X 아디제로 삭스," 19,000 ",," 19,000 ",트레일위크,2026-09-05,2026-09-18
KD6967,용품,러닝 클라이마쿨 베스트," 99,000 ",," 99,000 ",트레일위크,2026-09-05,2026-09-18
KA4339,의류,아디365 러닝 에센셜 재킷," 89,000 ",," 89,000 ",트레일위크,2026-09-05,2026-09-18
JZ7718,의류,아디365 포모션 재킷," 129,000 ",," 129,000 ",트레일위크,2026-09-05,2026-09-18
JZ0506,용품,러닝 에센셜 클라이마쿨 베이스볼 캡," 35,000 ",," 35,000 ",트레일위크,2026-09-05,2026-09-18
IX8988,의류,아디제로 러닝 재킷," 219,000 ",," 219,000 ",트레일위크,2026-09-05,2026-09-18
JP3773,의류,아디제로 싱글렛," 89,000 ",," 89,000 ",트레일위크,2026-09-05,2026-09-18
JY7574,용품,엑스페리어 트레일 베스트 2.5L," 149,000 ",," 149,000 ",트레일위크,2026-09-05,2026-09-18
JZ7717,의류,아디365 포모션 재킷," 129,000 ",," 129,000 ",트레일위크,2026-09-05,2026-09-18
JZ7720,의류,아디365 아이코닉 1/2 지퍼 탑," 79,000 ",," 79,000 ",트레일위크,2026-09-05,2026-09-18
JZ7782,의류,러닝 에센셜 재킷," 89,000 ",," 89,000 ",트레일위크,2026-09-05,2026-09-18
KE6742,의류,아디365 아이코닉 러닝 팬츠," 89,000 ",," 89,000 ",트레일위크,2026-09-05,2026-09-18
1WG11494939,의류,올데이 워터프루트 자켓," 299,000 ",," 299,000 ",트레일위크,2026-09-05,2026-09-18
3MG30041344,신발,클라우드비스타 3," 199,000 ",," 199,000 ",트레일위크,2026-09-05,2026-09-18
3MG30045153,신발,클라우드비스타 3," 199,000 ",," 199,000 ",트레일위크,2026-09-05,2026-09-18
3WG30195428,신발,클라우드비스타 3," 199,000 ",," 199,000 ",트레일위크,2026-09-05,2026-09-18
2UF10040106,용품,퍼포먼스 런 삭 하이," 39,000 ",," 39,000 ",트레일위크,2026-09-05,2026-09-18
2UF10040813,용품,퍼포먼스 런 삭 하이," 39,000 ",," 39,000 ",트레일위크,2026-09-05,2026-09-18
2UG30242929,용품,엘리트 런 삭 하이 하이퍼," 59,000 ",," 59,000 ",트레일위크,2026-09-05,2026-09-18
2UG30245042,용품,엘리트 런 삭 하이 하이퍼," 59,000 ",," 59,000 ",트레일위크,2026-09-05,2026-09-18
1ME10234958,의류,퍼포먼스 티," 115,000 ",," 115,000 ",트레일위크,2026-09-05,2026-09-18
1ME10220106,의류,퍼포먼스 탱크," 95,000 ",," 95,000 ",트레일위크,2026-09-05,2026-09-18
1ME10230106,의류,퍼포먼스 티," 115,000 ",," 115,000 ",트레일위크,2026-09-05,2026-09-18
1ME10430553,의류,코어 티," 85,000 ",," 85,000 ",트레일위크,2026-09-05,2026-09-18
1ME10750553,의류,코어 롱 티," 95,000 ",," 95,000 ",트레일위크,2026-09-05,2026-09-18
1MF10110553,의류,코어 팬츠," 159,000 ",," 159,000 ",트레일위크,2026-09-05,2026-09-18
1MF10120553,의류,5인치 코어 쇼츠," 85,000 ",," 85,000 ",트레일위크,2026-09-05,2026-09-18
1MF10750553,의류,5인치 퍼포먼스 쇼츠," 115,000 ",," 115,000 ",트레일위크,2026-09-05,2026-09-18
1MF10752608,의류,5인치 퍼포먼스 쇼츠," 115,000 ",," 115,000 ",트레일위크,2026-09-05,2026-09-18
1WE10580553,의류,코어 티," 85,000 ",," 85,000 ",트레일위크,2026-09-05,2026-09-18
1WE10920553,의류,코어 롱 티," 95,000 ",," 95,000 ",트레일위크,2026-09-05,2026-09-18
1WF30210553,의류,퍼포먼스 타이츠 쇼츠," 95,000 ",," 95,000 ",트레일위크,2026-09-05,2026-09-18
2UF30040069,용품,울트라 캡," 85,000 ",," 85,000 ",트레일위크,2026-09-05,2026-09-18
3MG30221043,신발,클라우드소마 모크," 179,000 ",," 179,000 ",트레일위크,2026-09-05,2026-09-18
3WG30371043,신발,클라우드소마 모크," 179,000 ",," 179,000 ",트레일위크,2026-09-05,2026-09-18
1MG30670561,의류,퍼포먼스 볼트 베스트," 239,000 ",," 239,000 ",트레일위크,2026-09-05,2026-09-18
1MG31154959,의류,퍼포먼스 볼트 티," 129,000 ",," 129,000 ",트레일위크,2026-09-05,2026-09-18
1WE10314994,의류,퍼포먼스 티," 115,000 ",," 115,000 ",트레일위크,2026-09-05,2026-09-18
1MG30664959,의류,퍼포먼스 볼트 자켓," 259,000 ",," 259,000 ",트레일위크,2026-09-05,2026-09-18
1WF10154975,의류,3인치 코어 쇼츠," 85,000 ",," 85,000 ",트레일위크,2026-09-05,2026-09-18
1WG30734993,의류,퍼포먼스 볼트 자켓," 259,000 ",," 259,000 ",트레일위크,2026-09-05,2026-09-18
1WG31334959,의류,퍼포먼스 볼트 티," 129,000 ",," 129,000 ",트레일위크,2026-09-05,2026-09-18
1ME10225425,의류,퍼포먼스 탱크," 95,000 ",," 95,000 ",트레일위크,2026-09-05,2026-09-18
1WE10304994,의류,퍼포먼스 탱크," 95,000 ",," 95,000 ",트레일위크,2026-09-05,2026-09-18
1WG30740561,의류,퍼포먼스 볼트 베스트," 239,000 ",," 239,000 ",트레일위크,2026-09-05,2026-09-18
1WG31400553,의류,퍼포먼스 타이츠 24," 159,000 ",," 159,000 ",트레일위크,2026-09-05,2026-09-18
1MF10754420,의류,5인치 퍼포먼스 쇼츠," 115,000 ",," 115,000 ",트레일위크,2026-09-05,2026-09-18
1MG10700561,의류,퍼포먼스 볼트 재킷," 259,000 ",," 259,000 ",트레일위크,2026-09-05,2026-09-18
1MG10840069,의류,온 런 티," 89,000 ",," 89,000 ",트레일위크,2026-09-05,2026-09-18
1MG10610561,의류,퍼포먼스 볼트 쇼츠," 139,000 ",," 139,000 ",트레일위크,2026-09-05,2026-09-18
1WG11240553,의류,온 런 탱크," 75,000 ",," 75,000 ",트레일위크,2026-09-05,2026-09-18
1WG11250553,의류,온 런 티," 89,000 ",," 89,000 ",트레일위크,2026-09-05,2026-09-18
1WG11250773,의류,온 런 티," 89,000 ",," 89,000 ",트레일위크,2026-09-05,2026-09-18
1ME10244422,의류,퍼포먼스 롱 티," 129,000 ",," 129,000 ",트레일위크,2026-09-05,2026-09-18
1ME10334582,의류,코어 재킷," 249,000 ",," 249,000 ",트레일위크,2026-09-05,2026-09-18
2UE10170761,용품,트랙 팩 40L 엘리트," 289,000 ",," 289,000 ",트레일위크,2026-09-05,2026-09-18
2UF30120553,용품,트레일 팩 20L," 289,000 ",," 289,000 ",트레일위크,2026-09-05,2026-09-18
2UG10040553,용품,스펙터 캡," 115,000 ",," 115,000 ",트레일위크,2026-09-05,2026-09-18
1ME10273153,의류,웨더 팬츠," 209,000 ",," 209,000 ",트레일위크,2026-09-05,2026-09-18
1ME10330603,의류,코어 재킷," 249,000 ",," 249,000 ",트레일위크,2026-09-05,2026-09-18
1MF30790603,의류,트렉 자켓," 349,000 ",," 349,000 ",트레일위크,2026-09-05,2026-09-18
1ME10222985,의류,퍼포먼스 탱크," 95,000 ",," 95,000 ",트레일위크,2026-09-05,2026-09-18
1ME10222993,의류,퍼포먼스 탱크," 95,000 ",," 95,000 ",트레일위크,2026-09-05,2026-09-18
1ME10270553,의류,웨더 팬츠," 209,000 ",," 209,000 ",트레일위크,2026-09-05,2026-09-18
1MF30790553,의류,트렉 자켓," 349,000 ",," 349,000 ",트레일위크,2026-09-05,2026-09-18
2UE30310554,용품,웨이스트 팩 2L 라이트," 69,000 ",," 69,000 ",트레일위크,2026-09-05,2026-09-18
2UE30310561,용품,웨이스트 팩 2L 라이트," 69,000 ",," 69,000 ",트레일위크,2026-09-05,2026-09-18
2UF10043259,용품,퍼포먼스 런 삭 하이," 39,000 ",," 39,000 ",트레일위크,2026-09-05,2026-09-18
2UF10053952,용품,퍼포먼스 런 삭 미드," 35,000 ",," 35,000 ",트레일위크,2026-09-05,2026-09-18
2UF10060813,용품,퍼포먼스 런 삭 로우," 29,000 ",," 29,000 ",트레일위크,2026-09-05,2026-09-18
2UF30130069,용품,울트라 베스트 프로," 239,000 ",," 239,000 ",트레일위크,2026-09-05,2026-09-18
1MF10301933,의류,7인치 퍼포먼스 올오버 프린트 쇼츠," 129,000 ",," 129,000 ",트레일위크,2026-09-05,2026-09-18
1MF10093137,의류,5인치 퍼포먼스 2 in 1 쇼츠," 115,000 ",," 115,000 ",트레일위크,2026-09-05,2026-09-18
1ME10280345,의류,퍼포먼스 하이브리드 쇼츠," 129,000 ",," 129,000 ",트레일위크,2026-09-05,2026-09-18
S10939-97,신발,엔돌핀 프로 4," 269,000 ",30%," 188,300 ",써코니 시즌오프,2026-09-05,2026-09-27
S10996-97,신발,엔돌핀 트레이너," 219,000 ",30%," 153,300 ",써코니 시즌오프,2026-09-05,2026-09-27
S11000-104,신발,라이드 18," 159,000 ",30%," 111,300 ",써코니 시즌오프,2026-09-05,2026-09-27
S11007-172,신발,엔돌핀 스피드 5," 219,000 ",20%," 175,200 ",써코니 시즌오프,2026-09-05,2026-09-27
S11024-232,신발,트라이엄프 23 와이드," 199,000 ",30%," 139,300 ",써코니 시즌오프,2026-09-05,2026-09-27
S11024-232,신발,트라이엄프 23 와이드," 199,000 ",30%," 139,300 ",써코니 시즌오프,2026-09-05,2026-09-27
S11055-131,신발,라이드 19," 179,000 ",20%," 143,200 ",써코니 시즌오프,2026-09-05,2026-09-27
S11058-121,신발,가이드 19," 179,000 ",20%," 143,200 ",써코니 시즌오프,2026-09-05,2026-09-27
S11070-124,신발,엔돌핀 아주라," 189,000 ",10%," 170,100 ",써코니 시즌오프,2026-09-05,2026-09-27
S11073-104,신발,옴니 23 ST 와이드," 209,000 ",25%," 156,750 ",써코니 시즌오프,2026-09-05,2026-09-27
S20933-140,신발,허리케인 24," 189,000 ",30%," 132,300 ",써코니 시즌오프,2026-09-05,2026-09-27
S20936-200,신발,가이드 17," 159,000 ",40%," 95,400 ",써코니 시즌오프,2026-09-05,2026-09-27
S20937-115,신발,가이드 17 와이드," 159,000 ",40%," 95,400 ",써코니 시즌오프,2026-09-05,2026-09-27
S20939-97,신발,엔돌핀 프로 4," 269,000 ",30%," 188,300 ",써코니 시즌오프,2026-09-05,2026-09-27
S20940-11,신발,엔돌핀 스피드 4," 209,000 ",30%," 146,300 ",써코니 시즌오프,2026-09-05,2026-09-27
S20940-30,신발,엔돌핀 스피드 4," 209,000 ",30%," 146,300 ",써코니 시즌오프,2026-09-05,2026-09-27
S20996-130,신발,엔돌핀 트레이너," 219,000 ",30%," 153,300 ",써코니 시즌오프,2026-09-05,2026-09-27
S20996-97,신발,엔돌핀 트레이너," 219,000 ",30%," 153,300 ",써코니 시즌오프,2026-09-05,2026-09-27
S20998-131,신발,가이드 18," 159,000 ",30%," 111,300 ",써코니 시즌오프,2026-09-05,2026-09-27
S20998-210,신발,가이드 18," 159,000 ",30%," 111,300 ",써코니 시즌오프,2026-09-05,2026-09-27
S21000-137,신발,라이드 18," 159,000 ",30%," 111,300 ",써코니 시즌오프,2026-09-05,2026-09-27
S21000-164,신발,라이드 18," 159,000 ",30%," 111,300 ",써코니 시즌오프,2026-09-05,2026-09-27
S21007-172,신발,엔돌핀 스피드 5," 219,000 ",30%," 153,300 ",써코니 시즌오프,2026-09-05,2026-09-27
S21008-142,신발,엔돌핀 스피드 5 와이드," 219,000 ",30%," 153,300 ",써코니 시즌오프,2026-09-05,2026-09-27
S21023-172,신발,트라이엄프 23," 199,000 ",30%," 139,300 ",써코니 시즌오프,2026-09-05,2026-09-27
S21055-172,신발,라이드 19," 179,000 ",25%," 134,250 ",써코니 시즌오프,2026-09-05,2026-09-27
S21059-103,신발,가이드 19," 179,000 ",20%," 143,200 ",써코니 시즌오프,2026-09-05,2026-09-27
S21070-172,신발,엔돌핀 아주라," 189,000 ",10%," 170,100 ",써코니 시즌오프,2026-09-05,2026-09-27
S21073-103,신발,옴니 23 ST," 199,000 ",25%," 149,250 ",써코니 시즌오프,2026-09-05,2026-09-27
S30994-130,신발,엔돌핀 엘리트 2," 339,000 ",30%," 237,300 ",써코니 시즌오프,2026-09-05,2026-09-27
001A-ASTRAL-M,신발,001A," 399,000 ",30%," 279,300 ",노다 시즌 오프,2026-09-14,2026-09-30
001A-HORIZON-M,신발,001A," 399,000 ",30%," 279,300 ",노다 시즌 오프,2026-09-14,2026-09-30
001A-SKY-M,신발,001A," 399,000 ",30%," 279,300 ",노다 시즌 오프,2026-09-14,2026-09-30
001A-SKY-W,신발,001A," 399,000 ",30%," 279,300 ",노다 시즌 오프,2026-09-14,2026-09-30
60000-00004,용품,하이퍼크래프트," 260,000 ",20%," 208,000 ",매장 전용 할인,2026-09-09,2026-09-30
60000-00006,용품,하이퍼크래프트," 260,000 ",20%," 208,000 ",매장 전용 할인,2026-09-09,2026-09-30
60000-00010,용품,하이퍼크래프트," 260,000 ",20%," 208,000 ",매장 전용 할인,2026-09-09,2026-09-30
60000-00011,용품,하이퍼크래프트," 260,000 ",20%," 208,000 ",매장 전용 할인,2026-09-09,2026-09-30
60000-00032,용품,하이퍼크래프트," 260,000 ",20%," 208,000 ",매장 전용 할인,2026-09-09,2026-09-30
60019-00016,용품,레제르 라운드," 180,000 ",20%," 144,000 ",매장 전용 할인,2026-09-09,2026-09-30
60020-00009,용품,레제르 스퀘어," 180,000 ",20%," 144,000 ",매장 전용 할인,2026-09-09,2026-09-30
60020-00019,용품,레제르 스퀘어," 200,000 ",20%," 160,000 ",매장 전용 할인,2026-09-09,2026-09-30
60078-10001,용품,A2," 250,000 ",20%," 200,000 ",매장 전용 할인,2026-09-09,2026-09-30
60078-10003,용품,A2," 230,000 ",20%," 184,000 ",매장 전용 할인,2026-09-09,2026-09-30
60078-10005,용품,A2," 250,000 ",20%," 200,000 ",매장 전용 할인,2026-09-09,2026-09-30
92069438,용품,레이다락 패스 (아시안핏)," 324,000 ",20%," 259,200 ",매장 전용 할인,2026-09-09,2026-09-30
94310360,용품,래터럴리스," 334,000 ",20%," 267,200 ",매장 전용 할인,2026-09-09,2026-09-30
94370163,용품,플란타리스," 370,000 ",20%," 296,000 ",매장 전용 할인,2026-09-09,2026-09-30
94380158,용품,아이자켓 리덕스," 261,000 ",20%," 208,800 ",매장 전용 할인,2026-09-09,2026-09-30
94380558,용품,아이자켓 리덕스," 334,000 ",20%," 267,200 ",매장 전용 할인,2026-09-09,2026-09-30
94382558,용품,아이자켓 리덕스," 259,000 ",20%," 207,200 ",매장 전용 할인,2026-09-09,2026-09-30
94382658,용품,아이재킷 리덕스 프리즘 브론즈," 261,000 ",20%," 208,800 ",매장 전용 할인,2026-09-09,2026-09-30
94950936,용품,레이다 플레이트 프리즘 슬레이트," 329,000 ",20%," 263,200 ",매장 전용 할인,2026-09-09,2026-09-30
95170139,용품,스턴트 데빌 프리즘 블랙," 345,000 ",20%," 276,000 ",매장 전용 할인,2026-09-09,2026-09-30
95210157,용품,토니켓 프리즘 그레이," 211,000 ",20%," 168,800 ",매장 전용 할인,2026-09-09,2026-09-30
SKU021,용품,페이스," 127,000 ",20%," 101,600 ",매장 전용 할인,2026-09-09,2026-09-30
SKU072,용품,조그," 118,000 ",20%," 94,400 ",매장 전용 할인,2026-09-09,2026-09-30
JH6206,신발,아디제로 EVO SL," 209,000 ",30%," 146,300 ",매장 전용 할인,2026-09-09,2026-09-30
JH6208,신발,아디제로 EVO SL," 209,000 ",30%," 146,300 ",매장 전용 할인,2026-09-09,2026-09-30
JP6623,신발,아디제로 아디오스 프로 4," 299,000 ",30%," 209,300 ",매장 전용 할인,2026-09-09,2026-09-30
JP6624,신발,아디제로 아디오스 프로 4 베를린," 299,000 ",30%," 209,300 ",매장 전용 할인,2026-09-09,2026-09-30
JP7147,신발,아디제로 EVO SL," 209,000 ",30%," 146,300 ",매장 전용 할인,2026-09-09,2026-09-30
JP7149,신발,아디제로 EVO SL," 209,000 ",30%," 146,300 ",매장 전용 할인,2026-09-09,2026-09-30
JQ1691,신발,아디제로 아디오스 프로 4 베를린," 299,000 ",30%," 209,300 ",매장 전용 할인,2026-09-09,2026-09-30
JR1094,신발,아디제로 아디오스 프로 4," 299,000 ",30%," 209,300 ",매장 전용 할인,2026-09-09,2026-09-30
JR1269,신발,아디제로 아디오스 프로 4," 299,000 ",30%," 209,300 ",매장 전용 할인,2026-09-09,2026-09-30
JR4946,신발,아디제로 아디오스 프로 4," 299,000 ",30%," 209,300 ",매장 전용 할인,2026-09-09,2026-09-30
JR7087,신발,아디제로 아디오스 프로 4," 299,000 ",30%," 209,300 ",매장 전용 할인,2026-09-09,2026-09-30
JR7088,신발,아디제로 아디오스 프로 4," 299,000 ",30%," 209,300 ",매장 전용 할인,2026-09-09,2026-09-30
JS2579,신발,아디제로 아디오스 프로 4," 299,000 ",30%," 209,300 ",매장 전용 할인,2026-09-09,2026-09-30
JS2580,신발,아디제로 아디오스 프로 4," 299,000 ",30%," 209,300 ",매장 전용 할인,2026-09-09,2026-09-30
KI3381,신발,아디제로 EVO SL," 209,000 ",30%," 146,300 ",매장 전용 할인,2026-09-09,2026-09-30
KI3383,신발,아디제로 EVO SL," 209,000 ",30%," 146,300 ",매장 전용 할인,2026-09-09,2026-09-30
KI3946,신발,아디제로 EVO SL," 209,000 ",30%," 146,300 ",매장 전용 할인,2026-09-09,2026-09-30
KI4438,신발,아디제로 아디오스 프로 4 서울마라톤," 299,000 ",30%," 209,300 ",매장 전용 할인,2026-09-09,2026-09-30
KI4794,신발,아디제로 EVO SL," 209,000 ",30%," 146,300 ",매장 전용 할인,2026-09-09,2026-09-30
KI9388,신발,아디제로 아디오스 프로 4 보스톤," 299,000 ",30%," 209,300 ",매장 전용 할인,2026-09-09,2026-09-30
KI9874,신발,아디제로 EVO SL," 209,000 ",30%," 146,300 ",매장 전용 할인,2026-09-09,2026-09-30
KJ8336,신발,아디제로 EVO SL," 209,000 ",30%," 146,300 ",매장 전용 할인,2026-09-09,2026-09-30
KJ8337,신발,아디제로 EVO SL," 209,000 ",30%," 146,300 ",매장 전용 할인,2026-09-09,2026-09-30
IQ6027-039,용품,ACG GOAT 벨트," 79,000 ",30%," 55,300 ",매장 전용 할인,2026-09-09,2026-09-30
IQ7354-039,용품,ACG GOAT 팩 베스트 5L," 199,000 ",30%," 139,300 ",매장 전용 할인,2026-09-09,2026-09-30
FD8311-003,신발,알파플라이 3," 339,000 ",30%," 237,300 ",매장 전용 할인,2026-09-09,2026-09-30
FD8311-104,신발,알파플라이 3," 339,000 ",30%," 237,300 ",매장 전용 할인,2026-09-09,2026-09-30
FD8311-300,신발,알파플라이 3," 339,000 ",30%," 237,300 ",매장 전용 할인,2026-09-09,2026-09-30
FD8311-402,신발,알파플라이 3," 339,000 ",30%," 237,300 ",매장 전용 할인,2026-09-09,2026-09-30
FD8311-800,신발,알파플라이 3," 339,000 ",30%," 237,300 ",매장 전용 할인,2026-09-09,2026-09-30
FD8315-104,신발,알파플라이 3," 339,000 ",30%," 237,300 ",매장 전용 할인,2026-09-09,2026-09-30
FD8315-105,신발,알파플라이 3," 339,000 ",30%," 237,300 ",매장 전용 할인,2026-09-09,2026-09-30
FD8315-500,신발,알파플라이 3," 339,000 ",30%," 237,300 ",매장 전용 할인,2026-09-09,2026-09-30
FD8315-600,신발,알파플라이 3," 339,000 ",30%," 237,300 ",매장 전용 할인,2026-09-09,2026-09-30
FD8315-700,신발,에어 줌 알파플라이 3," 329,000 ",30%," 230,300 ",매장 전용 할인,2026-09-09,2026-09-30
HF6411-100,신발,베이퍼플라이 4 프로토," 309,000 ",30%," 216,300 ",매장 전용 할인,2026-09-09,2026-09-30
HF6412-001,신발,베이퍼플라이 4," 309,000 ",30%," 216,300 ",매장 전용 할인,2026-09-09,2026-09-30
HF6412-503,신발,줌 X 베이퍼플라이 4," 309,000 ",30%," 216,300 ",매장 전용 할인,2026-09-09,2026-09-30
HF6412-800,신발,줌 X 베이퍼플라이 4," 309,000 ",30%," 216,300 ",매장 전용 할인,2026-09-09,2026-09-30
HF6414-100,신발,베이퍼플라이 4," 309,000 ",30%," 216,300 ",매장 전용 할인,2026-09-09,2026-09-30
HF6414-300,신발,베이퍼플라이 4," 309,000 ",30%," 216,300 ",매장 전용 할인,2026-09-09,2026-09-30
HF6414-600,신발,베이퍼플라이 4," 309,000 ",30%," 216,300 ",매장 전용 할인,2026-09-09,2026-09-30
HF6414-800,신발,줌 X 베이퍼플라이 4," 309,000 ",30%," 216,300 ",매장 전용 할인,2026-09-09,2026-09-30
IB1873-003,신발,페가수스 42," 169,000 ",30%," 118,300 ",매장 전용 할인,2026-09-09,2026-09-30
IB1873-101,신발,페가수스 42," 169,000 ",30%," 118,300 ",매장 전용 할인,2026-09-09,2026-09-30
IB1873-107,신발,페가수스 42," 169,000 ",30%," 118,300 ",매장 전용 할인,2026-09-09,2026-09-30
IB1873-110,신발,페가수스 42," 169,000 ",30%," 118,300 ",매장 전용 할인,2026-09-09,2026-09-30
IB1873-702,신발,페가수스 42," 169,000 ",30%," 118,300 ",매장 전용 할인,2026-09-09,2026-09-30
IB1881-002,신발,페가수스 42," 169,000 ",30%," 118,300 ",매장 전용 할인,2026-09-09,2026-09-30
IB1881-003,신발,페가수스 42," 169,000 ",30%," 118,300 ",매장 전용 할인,2026-09-09,2026-09-30
IB1881-004,신발,페가수스 42," 169,000 ",30%," 118,300 ",매장 전용 할인,2026-09-09,2026-09-30
IB1881-102,신발,페가수스 42," 169,000 ",30%," 118,300 ",매장 전용 할인,2026-09-09,2026-09-30
IB1881-602,신발,페가수스 42," 169,000 ",30%," 118,300 ",매장 전용 할인,2026-09-09,2026-09-30
IH0869-605,신발,베이퍼플라이 4," 319,000 ",30%," 223,300 ",매장 전용 할인,2026-09-09,2026-09-30
IH1847-100,신발,페가수스 42 와이드," 169,000 ",30%," 118,300 ",매장 전용 할인,2026-09-09,2026-09-30
IH3586-999,신발,베이퍼플라이 4," 319,000 ",30%," 223,300 ",매장 전용 할인,2026-09-09,2026-09-30
IH4453-220,신발,베이퍼플라이 4," 329,000 ",30%," 230,300 ",매장 전용 할인,2026-09-09,2026-09-30
II7290-100,신발,알파플라이 3 CM," 359,000 ",30%," 251,300 ",매장 전용 할인,2026-09-09,2026-09-30
IM6673-100,신발,알파플라이 3," 349,000 ",30%," 244,300 ",매장 전용 할인,2026-09-09,2026-09-30
IM8066-999,신발,알파플라이 3 에키덴," 349,000 ",30%," 244,300 ",매장 전용 할인,2026-09-09,2026-09-30
IM8203-001,신발,베이퍼플라이 FK," 319,000 ",30%," 223,300 ",매장 전용 할인,2026-09-09,2026-09-30
IM8203-400,신발,베이퍼플라이 FK," 319,000 ",30%," 223,300 ",매장 전용 할인,2026-09-09,2026-09-30
IM8332-100,신발,페가수스 42 ESS," 169,000 ",30%," 118,300 ",매장 전용 할인,2026-09-09,2026-09-30
IO9571-400,신발,줌 X 베이퍼플라이 4 GLAM," 319,000 ",30%," 223,300 ",매장 전용 할인,2026-09-09,2026-09-30
IO9573-800,신발,알파플라이 3 GLAM," 349,000 ",30%," 244,300 ",매장 전용 할인,2026-09-09,2026-09-30
IQ0309-094,신발,알파플라이 3," 349,000 ",30%," 244,300 ",매장 전용 할인,2026-09-09,2026-09-30
IQ3418-399,신발,줌 X 베이퍼플라이 4 프리미엄," 319,000 ",30%," 223,300 ",매장 전용 할인,2026-09-09,2026-09-30
IQ7313-200,신발,베이퍼플라이 4 NRG," 329,000 ",30%," 230,300 ",매장 전용 할인,2026-09-09,2026-09-30
IR0298-100,신발,페가수스 42 ESS," 169,000 ",30%," 118,300 ",매장 전용 할인,2026-09-09,2026-09-30
IR1228-102,신발,페가수스 42 와이드," 169,000 ",30%," 118,300 ",매장 전용 할인,2026-09-09,2026-09-30
IR1817-100,신발,알파플라이 3 OR," 359,000 ",30%," 251,300 ",매장 전용 할인,2026-09-09,2026-09-30
IR1996-001,신발,알파플라이 3 BL," 359,000 ",30%," 251,300 ",매장 전용 할인,2026-09-09,2026-09-30
IR2311-600,신발,베이퍼플라이 4 SE," 319,000 ",30%," 223,300 ",매장 전용 할인,2026-09-09,2026-09-30
IR2312-600,신발,알파플라이 3 SE," 349,000 ",30%," 244,300 ",매장 전용 할인,2026-09-09,2026-09-30
IW2349-001,신발,페가수스 42 CN," 189,000 ",30%," 132,300 ",매장 전용 할인,2026-09-09,2026-09-30
FN2505-010,의류,에어로스위프트 드라이핏 ADV 싱글렛," 95,000 ",30%," 66,500 ",매장 전용 할인,2026-09-09,2026-09-30
FN2505-085,의류,에어로스위프트 드라이핏 ADV 싱글렛," 85,000 ",30%," 59,500 ",매장 전용 할인,2026-09-09,2026-09-30
FN2714-010,의류,에어로스위프트 드라이핏 ADV 크롭 탱크탑," 95,000 ",30%," 66,500 ",매장 전용 할인,2026-09-09,2026-09-30
FN4232-010,의류,에어로스위프트 드라이핏 ADV 싱글렛," 115,000 ",30%," 80,500 ",매장 전용 할인,2026-09-09,2026-09-30
FN4232-085,의류,에어로스위프트 드라이핏 ADV 싱글렛," 109,000 ",30%," 76,300 ",매장 전용 할인,2026-09-09,2026-09-30
FN4232-418,의류,드라이핏 ADV 에어로스위프트 싱글렛," 115,000 ",30%," 80,500 ",매장 전용 할인,2026-09-09,2026-09-30
FN4232-570,의류,드라이핏 ADV 에어로스위프트 싱글렛," 115,000 ",30%," 80,500 ",매장 전용 할인,2026-09-09,2026-09-30
FN4232-845,의류,에어로스위프트 드라이 핏 ADV 러닝 싱글렛," 115,000 ",30%," 80,500 ",매장 전용 할인,2026-09-09,2026-09-30
HF6616-100,의류,에어로스위프트 BTC 남성 드라이 핏 ADV 러닝 싱글렛," 115,000 ",30%," 80,500 ",매장 전용 할인,2026-09-09,2026-09-30
HJ3381-736,의류,에어로스위프트 드라이 핏 ADV 엘리트 엔트리 싱글렛," 125,000 ",30%," 87,500 ",매장 전용 할인,2026-09-09,2026-09-30
HM9699-503,의류,스위프트 드라이핏 숏슬리브," 69,000 ",30%," 48,300 ",매장 전용 할인,2026-09-09,2026-09-30
HQ4195-010,의류,에어로스위프트 드라이 핏 ADV 야코브 싱글렛," 115,000 ",30%," 80,500 ",매장 전용 할인,2026-09-09,2026-09-30
HV5204-084,의류,스트라이드 드라이 핏 ADV 숏 슬리브 탑," 69,000 ",30%," 48,300 ",매장 전용 할인,2026-09-09,2026-09-30
HV5204-100,의류,스트라이드 드라이 핏 ADV 숏 슬리브 탑," 69,000 ",30%," 48,300 ",매장 전용 할인,2026-09-09,2026-09-30
HV5204-377,의류,스트라이드 드라이 핏 ADV 숏 슬리브 탑," 69,000 ",30%," 48,300 ",매장 전용 할인,2026-09-09,2026-09-30
HV5204-635,의류,스트라이드 드라이 핏 ADV 숏 슬리브 탑," 69,000 ",30%," 48,300 ",매장 전용 할인,2026-09-09,2026-09-30
IF1253-010,의류,드라이핏 ADV 에어로스위프트 싱글렛," 119,000 ",30%," 83,300 ",매장 전용 할인,2026-09-09,2026-09-30
IF2089-010,의류,드라이핏 ADV 스트라이드 노벨티 숏슬리브," 85,000 ",30%," 59,500 ",매장 전용 할인,2026-09-09,2026-09-30
IF2089-494,의류,드라이핏 ADV 스트라이드 노벨티 숏슬리브," 85,000 ",30%," 59,500 ",매장 전용 할인,2026-09-09,2026-09-30
IF3650-100,의류,드라이핏 ADV 에어로스위프트 크롭 탱크," 119,000 ",30%," 83,300 ",매장 전용 할인,2026-09-09,2026-09-30
IH6940-394,의류,드라이핏 ADV 에어로스위프트 싱글렛," 115,000 ",30%," 80,500 ",매장 전용 할인,2026-09-09,2026-09-30
60000-00004,용품,하이퍼크래프트," 260,000 ",30%," 182,000 ",추석 프로모션,2026-09-18,2026-09-30
60000-00006,용품,하이퍼크래프트," 260,000 ",30%," 182,000 ",추석 프로모션,2026-09-18,2026-09-30
60000-00010,용품,하이퍼크래프트," 260,000 ",30%," 182,000 ",추석 프로모션,2026-09-18,2026-09-30
60000-00011,용품,하이퍼크래프트," 260,000 ",30%," 182,000 ",추석 프로모션,2026-09-18,2026-09-30
60000-00032,용품,하이퍼크래프트," 260,000 ",30%," 182,000 ",추석 프로모션,2026-09-18,2026-09-30
60019-00016,용품,레제르 라운드," 180,000 ",30%," 126,000 ",추석 프로모션,2026-09-18,2026-09-30
60020-00009,용품,레제르 스퀘어," 180,000 ",30%," 126,000 ",추석 프로모션,2026-09-18,2026-09-30
60078-10003,용품,A2," 230,000 ",30%," 161,000 ",추석 프로모션,2026-09-18,2026-09-30
60078-10001,용품,A2," 250,000 ",30%," 175,000 ",추석 프로모션,2026-09-18,2026-09-30
60078-10005,용품,A2," 250,000 ",30%," 175,000 ",추석 프로모션,2026-09-18,2026-09-30
60020-00019,용품,레제르 스퀘어," 200,000 ",30%," 140,000 ",추석 프로모션,2026-09-18,2026-09-30
24FW-BCV-BLK,용품,비컨 베스트," 73,000 ",40%," 43,800 ",추석 프로모션,2026-09-18,2026-09-30
23FW-VHH-BLK,용품,하이드레이션 힙 색," 98,000 ",40%," 58,800 ",추석 프로모션,2026-09-18,2026-09-30
21CA-TIP-GRY,용품,티핑 백," 28,000 ",40%," 16,800 ",추석 프로모션,2026-09-18,2026-09-30
24FW-BKB-BLK,용품,비컨 니 밴드," 59,000 ",40%," 35,400 ",추석 프로모션,2026-09-18,2026-09-30
24SS-RBB-BLK,용품,레이스 빕 벨트," 22,000 ",40%," 13,200 ",추석 프로모션,2026-09-18,2026-09-30
25SS-HIP-GRY,용품,3km 힙 색," 59,000 ",40%," 35,400 ",추석 프로모션,2026-09-18,2026-09-30
FAG52SG2MNTO,용품,하이드라팩 소프트 플라스크 GX 250ml," 32,000 ",40%," 19,200 ",추석 프로모션,2026-09-18,2026-09-30
24SS-DTC-BEG,용품,디스턴스 트레일 러닝 캡," 59,000 ",40%," 35,400 ",추석 프로모션,2026-09-18,2026-09-30
FAG52AFMWHTO,용품,에어 쉐이드 페이스 마스크," 45,000 ",40%," 27,000 ",추석 프로모션,2026-09-18,2026-09-30
22FW-AD15-BLK,용품,안단테 트레일 러닝 베스트 15L," 238,000 ",40%," 142,800 ",추석 프로모션,2026-09-18,2026-09-30
24SS-BAS-OLVS,용품,베이직 암 슬리브," 30,000 ",40%," 18,000 ",추석 프로모션,2026-09-18,2026-09-30
21SS-VEST-BLK,용품,10km 러닝 베스트," 124,000 ",40%," 74,400 ",추석 프로모션,2026-09-18,2026-09-30
21SS-LAU-BLKM,용품,런드리 백 M," 22,000 ",40%," 13,200 ",추석 프로모션,2026-09-18,2026-09-30
21SS-LAU-BLKS,용품,런드리 백 S," 16,000 ",40%," 9,600 ",추석 프로모션,2026-09-18,2026-09-30
23SS-GYM-BLK,용품,짐 색," 51,000 ",40%," 30,600 ",추석 프로모션,2026-09-18,2026-09-30
24SS-BAS-GRYS,용품,베이직 암 슬리브," 30,000 ",40%," 18,000 ",추석 프로모션,2026-09-18,2026-09-30
24SS-GYM-GBL,용품,짐 색," 51,000 ",40%," 30,600 ",추석 프로모션,2026-09-18,2026-09-30
WP7C5R,용품,코어 런 미드컷 삭스 V5," 45,000 ",20%," 36,000 ",추석 프로모션,2026-09-18,2026-09-30
WP7C5R,용품,코어 런 미드컷 삭스 V5," 45,000 ",20%," 36,000 ",추석 프로모션,2026-09-18,2026-09-30
코어 런 미드컷 삭스 V5 다크블루 남성용,용품,코어 런 미드컷 삭스 V5," 45,000 ",20%," 36,000 ",추석 프로모션,2026-09-18,2026-09-30
WP8CVL,용품,코어 런 울트라라이트 미드컷 삭스 V4," 49,000 ",20%," 39,200 ",추석 프로모션,2026-09-18,2026-09-30
코어 런 미드컷 삭스 V5 화이트 남성용,용품,코어 런 미드컷 삭스 V5," 45,000 ",20%," 36,000 ",추석 프로모션,2026-09-18,2026-09-30
WP7C4R,용품,코어 런 미드컷 삭스 V5," 45,000 ",20%," 36,000 ",추석 프로모션,2026-09-18,2026-09-30
WP8C4R,용품,코어 런 미드컷 삭스 V5," 45,000 ",20%," 36,000 ",추석 프로모션,2026-09-18,2026-09-30
WP7CIR,용품,코어 런 미드컷 삭스 V5," 45,000 ",20%," 36,000 ",추석 프로모션,2026-09-18,2026-09-30
28760,용품,울트라라이트 미드컷 삭스 V3," 49,000 ",30%," 34,300 ",추석 프로모션,2026-09-18,2026-09-30
28754,용품,울트라라이트 미드컷 삭스 V3," 49,000 ",30%," 34,300 ",추석 프로모션,2026-09-18,2026-09-30
28748,용품,울트라라이트 미드컷 삭스 V3," 49,000 ",30%," 34,300 ",추석 프로모션,2026-09-18,2026-09-30
WP7C0R,용품,코어 런 미드컷 삭스 V5," 45,000 ",20%," 36,000 ",추석 프로모션,2026-09-18,2026-09-30
WP8C0R,용품,코어 런 미드컷 삭스 V5," 45,000 ",20%," 36,000 ",추석 프로모션,2026-09-18,2026-09-30
WP8C0L,용품,코어 런 울트라라이트 미드컷 삭스 V4," 49,000 ",20%," 39,200 ",추석 프로모션,2026-09-18,2026-09-30
WP7C0L,용품,코어 런 울트라라이트 미드컷 삭스 V4," 49,000 ",20%," 39,200 ",추석 프로모션,2026-09-18,2026-09-30
WP7CPL,용품,코어 런 울트라 라이드 미드컷 삭스 V4," 49,000 ",20%," 39,200 ",추석 프로모션,2026-09-18,2026-09-30
WP8CVL,용품,코어 런 울트라라이트 미드컷 삭스 V4," 49,000 ",20%," 39,200 ",추석 프로모션,2026-09-18,2026-09-30
WP8CLR,용품,코어 런 미드컷 삭스 V5," 45,000 ",20%," 36,000 ",추석 프로모션,2026-09-18,2026-09-30
WP8C5R,용품,코어 런 미드컷 삭스 V5," 45,000 ",20%," 36,000 ",추석 프로모션,2026-09-18,2026-09-30
WP8C2R,용품,코어 런 미드컷 삭스 V5," 45,000 ",20%," 36,000 ",추석 프로모션,2026-09-18,2026-09-30
GONTEX ５-Leopard,용품,곤텍스 5 (하산전용 무릎)," 12,000 ",20%," 9,600 ",추석 프로모션,2026-09-18,2026-09-30
GONTEX ５-Military,용품,곤텍스 5 (하산전용 무릎)," 12,000 ",20%," 9,600 ",추석 프로모션,2026-09-18,2026-09-30
GONTEX 3-Beige,용품,곤텍스 3 (발목)," 13,500 ",20%," 10,800 ",추석 프로모션,2026-09-18,2026-09-30
GONTEX ５-Beige,용품,곤텍스 5 (하산전용 무릎)," 12,000 ",20%," 9,600 ",추석 프로모션,2026-09-18,2026-09-30
GONTEX ５-Blue,용품,곤텍스 5 (하산전용 무릎)," 12,000 ",20%," 9,600 ",추석 프로모션,2026-09-18,2026-09-30
GONTEX ２-Military,용품,곤텍스 2 (무릎)," 12,000 ",20%," 9,600 ",추석 프로모션,2026-09-18,2026-09-30
GONTEX ５-Zebra,용품,곤텍스 5 (하산전용 무릎)," 12,000 ",20%," 9,600 ",추석 프로모션,2026-09-18,2026-09-30
GONTEX Multicolor Tape 5cm-Beige,용품,곤텍스 멀티컬러 테이프 5cm," 13,500 ",20%," 10,800 ",추석 프로모션,2026-09-18,2026-09-30
GONTEX Multicolor Tape 5cm-Blue,용품,곤텍스 멀티컬러 테이프 5cm," 13,500 ",20%," 10,800 ",추석 프로모션,2026-09-18,2026-09-30
GONTEX 1-Beige,용품,곤텍스 1 (무지외반)," 9,800 ",20%," 7,840 ",추석 프로모션,2026-09-18,2026-09-30
GONTEX ４-Leopard,용품,곤텍스 4 (발바닥)," 11,000 ",20%," 8,800 ",추석 프로모션,2026-09-18,2026-09-30
GONTEX ２-Leopard,용품,곤텍스 2 (무릎)," 12,000 ",20%," 9,600 ",추석 프로모션,2026-09-18,2026-09-30
GONTEX ４-Blue,용품,곤텍스 4 (발바닥)," 11,000 ",20%," 8,800 ",추석 프로모션,2026-09-18,2026-09-30
GONTEX Multicolor Tape 5cm-Leopard,용품,곤텍스 멀티컬러 테이프 5cm," 13,500 ",20%," 10,800 ",추석 프로모션,2026-09-18,2026-09-30
GONTEX Multicolor Tape 5cm-Military,용품,곤텍스 멀티컬러 테이프 5cm," 13,500 ",20%," 10,800 ",추석 프로모션,2026-09-18,2026-09-30
GONTEX Multicolor Tape 5cm-Zebra,용품,곤텍스 멀티컬러 테이프 5cm," 13,500 ",20%," 10,800 ",추석 프로모션,2026-09-18,2026-09-30
GONTEX ２-Blue,용품,곤텍스 2 (무릎)," 12,000 ",20%," 9,600 ",추석 프로모션,2026-09-18,2026-09-30
GONTEX ２-Zebra,용품,곤텍스 2 (무릎)," 12,000 ",20%," 9,600 ",추석 프로모션,2026-09-18,2026-09-30
GONTEX 3-Blue,용품,곤텍스 3 (발목)," 13,500 ",20%," 10,800 ",추석 프로모션,2026-09-18,2026-09-30
GONTEX 1-Black,용품,곤텍스 1 (무지외반)," 9,800 ",20%," 7,840 ",추석 프로모션,2026-09-18,2026-09-30
GONTEX ２-Beige,용품,곤텍스 2 (무릎)," 12,000 ",20%," 9,600 ",추석 프로모션,2026-09-18,2026-09-30
GC23301-BLACK,용품,C3fit 아치 서포트 쿼터 삭스," 24,000 ",30%," 16,800 ",추석 프로모션,2026-09-18,2026-09-30
GC23301-WHITE,용품,C3fit 아치 서포트 쿼터 삭스," 24,000 ",30%," 16,800 ",추석 프로모션,2026-09-18,2026-09-30
GC25105-BLACK,용품,페이퍼 파이버 타비 쿼터 삭스," 38,000 ",30%," 26,600 ",추석 프로모션,2026-09-18,2026-09-30
GC25105-OFF WHITE,용품,페이퍼 파이버 타비 쿼터 삭스," 38,000 ",30%," 26,600 ",추석 프로모션,2026-09-18,2026-09-30
GM96183-BLACK,용품,유틸리티 젯 메쉬 캡," 98,000 ",30%," 68,600 ",추석 프로모션,2026-09-18,2026-09-30
GM66102-EBONY GRAY,의류,워프 드라이 티셔츠," 160,000 ",30%," 112,000 ",추석 프로모션,2026-09-18,2026-09-30
GM16124,의류,에어리 셸 패커블 윈드 자켓," 390,000 ",30%," 273,000 ",추석 프로모션,2026-09-18,2026-09-30
GM66119,의류,와플 드라이 티셔츠," 120,000 ",30%," 84,000 ",추석 프로모션,2026-09-18,2026-09-30
GM76159-BLACK,의류,에어 핏 스토리지 쇼츠," 248,000 ",30%," 173,600 ",추석 프로모션,2026-09-18,2026-09-30
GM76159-BLACK,의류,에어 핏 스토리지 쇼츠," 248,000 ",30%," 173,600 ",추석 프로모션,2026-09-18,2026-09-30
GM66102-SLEET GRAY,의류,워프 드라이 티셔츠," 160,000 ",30%," 112,000 ",추석 프로모션,2026-09-18,2026-09-30
GC15152-BLACK,의류,임팩트 에어 카고 하프 타이츠," 160,000 ",30%," 112,000 ",추석 프로모션,2026-09-18,2026-09-30
GM35323,의류,듀얼 레이어드 롱슬리브 후디," 264,000 ",30%," 184,800 ",추석 프로모션,2026-09-18,2026-09-30
GM76159-JET BROWN,의류,에어 핏 스토리지 쇼츠," 248,000 ",30%," 173,600 ",추석 프로모션,2026-09-18,2026-09-30
GM76159-JET BROWN,의류,에어 핏 스토리지 쇼츠," 248,000 ",30%," 173,600 ",추석 프로모션,2026-09-18,2026-09-30
FV2326-900,신발,줌 X 드레곤플라이 2," 199,000 ",45%," 109,450 ",추석 프로모션,2026-09-18,2026-09-30
DJ7883-108,신발,에어 줌 스트럭쳐 25," 149,000 ",45%," 81,950 ",추석 프로모션,2026-09-18,2026-09-30
DJ7884-007,신발,에어 줌 스트럭쳐 25," 149,000 ",45%," 81,950 ",추석 프로모션,2026-09-18,2026-09-30
DR2660-008,신발,줌 X 인빈서블 3," 209,000 ",45%," 114,950 ",추석 프로모션,2026-09-18,2026-09-30
DV3865-003,신발,리액트X 페가수스 트레일 5," 169,000 ",45%," 92,950 ",추석 프로모션,2026-09-18,2026-09-30
FD2723-102,신발,페가수스 41," 159,000 ",45%," 87,450 ",추석 프로모션,2026-09-18,2026-09-30
FQ0908-300,신발,리액트X 페가수스 트레일 5 GTX," 209,000 ",45%," 114,950 ",추석 프로모션,2026-09-18,2026-09-30
FQ7262-001,신발,페가수스 플러스," 219,000 ",45%," 120,450 ",추석 프로모션,2026-09-18,2026-09-30
FQ7262-002,신발,페가수스 플러스," 219,000 ",45%," 120,450 ",추석 프로모션,2026-09-18,2026-09-30
HF4300-100,신발,페가수스 41 프리퀄," 159,000 ",45%," 87,450 ",추석 프로모션,2026-09-18,2026-09-30
HJ4395-475,용품,아펙스 버킷," 49,000 ",45%," 26,950 ",추석 프로모션,2026-09-18,2026-09-30
HJ9025-902,용품,NSW 카고 토드백," 95,000 ",45%," 52,250 ",추석 프로모션,2026-09-18,2026-09-30
DM3978-010,용품,브라질리아 드로우스트링 18L," 29,000 ",45%," 15,950 ",추석 프로모션,2026-09-18,2026-09-30
FN3903-010,의류,클럽 숏슬리브 탑," 85,000 ",45%," 46,750 ",추석 프로모션,2026-09-18,2026-09-30
FN4003-846,의류,트레일 에어리즈 자켓," 149,000 ",45%," 81,950 ",추석 프로모션,2026-09-18,2026-09-30
FN2329-085,의류,에어로스위프트 드라이핏 ADV 미드라이즈 3인치 쇼츠," 95,000 ",45%," 52,250 ",추석 프로모션,2026-09-18,2026-09-30
FV9995-247,의류,드라이핏 트레일 미드레이어 하프집업," 99,000 ",45%," 54,450 ",추석 프로모션,2026-09-18,2026-09-30
FN3233-010,의류,드라이핏 원 하프라이즈 7/8 타이즈," 55,000 ",45%," 30,250 ",추석 프로모션,2026-09-18,2026-09-30
DX0994-010,의류,드라이핏 티 RLGD 롱슬리브 리셋," 45,000 ",45%," 24,750 ",추석 프로모션,2026-09-18,2026-09-30
FV9950-247,의류,드라이핏 트레일 스트라이드 MB 쇼츠 7인치 브리프라인드 쇼츠," 79,000 ",45%," 43,450 ",추석 프로모션,2026-09-18,2026-09-30
DX6822-010,의류,스우시 미디엄 서포트 브라," 49,000 ",45%," 26,950 ",추석 프로모션,2026-09-18,2026-09-30
FB7452-464,의류,패스트 리펠 자켓," 125,000 ",45%," 68,750 ",추석 프로모션,2026-09-18,2026-09-30
DX0994-100,의류,드라이핏 티 RLGD 롱슬리브 리셋," 45,000 ",45%," 24,750 ",추석 프로모션,2026-09-18,2026-09-30
DV9306-121,의류,드라이핏 트레일 솔라체이스," 75,000 ",45%," 41,250 ",추석 프로모션,2026-09-18,2026-09-30
FN4232-085,의류,에어로스위프트 드라이핏 ADV 싱글렛," 109,000 ",45%," 59,950 ",추석 프로모션,2026-09-18,2026-09-30
HV9500-010,의류,NSW 티셔츠 위닝 콰이어틀리," 35,000 ",45%," 19,250 ",추석 프로모션,2026-09-18,2026-09-30
FZ1081-809,의류,드라이핏 라이즈 365 런 에너지 숏슬리브탑," 69,000 ",45%," 37,950 ",추석 프로모션,2026-09-18,2026-09-30
FN3350-085,의류,드라이핏 ADV 에어로스위프트 2인치 브리프라인드 쇼츠," 105,000 ",45%," 57,750 ",추석 프로모션,2026-09-18,2026-09-30
HM8292-100,의류,드라이핏 파운더스 숏슬리브탑," 45,000 ",45%," 24,750 ",추석 프로모션,2026-09-18,2026-09-30
HV9489-010,의류,NSW 티셔츠 위닝 이너프," 45,000 ",45%," 24,750 ",추석 프로모션,2026-09-18,2026-09-30
FB7538-010,의류,나이키 스위프트 써마핏 필 베스트," 139,000 ",45%," 76,450 ",추석 프로모션,2026-09-18,2026-09-30
FB7541-100,의류,IMP 라이트 윈드러너 자켓," 149,000 ",45%," 81,950 ",추석 프로모션,2026-09-18,2026-09-30
FB7541-629,의류,IMP 라이트 윈드러너 자켓," 149,000 ",45%," 81,950 ",추석 프로모션,2026-09-18,2026-09-30
FN2505-010,의류,에어로스위프트 드라이핏 ADV 싱글렛," 95,000 ",45%," 52,250 ",추석 프로모션,2026-09-18,2026-09-30
FN2505-085,의류,에어로스위프트 드라이핏 ADV 싱글렛," 85,000 ",45%," 46,750 ",추석 프로모션,2026-09-18,2026-09-30
FV6382-478,의류,러닝 디비전 드라이핏 PKT 탱크탑," 85,000 ",45%," 46,750 ",추석 프로모션,2026-09-18,2026-09-30
FZ0612-010,의류,드라이핏 러닝 디비전 스트라이드 5인치 브리프라인드 쇼츠," 89,000 ",45%," 48,950 ",추석 프로모션,2026-09-18,2026-09-30
HV9491-100,의류,NSW 티셔츠 위닝 원," 45,000 ",45%," 24,750 ",추석 프로모션,2026-09-18,2026-09-30
HV9495-010,의류,NSW 티셔츠 위닝 콰이어틀리," 45,000 ",45%," 24,750 ",추석 프로모션,2026-09-18,2026-09-30
HV9497-010,의류,NSW 티셔츠 위닝 이너프," 45,000 ",45%," 24,750 ",추석 프로모션,2026-09-18,2026-09-30
HV8150-002,신발,보메로 플러스," 219,000 ",45%," 120,450 ",추석 프로모션,2026-09-18,2026-09-30
FD8395-102,신발,맥스플라이 2," 219,000 ",45%," 120,450 ",추석 프로모션,2026-09-18,2026-09-30
HF6414-600,신발,베이퍼플라이 4," 309,000 ",30%," 216,300 ",추석 프로모션,2026-09-18,2026-09-30
HF6416-600,신발,스트릭플라이 2," 219,000 ",45%," 120,450 ",추석 프로모션,2026-09-18,2026-09-30
HQ2592-004,신발,페가수스 프리미엄," 279,000 ",45%," 153,450 ",추석 프로모션,2026-09-18,2026-09-30
HQ2592-005,신발,페가수스 프리미엄," 289,000 ",45%," 158,950 ",추석 프로모션,2026-09-18,2026-09-30
HV8150-004,신발,보메로 플러스," 219,000 ",45%," 120,450 ",추석 프로모션,2026-09-18,2026-09-30
HV8150-102,신발,보메로 플러스," 219,000 ",30%," 153,300 ",추석 프로모션,2026-09-18,2026-09-30
HV8154-601,신발,보메로 플러스," 219,000 ",45%," 120,450 ",추석 프로모션,2026-09-18,2026-09-30
IH3586-999,신발,베이퍼플라이 4," 319,000 ",30%," 223,300 ",추석 프로모션,2026-09-18,2026-09-30
IH4453-220,신발,베이퍼플라이 4," 329,000 ",30%," 230,300 ",추석 프로모션,2026-09-18,2026-09-30
IH7347-111,신발,페가수스 프리미엄," 279,000 ",45%," 153,450 ",추석 프로모션,2026-09-18,2026-09-30
FB5682-100,용품,드라이 핏 클럽 언스트럭쳐드 페더라이트 캡," 39,000 ",45%," 21,450 ",추석 프로모션,2026-09-18,2026-09-30
FJ0736-100,용품,드라이핏 ADV 플라이," 59,000 ",45%," 32,450 ",추석 프로모션,2026-09-18,2026-09-30
HJ3378-057,의류,에어로스위프트 드라이 핏 ADV 숏 슬리브 탑," 115,000 ",45%," 63,250 ",추석 프로모션,2026-09-18,2026-09-30
HV2163-133,의류,트레일 드라이 핏 6인치 브리프 라인드 러닝 쇼츠," 79,000 ",45%," 43,450 ",추석 프로모션,2026-09-18,2026-09-30
HJ3581-133,의류,솔라 체이스 드라이 핏 ADV 숏 슬리브 탑," 75,000 ",45%," 41,250 ",추석 프로모션,2026-09-18,2026-09-30
HJ3581-133,의류,솔라 체이스 드라이 핏 ADV 숏 슬리브 탑, - ,45%, - ,추석 프로모션,2026-09-18,2026-09-30
HJ3581-633,의류,솔라 체이스 드라이 핏 ADV 숏 슬리브 탑," 75,000 ",45%," 41,250 ",추석 프로모션,2026-09-18,2026-09-30
HJ3581-633,의류,솔라 체이스 드라이 핏 ADV 숏 슬리브 탑, - ,45%, - ,추석 프로모션,2026-09-18,2026-09-30
DM4756-635,의류,드라이 핏 스트라이드 5인치 브리프 라인드 쇼츠," 69,000 ",45%," 37,950 ",추석 프로모션,2026-09-18,2026-09-30
DM4756-635,의류,드라이 핏 스트라이드 5인치 브리프 라인드 쇼츠, - ,45%, - ,추석 프로모션,2026-09-18,2026-09-30
IB1999-675,의류,스위프트 드라이 핏 풀집 미드 레이어 러닝 탑," 115,000 ",45%," 63,250 ",추석 프로모션,2026-09-18,2026-09-30
DM4756-084,의류,드라이 핏 스트라이드 5인치 브리프 라인드 쇼츠," 69,000 ",45%," 37,950 ",추석 프로모션,2026-09-18,2026-09-30
DM4756-084,의류,드라이 핏 스트라이드 5인치 브리프 라인드 쇼츠, - ,45%, - ,추석 프로모션,2026-09-18,2026-09-30
FN3272-010,의류,에어로스위프트 드라이 핏 ADV 미드라이즈 5인치 러닝 쇼츠," 99,000 ",45%," 54,450 ",추석 프로모션,2026-09-18,2026-09-30
HV4549-010,의류,스트라이드 리펠 UV 러닝 자켓," 155,000 ",45%," 85,250 ",추석 프로모션,2026-09-18,2026-09-30
IB1999-133,의류,스위프트 드라이 핏 풀집 미드 레이어 러닝 탑," 115,000 ",45%," 63,250 ",추석 프로모션,2026-09-18,2026-09-30
DM4762-635,의류,드라이 핏 스트라이드 7인치 브리프 라인드 쇼츠," 75,000 ",45%," 41,250 ",추석 프로모션,2026-09-18,2026-09-30
HJ5377-010,의류,스위프트 드라이 핏 미드라이즈 투인원 러닝 쇼츠," 75,000 ",45%," 41,250 ",추석 프로모션,2026-09-18,2026-09-30
HV2719-010,의류,드라이 핏 ADV 울 롱 슬리브 탑," 145,000 ",45%," 79,750 ",추석 프로모션,2026-09-18,2026-09-30
HV5204-084,의류,스트라이드 드라이 핏 ADV 숏 슬리브 탑," 69,000 ",45%," 37,950 ",추석 프로모션,2026-09-18,2026-09-30
IB1999-010,의류,스위프트 드라이 핏 풀집 미드 레이어 러닝 탑," 115,000 ",45%," 63,250 ",추석 프로모션,2026-09-18,2026-09-30
HV2009-010,의류,드라이 핏 ADV 런 5인치 브리프 라인드 러닝 쇼츠," 125,000 ",45%," 68,750 ",추석 프로모션,2026-09-18,2026-09-30
HV5204-635,의류,스트라이드 드라이 핏 ADV 숏 슬리브 탑," 69,000 ",45%," 37,950 ",추석 프로모션,2026-09-18,2026-09-30
FN4232-010,의류,에어로스위프트 드라이핏 ADV 싱글렛," 115,000 ",30%," 80,500 ",추석 프로모션,2026-09-18,2026-09-30
FN4232-418,의류,드라이핏 ADV 에어로스위프트 싱글렛," 115,000 ",30%," 80,500 ",추석 프로모션,2026-09-18,2026-09-30
IF1253-010,의류,드라이핏 ADV 에어로스위프트 싱글렛," 119,000 ",30%," 83,300 ",추석 프로모션,2026-09-18,2026-09-30
IM5149-236,의류,에어로핏 스위프트 탱크," 89,000 ",30%," 62,300 ",추석 프로모션,2026-09-18,2026-09-30
IF1253-468,의류,에어로스위프트 드라이핏 ADV 싱글렛," 119,000 ",30%," 83,300 ",추석 프로모션,2026-09-18,2026-09-30
IH8112-336,의류,에어로핏 스위프트 탱크," 89,000 ",30%," 62,300 ",추석 프로모션,2026-09-18,2026-09-30
IH8112-468,의류,에어로핏 스위프트 탱크," 89,000 ",30%," 62,300 ",추석 프로모션,2026-09-18,2026-09-30
IM5149-011,의류,에어로핏 스위프트 탱크," 89,000 ",30%," 62,300 ",추석 프로모션,2026-09-18,2026-09-30
FZ1626-500,신발,페가수스 41 PRM," 169,000 ",45%," 92,950 ",추석 프로모션,2026-09-18,2026-09-30
FV6040-100,신발,라이벌 플라이 4," 119,000 ",45%," 65,450 ",추석 프로모션,2026-09-18,2026-09-30
FV6040-100,신발,라이벌 플라이 4," 119,000 ",45%," 65,450 ",추석 프로모션,2026-09-18,2026-09-30
FV6040-100,신발,라이벌 플라이 4," 119,000 ",45%," 65,450 ",추석 프로모션,2026-09-18,2026-09-30
FV6040-100,신발,라이벌 플라이 4," 119,000 ",45%," 65,450 ",추석 프로모션,2026-09-18,2026-09-30
FQ0908-006,신발,리액트X 페가수스 트레일 5 GTX," 209,000 ",45%," 114,950 ",추석 프로모션,2026-09-18,2026-09-30
DR2733-601,신발,줌 맘바 6," 129,000 ",45%," 70,950 ",추석 프로모션,2026-09-18,2026-09-30
FQ0912-400,신발,리액트X 페가수스 트레일 5 GTX," 209,000 ",45%," 114,950 ",추석 프로모션,2026-09-18,2026-09-30
DR2741-601,신발,줌 자플라이 4," 129,000 ",45%," 70,950 ",추석 프로모션,2026-09-18,2026-09-30
HQ3512-100,신발,라이벌 플라이 4 HKNE," 129,000 ",45%," 70,950 ",추석 프로모션,2026-09-18,2026-09-30
FB1309-106,신발,보메로 17," 189,000 ",45%," 103,950 ",추석 프로모션,2026-09-18,2026-09-30
FD2722-006,신발,페가수스 41," 159,000 ",45%," 87,450 ",추석 프로모션,2026-09-18,2026-09-30
FD8411-600,신발,에어 줌 빅토리 2," 219,000 ",45%," 120,450 ",추석 프로모션,2026-09-18,2026-09-30
FQ7261-003,신발,페가수스 플러스," 219,000 ",45%," 120,450 ",추석 프로모션,2026-09-18,2026-09-30
FQ7262-004,신발,페가수스 플러스," 219,000 ",45%," 120,450 ",추석 프로모션,2026-09-18,2026-09-30
FQ7262-100,신발,페가수스 플러스," 219,000 ",45%," 120,450 ",추석 프로모션,2026-09-18,2026-09-30
HQ3504-100,신발,줌 X 베이퍼플라이 3 HKNE," 309,000 ",30%," 216,300 ",추석 프로모션,2026-09-18,2026-09-30
DM3976-010,용품,브라질리아 더플백 41L," 45,000 ",45%," 24,750 ",추석 프로모션,2026-09-18,2026-09-30
FZ0006-010,의류,고 하이라이즈 7/8 타이즈," 139,000 ",45%," 76,450 ",추석 프로모션,2026-09-18,2026-09-30
FB7962-010,의류,프로 웜 타이즈," 59,000 ",45%," 32,450 ",추석 프로모션,2026-09-18,2026-09-30
FV9621-010,의류,드라이핏 원 하이라이즈 7/8 타이즈," 65,000 ",45%," 35,750 ",추석 프로모션,2026-09-18,2026-09-30
FN3362-010,의류,드라이핏 ADV 에어로스위프트 팬츠," 155,000 ",45%," 85,250 ",추석 프로모션,2026-09-18,2026-09-30
FZ1116-370,의류,써마핏 리펠 엘리멘트 집업," 129,000 ",45%," 70,950 ",추석 프로모션,2026-09-18,2026-09-30
FZ1124-035,의류,드라이핏 러닝 디비젼 4인치 2in1 쇼츠," 119,000 ",45%," 65,450 ",추석 프로모션,2026-09-18,2026-09-30
HF6929-011,의류,러닝 디비젼 3인치 언라인드 리플렉티브 쇼츠," 89,000 ",45%," 48,950 ",추석 프로모션,2026-09-18,2026-09-30
FB7512-010,의류,써마핏 스위프트 필 자켓," 169,000 ",45%," 92,950 ",추석 프로모션,2026-09-18,2026-09-30
FV6419-010,의류,러닝 디비젼 리플렉티브 롱슬리브," 109,000 ",45%," 59,950 ",추석 프로모션,2026-09-18,2026-09-30
FV9607-121,의류,드라이핏 IMP 라이트 윈드러너 킵초게," 159,000 ",45%," 87,450 ",추석 프로모션,2026-09-18,2026-09-30
FZ0002-716,의류,써마핏 프리마로프트 트레일 베스트," 189,000 ",45%," 103,950 ",추석 프로모션,2026-09-18,2026-09-30
FZ0004-716,의류,써마핏 프리마로프트 트레일 자켓," 259,000 ",45%," 142,450 ",추석 프로모션,2026-09-18,2026-09-30
FZ1132-035,의류,써마핏 러닝디비젼 베스트," 179,000 ",45%," 98,450 ",추석 프로모션,2026-09-18,2026-09-30
IH0869-605,신발,베이퍼플라이 4," 319,000 ",30%," 223,300 ",추석 프로모션,2026-09-18,2026-09-30
IH3251-001,신발,보메로 플러스," 219,000 ",45%," 120,450 ",추석 프로모션,2026-09-18,2026-09-30
IM6778-902,신발,페가수스 프리미엄," 289,000 ",45%," 158,950 ",추석 프로모션,2026-09-18,2026-09-30
FN8454-003,신발,줌 플라이 6," 209,000 ",45%," 114,950 ",추석 프로모션,2026-09-18,2026-09-30
IM6673-100,신발,알파플라이 3," 349,000 ",30%," 244,300 ",추석 프로모션,2026-09-18,2026-09-30
HJ1101-004,신발,스트럭처 26," 169,000 ",45%," 92,950 ",추석 프로모션,2026-09-18,2026-09-30
IM6011-060,신발,보메로 플러스," 219,000 ",45%," 120,450 ",추석 프로모션,2026-09-18,2026-09-30
HJ1102-300,신발,스트럭처 26," 169,000 ",45%," 92,950 ",추석 프로모션,2026-09-18,2026-09-30
HF6416-401,신발,줌 X 스트릭플라이 2," 219,000 ",45%," 120,450 ",추석 프로모션,2026-09-18,2026-09-30
HQ7002-300,신발,보메로 18 고어텍스," 209,000 ",45%," 114,950 ",추석 프로모션,2026-09-18,2026-09-30
HV8150-300,신발,보메로 플러스," 219,000 ",45%," 120,450 ",추석 프로모션,2026-09-18,2026-09-30
IM8066-999,신발,알파플라이 3 에키덴," 349,000 ",30%," 244,300 ",추석 프로모션,2026-09-18,2026-09-30
FD8311-104,신발,알파플라이 3," 339,000 ",30%," 237,300 ",추석 프로모션,2026-09-18,2026-09-30
FD8315-104,신발,알파플라이 3," 339,000 ",30%," 237,300 ",추석 프로모션,2026-09-18,2026-09-30
FZ9315-100,신발,드래곤플라이 2 엘리트," 219,000 ",45%," 120,450 ",추석 프로모션,2026-09-18,2026-09-30
IB6114-100,용품,라이트웨이트 마이크로 크루 삭스 1팩," 22,000 ",45%," 12,100 ",추석 프로모션,2026-09-18,2026-09-30
DB5471-100,용품,스파크 라이트웨이트 오버더카프 컴프레션 러닝 삭스," 65,000 ",45%," 35,750 ",추석 프로모션,2026-09-18,2026-09-30
DB5471-010,용품,스파크 라이트웨이트 오버더카프 컴프레션 러닝 삭스," 65,000 ",45%," 35,750 ",추석 프로모션,2026-09-18,2026-09-30
DB5471-010,용품,스파크 라이트웨이트 오버더카프 컴프레션 러닝 삭스, - ,45%, - ,추석 프로모션,2026-09-18,2026-09-30
FB5682-010,용품,드라이 핏 클럽 언스트럭쳐드 페더라이트 캡," 39,000 ",45%," 21,450 ",추석 프로모션,2026-09-18,2026-09-30
FJ0736-010,용품,드라이핏 ADV 플라이," 55,000 ",45%," 30,250 ",추석 프로모션,2026-09-18,2026-09-30
IB6114-702,용품,라이트웨이트 마이크로 크루 삭스 1팩," 22,000 ",45%," 12,100 ",추석 프로모션,2026-09-18,2026-09-30
FB5681-010,용품,드라이핏 ADV 리플렉티브 플라이캡," 39,000 ",45%," 21,450 ",추석 프로모션,2026-09-18,2026-09-30
FB7543-010,의류,써마 핏 ADV 리펠 다운 러닝 베스트," 209,000 ",45%," 114,950 ",추석 프로모션,2026-09-18,2026-09-30
FN4232-010,의류,에어로스위프트 드라이핏 ADV 싱글렛," 115,000 ",30%," 80,500 ",추석 프로모션,2026-09-18,2026-09-30
FB7557-010,의류,써마 핏 ADV 에어로로프트 리펠 다운 러닝 재킷," 315,000 ",45%," 173,250 ",추석 프로모션,2026-09-18,2026-09-30
FN3370-011,의류,드라이핏 ADV 에어로스위프트 브리프라인드 하프타이즈," 95,000 ",45%," 52,250 ",추석 프로모션,2026-09-18,2026-09-30
HV2717-010,의류,피나클 런 타이츠," 125,000 ",45%," 68,750 ",추석 프로모션,2026-09-18,2026-09-30
HV4549-014,의류,스트라이드 리펠 UV 러닝 자켓," 155,000 ",45%," 85,250 ",추석 프로모션,2026-09-18,2026-09-30
IH2823-084,의류,드라이 핏 플리스 러닝 크루," 99,000 ",45%," 54,450 ",추석 프로모션,2026-09-18,2026-09-30
IM6279-027,의류,리플렉티브 써마핏 ADV 베스트," 185,000 ",45%," 101,750 ",추석 프로모션,2026-09-18,2026-09-30
HJ3378-010,의류,에어로스위프트 드라이 핏 ADV 숏 슬리브 탑," 115,000 ",45%," 63,250 ",추석 프로모션,2026-09-18,2026-09-30
HV2288-010,의류,하이웨이스트 리플렉티브 액센트 7/8 러닝 레깅스," 125,000 ",45%," 68,750 ",추석 프로모션,2026-09-18,2026-09-30
HV2945-389,의류,써마 핏 ADV 리플렉티브 액센트 쿼터집 러닝 탑," 115,000 ",45%," 63,250 ",추석 프로모션,2026-09-18,2026-09-30
FN3372-010,의류,드라이핏 페스트 하프 타이즈," 55,000 ",45%," 30,250 ",추석 프로모션,2026-09-18,2026-09-30
HJ2253-010,의류,스위프트 하이웨이스트 7/8 포켓 러닝 레깅스," 95,000 ",45%," 52,250 ",추석 프로모션,2026-09-18,2026-09-30
HV2708-017,의류,써마 핏 리펠 윈터라이즈드 하프집 러닝 탑," 115,000 ",45%," 63,250 ",추석 프로모션,2026-09-18,2026-09-30
HV2763-078,의류,스위프트 써마핏 ADV 리플렉티브  러닝 베스트," 199,000 ",45%," 109,450 ",추석 프로모션,2026-09-18,2026-09-30
HV5204-084,의류,스트라이드 드라이 핏 ADV 숏 슬리브 탑," 69,000 ",45%," 37,950 ",추석 프로모션,2026-09-18,2026-09-30
HV5204-100,의류,스트라이드 드라이 핏 ADV 숏 슬리브 탑," 69,000 ",45%," 37,950 ",추석 프로모션,2026-09-18,2026-09-30
HV8922-499,의류,스위프트 드라이 핏 UV 쿼터집 탑," 105,000 ",45%," 57,750 ",추석 프로모션,2026-09-18,2026-09-30
IM6268-010,의류,리플렉트 투인원 쇼츠," 125,000 ",45%," 68,750 ",추석 프로모션,2026-09-18,2026-09-30
DM4756-017,의류,드라이 핏 스트라이드 5인치 브리프 라인드 쇼츠," 69,000 ",45%," 37,950 ",추석 프로모션,2026-09-18,2026-09-30
DM4756-084,의류,드라이 핏 스트라이드 5인치 브리프 라인드 쇼츠," 69,000 ",45%," 37,950 ",추석 프로모션,2026-09-18,2026-09-30
FN2329-010,의류,에어로스위프트 드라이핏 ADV 미드라이즈 3인치 쇼츠," 105,000 ",45%," 57,750 ",추석 프로모션,2026-09-18,2026-09-30
FN2714-010,의류,에어로스위프트 드라이핏 ADV 크롭 탱크탑," 95,000 ",45%," 52,250 ",추석 프로모션,2026-09-18,2026-09-30
HV2745-010,의류,스위프트 써마 핏 러닝 자켓," 175,000 ",45%," 96,250 ",추석 프로모션,2026-09-18,2026-09-30
IB1999-010,의류,스위프트 드라이 핏 풀집 미드 레이어 러닝 탑," 115,000 ",45%," 63,250 ",추석 프로모션,2026-09-18,2026-09-30
FQ5027-100,신발,인빈서블 3 프리미엄," 229,000 ",45%," 125,950 ",추석 프로모션,2026-09-18,2026-09-30
FN8455-601,신발,줌 플라이 6," 209,000 ",45%," 114,950 ",추석 프로모션,2026-09-18,2026-09-30
FD8315-600,신발,알파플라이 3," 339,000 ",30%," 237,300 ",추석 프로모션,2026-09-18,2026-09-30
FN8455-102,신발,줌 플라이 6," 209,000 ",45%," 114,950 ",추석 프로모션,2026-09-18,2026-09-30
HF6411-100,신발,베이퍼플라이 4 프로토," 309,000 ",30%," 216,300 ",추석 프로모션,2026-09-18,2026-09-30
HM6804-102,신발,보메로 18," 179,000 ",45%," 98,450 ",추석 프로모션,2026-09-18,2026-09-30
HQ1720-600,신발,페가수스 41," 169,000 ",45%," 92,950 ",추석 프로모션,2026-09-18,2026-09-30
HF0854-010,용품,트레일 러닝 크루 삭스," 29,000 ",45%," 15,950 ",추석 프로모션,2026-09-18,2026-09-30
DA3588-010,용품,스파크 라이트웨이트 러닝 앵클 삭스," 25,000 ",45%," 13,750 ",추석 프로모션,2026-09-18,2026-09-30
DA3588-100,용품,스파크 라이트웨이트 러닝 앵클 삭스," 25,000 ",45%," 13,750 ",추석 프로모션,2026-09-18,2026-09-30
FN2505-010,의류,에어로스위프트 드라이핏 ADV 싱글렛," 95,000 ",45%," 52,250 ",추석 프로모션,2026-09-18,2026-09-30
HJ3385-736,의류,에어로스위프트 드라이 핏 ADV 엘리트 엔트리 쇼츠," 125,000 ",45%," 68,750 ",추석 프로모션,2026-09-18,2026-09-30
HJ2194-010,의류,러닝 디비전 리플렉티브 자켓," 185,000 ",45%," 101,750 ",추석 프로모션,2026-09-18,2026-09-30
HJ2249-856,의류,트레일 드라이 핏 집업 러닝 탑," 115,000 ",45%," 63,250 ",추석 프로모션,2026-09-18,2026-09-30
HJ5377-010,의류,스위프트 드라이 핏 미드라이즈 투인원 러닝 쇼츠," 75,000 ",45%," 41,250 ",추석 프로모션,2026-09-18,2026-09-30
FN2329-010,의류,에어로스위프트 드라이핏 ADV 미드라이즈 3인치 쇼츠," 105,000 ",45%," 57,750 ",추석 프로모션,2026-09-18,2026-09-30
HJ2251-010,의류,트레일 리펠 자켓," 155,000 ",45%," 85,250 ",추석 프로모션,2026-09-18,2026-09-30
HQ0500-233,의류,스위프트 드라이 핏 UV 쿼터집 탑," 99,000 ",45%," 54,450 ",추석 프로모션,2026-09-18,2026-09-30
HQ0500-696,의류,스위프트 드라이 핏 UV 쿼터집 탑," 99,000 ",45%," 54,450 ",추석 프로모션,2026-09-18,2026-09-30
HQ0651-214,의류,스위프트 리펠 패커블 러닝 자켓," 155,000 ",45%," 85,250 ",추석 프로모션,2026-09-18,2026-09-30
FB7953-010,의류,드라이핏 타이즈," 49,000 ",45%," 26,950 ",추석 프로모션,2026-09-18,2026-09-30
HV2181-010,의류,스트라이드 드라이 핏 쿼터집 러닝 탑," 89,000 ",45%," 48,950 ",추석 프로모션,2026-09-18,2026-09-30
HV4549-010,의류,스트라이드 리펠 UV 러닝 자켓," 155,000 ",45%," 85,250 ",추석 프로모션,2026-09-18,2026-09-30
HJ3378-010,의류,에어로스위프트 드라이 핏 ADV 숏 슬리브 탑," 115,000 ",45%," 63,250 ",추석 프로모션,2026-09-18,2026-09-30
HJ3381-736,의류,에어로스위프트 드라이 핏 ADV 엘리트 엔트리 싱글렛," 125,000 ",45%," 68,750 ",추석 프로모션,2026-09-18,2026-09-30
HJ2251-030,의류,트레일 리펠 자켓," 155,000 ",45%," 85,250 ",추석 프로모션,2026-09-18,2026-09-30
HV5204-084,의류,스트라이드 드라이 핏 ADV 숏 슬리브 탑," 69,000 ",45%," 37,950 ",추석 프로모션,2026-09-18,2026-09-30
DM4762-345,의류,드라이 핏 스트라이드 7인치 브리프 라인드 쇼츠," 75,000 ",45%," 41,250 ",추석 프로모션,2026-09-18,2026-09-30
FN2329-696,의류,에어로스위프트 드라이 핏 ADV 미드라이즈 브리프 라인드 3인치 러닝 쇼츠," 95,000 ",45%," 52,250 ",추석 프로모션,2026-09-18,2026-09-30
FN3362-010,의류,드라이핏 ADV 에어로스위프트 팬츠," 155,000 ",45%," 85,250 ",추석 프로모션,2026-09-18,2026-09-30
FN3368-010,의류,드라이핏 에어로스위프트 타이즈," 95,000 ",45%," 52,250 ",추석 프로모션,2026-09-18,2026-09-30
FN4232-010,의류,에어로스위프트 드라이핏 ADV 싱글렛," 115,000 ",30%," 80,500 ",추석 프로모션,2026-09-18,2026-09-30
HJ3577-010,의류,던 레인지 드라이 핏 러닝 팬츠," 145,000 ",45%," 79,750 ",추석 프로모션,2026-09-18,2026-09-30
HV2181-084,의류,스트라이드 드라이 핏 쿼터집 러닝 탑," 89,000 ",45%," 48,950 ",추석 프로모션,2026-09-18,2026-09-30
IO9571-400,신발,줌 X 베이퍼플라이 4 GLAM," 319,000 ",30%," 223,300 ",추석 프로모션,2026-09-18,2026-09-30
IQ3418-399,신발,줌 X 베이퍼플라이 4 프리미엄," 319,000 ",30%," 223,300 ",추석 프로모션,2026-09-18,2026-09-30
HQ3048-500,신발,스트럭처 플러스," 199,000 ",30%," 139,300 ",추석 프로모션,2026-09-18,2026-09-30
IO9567-400,신발,줌 X 스트릭플라이 2 글램," 239,000 ",30%," 167,300 ",추석 프로모션,2026-09-18,2026-09-30
HF5668-801,신발,울트라플라이 2," 319,000 ",30%," 223,300 ",추석 프로모션,2026-09-18,2026-09-30
HQ3049-500,신발,스트럭처 플러스," 199,000 ",30%," 139,300 ",추석 프로모션,2026-09-18,2026-09-30
HQ3049-502,신발,스트럭처 플러스," 199,000 ",30%," 139,300 ",추석 프로모션,2026-09-18,2026-09-30
IQ3435-045,신발,페가수스 프리미엄," 269,000 ",30%," 188,300 ",추석 프로모션,2026-09-18,2026-09-30
HQ3048-003,신발,스트럭처 플러스," 199,000 ",30%," 139,300 ",추석 프로모션,2026-09-18,2026-09-30
HF6412-503,신발,줌 X 베이퍼플라이 4," 309,000 ",30%," 216,300 ",추석 프로모션,2026-09-18,2026-09-30
IQ3439-211,신발,페가수스 프리미엄," 289,000 ",30%," 202,300 ",추석 프로모션,2026-09-18,2026-09-30
FD8311-800,신발,알파플라이 3," 339,000 ",30%," 237,300 ",추석 프로모션,2026-09-18,2026-09-30
HJ1102-106,신발,스트럭처 26," 169,000 ",30%," 118,300 ",추석 프로모션,2026-09-18,2026-09-30
IF4456-001,신발,보메로 18," 189,000 ",30%," 132,300 ",추석 프로모션,2026-09-18,2026-09-30
HJ1101-105,신발,스트럭처 26," 169,000 ",30%," 118,300 ",추석 프로모션,2026-09-18,2026-09-30
HJ1101-500,신발,스트럭처 26," 169,000 ",30%," 118,300 ",추석 프로모션,2026-09-18,2026-09-30
HJ1101-607,신발,스트럭처 26," 169,000 ",30%," 118,300 ",추석 프로모션,2026-09-18,2026-09-30
HQ2593-502,신발,페가수스 프리미엄," 279,000 ",30%," 195,300 ",추석 프로모션,2026-09-18,2026-09-30
HQ3048-501,신발,스트럭처 플러스," 199,000 ",30%," 139,300 ",추석 프로모션,2026-09-18,2026-09-30
HQ3049-001,신발,스트럭처 플러스," 199,000 ",30%," 139,300 ",추석 프로모션,2026-09-18,2026-09-30
HF6414-800,신발,줌 X 베이퍼플라이 4," 309,000 ",30%," 216,300 ",추석 프로모션,2026-09-18,2026-09-30
HQ3048-001,신발,스트럭처 플러스," 209,000 ",30%," 146,300 ",추석 프로모션,2026-09-18,2026-09-30
FQ0908-014,신발,리엑트 X 페가수스 트레일 5 GTX," 219,000 ",30%," 153,300 ",추석 프로모션,2026-09-18,2026-09-30
IO9573-800,신발,알파플라이 3 GLAM," 349,000 ",30%," 244,300 ",추석 프로모션,2026-09-18,2026-09-30
IQ3440-751,신발,보메로 플러스 SE," 219,000 ",30%," 153,300 ",추석 프로모션,2026-09-18,2026-09-30
FQ0908-002,신발,리액트X 페가수스 트레일 5 GTX," 219,000 ",30%," 153,300 ",추석 프로모션,2026-09-18,2026-09-30
HQ3048-101,신발,스트럭처 플러스," 199,000 ",30%," 139,300 ",추석 프로모션,2026-09-18,2026-09-30
IF9630-001,신발,페가수스 프리미엄 CM," 289,000 ",30%," 202,300 ",추석 프로모션,2026-09-18,2026-09-30
IM3985-001,신발,보메로 플러스," 219,000 ",30%," 153,300 ",추석 프로모션,2026-09-18,2026-09-30
IQ0307-094,신발,페가수스 프리미엄," 289,000 ",30%," 202,300 ",추석 프로모션,2026-09-18,2026-09-30
HF6412-800,신발,줌 X 베이퍼플라이 4," 309,000 ",30%," 216,300 ",추석 프로모션,2026-09-18,2026-09-30
HV8150-120,신발,보메로 플러스," 219,000 ",30%," 153,300 ",추석 프로모션,2026-09-18,2026-09-30
IO9913-100,신발,스트럭처 플러스 EES," 199,000 ",30%," 139,300 ",추석 프로모션,2026-09-18,2026-09-30
IO9915-100,신발,보메로 18 EES," 179,000 ",30%," 125,300 ",추석 프로모션,2026-09-18,2026-09-30
IQ0309-094,신발,알파플라이 3," 349,000 ",30%," 244,300 ",추석 프로모션,2026-09-18,2026-09-30
HV8154-001,신발,보메로 플러스," 219,000 ",30%," 153,300 ",추석 프로모션,2026-09-18,2026-09-30
FQ7262-103,신발,페가수스 플러스," 219,000 ",30%," 153,300 ",추석 프로모션,2026-09-18,2026-09-30
HQ2592-105,신발,페가수스 프리미엄," 279,000 ",30%," 195,300 ",추석 프로모션,2026-09-18,2026-09-30
HQ2050-103,신발,보메로 프리미엄," 289,000 ",30%," 202,300 ",추석 프로모션,2026-09-18,2026-09-30
HQ2050-701,신발,보메로 프리미엄 CM," 289,000 ",30%," 202,300 ",추석 프로모션,2026-09-18,2026-09-30
HV8150-003,신발,보메로 플러스," 219,000 ",30%," 153,300 ",추석 프로모션,2026-09-18,2026-09-30
HV8150-009,신발,보메로 플러스," 219,000 ",30%," 153,300 ",추석 프로모션,2026-09-18,2026-09-30
IO7325-001,신발,보메로 프리미엄 CM," 299,000 ",30%," 209,300 ",추석 프로모션,2026-09-18,2026-09-30
IQ0308-094,신발,보메로 플러스," 229,000 ",30%," 160,300 ",추석 프로모션,2026-09-18,2026-09-30
IH8673-010,용품,ACG 플라이 언스트럭처드 캡," 49,000 ",30%," 34,300 ",추석 프로모션,2026-09-18,2026-09-30
DV5465-101,용품,ACG 아웃도어 쿠션 크루 1PR," 33,000 ",30%," 23,100 ",추석 프로모션,2026-09-18,2026-09-30
HV6919-100,용품,라이트웨이트 크루 삭스 1팩," 22,000 ",30%," 15,400 ",추석 프로모션,2026-09-18,2026-09-30
DB5471-100,용품,스파크 라이트웨이트 오버더카프 컴프레션 러닝 삭스," 65,000 ",30%," 45,500 ",추석 프로모션,2026-09-18,2026-09-30
DB5471-010,용품,스파크 라이트웨이트 오버더카프 컴프레션 러닝 삭스," 65,000 ",30%," 45,500 ",추석 프로모션,2026-09-18,2026-09-30
IO8269-009,용품,프로 드라이 핏 언스트럭처드 스우시 러닝 캡," 55,000 ",30%," 38,500 ",추석 프로모션,2026-09-18,2026-09-30
HV6919-010,용품,패스트 라이트웨이트 크루 1PR, - ,30%, - ,추석 프로모션,2026-09-18,2026-09-30
HV6919-010,용품,패스트 라이트웨이트 크루 1PR," 22,000 ",30%," 15,400 ",추석 프로모션,2026-09-18,2026-09-30
IO8269-010,용품,프로 드라이 핏 언스트럭처드 스우시 러닝 캡," 55,000 ",30%," 38,500 ",추석 프로모션,2026-09-18,2026-09-30
IO9133-010,의류,ACG 써마 핏 라바 로프트 재킷," 369,000 ",30%," 258,300 ",추석 프로모션,2026-09-18,2026-09-30
FN3370-011,의류,드라이핏 ADV 에어로스위프트 브리프라인드 하프타이즈," 95,000 ",30%," 66,500 ",추석 프로모션,2026-09-18,2026-09-30
IO9133-819,의류,ACG 써마 핏 라바 로프트 재킷," 369,000 ",30%," 258,300 ",추석 프로모션,2026-09-18,2026-09-30
HV5204-377,의류,스트라이드 드라이 핏 ADV 숏 슬리브 탑," 69,000 ",30%," 48,300 ",추석 프로모션,2026-09-18,2026-09-30
IO9651-819,의류,ACG 드라이 핏 숏 슬리브 탑," 75,000 ",30%," 52,500 ",추석 프로모션,2026-09-18,2026-09-30
IO9651-030,의류,ACG 드라이 핏 숏 슬리브 탑," 75,000 ",30%," 52,500 ",추석 프로모션,2026-09-18,2026-09-30
IO9672-010,의류,ACG 라바 루프 드라이핏 ADV 하프 트레일 러닝 타이츠," 95,000 ",30%," 66,500 ",추석 프로모션,2026-09-18,2026-09-30
IO9135-819,의류,ACG 써마 핏 라바 로프트 재킷," 369,000 ",30%," 258,300 ",추석 프로모션,2026-09-18,2026-09-30
IO9678-097,의류,ACG 드라이 핏 ADV 솔라 체이스 숏 슬리브 탑," 75,000 ",30%," 52,500 ",추석 프로모션,2026-09-18,2026-09-30
FN4232-010,의류,에어로스위프트 드라이핏 ADV 싱글렛," 115,000 ",30%," 80,500 ",추석 프로모션,2026-09-18,2026-09-30
HV6089-502,의류,스위프트 드라이 핏 미드라이즈 팬츠," 115,000 ",30%," 80,500 ",추석 프로모션,2026-09-18,2026-09-30
HV6089-010,의류,스위프트 드라이 핏 미드라이즈 팬츠," 115,000 ",30%," 80,500 ",추석 프로모션,2026-09-18,2026-09-30
IO9674-010,의류,ACG 드라이 핏 ADV 루나 레이 타이츠," 135,000 ",30%," 94,500 ",추석 프로모션,2026-09-18,2026-09-30
HM5221-502,의류,스위프트 하이서포트 브라," 75,000 ",30%," 52,500 ",추석 프로모션,2026-09-18,2026-09-30
HM5221-502,의류,스위프트 하이서포트 브라, - ,30%, - ,추석 프로모션,2026-09-18,2026-09-30
IO9135-010,의류,ACG 써마 핏 라바 로프트 재킷," 369,000 ",30%," 258,300 ",추석 프로모션,2026-09-18,2026-09-30
IO9676-010,의류,ACG 세컨드 선라이즈 드라이 핏 ADV 5인치 브리프 라인드 쇼츠," 99,000 ",30%," 69,300 ",추석 프로모션,2026-09-18,2026-09-30
HM5221-897,의류,스위프트 하이서포트 브라," 75,000 ",30%," 52,500 ",추석 프로모션,2026-09-18,2026-09-30
HM5221-897,의류,스위프트 하이서포트 브라, - ,30%, - ,추석 프로모션,2026-09-18,2026-09-30
IM9481-502,의류,스위프트 리펠 재킷 NV," 155,000 ",30%," 108,500 ",추석 프로모션,2026-09-18,2026-09-30
HM5221-010,의류,스위프트 하이서포트 브라," 75,000 ",30%," 52,500 ",추석 프로모션,2026-09-18,2026-09-30
HM5221-010,의류,스위프트 하이서포트 브라, - ,30%, - ,추석 프로모션,2026-09-18,2026-09-30
IO9646-010,의류,ACG 드라이 핏 하이웨이스트 7/8 타이츠," 125,000 ",30%," 87,500 ",추석 프로모션,2026-09-18,2026-09-30
IO9678-819,의류,ACG 드라이 핏 ADV 솔라 체이스 숏 슬리브 탑," 75,000 ",30%," 52,500 ",추석 프로모션,2026-09-18,2026-09-30
FN4232-845,의류,에어로스위프트 드라이 핏 ADV 러닝 싱글렛," 115,000 ",30%," 80,500 ",추석 프로모션,2026-09-18,2026-09-30
IM9481-010,의류,스위프트 리펠 재킷 NV," 155,000 ",30%," 108,500 ",추석 프로모션,2026-09-18,2026-09-30
HJ3378-010,의류,에어로스위프트 드라이 핏 ADV 숏 슬리브 탑," 115,000 ",30%," 80,500 ",추석 프로모션,2026-09-18,2026-09-30
DV3864-101,신발,리액트X 페가수스 트레일 5," 169,000 ",45%," 92,950 ",추석 프로모션,2026-09-18,2026-09-30
DV3865-402,신발,리액트X 페가수스 트레일 5," 169,000 ",45%," 92,950 ",추석 프로모션,2026-09-18,2026-09-30
FB8502-402,신발,보메로 17," 189,000 ",45%," 103,950 ",추석 프로모션,2026-09-18,2026-09-30
DR2665-010,신발,리액트X 인피니티런 4," 179,000 ",45%," 98,450 ",추석 프로모션,2026-09-18,2026-09-30
DR2670-104,신발,리액트X 인피니티런 4," 179,000 ",45%," 98,450 ",추석 프로모션,2026-09-18,2026-09-30
DV4129-001,신발,줌 X 베이퍼플라이 3," 299,000 ",30%," 209,300 ",추석 프로모션,2026-09-18,2026-09-30
FD8315-700,신발,에어 줌 알파플라이 3," 329,000 ",30%," 230,300 ",추석 프로모션,2026-09-18,2026-09-30
SX7554-010,용품,멀티플라이어," 29,000 ",45%," 15,950 ",추석 프로모션,2026-09-18,2026-09-30
SX6888-010,용품,에브리데이 플러스 쿠션드," 29,000 ",45%," 15,950 ",추석 프로모션,2026-09-18,2026-09-30
SX6888-010,용품,에브리데이 플러스 쿠션드," 29,000 ",45%," 15,950 ",추석 프로모션,2026-09-18,2026-09-30
SX6888-100,용품,에브리데이 플러스 쿠션드," 29,000 ",45%," 15,950 ",추석 프로모션,2026-09-18,2026-09-30
SX6888-900,용품,에브리데이 플러스 쿠션드," 29,000 ",45%," 15,950 ",추석 프로모션,2026-09-18,2026-09-30
FN3353-085,의류,드라이핏 ADV 에어로스위프트 4인치 브리프라인드 쇼츠," 105,000 ",45%," 57,750 ",추석 프로모션,2026-09-18,2026-09-30
DV9832-010,의류,드라이핏 프라이머리," 65,000 ",45%," 35,750 ",추석 프로모션,2026-09-18,2026-09-30
FN3350-085,의류,드라이핏 ADV 에어로스위프트 2인치 브리프라인드 쇼츠," 105,000 ",45%," 57,750 ",추석 프로모션,2026-09-18,2026-09-30
FN4232-085,의류,에어로스위프트 드라이핏 ADV 싱글렛," 109,000 ",45%," 59,950 ",추석 프로모션,2026-09-18,2026-09-30
FD8413-102,신발,드래곤플라이 2," 179,000 ",45%," 98,450 ",추석 프로모션,2026-09-18,2026-09-30
HF6414-100,신발,베이퍼플라이 4," 309,000 ",30%," 216,300 ",추석 프로모션,2026-09-18,2026-09-30
HF6414-600,신발,베이퍼플라이 4," 309,000 ",30%," 216,300 ",추석 프로모션,2026-09-18,2026-09-30
HQ2592-004,신발,페가수스 프리미엄," 279,000 ",45%," 153,450 ",추석 프로모션,2026-09-18,2026-09-30
FD2722-113,신발,페가수스 41," 159,000 ",45%," 87,450 ",추석 프로모션,2026-09-18,2026-09-30
FD2722-603,신발,페가수스 41," 159,000 ",45%," 87,450 ",추석 프로모션,2026-09-18,2026-09-30
HF6412-001,신발,베이퍼플라이 4," 309,000 ",30%," 216,300 ",추석 프로모션,2026-09-18,2026-09-30
HM6804-600,신발,보메로 18," 179,000 ",45%," 98,450 ",추석 프로모션,2026-09-18,2026-09-30
IB8745-100,신발,드래곤플라이 2 엘리트 야코브," 219,000 ",45%," 120,450 ",추석 프로모션,2026-09-18,2026-09-30
II0602-500,신발,페가수스 프리미엄 키피에곤," 289,000 ",45%," 158,950 ",추석 프로모션,2026-09-18,2026-09-30
HJ3689-010,용품,에이스 드라이 핏 바이저," 29,000 ",45%," 15,950 ",추석 프로모션,2026-09-18,2026-09-30
DA3584-010,용품,스파크 라이트웨이트 크루," 25,000 ",45%," 13,750 ",추석 프로모션,2026-09-18,2026-09-30
DA3584-010,용품,스파크 라이트웨이트 크루," 25,000 ",45%," 13,750 ",추석 프로모션,2026-09-18,2026-09-30
HF0854-010,용품,트레일 러닝 크루 삭스," 29,000 ",45%," 15,950 ",추석 프로모션,2026-09-18,2026-09-30
HJ3689-100,용품,에이스 드라이 핏 바이저," 29,000 ",45%," 15,950 ",추석 프로모션,2026-09-18,2026-09-30
DA3584-100,용품,스파크 라이트웨이트 크루," 25,000 ",45%," 13,750 ",추석 프로모션,2026-09-18,2026-09-30
IF3582-010,용품,ADT 언스트럭처 드라이 핏 클럽 캡," 35,000 ",45%," 19,250 ",추석 프로모션,2026-09-18,2026-09-30
HF6616-100,의류,에어로스위프트 BTC 남성 드라이 핏 ADV 러닝 싱글렛," 115,000 ",45%," 63,250 ",추석 프로모션,2026-09-18,2026-09-30
HJ3535-133,의류,드라이 핏 야코브 숏 슬리브 탑," 69,000 ",45%," 37,950 ",추석 프로모션,2026-09-18,2026-09-30
HJ3378-010,의류,에어로스위프트 드라이 핏 ADV 숏 슬리브 탑," 115,000 ",45%," 63,250 ",추석 프로모션,2026-09-18,2026-09-30
HQ0651-701,의류,스위프트 리펠 패커블 러닝 자켓," 155,000 ",45%," 85,250 ",추석 프로모션,2026-09-18,2026-09-30
HJ3535-010,의류,드라이 핏 야코브 숏 슬리브 탑," 69,000 ",45%," 37,950 ",추석 프로모션,2026-09-18,2026-09-30
HJ4143-010,의류,러닝 디비전 UV 러닝 자켓," 209,000 ",45%," 114,950 ",추석 프로모션,2026-09-18,2026-09-30
FN3272-016,의류,에어로스위프트 드라이 핏 ADV 미드라이즈 5인치 러닝 쇼츠," 99,000 ",45%," 54,450 ",추석 프로모션,2026-09-18,2026-09-30
HJ2313-533,의류,트레일 드라이 핏 탱크 탑," 75,000 ",45%," 41,250 ",추석 프로모션,2026-09-18,2026-09-30
HJ3688-110,의류,짐 컬쳐 CC 숏 슬리브 탑," 49,000 ",45%," 26,950 ",추석 프로모션,2026-09-18,2026-09-30
HJ4165-010,의류,드라이 핏 런 에너지 마일러 탱크 탑," 49,000 ",45%," 26,950 ",추석 프로모션,2026-09-18,2026-09-30
HQ0621-607,의류,스위프트 드라이 핏 러닝 탱크 탑," 65,000 ",45%," 35,750 ",추석 프로모션,2026-09-18,2026-09-30
HQ0651-133,의류,스위프트 리펠 패커블 러닝 자켓," 155,000 ",45%," 85,250 ",추석 프로모션,2026-09-18,2026-09-30
HQ4195-010,의류,에어로스위프트 드라이 핏 ADV 야코브 싱글렛," 115,000 ",45%," 63,250 ",추석 프로모션,2026-09-18,2026-09-30
IF1630-532,의류,에어로스위프트 드라이 핏 ADV 미드라이즈 3인치 쇼츠 키피에곤," 105,000 ",45%," 57,750 ",추석 프로모션,2026-09-18,2026-09-30
HV8116-002,신발,ACG 페가수스 트레일," 179,000 ",30%," 125,300 ",추석 프로모션,2026-09-18,2026-09-30
IB1881-602,신발,페가수스 42," 169,000 ",30%," 118,300 ",추석 프로모션,2026-09-18,2026-09-30
IB1873-003,신발,페가수스 42," 169,000 ",30%," 118,300 ",추석 프로모션,2026-09-18,2026-09-30
IR2312-600,신발,알파플라이 3 SE," 349,000 ",30%," 244,300 ",추석 프로모션,2026-09-18,2026-09-30
IB1881-003,신발,페가수스 42," 169,000 ",30%," 118,300 ",추석 프로모션,2026-09-18,2026-09-30
HV8150-102,신발,보메로 플러스," 219,000 ",30%," 153,300 ",추석 프로모션,2026-09-18,2026-09-30
HV8154-102,신발,보메로 플러스," 219,000 ",30%," 153,300 ",추석 프로모션,2026-09-18,2026-09-30
FD8311-300,신발,알파플라이 3," 339,000 ",30%," 237,300 ",추석 프로모션,2026-09-18,2026-09-30
II7290-100,신발,알파플라이 3 CM," 359,000 ",30%," 251,300 ",추석 프로모션,2026-09-18,2026-09-30
IB1881-002,신발,페가수스 42," 169,000 ",30%," 118,300 ",추석 프로모션,2026-09-18,2026-09-30
HV8154-001,신발,보메로 플러스," 219,000 ",30%," 153,300 ",추석 프로모션,2026-09-18,2026-09-30
HV8150-405,신발,보메로 플러스," 219,000 ",30%," 153,300 ",추석 프로모션,2026-09-18,2026-09-30
IB1873-702,신발,페가수스 42," 169,000 ",30%," 118,300 ",추석 프로모션,2026-09-18,2026-09-30
IR1228-102,신발,페가수스 42 와이드," 169,000 ",30%," 118,300 ",추석 프로모션,2026-09-18,2026-09-30
IR1817-100,신발,알파플라이 3 OR," 359,000 ",30%," 251,300 ",추석 프로모션,2026-09-18,2026-09-30
IB1873-110,신발,페가수스 42," 169,000 ",30%," 118,300 ",추석 프로모션,2026-09-18,2026-09-30
FD8315-500,신발,알파플라이 3," 339,000 ",30%," 237,300 ",추석 프로모션,2026-09-18,2026-09-30
HF5668-101,신발,울트라플라이 2," 319,000 ",30%," 223,300 ",추석 프로모션,2026-09-18,2026-09-30
HV8116-310,신발,ACG 페가수스 트레일," 179,000 ",30%," 125,300 ",추석 프로모션,2026-09-18,2026-09-30
HQ2050-106,신발,보메로 프리미엄," 299,000 ",30%," 209,300 ",추석 프로모션,2026-09-18,2026-09-30
HM5973-606,신발,보메로 프리미엄," 299,000 ",30%," 209,300 ",추석 프로모션,2026-09-18,2026-09-30
HV8150-003,신발,보메로 플러스," 219,000 ",30%," 153,300 ",추석 프로모션,2026-09-18,2026-09-30
IR2311-600,신발,베이퍼플라이 4 SE," 319,000 ",30%," 223,300 ",추석 프로모션,2026-09-18,2026-09-30
HV8115-103,신발,ACG 제가마 트레일," 219,000 ",30%," 153,300 ",추석 프로모션,2026-09-18,2026-09-30
IB1881-102,신발,페가수스 42," 169,000 ",30%," 118,300 ",추석 프로모션,2026-09-18,2026-09-30
HV8121-310,신발,ACG 페가수스 트레일," 179,000 ",30%," 125,300 ",추석 프로모션,2026-09-18,2026-09-30
HV8113-002,신발,ACG 제가마 트레일," 219,000 ",30%," 153,300 ",추석 프로모션,2026-09-18,2026-09-30
IQ7313-200,신발,베이퍼플라이 4 NRG," 329,000 ",30%," 230,300 ",추석 프로모션,2026-09-18,2026-09-30
IR1996-001,신발,알파플라이 3 BL," 359,000 ",30%," 251,300 ",추석 프로모션,2026-09-18,2026-09-30
HQ4307-003,신발,마인드 001," 119,000 ",30%," 83,300 ",추석 프로모션,2026-09-18,2026-09-30
HV8154-012,신발,보메로 플러스," 219,000 ",30%," 153,300 ",추석 프로모션,2026-09-18,2026-09-30
IR1229-001,신발,페가수스 프리미엄 RR," 279,000 ",30%," 195,300 ",추석 프로모션,2026-09-18,2026-09-30
IH8647-010,용품,ACG 에브리데이 엘리베이티드 크루, - ,30%, - ,추석 프로모션,2026-09-18,2026-09-30
IH8647-010,용품,ACG 에브리데이 엘리베이티드 크루," 25,000 ",30%," 17,500 ",추석 프로모션,2026-09-18,2026-09-30
IH8673-025,용품,ACG 플라이 언스트럭쳐드 캡," 45,000 ",30%," 31,500 ",추석 프로모션,2026-09-18,2026-09-30
HV6919-100,용품,라이트웨이트 크루 삭스 1팩," 22,000 ",30%," 15,400 ",추석 프로모션,2026-09-18,2026-09-30
IB6114-100,용품,라이트웨이트 마이크로 크루 삭스 1팩," 22,000 ",30%," 15,400 ",추석 프로모션,2026-09-18,2026-09-30
IB6114-100,용품,라이트웨이트 마이크로 크루 삭스 1팩," 25,000 ",30%," 17,500 ",추석 프로모션,2026-09-18,2026-09-30
HJ8178-382,용품,ACG 데이맥스 백팩," 169,000 ",30%," 118,300 ",추석 프로모션,2026-09-18,2026-09-30
HJ8180-382,용품,ACG 데이맥스 크로스바디," 85,000 ",30%," 59,500 ",추석 프로모션,2026-09-18,2026-09-30
IB6114-010,용품,라이트웨이트 런 크루," 22,000 ",30%," 15,400 ",추석 프로모션,2026-09-18,2026-09-30
FJ0736-100,용품,드라이핏 ADV 플라이," 59,000 ",30%," 41,300 ",추석 프로모션,2026-09-18,2026-09-30
IB6114-407,용품,라이트웨이트 런 크루," 22,000 ",30%," 15,400 ",추석 프로모션,2026-09-18,2026-09-30
FN3353-010,의류,드라이핏 ADV 에어로스위프트 4인치 브리프라인드 쇼츠," 115,000 ",30%," 80,500 ",추석 프로모션,2026-09-18,2026-09-30
FN4232-010,의류,에어로스위프트 드라이핏 ADV 싱글렛," 115,000 ",30%," 80,500 ",추석 프로모션,2026-09-18,2026-09-30
IO1461-010,의류,ACG 드라이핏 와일드씨 베이스레이어 숏슬리브 티," 69,000 ",30%," 48,300 ",추석 프로모션,2026-09-18,2026-09-30
IO9678-020,의류,ACG 드라이핏 ADV 솔라 체이스 숏슬리브," 75,000 ",30%," 52,500 ",추석 프로모션,2026-09-18,2026-09-30
IO9749-010,의류,ACG 트레일 리펠 재킷," 155,000 ",30%," 108,500 ",추석 프로모션,2026-09-18,2026-09-30
IH6938-394,의류,드라이핏 ADV 에어로스위프트 2인치 브리프 라인드 쇼츠," 115,000 ",30%," 80,500 ",추석 프로모션,2026-09-18,2026-09-30
IO9678-010,의류,ACG 드라이핏 ADV 솔라 체이스 숏슬리브," 75,000 ",30%," 52,500 ",추석 프로모션,2026-09-18,2026-09-30
FN3370-011,의류,드라이핏 ADV 에어로스위프트 브리프라인드 하프타이즈," 95,000 ",30%," 66,500 ",추석 프로모션,2026-09-18,2026-09-30
IO1461-020,의류,ACG 드라이핏 와일드씨 베이스레이어 숏슬리브 티," 69,000 ",30%," 48,300 ",추석 프로모션,2026-09-18,2026-09-30
FN3350-010,의류,에어로스위프트 드라이 핏 ADV 2인치 브리프 라인드 러닝 쇼츠," 105,000 ",30%," 73,500 ",추석 프로모션,2026-09-18,2026-09-30
IQ5128-010,의류,ACG 드라이핏 와일드씨 베이스레이어 쇼츠," 75,000 ",30%," 52,500 ",추석 프로모션,2026-09-18,2026-09-30
HV5211-100,의류,드라이핏 ADV 스트라이드 탱크," 65,000 ",30%," 45,500 ",추석 프로모션,2026-09-18,2026-09-30
HV4549-430,의류,UV 리펠 스트라이드 재킷," 155,000 ",30%," 108,500 ",추석 프로모션,2026-09-18,2026-09-30
IO9653-416,의류,ACG 트레일 드라이핏 탱크," 75,000 ",30%," 52,500 ",추석 프로모션,2026-09-18,2026-09-30
HM5221-503,의류,스위프트 하이서포트 브라," 75,000 ",30%," 52,500 ",추석 프로모션,2026-09-18,2026-09-30
IF2368-455,의류,리펠 스트라이드 노벨티 재킷," 175,000 ",30%," 122,500 ",추석 프로모션,2026-09-18,2026-09-30
HM9699-503,의류,스위프트 드라이핏 숏슬리브," 69,000 ",30%," 48,300 ",추석 프로모션,2026-09-18,2026-09-30
IF2105-010,의류,ACG UV 에어리즈 재킷," 155,000 ",30%," 108,500 ",추석 프로모션,2026-09-18,2026-09-30
IH6940-394,의류,드라이핏 ADV 에어로스위프트 싱글렛," 115,000 ",30%," 80,500 ",추석 프로모션,2026-09-18,2026-09-30
IO9749-020,의류,ACG 트레일 리펠 재킷," 155,000 ",30%," 108,500 ",추석 프로모션,2026-09-18,2026-09-30
IO9653-382,의류,ACG 트레일 드라이핏 탱크," 75,000 ",30%," 52,500 ",추석 프로모션,2026-09-18,2026-09-30
FN4232-570,의류,드라이핏 ADV 에어로스위프트 싱글렛," 115,000 ",30%," 80,500 ",추석 프로모션,2026-09-18,2026-09-30
IF3650-100,의류,드라이핏 ADV 에어로스위프트 크롭 탱크," 119,000 ",30%," 83,300 ",추석 프로모션,2026-09-18,2026-09-30
IO9658-020,의류,ACG 드라이핏 미드라이즈 브리프 라인드 트레일 러닝 쇼츠," 95,000 ",30%," 66,500 ",추석 프로모션,2026-09-18,2026-09-30
IO9672-010,의류,ACG 라바 루프 드라이핏 ADV 하프 트레일 러닝 타이츠," 95,000 ",30%," 66,500 ",추석 프로모션,2026-09-18,2026-09-30
IO9644-010,의류,ACG 트레일 드라이핏 하이라이즈 4인치 타이츠," 105,000 ",30%," 73,500 ",추석 프로모션,2026-09-18,2026-09-30
IO9676-010,의류,ACG 세컨드 선라이즈 드라이 핏 ADV 5인치 브리프 라인드 쇼츠," 99,000 ",30%," 69,300 ",추석 프로모션,2026-09-18,2026-09-30
HM5221-010,의류,스위프트 하이서포트 브라," 75,000 ",30%," 52,500 ",추석 프로모션,2026-09-18,2026-09-30
IF1253-010,의류,드라이핏 ADV 에어로스위프트 싱글렛," 119,000 ",30%," 83,300 ",추석 프로모션,2026-09-18,2026-09-30
IF1253-010,의류,드라이핏 ADV 에어로스위프트 싱글렛," 115,000 ",30%," 80,500 ",추석 프로모션,2026-09-18,2026-09-30
IF1679-010,의류,스위프트 브리드 쇼츠," 69,000 ",30%," 48,300 ",추석 프로모션,2026-09-18,2026-09-30
IF2089-494,의류,드라이핏 ADV 스트라이드 노벨티 숏슬리브," 85,000 ",30%," 59,500 ",추석 프로모션,2026-09-18,2026-09-30
IF2105-020,의류,ACG UV 에어리즈 재킷," 155,000 ",30%," 108,500 ",추석 프로모션,2026-09-18,2026-09-30
IO9658-010,의류,ACG 드라이핏 미드라이즈 브리프 라인드 트레일 러닝 쇼츠," 95,000 ",30%," 66,500 ",추석 프로모션,2026-09-18,2026-09-30
IO9676-416,의류,ACG 드라이핏 ADV 세컨드선라이즈 5인치 브리프 라인드 쇼츠," 99,000 ",30%," 69,300 ",추석 프로모션,2026-09-18,2026-09-30
IF2017-010,의류,드라이핏 스트라이드 5인치 브리프 라인드 러닝 쇼츠," 95,000 ",30%," 66,500 ",추석 프로모션,2026-09-18,2026-09-30
IO9672-382,의류,ACG 드라이핏 ADV 라바루프 하프 타이츠," 95,000 ",30%," 66,500 ",추석 프로모션,2026-09-18,2026-09-30
IF2089-010,의류,드라이핏 ADV 스트라이드 노벨티 숏슬리브," 85,000 ",30%," 59,500 ",추석 프로모션,2026-09-18,2026-09-30
IO9644-004,의류,ACG 트레일 드라이핏 하이라이즈 4인치 타이츠," 105,000 ",30%," 73,500 ",추석 프로모션,2026-09-18,2026-09-30
AC4466-127,용품,프로 엘리트 슬리브 2.0," 69,000 ",40%," 41,400 ",추석 프로모션,2026-09-18,2026-09-30
DX7120-109,용품,라이트웨이트 슬리브 2.0," 33,000 ",40%," 19,800 ",추석 프로모션,2026-09-18,2026-09-30
AC4077-027,용품,리커버리 폼 롤러 13 인치," 89,000 ",40%," 53,400 ",추석 프로모션,2026-09-18,2026-09-30
DX7120-042,용품,라이트웨이트 슬리브 2.0," 33,000 ",40%," 19,800 ",추석 프로모션,2026-09-18,2026-09-30
AC4084-010,용품,리커버리 볼," 49,000 ",40%," 29,400 ",추석 프로모션,2026-09-18,2026-09-30
DX7053-010,용품,리커버리 롤러바," 73,000 ",40%," 43,800 ",추석 프로모션,2026-09-18,2026-09-30
JA0381-285,용품,ACG 차모카모 팩 베스트 5L," 229,000 ",30%," 160,300 ",추석 프로모션,2026-09-18,2026-09-30
IQ6027-039,용품,ACG GOAT 벨트," 79,000 ",30%," 55,300 ",추석 프로모션,2026-09-18,2026-09-30
IU1608-019,용품,ACG UV 쿨링 랩," 45,000 ",30%," 31,500 ",추석 프로모션,2026-09-18,2026-09-30
IU1504-019,용품,ACG UV 쿨링 슬리브 페어," 49,000 ",30%," 34,300 ",추석 프로모션,2026-09-18,2026-09-30
IU1504-019,용품,ACG UV 쿨링 슬리브 페어," 49,000 ",30%," 34,300 ",추석 프로모션,2026-09-18,2026-09-30
IU1504-833,용품,ACG UV 쿨링 슬리브 페어," 49,000 ",30%," 34,300 ",추석 프로모션,2026-09-18,2026-09-30
IU1504-833,용품,ACG UV 쿨링 슬리브 페어," 49,000 ",30%," 34,300 ",추석 프로모션,2026-09-18,2026-09-30
IU1608-833,용품,ACG UV 쿨링 랩," 45,000 ",30%," 31,500 ",추석 프로모션,2026-09-18,2026-09-30
IB0355-001,용품,드라이핏 퓨리 엘레베이트 헤드밴드," 23,000 ",30%," 16,100 ",추석 프로모션,2026-09-18,2026-09-30
IQ7354-039,용품,ACG GOAT 팩 베스트 5L," 199,000 ",30%," 139,300 ",추석 프로모션,2026-09-18,2026-09-30
HM6832-018,용품,페이서 미드웨이트 러닝 글러브," 35,000 ",40%," 21,000 ",추석 프로모션,2026-09-18,2026-09-30
FZ5763-157,용품,드라이 핏 경량 글로브," 59,000 ",40%," 35,400 ",추석 프로모션,2026-09-18,2026-09-30
HQ2350-012,용품,드라이 핏 트레일 랩," 49,000 ",40%," 29,400 ",추석 프로모션,2026-09-18,2026-09-30
FV0356-045,용품,드리프트 UV 심리스 랩," 35,000 ",40%," 21,000 ",추석 프로모션,2026-09-18,2026-09-30
DX7089-082,용품,써마핏 스피어 넥워머 4.0," 45,000 ",40%," 27,000 ",추석 프로모션,2026-09-18,2026-09-30
DX7874-082,용품,써마 스피어 후드 4.0," 47,000 ",40%," 28,200 ",추석 프로모션,2026-09-18,2026-09-30
DX7876-042,용품,써마 핏 랩 2.0," 35,000 ",40%," 21,000 ",추석 프로모션,2026-09-18,2026-09-30
HQ7398-050,용품,ACG 드라이핏 UV 바라클라바," 79,000 ",40%," 47,400 ",추석 프로모션,2026-09-18,2026-09-30
FZ5763-871,용품,ACG DF LW GLOVE SAFETY," 59,000 ",40%," 35,400 ",추석 프로모션,2026-09-18,2026-09-30
HM6831-082,용품,W PACER LIGHTWEIGHT RG," 29,000 ",40%," 17,400 ",추석 프로모션,2026-09-18,2026-09-30
CW7206-101,용품,PRO DRI-FIT SLEEVES," 45,000 ",40%," 27,000 ",추석 프로모션,2026-09-18,2026-09-30
HM6832-018,용품,페이서 미드웨이트 러닝 글러브," 35,000 ",40%," 21,000 ",추석 프로모션,2026-09-18,2026-09-30
CW7206-010,용품,프로 드라이핏 슬리브 4.0," 49,000 ",40%," 29,400 ",추석 프로모션,2026-09-18,2026-09-30
DA7068-010,용품,PRO CLOSED PATELLA KNEE," 43,000 ",40%," 25,800 ",추석 프로모션,2026-09-18,2026-09-30
HM6833-018,용품,페이서 미드웨이트 여성 러닝 글러브," 35,000 ",40%," 21,000 ",추석 프로모션,2026-09-18,2026-09-30
II9801-042,용품,THERMA-FIT GORE-TEX," 79,000 ",40%," 47,400 ",추석 프로모션,2026-09-18,2026-09-30
II5121-082,용품,SLIM WAISTPACK," 39,000 ",40%," 23,400 ",추석 프로모션,2026-09-18,2026-09-30
DX7876-042,용품,써마 핏 랩 2.0," 35,000 ",40%," 21,000 ",추석 프로모션,2026-09-18,2026-09-30
HF9418-080,용품,트랙백팩," 139,000 ",40%," 83,400 ",추석 프로모션,2026-09-18,2026-09-30
DA6935-010,용품,프로 파텔라 밴드 3.0," 30,000 ",40%," 18,000 ",추석 프로모션,2026-09-18,2026-09-30
IQ6027-039,용품,ACG GOAT 벨트," 79,000 ",30%," 55,300 ",추석 프로모션,2026-09-18,2026-09-30
IQ7354-039,용품,ACG GOAT 팩 베스트 5L," 199,000 ",30%," 139,300 ",추석 프로모션,2026-09-18,2026-09-30
HF9418-080,용품,트랙백팩," 139,000 ",40%," 83,400 ",추석 프로모션,2026-09-18,2026-09-30
DX7120-109,용품,라이트웨이트 슬리브 2.0," 33,000 ",40%," 19,800 ",추석 프로모션,2026-09-18,2026-09-30
DX7120-042,용품,라이트웨이트 슬리브 2.0," 33,000 ",40%," 19,800 ",추석 프로모션,2026-09-18,2026-09-30
FJ2366-613,용품,NIKE TOWEL ACG PICANTE RED," 99,000 ",40%," 59,400 ",추석 프로모션,2026-09-18,2026-09-30
FQ1552-093,용품,스테인리스 스틸 리차지 척 보틀 24oz 그래픽 ACG," 65,000 ",40%," 39,000 ",추석 프로모션,2026-09-18,2026-09-30
HF9391-123,용품,NIKE ZONED KNIT CALF SLEEVES SUMMIT WHITE/PHOTON DUST/BLACK," 69,000 ",40%," 41,400 ",추석 프로모션,2026-09-18,2026-09-30
DC3666-918,용품,NIKE GATHERED HAIR TIES 2.0 2 PK LAPIS/LIGHT THISTLE," 19,000 ",40%," 11,400 ",추석 프로모션,2026-09-18,2026-09-30
IF0600-836,용품,NIKE JACQUARD TOWEL MEDIUM GRAPHIC SAFETY ORANGE," 39,000 ",40%," 23,400 ",추석 프로모션,2026-09-18,2026-09-30
IB0351-681,용품,NIKE DRI-FIT FURY CLASSIC HEADBAND UNIVERSITY RED/WHITE," 21,000 ",40%," 12,600 ",추석 프로모션,2026-09-18,2026-09-30
IF0600-322,용품,NIKE JACQUARD TOWEL MEDIUM GRAPHIC DUSTY CACTUS," 39,000 ",40%," 23,400 ",추석 프로모션,2026-09-18,2026-09-30
DA6935-010,용품,프로 파텔라 밴드 3.0," 33,000 ",30%," 23,100 ",추석 프로모션,2026-09-18,2026-09-30
IQ5928-077,용품,런 벨트," 79,000 ",30%," 55,300 ",추석 프로모션,2026-09-18,2026-09-30
IQ6027-039,용품,ACG GOAT 벨트," 79,000 ",30%," 55,300 ",추석 프로모션,2026-09-18,2026-09-30
IU1504-019,용품,ACG UV 쿨링 슬리브 페어," 49,000 ",30%," 34,300 ",추석 프로모션,2026-09-18,2026-09-30
IU1504-833,용품,ACG UV 쿨링 슬리브 페어," 49,000 ",30%," 34,300 ",추석 프로모션,2026-09-18,2026-09-30
IU1608-019,용품,ACG UV 쿨링 랩," 45,000 ",30%," 31,500 ",추석 프로모션,2026-09-18,2026-09-30
001-LOAM-M,신발,001A," 399,000 ",30%," 279,300 ",추석 프로모션,2026-09-18,2026-09-30
001-CALCITE-M,신발,001A," 399,000 ",30%," 279,300 ",추석 프로모션,2026-09-18,2026-09-30
008-NEVE-U,용품,008," 179,000 ",30%," 125,300 ",추석 프로모션,2026-09-18,2026-09-30
001A-HORIZON-M,신발,001A," 399,000 ",30%," 279,300 ",추석 프로모션,2026-09-18,2026-09-30
001A-ASTRAL-M,신발,001A," 399,000 ",30%," 279,300 ",추석 프로모션,2026-09-18,2026-09-30
005-COMET-M,신발,005," 429,000 ",30%," 300,300 ",추석 프로모션,2026-09-18,2026-09-30
001A-SKY-M,신발,001A," 399,000 ",30%," 279,300 ",추석 프로모션,2026-09-18,2026-09-30
005-LASER-M,신발,005," 429,000 ",30%," 300,300 ",추석 프로모션,2026-09-18,2026-09-30
001A-SKY-W,신발,001A," 399,000 ",30%," 279,300 ",추석 프로모션,2026-09-18,2026-09-30
N1ZKGM1-004,신발,제락 01," 268,000 ",45%," 147,400 ",추석 프로모션,2026-09-18,2026-09-30
N1ZKGM1-002,신발,제락 01," 268,000 ",45%," 147,400 ",추석 프로모션,2026-09-18,2026-09-30
N1ZKGM1-005,신발,제락 01," 268,000 ",45%," 147,400 ",추석 프로모션,2026-09-18,2026-09-30
N2ZTR02-010,신발,토미르 02," 298,000 ",45%," 163,900 ",추석 프로모션,2026-09-18,2026-09-30
N1ZKGM1-003,신발,제락 01," 268,000 ",45%," 147,400 ",추석 프로모션,2026-09-18,2026-09-30
N2ZTR02-007,신발,토미르 02," 298,000 ",45%," 163,900 ",추석 프로모션,2026-09-18,2026-09-30
N2ZTRW1-002,신발,토미르 WP," 248,000 ",45%," 136,400 ",추석 프로모션,2026-09-18,2026-09-30
N2ZTR02-001,신발,토미르 02," 298,000 ",45%," 163,900 ",추석 프로모션,2026-09-18,2026-09-30
N1ARS03-001,용품,레이스 삭스 로우 컷," 33,000 ",40%," 19,800 ",추석 프로모션,2026-09-18,2026-09-30
N2AMS01-001,용품,메리노 삭스," 40,000 ",40%," 24,000 ",추석 프로모션,2026-09-18,2026-09-30
N2ZTRG1-002,신발,토미르 02 GTX," 338,000 ",45%," 185,900 ",추석 프로모션,2026-09-18,2026-09-30
N2ZTR25-002,신발,토미르 02," 298,000 ",45%," 163,900 ",추석 프로모션,2026-09-18,2026-09-30
N2ZTRG1-001,신발,토미르 02 GTX," 338,000 ",45%," 185,900 ",추석 프로모션,2026-09-18,2026-09-30
N2ZTR25-003,신발,토미르 02," 298,000 ",45%," 163,900 ",추석 프로모션,2026-09-18,2026-09-30
N2ZTR25-001,신발,토미르 02," 298,000 ",45%," 163,900 ",추석 프로모션,2026-09-18,2026-09-30
N2AMS02-002,용품,메리노 삭스," 40,000 ",40%," 24,000 ",추석 프로모션,2026-09-18,2026-09-30
N1ARS02-002,용품,레이스 삭스," 35,000 ",40%," 21,000 ",추석 프로모션,2026-09-18,2026-09-30
N2AMS02-003,용품,메리노 삭스," 40,000 ",40%," 24,000 ",추석 프로모션,2026-09-18,2026-09-30
N1ARS02-001,용품,레이스 삭스," 35,000 ",40%," 21,000 ",추석 프로모션,2026-09-18,2026-09-30
N1CMWJ1-001,의류,보라 윈드 자켓," 238,000 ",40%," 142,800 ",추석 프로모션,2026-09-18,2026-09-30
N1CMWJ1-002,의류,보라 윈드 자켓," 238,000 ",40%," 142,800 ",추석 프로모션,2026-09-18,2026-09-30
N2ZTR02-014,신발,토미르 02," 298,000 ",45%," 163,900 ",추석 프로모션,2026-09-18,2026-09-30
N1ZKGM1-005,신발,제락 01," 268,000 ",45%," 147,400 ",추석 프로모션,2026-09-18,2026-09-30
N1ZKSM1-002,신발,제락 브루트," 348,000 ",45%," 191,400 ",추석 프로모션,2026-09-18,2026-09-30
N2ZTR02-013,신발,토미르 02," 298,000 ",45%," 163,900 ",추석 프로모션,2026-09-18,2026-09-30
N2ZTR02-005,신발,토미르 02," 298,000 ",45%," 163,900 ",추석 프로모션,2026-09-18,2026-09-30
N1ARS02-002,용품,레이스 삭스," 35,000 ",40%," 21,000 ",추석 프로모션,2026-09-18,2026-09-30
N2AMS02-002,용품,메리노 삭스," 40,000 ",40%," 24,000 ",추석 프로모션,2026-09-18,2026-09-30
N2AMS02-003,용품,메리노 삭스," 40,000 ",40%," 24,000 ",추석 프로모션,2026-09-18,2026-09-30
N1ARC03-003,용품,레이스 캡," 65,000 ",40%," 39,000 ",추석 프로모션,2026-09-18,2026-09-30
N1ARV02-002,용품,레이스 베스트," 198,000 ",40%," 118,800 ",추석 프로모션,2026-09-18,2026-09-30
N2CWTB1-002,의류,트레일 크롭 탑," 158,000 ",40%," 94,800 ",추석 프로모션,2026-09-18,2026-09-30
N2CWTB1-001,의류,트레일 크롭 탑," 158,000 ",40%," 94,800 ",추석 프로모션,2026-09-18,2026-09-30
N1CWRT2-004,의류,레이스 탱크," 85,000 ",40%," 51,000 ",추석 프로모션,2026-09-18,2026-09-30
N2CMAT1-002,의류,액티브 타이츠," 178,000 ",40%," 106,800 ",추석 프로모션,2026-09-18,2026-09-30
N1CWRS2-002,의류,레이스 쇼츠," 158,000 ",40%," 94,800 ",추석 프로모션,2026-09-18,2026-09-30
N1CWRT2-006,의류,레이스 탱크," 85,000 ",40%," 51,000 ",추석 프로모션,2026-09-18,2026-09-30
N1CMRS2-002,의류,레이스 쇼츠," 158,000 ",40%," 94,800 ",추석 프로모션,2026-09-18,2026-09-30
N1CMTS2-007,의류,레이스 티셔츠," 98,000 ",40%," 58,800 ",추석 프로모션,2026-09-18,2026-09-30
N2CMAF1-001,의류,트레일 롱 슬리브," 188,000 ",40%," 112,800 ",추석 프로모션,2026-09-18,2026-09-30
NS4CD1M-001,신발,카디," 234,000 ",30%," 163,800 ",추석 프로모션,2026-09-18,2026-09-30
NS4CD1M-002,신발,카디," 234,000 ",30%," 163,800 ",추석 프로모션,2026-09-18,2026-09-30
NS4CD1M-002,신발,카디," 234,000 ",30%," 163,800 ",추석 프로모션,2026-09-18,2026-09-30
NS4CD1W-002,신발,카디," 234,000 ",30%," 163,800 ",추석 프로모션,2026-09-18,2026-09-30
NC2TS1W-004,의류,레이스 티셔츠 02," 128,000 ",30%," 89,600 ",추석 프로모션,2026-09-18,2026-09-30
NC2TS1M-003,의류,레이스 티셔츠 02," 128,000 ",30%," 89,600 ",추석 프로모션,2026-09-18,2026-09-30
NC4SH1W-001,의류,레이스 쇼츠 02," 198,000 ",30%," 138,600 ",추석 프로모션,2026-09-18,2026-09-30
NC2TS1W-001,의류,레이스 티셔츠 02," 128,000 ",30%," 89,600 ",추석 프로모션,2026-09-18,2026-09-30
NC4SH1M-003,의류,레이스 쇼츠 02," 198,000 ",30%," 138,600 ",추석 프로모션,2026-09-18,2026-09-30
NC2TS1M-001,의류,레이스 티셔츠 02," 128,000 ",30%," 89,600 ",추석 프로모션,2026-09-18,2026-09-30
NBPFEB738M,신발,퓨어셀 SC 엘리트 V4," 319,000 ",40%," 191,400 ",추석 프로모션,2026-09-18,2026-09-30
NBPFEB708W,신발,프레쉬폼x 모어 V5," 209,000 ",40%," 125,400 ",추석 프로모션,2026-09-18,2026-09-30
NBPFEB717J,신발,프레쉬폼x 860 V14," 179,000 ",40%," 107,400 ",추석 프로모션,2026-09-18,2026-09-30
NBPFEB739M,신발,퓨어셀 SC 엘리트 V4," 319,000 ",40%," 191,400 ",추석 프로모션,2026-09-18,2026-09-30
NBPFEB741M,신발,퓨어셀 SC 트레이너 V3," 249,000 ",40%," 149,400 ",추석 프로모션,2026-09-18,2026-09-30
LAB13504_BK,용품,팀 슈즈 백," 19,900 ",40%," 11,940 ",추석 프로모션,2026-09-18,2026-09-30
LAB23074_BK,용품,팀 필드 백팩," 129,000 ",40%," 77,400 ",추석 프로모션,2026-09-18,2026-09-30
NBNAE4P05280,의류,러닝 재킷," 129,000 ",40%," 77,400 ",추석 프로모션,2026-09-18,2026-09-30
NBNGE4P01280,의류,에슬레틱 러닝 나시티(스탠다드핏)," 49,900 ",40%," 29,940 ",추석 프로모션,2026-09-18,2026-09-30
NBNGE4P01280,의류,에슬레틱 러닝 나시티(스탠다드핏), - ,40%, - ,추석 프로모션,2026-09-18,2026-09-30
NBNTE4P08119,의류,AC 스트레치 우븐 팬츠 (스탠다드핏)," 99,900 ",40%," 59,940 ",추석 프로모션,2026-09-18,2026-09-30
NBNVE4P02219,의류,RC 3부 숏 팬츠 (스탠다드핏)," 79,900 ",40%," 47,940 ",추석 프로모션,2026-09-18,2026-09-30
NBNVE4P01219,의류,RC 파트 3 2in1 숏 팬츠 (스탠다드핏)," 99,900 ",40%," 59,940 ",추석 프로모션,2026-09-18,2026-09-30
NBNVE4P06119,의류,RC 4부 쇼츠 (스탠다드핏)," 79,900 ",40%," 47,940 ",추석 프로모션,2026-09-18,2026-09-30
NBNDE4P12119,의류,런닝 긴팔 티셔츠 (스탠다드핏)," 49,900 ",40%," 29,940 ",추석 프로모션,2026-09-18,2026-09-30
NBNEE4P04219,의류,에슬레틱 러닝 셔츠(스탠다드핏)," 49,900 ",40%," 29,940 ",추석 프로모션,2026-09-18,2026-09-30
NBNEE4P14117,의류,에슬레틱 프린트 런닝 반팔 티셔츠," 59,900 ",40%," 35,940 ",추석 프로모션,2026-09-18,2026-09-30
NBNGE4P01219,의류,에슬레틱 러닝 나시티(스탠다드핏), - ,40%, - ,추석 프로모션,2026-09-18,2026-09-30
NBNGE4P02119,의류,에슬레틱 런닝 싱글렛 (스탠다드핏)," 49,900 ",40%," 29,940 ",추석 프로모션,2026-09-18,2026-09-30
NBNVE4P02280,의류,RC 3부 숏 팬츠 (스탠다드핏)," 79,900 ",40%," 47,940 ",추석 프로모션,2026-09-18,2026-09-30
NBPFFB751T,신발,퓨어셀 SC 엘리트 V5 (D)," 319,000 ",40%," 191,400 ",추석 프로모션,2026-09-18,2026-09-30
NBPFFB756L,신발,퓨어셀 SC 트레이너 V3 (2E)," 249,000 ",40%," 149,400 ",추석 프로모션,2026-09-18,2026-09-30
NBPFFB707G,신발,프레쉬폼x 모어 V6 (2E)," 209,000 ",40%," 125,400 ",추석 프로모션,2026-09-18,2026-09-30
NBPFFB758F,신발,퓨어셀 레벨 V5 (D)," 189,000 ",40%," 113,400 ",추석 프로모션,2026-09-18,2026-09-30
NBPFFB707B,신발,프레쉬폼x 모어 V6 (2E)," 209,000 ",40%," 125,400 ",추석 프로모션,2026-09-18,2026-09-30
NBPFFB751O,신발,퓨어셀 SC 엘리트 V5 (D)," 319,000 ",40%," 191,400 ",추석 프로모션,2026-09-18,2026-09-30
NBPFFB752R,신발,퓨어셀 SC 엘리트 V5," 319,000 ",40%," 191,400 ",추석 프로모션,2026-09-18,2026-09-30
NBPFFB756R,신발,퓨어셀 SC 트레이너 V3 (2E)," 249,000 ",40%," 149,400 ",추석 프로모션,2026-09-18,2026-09-30
NBPFFB758O,신발,퓨어셀 레벨 V5 (D)," 189,000 ",40%," 113,400 ",추석 프로모션,2026-09-18,2026-09-30
LAH00353-Light Gray,용품,5 패널 런 햇," 49,900 ",40%," 29,940 ",추석 프로모션,2026-09-18,2026-09-30
MT51205-BK,의류,레이스 데이 울트라 라이트 싱글렛," 99,900 ",40%," 59,940 ",추석 프로모션,2026-09-18,2026-09-30
MT51205-GAS,의류,레이스 데이 울트라 라이트 싱글렛," 99,900 ",40%," 59,940 ",추석 프로모션,2026-09-18,2026-09-30
WS51288-BK,의류,RC 울트라 라이트 스플릿 쇼츠 3인치," 99,900 ",40%," 59,940 ",추석 프로모션,2026-09-18,2026-09-30
MT53215-BK,의류,애슬레틱스 그래픽 싱글렛," 49,900 ",40%," 29,940 ",추석 프로모션,2026-09-18,2026-09-30
MS53278-GAS,의류,5인치 러닝 쇼츠," 79,900 ",40%," 47,940 ",추석 프로모션,2026-09-18,2026-09-30
WS51288-GYM,의류,RC 울트라 라이트 스플릿 쇼츠 3인치," 99,900 ",40%," 59,940 ",추석 프로모션,2026-09-18,2026-09-30
MS53279-BIT,의류,5인치 러닝 쇼츠," 79,900 ",40%," 47,940 ",추석 프로모션,2026-09-18,2026-09-30
WT51224-URR,의류,레이스 데이 티셔츠," 69,900 ",40%," 41,940 ",추석 프로모션,2026-09-18,2026-09-30
MT51205-URR,의류,레이스 데이 울트라 라이트 싱글렛," 99,900 ",40%," 59,940 ",추석 프로모션,2026-09-18,2026-09-30
MT53216-LBN,의류,애슬레틱스 그래픽 티셔츠," 49,900 ",40%," 29,940 ",추석 프로모션,2026-09-18,2026-09-30
MT53216-BK,의류,애슬레틱스 그래픽 티셔츠," 49,900 ",40%," 29,940 ",추석 프로모션,2026-09-18,2026-09-30
WT41290-URR,의류,레이스 데이 싱글렛," 69,900 ",40%," 41,940 ",추석 프로모션,2026-09-18,2026-09-30
WT41290-BK,의류,레이스 데이 싱글렛," 69,900 ",40%," 41,940 ",추석 프로모션,2026-09-18,2026-09-30
NBPFFB163W,신발,퓨어셀 SD100 V5," 109,000 ",40%," 65,400 ",추석 프로모션,2026-09-18,2026-09-30
NBPFFB151B,신발,퓨어셀 SC 트레이너 V3," 249,000 ",40%," 149,400 ",추석 프로모션,2026-09-18,2026-09-30
NBPFFB101L,신발,프레쉬폼x 발로스 V1," 259,000 ",40%," 155,400 ",추석 프로모션,2026-09-18,2026-09-30
NBPFFB108W,신발,프레쉬폼x 봉고 V6," 199,000 ",40%," 119,400 ",추석 프로모션,2026-09-18,2026-09-30
NBPFFB109W,신발,프레쉬폼x 860 V14," 179,000 ",40%," 107,400 ",추석 프로모션,2026-09-18,2026-09-30
NBPFFB145I,신발,퓨어셀 SC 엘리트 V4," 319,000 ",40%," 191,400 ",추석 프로모션,2026-09-18,2026-09-30
NBPFFB146I,신발,퓨어셀 SC 엘리트 V4," 319,000 ",40%," 191,400 ",추석 프로모션,2026-09-18,2026-09-30
NBPFFB151J,신발,퓨어셀 SC 트레이너 V3," 249,000 ",40%," 149,400 ",추석 프로모션,2026-09-18,2026-09-30
NBPFFB102I,신발,프레쉬폼x 1080 V14," 199,000 ",40%," 119,400 ",추석 프로모션,2026-09-18,2026-09-30
NBPFFB105I,신발,프레쉬폼x 모어 V5," 209,000 ",40%," 125,400 ",추석 프로모션,2026-09-18,2026-09-30
NBPFFB110B,신발,프레쉬폼x 860 V14," 179,000 ",40%," 107,400 ",추석 프로모션,2026-09-18,2026-09-30
NBPFFB116I,용품,리커버리 슬라이드," 69,000 ",40%," 41,400 ",추석 프로모션,2026-09-18,2026-09-30
NBPFFB116I,용품,리커버리 슬라이드, - ,40%, - ,추석 프로모션,2026-09-18,2026-09-30
NBPFFB116B,용품,리커버리 슬라이드, - ,40%, - ,추석 프로모션,2026-09-18,2026-09-30
NBPFFB116B,용품,리커버리 슬라이드," 69,000 ",40%," 41,400 ",추석 프로모션,2026-09-18,2026-09-30
MT51205_HMO,의류,레이스 데이 울트라 라이트 싱글렛," 99,900 ",40%," 59,940 ",추석 프로모션,2026-09-18,2026-09-30
WS51288_HMO,의류,RC 울트라 라이트 쇼츠," 99,900 ",40%," 59,940 ",추석 프로모션,2026-09-18,2026-09-30
WT51126_WT,의류,디파인 피티드 티셔츠," 59,900 ",40%," 35,940 ",추석 프로모션,2026-09-18,2026-09-30
MT51208_HMO,의류,레이스데이 울트라 라이트 티셔츠," 99,900 ",40%," 59,940 ",추석 프로모션,2026-09-18,2026-09-30
WP51141_BK,의류,디파인 하이 라이즈 레깅스 25인치," 79,900 ",40%," 47,940 ",추석 프로모션,2026-09-18,2026-09-30
WB51052_BK,의류,RC 브라," 99,900 ",40%," 59,940 ",추석 프로모션,2026-09-18,2026-09-30
WS51288_BK,의류,RC 울트라 라이트 쇼츠," 99,900 ",40%," 59,940 ",추석 프로모션,2026-09-18,2026-09-30
WT51227_BK,의류,레이스 데이 울트라 라이트 티셔츠," 99,900 ",40%," 59,940 ",추석 프로모션,2026-09-18,2026-09-30
MT41250_BK,의류,애슬레틱 싱글렛," 49,900 ",40%," 29,940 ",추석 프로모션,2026-09-18,2026-09-30
MT41253_MEW,의류,애슬레틱스 티셔츠," 49,900 ",40%," 29,940 ",추석 프로모션,2026-09-18,2026-09-30
WB51052_HMO,의류,RC 브라," 99,900 ",40%," 59,940 ",추석 프로모션,2026-09-18,2026-09-30
MS51283_BK,의류,RC 울트라 라이트 스플릿 쇼츠 3인치," 99,900 ",40%," 59,940 ",추석 프로모션,2026-09-18,2026-09-30
NBPFGS112T,신발,엘립스 V1 (2E)," 189,000 ",30%," 132,300 ",추석 프로모션,2026-09-18,2026-09-30
NBPFGS112J,신발,엘립스 V1 (2E)," 189,000 ",30%," 132,300 ",추석 프로모션,2026-09-18,2026-09-30
NBPFGB160W,신발,SC트레이너 V3 (2E)," 249,000 ",30%," 174,300 ",추석 프로모션,2026-09-18,2026-09-30
NBPFGS113T,신발,엘립스 V1 (D)," 189,000 ",30%," 132,300 ",추석 프로모션,2026-09-18,2026-09-30
NBPFGS163J,신발,레벨 V5 (2E)," 189,000 ",30%," 132,300 ",추석 프로모션,2026-09-18,2026-09-30
NBPFGB165T,신발,레벨 V5 (D)," 189,000 ",30%," 132,300 ",추석 프로모션,2026-09-18,2026-09-30
NBPFGS113M,신발,엘립스 V1 (D)," 189,000 ",30%," 132,300 ",추석 프로모션,2026-09-18,2026-09-30
NBPFGS163E,신발,레벨 V5 (2E)," 189,000 ",30%," 132,300 ",추석 프로모션,2026-09-18,2026-09-30
NBPFGS112Y,신발,엘립스 V1 (2E)," 189,000 ",30%," 132,300 ",추석 프로모션,2026-09-18,2026-09-30
NBPFGS113Y,신발,엘립스 V1 (D)," 189,000 ",30%," 132,300 ",추석 프로모션,2026-09-18,2026-09-30
NBPFGS163T,신발,레벨 V5 (2E)," 189,000 ",30%," 132,300 ",추석 프로모션,2026-09-18,2026-09-30
NBPFGS104L,신발,1080 V15 (D)," 209,000 ",30%," 146,300 ",추석 프로모션,2026-09-18,2026-09-30
NBPFGS155O,신발,SC엘리트 V5 (D)," 349,000 ",30%," 244,300 ",추석 프로모션,2026-09-18,2026-09-30
NBPFGS155Q,신발,SC엘리트 V5 (D)," 349,000 ",30%," 244,300 ",추석 프로모션,2026-09-18,2026-09-30
NBPFGS160E,신발,SC트레이너 V3 (2E)," 249,000 ",30%," 174,300 ",추석 프로모션,2026-09-18,2026-09-30
NBPFGB103T,신발,1080 V15 (2E)," 209,000 ",30%," 146,300 ",추석 프로모션,2026-09-18,2026-09-30
NBPFGB103M,신발,1080 V15 (2E)," 209,000 ",30%," 146,300 ",추석 프로모션,2026-09-18,2026-09-30
SKU021,용품,페이스," 127,000 ",30%," 88,900 ",추석 프로모션,2026-09-18,2026-09-30
SKU072,용품,조그," 118,000 ",30%," 82,600 ",추석 프로모션,2026-09-18,2026-09-30
65625841,용품,SL 울트라트레일 FX.ONE," 360,000 ",20%," 288,000 ",추석 프로모션,2026-09-18,2026-09-30
MO Big Logo Red,용품,모 빅 로고," 45,000 ",40%," 27,000 ",추석 프로모션,2026-09-18,2026-09-30
MO Flipflop Navy,용품,모 플립플랍," 39,000 ",40%," 23,400 ",추석 프로모션,2026-09-18,2026-09-30
MO Big Logo Black,용품,모 빅 로고," 45,000 ",40%," 27,000 ",추석 프로모션,2026-09-18,2026-09-30
MO Slide Navy,용품,모 슬라이드," 39,000 ",40%," 23,400 ",추석 프로모션,2026-09-18,2026-09-30
MO 3D RECOVERY SLIDE,용품,모 3D 리커버리 슬라이드," 179,000 ",40%," 107,400 ",추석 프로모션,2026-09-18,2026-09-30
UPPLP001FL24SO,의류,자카드 롱 슬리브 퍼포먼스 티셔츠," 159,000 ",40%," 95,400 ",추석 프로모션,2026-09-18,2026-09-30
WPCCP001FL24BB,의류,스테미나 헬터 크루넥 크롭탑," 109,000 ",40%," 65,400 ",추석 프로모션,2026-09-18,2026-09-30
WPCCP001FL24SG,의류,스테미나 스쿱 넥 크롭탑," 109,000 ",40%," 65,400 ",추석 프로모션,2026-09-18,2026-09-30
WPCCP001FL24SM,의류,스테미나 스쿱 넥 크롭탑," 109,000 ",40%," 65,400 ",추석 프로모션,2026-09-18,2026-09-30
WPRSP001FL24SE,의류,벤토 3인치 스플리티 런 쇼츠," 129,000 ",40%," 77,400 ",추석 프로모션,2026-09-18,2026-09-30
WPSBP001FL24TD,의류,스테미나 스쿱 넥 브라," 99,000 ",40%," 59,400 ",추석 프로모션,2026-09-18,2026-09-30
1203811D020,신발,아드레날린 GTS 23 와이드," 189,000 ",20%," 151,200 ",추석 프로모션,2026-09-18,2026-09-30
1104321D441,신발,하이페리온 2," 189,000 ",20%," 151,200 ",추석 프로모션,2026-09-18,2026-09-30
1104341D408,신발,하이페리온 맥스 2," 219,000 ",20%," 175,200 ",추석 프로모션,2026-09-18,2026-09-30
1104331D443,신발,하이페리온 GTS 2," 189,000 ",20%," 151,200 ",추석 프로모션,2026-09-18,2026-09-30
1204351D020,신발,글리세린 GTS 22," 209,000 ",20%," 167,200 ",추석 프로모션,2026-09-18,2026-09-30
1104452E020,신발,글리세린 22," 209,000 ",20%," 167,200 ",추석 프로모션,2026-09-18,2026-09-30
1104462E020,신발,글리세린 GTS 22," 209,000 ",20%," 167,200 ",추석 프로모션,2026-09-18,2026-09-30
1104411D253,신발,카타마운트 4," 199,000 ",20%," 159,200 ",추석 프로모션,2026-09-18,2026-09-30
1104401D131,신발,칼데라 8," 179,000 ",20%," 143,200 ",추석 프로모션,2026-09-18,2026-09-30
1204291B142,신발,칼데라 8," 179,000 ",20%," 143,200 ",추석 프로모션,2026-09-18,2026-09-30
1104331D443,신발,하이페리온 GTS 2," 189,000 ",20%," 151,200 ",추석 프로모션,2026-09-18,2026-09-30
1204311D020,신발,고스트 17," 169,000 ",20%," 135,200 ",추석 프로모션,2026-09-18,2026-09-30
1000531D134,신발,하이페리온 엘리트 4 PB," 279,000 ",20%," 223,200 ",추석 프로모션,2026-09-18,2026-09-30
1104422E020,신발,고스트 17," 169,000 ",20%," 135,200 ",추석 프로모션,2026-09-18,2026-09-30
1204361B208,신발,글리세린 맥스," 239,000 ",20%," 191,200 ",추석 프로모션,2026-09-18,2026-09-30
1104422E112,신발,고스트 17," 169,000 ",20%," 135,200 ",추석 프로모션,2026-09-18,2026-09-30
1204231B173,신발,하이페리온 맥스 2," 219,000 ",20%," 175,200 ",추석 프로모션,2026-09-18,2026-09-30
BD620653-4031,용품,스프린트 225 헤드램프," 90,000 ",30%," 63,000 ",추석 프로모션,2026-09-18,2026-09-30
BD112535-4031,용품,디스턴스 카본 Z 폴," 299,000 ",30%," 209,300 ",추석 프로모션,2026-09-18,2026-09-30
BD620676-6018,용품,스팟 400-R 헤드램프," 105,000 ",30%," 73,500 ",추석 프로모션,2026-09-18,2026-09-30
BD6800314050LRG,용품,디스턴스 4 하이드레이션 베스트 WOMENS (뽀꾸)," 230,000 ",30%," 161,000 ",추석 프로모션,2026-09-18,2026-09-30
BD620693-Alloy,용품,디플로이 러닝 라이트," 94,000 ",30%," 65,800 ",추석 프로모션,2026-09-18,2026-09-30
BD681350-Black,용품,디스턴스 런 벨트," 63,000 ",30%," 44,100 ",추석 프로모션,2026-09-18,2026-09-30
BD681350-Alloy,용품,디스턴스 런 벨트," 63,000 ",30%," 44,100 ",추석 프로모션,2026-09-18,2026-09-30
BD112557,용품,디스턴스 카본 FKT 폴," 310,000 ",30%," 217,000 ",추석 프로모션,2026-09-18,2026-09-30
QAMAP745057-Black,의류,디플로이 3L 쉘 MENS," 580,000 ",30%," 406,000 ",추석 프로모션,2026-09-18,2026-09-30
26M7001,신발,V-RUN," 229,000 ",30%," 160,300 ",추석 프로모션,2026-09-18,2026-09-30
26M7002,신발,V-RUN," 229,000 ",30%," 160,300 ",추석 프로모션,2026-09-18,2026-09-30
L47480100,신발,S/LAB 울트라," 340,000 ",40%," 204,000 ",추석 프로모션,2026-09-18,2026-09-30
L47440800,신발,S/LAB 제네시스," 278,000 ",40%," 166,800 ",추석 프로모션,2026-09-18,2026-09-30
L47443700,신발,제네시스," 248,000 ",40%," 148,800 ",추석 프로모션,2026-09-18,2026-09-30
LC1759600,용품,ADV 스킨 12 세트," 230,000 ",40%," 138,000 ",추석 프로모션,2026-09-18,2026-09-30
LC2176300,용품,ADV 스킨 12 세트," 230,000 ",40%," 138,000 ",추석 프로모션,2026-09-18,2026-09-30
LC2176400,용품,ADV 스킨 12 세트," 230,000 ",40%," 138,000 ",추석 프로모션,2026-09-18,2026-09-30
LC2175000,의류,보나티 트레일 자켓," 330,000 ",40%," 198,000 ",추석 프로모션,2026-09-18,2026-09-30
L47376000,신발,S/LAB 스펙터," 320,000 ",30%," 224,000 ",추석 프로모션,2026-09-18,2026-09-30
L47975600,신발,에어로 블레이즈 3," 215,000 ",30%," 150,500 ",추석 프로모션,2026-09-18,2026-09-30
L47975600,신발,에어로 블레이즈 3," 205,000 ",30%," 143,500 ",추석 프로모션,2026-09-18,2026-09-30
L47829400,신발,S/LAB 제네시스 LTD 코트니 V2," 325,000 ",30%," 227,500 ",추석 프로모션,2026-09-18,2026-09-30
L47276600,신발,S/LAB 판타즘 2," 340,000 ",30%," 238,000 ",추석 프로모션,2026-09-18,2026-09-30
L47866000,신발,에어로 글라이드 3," 215,000 ",30%," 150,500 ",추석 프로모션,2026-09-18,2026-09-30
L47887800,신발,펄사," 210,000 ",30%," 147,000 ",추석 프로모션,2026-09-18,2026-09-30
L47722600,신발,S/LAB 제네시스," 278,000 ",30%," 194,600 ",추석 프로모션,2026-09-18,2026-09-30
L47874300,신발,울트라 글라이드 3," 210,000 ",30%," 147,000 ",추석 프로모션,2026-09-18,2026-09-30
LC2710300,용품,센스 프로 6 세트 코트니 에디션," 260,000 ",30%," 182,000 ",추석 프로모션,2026-09-18,2026-09-30
LC2483800,용품,ADV 스킨 5 세트 레이스 플래그," 220,000 ",30%," 154,000 ",추석 프로모션,2026-09-18,2026-09-30
LC2091700,용품,S/LAB 펄사 3 세트," 250,000 ",30%," 175,000 ",추석 프로모션,2026-09-18,2026-09-30
LC2177400,용품,엑티브 스킨 12 세트," 200,000 ",30%," 140,000 ",추석 프로모션,2026-09-18,2026-09-30
LC2683800,용품,ADV 스킨 12 세트 그래디언트," 250,000 ",30%," 175,000 ",추석 프로모션,2026-09-18,2026-09-30
LC2711100,용품,펄스 벨트," 50,000 ",30%," 35,000 ",추석 프로모션,2026-09-18,2026-09-30
LC2179800,용품,펄사 벨트," 50,000 ",30%," 35,000 ",추석 프로모션,2026-09-18,2026-09-30
LC2464900,용품,ADV 스킨 5 세트," 220,000 ",30%," 154,000 ",추석 프로모션,2026-09-18,2026-09-30
LC2533100,용품,S/LAB 울트라 10 세트," 290,000 ",30%," 203,000 ",추석 프로모션,2026-09-18,2026-09-30
L47805400,신발,울트라 글라이드 3 프로토," 215,000 ",30%," 150,500 ",추석 프로모션,2026-09-18,2026-09-30
L47807300,신발,울트라 글라이드 3 프로토," 215,000 ",30%," 150,500 ",추석 프로모션,2026-09-18,2026-09-30
L47386700,신발,S/LAB 펄사 3," 320,000 ",30%," 224,000 ",추석 프로모션,2026-09-18,2026-09-30
L47744000,신발,울트라 글라이드 3," 210,000 ",30%," 147,000 ",추석 프로모션,2026-09-18,2026-09-30
L47762800,신발,제네시스," 248,000 ",30%," 173,600 ",추석 프로모션,2026-09-18,2026-09-30
L47763400,신발,제네시스," 248,000 ",30%," 173,600 ",추석 프로모션,2026-09-18,2026-09-30
LC2461500,용품,S/LAB 펄사 3 세트," 250,000 ",30%," 175,000 ",추석 프로모션,2026-09-18,2026-09-30
LC2465100,용품,ADV 스킨 5 세트," 220,000 ",30%," 154,000 ",추석 프로모션,2026-09-18,2026-09-30
LC2461400,용품,S/LAB 벨트," 80,000 ",30%," 56,000 ",추석 프로모션,2026-09-18,2026-09-30
L47740900,용품,릴랙스 슬라이드 6.0," 88,000 ",30%," 61,600 ",추석 프로모션,2026-09-18,2026-09-30
LC2464400,용품,ADV 스킨 12 세트," 230,000 ",30%," 161,000 ",추석 프로모션,2026-09-18,2026-09-30
LC2179800,용품,펄사 벨트," 50,000 ",30%," 35,000 ",추석 프로모션,2026-09-18,2026-09-30
LC2692300,의류,S/LAB 스피드 스플릿 7인치 숏츠," 160,000 ",30%," 112,000 ",추석 프로모션,2026-09-18,2026-09-30
LC2798500,의류,트레일 그릿 경량 자켓," 230,000 ",30%," 161,000 ",추석 프로모션,2026-09-18,2026-09-30
LC2801200,의류,트레일 그릿 러닝 브라탑," 130,000 ",30%," 91,000 ",추석 프로모션,2026-09-18,2026-09-30
LC2695200,의류,S/LAB 스피드 티," 130,000 ",30%," 91,000 ",추석 프로모션,2026-09-18,2026-09-30
LC2037600,의류,센스 에어로 2in1 쇼츠, - ,30%, - ,추석 프로모션,2026-09-18,2026-09-30
LC2048200,의류,센스 2in1 쇼츠," 115,000 ",30%," 80,500 ",추석 프로모션,2026-09-18,2026-09-30
LC2692500,의류,S/LAB 스피드 스플릿 3인치 숏츠," 150,000 ",30%," 105,000 ",추석 프로모션,2026-09-18,2026-09-30
LC2693900,의류,S/LAB 스피드 싱글렛," 120,000 ",30%," 84,000 ",추석 프로모션,2026-09-18,2026-09-30
L49174800,신발,에어로 글라이드 4 그래블," 280,000 ",30%," 196,000 ",추석 프로모션,2026-09-18,2026-09-30
L49137700,신발,제네시스," 248,000 ",30%," 173,600 ",추석 프로모션,2026-09-18,2026-09-30
L47814800,신발,솔앰피비안," 190,000 ",30%," 133,000 ",추석 프로모션,2026-09-18,2026-09-30
L49141200,신발,울트라 글라이드 4," 230,000 ",30%," 161,000 ",추석 프로모션,2026-09-18,2026-09-30
L49174900,신발,에어로 글라이드 4 그래블," 280,000 ",30%," 196,000 ",추석 프로모션,2026-09-18,2026-09-30
L49175400,신발,에어로 글라이드 4 그래블," 280,000 ",30%," 196,000 ",추석 프로모션,2026-09-18,2026-09-30
L47942700,신발,솔앰피비안," 190,000 ",30%," 133,000 ",추석 프로모션,2026-09-18,2026-09-30
L49275500,신발,그래블 컨셉," 360,000 ",30%," 252,000 ",추석 프로모션,2026-09-18,2026-09-30
LC1916000,용품,소프트 플라스크 500ml/17oz 42," 33,000 ",30%," 23,100 ",추석 프로모션,2026-09-18,2026-09-30
LC2337700,용품,소프트 플라스크 500ml 울트라/17oz ULT," 40,000 ",30%," 28,000 ",추석 프로모션,2026-09-18,2026-09-30
LC2854500,용품,어드밴스드 스킨 5 SET," 220,000 ",30%," 154,000 ",추석 프로모션,2026-09-18,2026-09-30
LC1986400,용품,소프트 플라스크 250ml/8oz 28," 30,000 ",30%," 21,000 ",추석 프로모션,2026-09-18,2026-09-30
LC2465100,용품,ADV 스킨 5 세트," 220,000 ",30%," 154,000 ",추석 프로모션,2026-09-18,2026-09-30
LC2855200,용품,S/LAB 센스 6 SET," 280,000 ",30%," 196,000 ",추석 프로모션,2026-09-18,2026-09-30
L47740900,용품,릴랙스 슬라이드 6.0," 88,000 ",30%," 61,600 ",추석 프로모션,2026-09-18,2026-09-30
L49107800,용품,솔앰피비안," 190,000 ",30%," 133,000 ",추석 프로모션,2026-09-18,2026-09-30
LC2464900,용품,ADV 스킨 5 세트," 220,000 ",30%," 154,000 ",추석 프로모션,2026-09-18,2026-09-30
LC2907500,용품,반다나 그래블 GFX U," 60,000 ",30%," 42,000 ",추석 프로모션,2026-09-18,2026-09-30
LC2871300,용품,그래블 컨셉 스킨 2," 270,000 ",30%," 189,000 ",추석 프로모션,2026-09-18,2026-09-30
LC2855300,용품,S/LAB 센스 6 SET," 280,000 ",30%," 196,000 ",추석 프로모션,2026-09-18,2026-09-30
LC2854900,용품,그래블 스킨 4," 150,000 ",30%," 105,000 ",추석 프로모션,2026-09-18,2026-09-30
LC2854600,용품,그래블 스킨 4," 150,000 ",30%," 105,000 ",추석 프로모션,2026-09-18,2026-09-30
40002-AW,신발,더 락커," 449,000 ",30%," 314,300 ",추석 프로모션,2026-09-18,2026-09-30
40002-BK,신발,더 락커," 449,000 ",30%," 314,300 ",추석 프로모션,2026-09-18,2026-09-30
40002-FA-SE,신발,더 락커," 449,000 ",30%," 314,300 ",추석 프로모션,2026-09-18,2026-09-30
40002-SH-SE,신발,더 락커," 449,000 ",30%," 314,300 ",추석 프로모션,2026-09-18,2026-09-30
12074-00000,용품,테크실크 8인치 쇼츠," 400,000 ",30%," 280,000 ",추석 프로모션,2026-09-18,2026-09-30
31000-00001,용품,리피 트레일 캡," 170,000 ",30%," 119,000 ",추석 프로모션,2026-09-18,2026-09-30
11146-00001,의류,스페이스 오 싱글렛," 240,000 ",30%," 168,000 ",추석 프로모션,2026-09-18,2026-09-30
11000-00001,의류,오라라이트 티셔츠," 200,000 ",30%," 140,000 ",추석 프로모션,2026-09-18,2026-09-30
11146-11401,의류,스페이스 오 싱글렛," 240,000 ",30%," 168,000 ",추석 프로모션,2026-09-18,2026-09-30
11000-91001,의류,오라라이트 티셔츠," 200,000 ",30%," 140,000 ",추석 프로모션,2026-09-18,2026-09-30
12076-00000,의류,스페이스 오 쇼츠," 300,000 ",30%," 210,000 ",추석 프로모션,2026-09-18,2026-09-30
NWRSI31C008,의류,스트라이프 컴뱃 싱글렛," 120,000 ",40%," 72,000 ",추석 프로모션,2026-09-18,2026-09-30
NMRSS31C008,의류,스트라이프 컴뱃 티셔츠," 130,000 ",40%," 78,000 ",추석 프로모션,2026-09-18,2026-09-30
NMRSI31C008,의류,스트라이프 컴뱃 싱글렛," 120,000 ",40%," 72,000 ",추석 프로모션,2026-09-18,2026-09-30
NWRSS31C008,의류,스트라이프 컴뱃 티셔츠," 130,000 ",40%," 78,000 ",추석 프로모션,2026-09-18,2026-09-30
DFNXM33082AAE,신발,리벨레런 GTX," 275,000 ",45%," 151,250 ",추석 프로모션,2026-09-18,2026-09-30
DFNXM33076MYG,신발,골든게이트 ATR," 199,000 ",45%," 109,450 ",추석 프로모션,2026-09-18,2026-09-30
DFNXW33076WW2,신발,골든게이트 ATR," 199,000 ",45%," 109,450 ",추석 프로모션,2026-09-18,2026-09-30
DFNXM33076CLK,신발,골든게이트 ATR," 199,000 ",45%," 109,450 ",추석 프로모션,2026-09-18,2026-09-30
DFOXM33063ASN,신발,스핀플레닛," 230,000 ",45%," 126,500 ",추석 프로모션,2026-09-18,2026-09-30
S20936-200,신발,가이드 17," 159,000 ",40%," 95,400 ",추석 프로모션,2026-09-18,2026-09-30
S20937-115,신발,가이드 17 와이드," 159,000 ",40%," 95,400 ",추석 프로모션,2026-09-18,2026-09-30
S20996-97,신발,엔돌핀 트레이너," 219,000 ",40%," 131,400 ",추석 프로모션,2026-09-18,2026-09-30
S10996-97,신발,엔돌핀 트레이너," 219,000 ",40%," 131,400 ",추석 프로모션,2026-09-18,2026-09-30
S10939-97,신발,엔돌핀 프로 4," 269,000 ",40%," 161,400 ",추석 프로모션,2026-09-18,2026-09-30
S20998-210,신발,가이드 18," 159,000 ",40%," 95,400 ",추석 프로모션,2026-09-18,2026-09-30
S20939-97,신발,엔돌핀 프로 4," 269,000 ",40%," 161,400 ",추석 프로모션,2026-09-18,2026-09-30
S20996-130,신발,엔돌핀 트레이너," 219,000 ",40%," 131,400 ",추석 프로모션,2026-09-18,2026-09-30
S11000-104,신발,라이드 18," 159,000 ",40%," 95,400 ",추석 프로모션,2026-09-18,2026-09-30
S20940-11,신발,엔돌핀 스피드 4," 209,000 ",40%," 125,400 ",추석 프로모션,2026-09-18,2026-09-30
S20940-30,신발,엔돌핀 스피드 4," 209,000 ",40%," 125,400 ",추석 프로모션,2026-09-18,2026-09-30
S20998-131,신발,가이드 18," 159,000 ",40%," 95,400 ",추석 프로모션,2026-09-18,2026-09-30
S21000-137,신발,라이드 18," 159,000 ",40%," 95,400 ",추석 프로모션,2026-09-18,2026-09-30
S21000-164,신발,라이드 18," 159,000 ",40%," 95,400 ",추석 프로모션,2026-09-18,2026-09-30
S30994-130,신발,엔돌핀 엘리트 2," 339,000 ",40%," 203,400 ",추석 프로모션,2026-09-18,2026-09-30
S21055-172,신발,라이드 19," 179,000 ",25%," 134,250 ",추석 프로모션,2026-09-18,2026-09-30
S21073-103,신발,옴니 23 ST," 199,000 ",25%," 149,250 ",추석 프로모션,2026-09-18,2026-09-30
S21073-103,신발,옴니 23 ST," 199,000 ",25%," 149,250 ",추석 프로모션,2026-09-18,2026-09-30
S11055-131,신발,라이드 19," 179,000 ",20%," 143,200 ",추석 프로모션,2026-09-18,2026-09-30
S21023-172,신발,트라이엄프 23," 199,000 ",30%," 139,300 ",추석 프로모션,2026-09-18,2026-09-30
S21059-103,신발,가이드 19," 179,000 ",20%," 143,200 ",추석 프로모션,2026-09-18,2026-09-30
S21007-172,신발,엔돌핀 스피드 5," 219,000 ",30%," 153,300 ",추석 프로모션,2026-09-18,2026-09-30
S11058-121,신발,가이드 19," 179,000 ",20%," 143,200 ",추석 프로모션,2026-09-18,2026-09-30
S11073-104,신발,옴니 23 ST 와이드," 209,000 ",25%," 156,750 ",추석 프로모션,2026-09-18,2026-09-30
S11007-172,신발,엔돌핀 스피드 5," 219,000 ",20%," 175,200 ",추석 프로모션,2026-09-18,2026-09-30
S11024-232,신발,트라이엄프 23 와이드," 199,000 ",30%," 139,300 ",추석 프로모션,2026-09-18,2026-09-30
S21008-142,신발,엔돌핀 스피드 5 와이드," 219,000 ",30%," 153,300 ",추석 프로모션,2026-09-18,2026-09-30
S11070-124,신발,엔돌핀 아주라," 189,000 ",10%," 170,100 ",추석 프로모션,2026-09-18,2026-09-30
S21070-172,신발,엔돌핀 아주라," 189,000 ",10%," 170,100 ",추석 프로모션,2026-09-18,2026-09-30
SA13MW-BLK,용품,울트라 레이스 캡," 89,000 ",30%," 62,300 ",추석 프로모션,2026-09-18,2026-09-30
SA13MW-GRE,용품,울트라 레이스 캡," 89,000 ",30%," 62,300 ",추석 프로모션,2026-09-18,2026-09-30
SA28MW-PIN,용품,런 캡 2.0," 89,000 ",30%," 62,300 ",추석 프로모션,2026-09-18,2026-09-30
SV7M-BLU,의류,레이스 베스트," 189,000 ",30%," 132,300 ",추석 프로모션,2026-09-18,2026-09-30
SV7M-NAV,의류,레이스 베스트," 189,000 ",30%," 132,300 ",추석 프로모션,2026-09-18,2026-09-30
ST2M-BLK,의류,테크 티," 159,000 ",30%," 111,300 ",추석 프로모션,2026-09-18,2026-09-30
ST2M-WHI,의류,테크 티," 159,000 ",30%," 111,300 ",추석 프로모션,2026-09-18,2026-09-30
SV7M-BLK-WHI,의류,레이스 베스트," 189,000 ",30%," 132,300 ",추석 프로모션,2026-09-18,2026-09-30
SV7M-BLU-GRE,의류,레이스 베스트," 189,000 ",30%," 132,300 ",추석 프로모션,2026-09-18,2026-09-30
U-2-CA-0118-BL001-ML,용품,GO캡 Long Brim Denim LE," 114,000 ",30%," 79,800 ",추석 프로모션,2026-09-18,2026-09-30
U-2-CA-0119-GN005-ML,용품,GO캡 Long Brim Milkensuga LE," 102,000 ",30%," 71,400 ",추석 프로모션,2026-09-18,2026-09-30
U-2-CA-0322-GN030,용품,GO캡 SC-Comp-WWM26 시카고," 84,000 ",20%," 67,200 ",추석 프로모션,2026-09-18,2026-09-30
U-2-CA-0322-BL043,용품,GO캡 SC-Comp-WWM26 뉴욕," 84,000 ",20%," 67,200 ",추석 프로모션,2026-09-18,2026-09-30
U-2-CA-0056-BL029,용품,GO캡 Classic-Athletics-Quarry," 66,000 ",20%," 52,800 ",추석 프로모션,2026-09-18,2026-09-30
U-2-CA-0283-BK001,용품,FST캡 Ethereal-Icon-CircleC-Shadowcast," 126,000 ",20%," 100,800 ",추석 프로모션,2026-09-18,2026-09-30
U-2-CA-0322-GN029,용품,GO캡 SC-Comp-WWM26 베를린," 84,000 ",20%," 67,200 ",추석 프로모션,2026-09-18,2026-09-30
U-2-CA-0056-GN029,용품,GO캡 Classic-Athletics-Spruce," 66,000 ",20%," 52,800 ",추석 프로모션,2026-09-18,2026-09-30
U-2-CA-0056-YE006,용품,GO캡 Classic-Athletics-Gekko," 66,000 ",20%," 52,800 ",추석 프로모션,2026-09-18,2026-09-30
U-2-CA-0283-GN018,용품,FST캡 Ethereal-Icon-CircleC-Toad," 126,000 ",20%," 100,800 ",추석 프로모션,2026-09-18,2026-09-30
U-2-BN-0373-BK008,용품,SKL비니 Speedway-Whitaker," 120,000 ",20%," 96,000 ",추석 프로모션,2026-09-18,2026-09-30
U-2-CA-0360-BL004,용품,TRL캡 SC-Comp-Throttle-DeepSpace," 90,000 ",20%," 72,000 ",추석 프로모션,2026-09-18,2026-09-30
U-2-CA-0361-BE005,용품,GO캡 MRPH-EQ-RaceDay-RainyDay," 114,000 ",20%," 91,200 ",추석 프로모션,2026-09-18,2026-09-30
U-2-CA-0360-GN029,용품,TRL캡 SC-Comp-Throttle-Spruce," 90,000 ",20%," 72,000 ",추석 프로모션,2026-09-18,2026-09-30
U-2-CA-0361-BL004,용품,GO캡 MRPH-EQ-RaceDay-DeepSpace," 114,000 ",20%," 91,200 ",추석 프로모션,2026-09-18,2026-09-30
U-2-CA-0263-PK007,용품,FST캡 SC-Classic-AthleticsSL-RoseDawn," 72,000 ",20%," 57,600 ",추석 프로모션,2026-09-18,2026-09-30
U-2-CA-0263-GN030,용품,FST캡 SC-Classic-AthleticsSL-LightMoss," 72,000 ",20%," 57,600 ",추석 프로모션,2026-09-18,2026-09-30
U-2-BN-0373-BR013,용품,SKL비니 Speedway-Cake," 120,000 ",20%," 96,000 ",추석 프로모션,2026-09-18,2026-09-30
U-2-CA-0322-BL044,용품,GO캡 SC-Comp-WWM26 샤모니," 84,000 ",20%," 67,200 ",추석 프로모션,2026-09-18,2026-09-30
KV2938,용품,러닝 라이트 크루 삭스," 19,000 ",20%," 15,200 ",추석 프로모션,2026-09-18,2026-09-30
JD1160,용품,러닝 X 아디제로 클라이마쿨 캡," 39,000 ",20%," 31,200 ",추석 프로모션,2026-09-18,2026-09-30
JX1094,용품,테렉스 멀티 3팩 삭스, - ,20%, - ,추석 프로모션,2026-09-18,2026-09-30
JX1094,용품,테렉스 멀티 3팩 삭스," 29,000 ",20%," 23,200 ",추석 프로모션,2026-09-18,2026-09-30
KD6975,용품,러닝 X 아디제로 클라이마쿨 캡," 39,000 ",20%," 31,200 ",추석 프로모션,2026-09-18,2026-09-30
KY7803,용품,태렉스 엑스페리어 클라이마쿨 캡," 39,000 ",20%," 31,200 ",추석 프로모션,2026-09-18,2026-09-30
KY7814,용품,테렉스 엑스페리어 클라이마쿨 트레일 크루 삭스," 19,000 ",20%," 15,200 ",추석 프로모션,2026-09-18,2026-09-30
JY7572,용품,엑스페리어 트레일 베스트 5L," 169,000 ",20%," 135,200 ",추석 프로모션,2026-09-18,2026-09-30
JY3055,용품,클라이마쿨 암슬리브," 35,000 ",20%," 28,000 ",추석 프로모션,2026-09-18,2026-09-30
KR8955,용품,러닝 클라이마쿨 헤드 밴드," 25,000 ",20%," 20,000 ",추석 프로모션,2026-09-18,2026-09-30
KR9003,용품,러닝 X 아디제로 클라이마쿨 캡," 39,000 ",20%," 31,200 ",추석 프로모션,2026-09-18,2026-09-30
KG9716,용품,러닝 컴피 크루 삭스," 23,000 ",20%," 18,400 ",추석 프로모션,2026-09-18,2026-09-30
IQ3359,용품,패스트임팩트 럭스 런 하이 서포트 스포츠브라," 99,000 ",20%," 79,200 ",추석 프로모션,2026-09-18,2026-09-30
JF3473,의류,아디제로 러닝 티셔츠," 79,000 ",20%," 63,200 ",추석 프로모션,2026-09-18,2026-09-30
KE8211,의류,아디365 클라이마쿨 투 포켓 쇼츠," 79,000 ",20%," 63,200 ",추석 프로모션,2026-09-18,2026-09-30
IX8976,의류,아디제로 컨트롤 러닝 쇼츠 타이츠," 159,000 ",20%," 127,200 ",추석 프로모션,2026-09-18,2026-09-30
JN0298,의류,아디제로 싱글렛," 89,000 ",20%," 71,200 ",추석 프로모션,2026-09-18,2026-09-30
KZ0027,의류,아디제로 아스파이어 러닝 유나이트핏 티셔츠," 89,000 ",20%," 71,200 ",추석 프로모션,2026-09-18,2026-09-30
JD3638,의류,아디제로 러닝 롱슬리브 티셔츠," 89,000 ",20%," 71,200 ",추석 프로모션,2026-09-18,2026-09-30
JF3480,의류,아디제로 러닝 티셔츠," 79,000 ",20%," 63,200 ",추석 프로모션,2026-09-18,2026-09-30
KZ0028,의류,아디제로 아스파이어 러닝 유나이트핏 티셔츠," 89,000 ",20%," 71,200 ",추석 프로모션,2026-09-18,2026-09-30
KE8210,의류,아디365 클라이마쿨 투 포켓 쇼츠," 79,000 ",20%," 63,200 ",추석 프로모션,2026-09-18,2026-09-30
KE3738,의류,아디365 클라이마쿨 3 스트라이프 러닝 레깅스," 85,000 ",20%," 68,000 ",추석 프로모션,2026-09-18,2026-09-30
KD9193,의류,아디365 러닝 클라이마쿨 쇼츠 레깅스," 65,000 ",20%," 52,000 ",추석 프로모션,2026-09-18,2026-09-30
KH1056,의류,아디제로 아카이브 러닝 쇼츠," 79,000 ",20%," 63,200 ",추석 프로모션,2026-09-18,2026-09-30
KG8457,의류,아디제로 러닝 베스트," 119,000 ",20%," 95,200 ",추석 프로모션,2026-09-18,2026-09-30
KD4847,의류,테렉스 엑스페리어 클라이마쿨 티셔츠," 79,000 ",20%," 63,200 ",추석 프로모션,2026-09-18,2026-09-30
KD4847,의류,테렉스 엑스페리어 클라이마쿨 티셔츠, - ,20%, - ,추석 프로모션,2026-09-18,2026-09-30
KG9022,의류,아디365 풀 리플렉티브 자켓," 199,000 ",20%," 159,200 ",추석 프로모션,2026-09-18,2026-09-30
KG9749,의류,아디제로 아카이브 러닝 쇼츠," 79,000 ",20%," 63,200 ",추석 프로모션,2026-09-18,2026-09-30
KH1059,의류,아디제로 아카이브 러닝 쇼츠," 79,000 ",20%," 63,200 ",추석 프로모션,2026-09-18,2026-09-30
KH2316,의류,아디제로 아카이브 러닝 크롭 탑," 59,000 ",20%," 47,200 ",추석 프로모션,2026-09-18,2026-09-30
KQ8647,의류,아디365 클라이마쿨 하이퍼부스트 러닝 점프슈트," 99,000 ",20%," 79,200 ",추석 프로모션,2026-09-18,2026-09-30
KR2970,의류,아디365 클라이마쿨 아이코닉 탱크," 39,000 ",20%," 31,200 ",추석 프로모션,2026-09-18,2026-09-30
KY5654,의류,아디365 하이퍼부스트 러닝 그래픽 티셔츠," 69,000 ",20%," 55,200 ",추석 프로모션,2026-09-18,2026-09-30
KY5654,의류,아디365 하이퍼부스트 러닝 그래픽 티셔츠, - ,20%, - ,추석 프로모션,2026-09-18,2026-09-30
KQ8645,의류,아디365 클라이마쿨 하이퍼부스트 러닝 탱크," 69,000 ",20%," 55,200 ",추석 프로모션,2026-09-18,2026-09-30
KX0764,의류,테렉스 멀티 라이트 쇼츠," 79,000 ",20%," 63,200 ",추석 프로모션,2026-09-18,2026-09-30
KX4396,의류,아디365 러닝 포모션 아이코닉 쇼츠," 55,000 ",20%," 44,000 ",추석 프로모션,2026-09-18,2026-09-30
KR6408,의류,테렉스 클라이마쿨 5패널 그래픽 캡," 29,000 ",20%," 23,200 ",추석 프로모션,2026-09-18,2026-09-30
KR3050,의류,아디365 러닝 클라이마쿨 아이코닉 티셔츠," 49,000 ",20%," 39,200 ",추석 프로모션,2026-09-18,2026-09-30
KS3244,의류,아디365 러닝 클라이마쿨 아이코닉 티셔츠," 49,000 ",20%," 39,200 ",추석 프로모션,2026-09-18,2026-09-30
KS3244,의류,아디365 러닝 클라이마쿨 아이코닉 티셔츠," 49,000 ",20%," 39,200 ",추석 프로모션,2026-09-18,2026-09-30
JM3650,의류,아디제로 러닝 젤 포켓 쇼츠," 79,000 ",20%," 63,200 ",추석 프로모션,2026-09-18,2026-09-30
KF9875,의류,테렉스 엑스페리어 클라이마쿨 티셔츠," 79,000 ",20%," 63,200 ",추석 프로모션,2026-09-18,2026-09-30
KS6098,의류,아디365 클라이마쿨 4포켓 2IN1 쇼츠," 79,000 ",20%," 63,200 ",추석 프로모션,2026-09-18,2026-09-30
KX0767,의류,테렉스 멀티 클라이마쿨 로고 테크 티셔츠," 39,000 ",20%," 31,200 ",추석 프로모션,2026-09-18,2026-09-30
KH4571,의류,테렉스 엑스페리어 클라이마365 라이트 윈드웨이브 자켓," 179,000 ",20%," 143,200 ",추석 프로모션,2026-09-18,2026-09-30
KS3248,의류,아디365 러닝 클라이마쿨 아이코닉 티셔츠," 49,000 ",20%," 39,200 ",추석 프로모션,2026-09-18,2026-09-30
KS3248,의류,아디365 러닝 클라이마쿨 아이코닉 티셔츠, - ,20%, - ,추석 프로모션,2026-09-18,2026-09-30
KT4854,의류,아디제로 아카이브 러닝 쇼츠," 79,000 ",20%," 63,200 ",추석 프로모션,2026-09-18,2026-09-30
KH4572,의류,테렉스 엑스페리어 클라이마365 라이트 윈드웨이브 자켓," 179,000 ",20%," 143,200 ",추석 프로모션,2026-09-18,2026-09-30
KS5871,의류,아디365 러닝 클라이마쿨 브라," 79,000 ",20%," 63,200 ",추석 프로모션,2026-09-18,2026-09-30
IM7706,의류,패스트 임팩트 럭스 런 하이 서포트 브라," 99,000 ",20%," 79,200 ",추석 프로모션,2026-09-18,2026-09-30
JW9081,의류,아디365 러닝 클라이마쿨 브라," 79,000 ",20%," 63,200 ",추석 프로모션,2026-09-18,2026-09-30
KQ8649,의류,아디365 클라이마쿨 하이퍼부스트 러닝 티셔츠," 69,000 ",20%," 55,200 ",추석 프로모션,2026-09-18,2026-09-30
JY8624,의류,아디제로 싱글렛," 69,000 ",40%," 41,400 ",추석 프로모션,2026-09-18,2026-09-30
JN0298,의류,아디제로 싱글렛," 89,000 ",40%," 53,400 ",추석 프로모션,2026-09-18,2026-09-30
JZ2478,의류,아디365 아이코닉 러닝 숏 타이즈," 65,000 ",40%," 39,000 ",추석 프로모션,2026-09-18,2026-09-30
JZ7717,의류,아디365 포모션 재킷," 129,000 ",40%," 77,400 ",추석 프로모션,2026-09-18,2026-09-30
HZ3692,의류,아디제로 아카이브 러닝 재킷," 159,000 ",40%," 95,400 ",추석 프로모션,2026-09-18,2026-09-30
JZ7694,의류,아디365 클라이마쿨 티셔츠," 49,000 ",40%," 29,400 ",추석 프로모션,2026-09-18,2026-09-30
KE6742,의류,아디365 아이코닉 러닝 팬츠," 89,000 ",40%," 53,400 ",추석 프로모션,2026-09-18,2026-09-30
IX8975,의류,아디제로 러닝 스플릿 쇼츠," 89,000 ",40%," 53,400 ",추석 프로모션,2026-09-18,2026-09-30
IX8988,의류,아디제로 러닝 재킷," 219,000 ",40%," 131,400 ",추석 프로모션,2026-09-18,2026-09-30
JZ7718,의류,아디365 포모션 재킷," 129,000 ",40%," 77,400 ",추석 프로모션,2026-09-18,2026-09-30
JP3773,의류,아디제로 싱글렛," 89,000 ",40%," 53,400 ",추석 프로모션,2026-09-18,2026-09-30
JZ7782,의류,러닝 에센셜 재킷," 89,000 ",40%," 53,400 ",추석 프로모션,2026-09-18,2026-09-30
KB4332,의류,아디제로 아카이브 러닝 싱글렛," 79,000 ",40%," 47,400 ",추석 프로모션,2026-09-18,2026-09-30
JV6530,의류,엑스페리어 프로 티," 109,000 ",40%," 65,400 ",추석 프로모션,2026-09-18,2026-09-30
HZ3696,의류,아디제로 아카이브 러닝 재킷," 159,000 ",40%," 95,400 ",추석 프로모션,2026-09-18,2026-09-30
KA4339,의류,아디365 러닝 에센셜 재킷," 89,000 ",40%," 53,400 ",추석 프로모션,2026-09-18,2026-09-30
JZ7720,의류,아디365 아이코닉 1/2 지퍼 탑," 79,000 ",40%," 47,400 ",추석 프로모션,2026-09-18,2026-09-30
KA0317,의류,아디365 소프트 터치 탱크 탑," 55,000 ",40%," 33,000 ",추석 프로모션,2026-09-18,2026-09-30
KB5960,의류,아디365 러닝 에센셜 티셔츠," 35,000 ",40%," 21,000 ",추석 프로모션,2026-09-18,2026-09-30
JZ7762,의류,아디365 브리즈 티," 55,000 ",40%," 33,000 ",추석 프로모션,2026-09-18,2026-09-30
KA0143,의류,아디365 소프트 터치 탱크 탑," 55,000 ",40%," 33,000 ",추석 프로모션,2026-09-18,2026-09-30
JP1492,의류,아디제로 아카이브 러닝 숏 타이즈," 79,000 ",40%," 47,400 ",추석 프로모션,2026-09-18,2026-09-30
JZ7684,의류,아디365 브리즈 티," 45,000 ",40%," 27,000 ",추석 프로모션,2026-09-18,2026-09-30
KE8211,의류,아디365 클라이마쿨 투 포켓 쇼츠," 79,000 ",40%," 47,400 ",추석 프로모션,2026-09-18,2026-09-30
KE8424,의류,아디365 러닝 에센셜 롱슬리브 탑," 49,000 ",40%," 29,400 ",추석 프로모션,2026-09-18,2026-09-30
KE6831,의류,아디365 아이코닉 러닝 롱슬리브," 55,000 ",40%," 33,000 ",추석 프로모션,2026-09-18,2026-09-30
KE6840,의류,아디365 아이코닉 러닝 롱슬리브," 55,000 ",40%," 33,000 ",추석 프로모션,2026-09-18,2026-09-30
KE8420,의류,아디365 러닝 에센셜 롱슬리브 탑," 49,000 ",40%," 29,400 ",추석 프로모션,2026-09-18,2026-09-30
KA2924,의류,아디제로 러닝 쇼츠 포켓 타이즈," 99,000 ",40%," 59,400 ",추석 프로모션,2026-09-18,2026-09-30
KE8210,의류,아디365 클라이마쿨 투 포켓 쇼츠," 79,000 ",40%," 47,400 ",추석 프로모션,2026-09-18,2026-09-30
KE8213,의류,아디365 클라이마쿨 투 포켓 쇼츠," 79,000 ",40%," 47,400 ",추석 프로모션,2026-09-18,2026-09-30
JN7162,의류,아디제로 러닝 젤 포켓 크롭탑," 69,000 ",40%," 41,400 ",추석 프로모션,2026-09-18,2026-09-30
KA0149,의류,아디제로 숏 레깅스," 89,000 ",40%," 53,400 ",추석 프로모션,2026-09-18,2026-09-30
KE6842,의류,아디365 아이코닉 러닝 롱슬리브," 55,000 ",40%," 33,000 ",추석 프로모션,2026-09-18,2026-09-30
KE8416,의류,아디365 러닝 에센셜 롱슬리브 셔츠," 49,000 ",40%," 29,400 ",추석 프로모션,2026-09-18,2026-09-30
KS0469,의류,서울마라톤 쇼츠," 59,000 ",40%," 35,400 ",추석 프로모션,2026-09-18,2026-09-30
AMINOCITRIC,용품,아미노 씨트릭 에이시드 차져 워터," 22,500 ",20%," 18,000 ",추석 프로모션,2026-09-18,2026-09-30
AMINO4000-14,용품,아미노바이탈 4000 14P," 36,000 ",20%," 28,800 ",추석 프로모션,2026-09-18,2026-09-30
AMINO380014,용품,프로 3800 14P," 25,000 ",20%," 20,000 ",추석 프로모션,2026-09-18,2026-09-30
AL0A85NC923,신발,론픽8," 199,000 ",40%," 119,400 ",추석 프로모션,2026-09-18,2026-09-30
ALOA85PE480,신발,팀프 5," 229,000 ",40%," 137,400 ",추석 프로모션,2026-09-18,2026-09-30
AL0A85NJ923,신발,올림퍼스 6," 249,000 ",40%," 149,400 ",추석 프로모션,2026-09-18,2026-09-30
AL0A85RH580,신발,론픽 9 플러스," 219,000 ",40%," 131,400 ",추석 프로모션,2026-09-18,2026-09-30
AL0A85NJ330,신발,올림퍼스 6," 249,000 ",40%," 149,400 ",추석 프로모션,2026-09-18,2026-09-30
AL0A85RG000,신발,론픽 9 플러스," 219,000 ",40%," 131,400 ",추석 프로모션,2026-09-18,2026-09-30
AL0A85NK336,신발,올림퍼스 6," 249,000 ",40%," 149,400 ",추석 프로모션,2026-09-18,2026-09-30
UT-01,용품,러닝에너지젤," 18,000 ",20%," 14,400 ",추석 프로모션,2026-09-18,2026-09-30
UT-03,용품,얼티밋하이드로 50," 22,000 ",20%," 17,600 ",추석 프로모션,2026-09-18,2026-09-30
UT-02,용품,러닝에너지프리," 18,000 ",20%," 14,400 ",추석 프로모션,2026-09-18,2026-09-30
92069438,용품,레이다락 패스 (아시안핏)," 324,000 ",30%," 226,800 ",추석 프로모션,2026-09-18,2026-09-30
94382558,용품,아이자켓 리덕스," 259,000 ",30%," 181,300 ",추석 프로모션,2026-09-18,2026-09-30
94310360,용품,래터럴리스," 334,000 ",30%," 233,800 ",추석 프로모션,2026-09-18,2026-09-30
94370163,용품,플란타리스," 370,000 ",30%," 259,000 ",추석 프로모션,2026-09-18,2026-09-30
94380558,용품,아이자켓 리덕스," 334,000 ",30%," 233,800 ",추석 프로모션,2026-09-18,2026-09-30
94382658,용품,아이재킷 리덕스 프리즘 브론즈," 261,000 ",30%," 182,700 ",추석 프로모션,2026-09-18,2026-09-30
95210157,용품,토니켓 프리즘 그레이," 211,000 ",30%," 147,700 ",추석 프로모션,2026-09-18,2026-09-30
94380158,용품,아이자켓 리덕스," 261,000 ",30%," 182,700 ",추석 프로모션,2026-09-18,2026-09-30
94950936,용품,레이다 플레이트 프리즘 슬레이트," 329,000 ",30%," 230,300 ",추석 프로모션,2026-09-18,2026-09-30
95170139,용품,스턴트 데빌 프리즘 블랙," 345,000 ",30%," 241,500 ",추석 프로모션,2026-09-18,2026-09-30
YH-04,용품,요헤미티-워터 (레몬)," 9,900 ",20%," 7,920 ",추석 프로모션,2026-09-18,2026-09-30
YH-05,용품,요헤미티-워터 (피치)," 9,900 ",20%," 7,920 ",추석 프로모션,2026-09-18,2026-09-30
YH-01,용품,에너지 젤 (1팩 당 10포)," 21,000 ",20%," 16,800 ",추석 프로모션,2026-09-18,2026-09-30
YH-03,용품,요헤미티-워터 (청포도)," 9,900 ",20%," 7,920 ",추석 프로모션,2026-09-18,2026-09-30
YH-06,용품,에너지젤 카페인 110," 32,000 ",20%," 25,600 ",추석 프로모션,2026-09-18,2026-09-30
1100Black,신발,우아," 69,000 ",30%," 48,300 ",추석 프로모션,2026-09-18,2026-09-30
1200Black,신발,우클로그," 89,000 ",30%," 62,300 ",추석 프로모션,2026-09-18,2026-09-30
1000Black,신발,오리지널," 69,000 ",30%," 48,300 ",추석 프로모션,2026-09-18,2026-09-30
camelbak B,용품,트레일 런 베스트 34oz," 126,000 ",30%," 88,200 ",추석 프로모션,2026-09-18,2026-09-30
camelbak C,용품,에이펙스 프로 런 베스트," 220,000 ",30%," 154,000 ",추석 프로모션,2026-09-18,2026-09-30
camelbak D,용품,울트라 벨트 17oz," 82,000 ",30%," 57,400 ",추석 프로모션,2026-09-18,2026-09-30
ULTRA BELT TEAL,용품,울트라 벨트 17oz," 87,000 ",30%," 60,900 ",추석 프로모션,2026-09-18,2026-09-30
K32001APS34BLK,의류,360 벤트 3in1 쇼츠 5인치," 210,000 ",45%," 115,500 ",추석 프로모션,2026-09-18,2026-09-30
K32002APS32BLK,의류,플라이트 우븐 쇼츠 4인치," 150,000 ",45%," 82,500 ",추석 프로모션,2026-09-18,2026-09-30
K52001ATN12-YGN,의류,에어블레이드 레이스 싱글렛Ⅰ," 140,000 ",45%," 77,000 ",추석 프로모션,2026-09-18,2026-09-30
K52001ATN12-BLK,의류,에어블레이드 레이스 싱글렛Ⅰ," 140,000 ",45%," 77,000 ",추석 프로모션,2026-09-18,2026-09-30
K52001ATN24-LGR,의류,플라이트 레이스 싱글렛," 200,000 ",45%," 110,000 ",추석 프로모션,2026-09-18,2026-09-30
PRO MARATHON SOCKS V2.0-WHITE.BLACK,용품,프로 마라톤 삭스 V2.0," 33,000 ",30%," 23,100 ",추석 프로모션,2026-09-18,2026-09-30
PRO RACING SOCKS V4.0 RUN HIGH-WHITE.FLUO RED,용품,프로 레이싱 삭스 V4.0 런 하이," 29,000 ",30%," 20,300 ",추석 프로모션,2026-09-18,2026-09-30
PRO RACING SOCKS V4.0 RUN HIGH-WHITE.BLACK,용품,프로 레이싱 삭스 V4.0 런 하이," 29,000 ",30%," 20,300 ",추석 프로모션,2026-09-18,2026-09-30
C24FW-J06-GRY,의류,프리마로프트 자켓," 325,000 ",40%," 195,000 ",추석 프로모션,2026-09-18,2026-09-30
C24FW-J05-BLK,의류,프리마로프트 자켓," 325,000 ",40%," 195,000 ",추석 프로모션,2026-09-18,2026-09-30
C24FW-J01-BLK,의류,라이트 에어 패커블 자켓," 228,000 ",40%," 136,800 ",추석 프로모션,2026-09-18,2026-09-30
C24FW-J04-GRY,의류,립스탑 나일론 자켓," 205,000 ",40%," 123,000 ",추석 프로모션,2026-09-18,2026-09-30
C24FW-J02-GRY,의류,라이트 에어 패커블 자켓," 228,000 ",40%," 136,800 ",추석 프로모션,2026-09-18,2026-09-30
C24FW-T01-BLK,의류,칩펑크 숏 슬리브," 45,000 ",40%," 27,000 ",추석 프로모션,2026-09-18,2026-09-30
C25FW-G01-BLU,용품,쉴드 에어 커버 글러브," 68,000 ",30%," 47,600 ",추석 프로모션,2026-09-18,2026-09-30
C25FW-C03-BLK,용품,라이트 파워그리드 바라클라바," 59,000 ",30%," 41,300 ",추석 프로모션,2026-09-18,2026-09-30
C25FW-B02-YGE,용품,트레일 토트 그리드," 138,000 ",30%," 96,600 ",추석 프로모션,2026-09-18,2026-09-30
C25FW-B01-BGE,용품,트레일 토트 그리드," 138,000 ",40%," 82,800 ",추석 프로모션,2026-09-18,2026-09-30
C25FW-B02-KHK,용품,트레일 토트 그리드," 138,000 ",30%," 96,600 ",추석 프로모션,2026-09-18,2026-09-30
C25FW-J03-BLK,의류,집 포켓 다운 자켓," 458,000 ",30%," 320,600 ",추석 프로모션,2026-09-18,2026-09-30
C25FW-J02-BLK,의류,라이트 다운 베스트," 308,000 ",30%," 215,600 ",추석 프로모션,2026-09-18,2026-09-30
C25FW-T02-BLK,의류,GTD 델타 PQ 숏 슬리브," 65,000 ",30%," 45,500 ",추석 프로모션,2026-09-18,2026-09-30
C25SS-E01-BLK500,용품,소프트 플라스크 하이드라팩 500ml," 43,000 ",30%," 30,100 ",추석 프로모션,2026-09-18,2026-09-30
C25SS-E02-BLK250,용품,소프트 플라스크 하이드라팩 250ml," 32,000 ",30%," 22,400 ",추석 프로모션,2026-09-18,2026-09-30
C25SS-B02-GRY2,용품,패니 팩 케일 그리드," 125,000 ",30%," 87,500 ",추석 프로모션,2026-09-18,2026-09-30
C25SS-B02-BIE,용품,패니 팩 비 그리드," 125,000 ",30%," 87,500 ",추석 프로모션,2026-09-18,2026-09-30
C25SS-B02-GRY,용품,패니 팩 비 그리드," 125,000 ",30%," 87,500 ",추석 프로모션,2026-09-18,2026-09-30
C25SS-B01-BLK,용품,패니 팩 X-PAC," 132,000 ",30%," 92,400 ",추석 프로모션,2026-09-18,2026-09-30
C25SS-B02-BLK,용품,패니 팩 비 그리드," 125,000 ",30%," 87,500 ",추석 프로모션,2026-09-18,2026-09-30
C25SS-C02-GRY,용품,트레일 캡," 52,000 ",30%," 36,400 ",추석 프로모션,2026-09-18,2026-09-30
C25SS-T04-FORREST,용품,로고 에어 숏 슬리브," 45,000 ",30%," 31,500 ",추석 프로모션,2026-09-18,2026-09-30
C25SS-S01-BLK,의류,스트레치 쉘 쇼츠," 138,000 ",30%," 96,600 ",추석 프로모션,2026-09-18,2026-09-30
C25SS-J01-BLK,의류,라이트 트레일 3L 자켓," 315,000 ",30%," 220,500 ",추석 프로모션,2026-09-18,2026-09-30
C25SS-J03-BLK,의류,플로우 풀오버 베스트," 125,000 ",30%," 87,500 ",추석 프로모션,2026-09-18,2026-09-30
C25SS-T01-GRE,의류,라이브 울 믹스 숏 슬리브," 75,000 ",30%," 52,500 ",추석 프로모션,2026-09-18,2026-09-30
C25SS-J01-SANDBROWN,의류,라이트 트레일 3L 자켓," 315,000 ",30%," 220,500 ",추석 프로모션,2026-09-18,2026-09-30
C25SS-J02-BLK,의류,윈드 자켓," 225,000 ",30%," 157,500 ",추석 프로모션,2026-09-18,2026-09-30
C25SS-S02-BLK,의류,나일론 트레일 쇼츠," 132,000 ",30%," 92,400 ",추석 프로모션,2026-09-18,2026-09-30
C25SS-S02-BLU,의류,나일론 트레일 쇼츠," 132,000 ",30%," 92,400 ",추석 프로모션,2026-09-18,2026-09-30
C25SS-S02-GRY,의류,나일론 트레일 쇼츠," 132,000 ",30%," 92,400 ",추석 프로모션,2026-09-18,2026-09-30
C25SS-S03-BRW,의류,라이트 플로우 러닝 쇼츠," 125,000 ",30%," 87,500 ",추석 프로모션,2026-09-18,2026-09-30
28758-PNDG,용품,덕빌 트러커 햇," 69,000 ",40%," 41,400 ",추석 프로모션,2026-09-18,2026-09-30
49521Q5-SBDY TRIAL,용품,SLOPE RUNNER VEST트라이얼, - ,40%, - ,추석 프로모션,2026-09-18,2026-09-30
28758-BLK,용품,덕빌 트러커 햇," 69,000 ",40%," 41,400 ",추석 프로모션,2026-09-18,2026-09-30
23410-CLMB,의류,후디니 스태쉬 1/2 집 풀오버," 219,000 ",40%," 131,400 ",추석 프로모션,2026-09-18,2026-09-30
24093-BLK,의류,윈드 쉴드 자켓," 299,000 ",40%," 179,400 ",추석 프로모션,2026-09-18,2026-09-30
44585-HEBK,의류,롱 슬리브 캡 쿨 메리노 블렌드 그래픽 셔츠," 159,000 ",40%," 95,400 ",추석 프로모션,2026-09-18,2026-09-30
57602-BLK,의류,멀티 트레일 쇼츠," 149,000 ",40%," 89,400 ",추석 프로모션,2026-09-18,2026-09-30
23435-SRPO,의류,후디니 스태쉬 1/2 집 풀오버," 219,000 ",40%," 131,400 ",추석 프로모션,2026-09-18,2026-09-30
45385Q5-CSBX TRIAL,의류,M`S CAP COOL DAILY GRAPHIC SHIRT - LANDS트라이얼, - ,40%, - ,추석 프로모션,2026-09-18,2026-09-30
45385Q5-HBFE TRIAL,의류,M`S CAP COOL DAILY GRAPHIC SHIRT - LANDS트라이얼, - ,40%, - ,추석 프로모션,2026-09-18,2026-09-30
45760Q5-PONX TRIAL,의류,M`S CAP COOL LIGHTWEIGHT SHIRT트라이얼, - ,40%, - ,추석 프로모션,2026-09-18,2026-09-30
24658Q5-BLK TRIAL,의류,W`S STRIDER PRO SHORTS - 3 1/2 IN.트라이얼, - ,40%, - ,추석 프로모션,2026-09-18,2026-09-30
45255Q5-FLKB TRIAL,의류,M`S SLEEVELESS CAP COOL DAILY SHIRT트라이얼, - ,40%, - ,추석 프로모션,2026-09-18,2026-09-30
57602Q5-BLK TRIAL,의류,M`S MULTI TRAILS SHORTS - 8 IN.트라이얼, - ,40%, - ,추석 프로모션,2026-09-18,2026-09-30
24093-MRLB,의류,윈드 쉴드 자켓," 299,000 ",40%," 179,400 ",추석 프로모션,2026-09-18,2026-09-30
24634Q5-BLK TRIAL,의류,M`S STRIDER PRO SHORTS - 5 IN.트라이얼, - ,40%, - ,추석 프로모션,2026-09-18,2026-09-30
44590-FZPN,의류,캡 쿨 메리노 블렌드 그래픽 셔츠," 119,000 ",40%," 71,400 ",추석 프로모션,2026-09-18,2026-09-30
45255Q5-FEA TRIAL,의류,M`S SLEEVELESS CAP COOL DAILY SHIRT트라이얼, - ,40%, - ,추석 프로모션,2026-09-18,2026-09-30
45295Q5-FEA TRIAL,의류,W`S CAP COOL DAILY TANK트라이얼, - ,40%, - ,추석 프로모션,2026-09-18,2026-09-30
45295Q5-LMPX TRIAL,의류,W`S CAP COOL DAILY TANK트라이얼, - ,40%, - ,추석 프로모션,2026-09-18,2026-09-30
45390Q5-TLPL TRIAL,의류,W`S CAP COOL DAILY GRAPHIC SHIRT - LANDS트라이얼, - ,40%, - ,추석 프로모션,2026-09-18,2026-09-30
24745Q5-BLK TRIAL,의류,W`S ENDLESS RUN SHORTS - 6 IN.트라이얼, - ,40%, - ,추석 프로모션,2026-09-18,2026-09-30
24871Q5-BLK TRIAL,의류,M`S ENDLESS RUN SHORTS트라이얼, - ,40%, - ,추석 프로모션,2026-09-18,2026-09-30
45390Q5-CHFY TRIAL,의류,W`S CAP COOL DAILY GRAPHIC SHIRT - LANDS트라이얼, - ,40%, - ,추석 프로모션,2026-09-18,2026-09-30
45765Q5-ABNB TRIAL,의류,W`S CAP COOL LIGHTWEIGHT SHIRT트라이얼, - ,40%, - ,추석 프로모션,2026-09-18,2026-09-30
45765Q5-FGLP TRIAL,의류,W`S CAP COOL LIGHTWEIGHT SHIRT트라이얼, - ,40%, - ,추석 프로모션,2026-09-18,2026-09-30
57631-BLK,의류,멀티 트레일 쇼츠," 119,000 ",40%," 71,400 ",추석 프로모션,2026-09-18,2026-09-30
24142-SRRO,의류,후디니 자켓," 179,000 ",40%," 107,400 ",추석 프로모션,2026-09-18,2026-09-30
24634Q5-SLPU TRIAL,의류,M`S STRIDER PRO SHORTS - 5 IN.트라이얼, - ,40%, - ,추석 프로모션,2026-09-18,2026-09-30
44600-FZTP,의류,롱 슬리브 캡 쿨 메리노 블렌드 그래픽 셔츠," 159,000 ",40%," 95,400 ",추석 프로모션,2026-09-18,2026-09-30
57595Q5-LMSP TRIAL,의류,M`S MULTI TRAILS SHORTS - 6 IN.트라이얼, - ,40%, - ,추석 프로모션,2026-09-18,2026-09-30
28758Q5-LMSP,용품,덕빌 트러커 햇," 69,000 ",40%," 41,400 ",추석 프로모션,2026-09-18,2026-09-30
49495Q5-BLK,용품,슬로프 러너 익스플로레이션 팩 18L," 299,000 ",40%," 179,400 ",추석 프로모션,2026-09-18,2026-09-30
28758Q5-RVGN,용품,덕빌 트러커 햇," 69,000 ",40%," 41,400 ",추석 프로모션,2026-09-18,2026-09-30
28758Q5-BLK,용품,덕빌 트러커 햇," 69,000 ",40%," 41,400 ",추석 프로모션,2026-09-18,2026-09-30
24197Q5-GRZG,의류,에어셰드 프로 풀오버," 219,000 ",40%," 131,400 ",추석 프로모션,2026-09-18,2026-09-30
24811Q5-BLK,의류,엔드리스 런 7/8 타이츠," 199,000 ",40%," 119,400 ",추석 프로모션,2026-09-18,2026-09-30
24634Q5-SLPU,의류,스트라이더 프로 쇼츠 5인치," 139,000 ",40%," 83,400 ",추석 프로모션,2026-09-18,2026-09-30
47560Q5-GRZX,의류,캡 쿨 라이트웨이트 셔츠," 83,000 ",40%," 49,800 ",추석 프로모션,2026-09-18,2026-09-30
45695Q5-ABNB,의류,롱 슬리브 캡 쿨 라이트웨이트 셔츠," 99,000 ",40%," 59,400 ",추석 프로모션,2026-09-18,2026-09-30
47560Q5-BLK,의류,캡 쿨 라이트웨이트 셔츠," 83,000 ",40%," 49,800 ",추석 프로모션,2026-09-18,2026-09-30
45695Q5-SBLX,의류,캐필린 쿨 라이트웨이트 셔츠," 99,000 ",40%," 59,400 ",추석 프로모션,2026-09-18,2026-09-30
24112Q5-PLNO,의류,스톰 레이서 자켓," 539,000 ",40%," 323,400 ",추석 프로모션,2026-09-18,2026-09-30
24112Q5-WLDB,의류,스톰 레이서 자켓," 539,000 ",40%," 323,400 ",추석 프로모션,2026-09-18,2026-09-30
24658Q5-BLK,의류,스트라이더 프로 쇼츠 3.5인치," 135,000 ",40%," 81,000 ",추석 프로모션,2026-09-18,2026-09-30
45690Q5-GRZX,의류,캐필린 쿨 라이트웨이트 셔츠," 99,000 ",40%," 59,400 ",추석 프로모션,2026-09-18,2026-09-30
28818R5-BOB,용품,덕빌 캡," 69,000 ",30%," 48,300 ",추석 프로모션,2026-09-18,2026-09-30
49521R5-WSTO,용품,슬로프 러너 베스트," 289,000 ",30%," 202,300 ",추석 프로모션,2026-09-18,2026-09-30
28818R5-SHRB,용품,덕빌 캡," 69,000 ",30%," 48,300 ",추석 프로모션,2026-09-18,2026-09-30
24658R5-BLK,의류,스트라이더 프로 쇼츠 3 1/2 인치," 149,000 ",30%," 104,300 ",추석 프로모션,2026-09-18,2026-09-30
57595R5-BLK,의류,멀티 트레일 쇼츠 6 인치," 149,000 ",30%," 104,300 ",추석 프로모션,2026-09-18,2026-09-30
24142R5-BLSG,의류,후디니 재킷," 199,000 ",30%," 139,300 ",추석 프로모션,2026-09-18,2026-09-30
24142R5-BOB,의류,후디니 재킷," 199,000 ",30%," 139,300 ",추석 프로모션,2026-09-18,2026-09-30
24147R5-LVT,의류,후디니 재킷," 199,000 ",30%," 139,300 ",추석 프로모션,2026-09-18,2026-09-30
24498R5-WSTO,의류,캡 쿨 트레일 셔츠," 85,000 ",30%," 59,500 ",추석 프로모션,2026-09-18,2026-09-30
1131056-NSOF,신발,마파테 스피드 4," 239,000 ",40%," 143,400 ",추석 프로모션,2026-09-18,2026-09-30
1147832-VYM,신발,스피드고트 6 와이드," 205,000 ",40%," 123,000 ",추석 프로모션,2026-09-18,2026-09-30
1147790-DDW,신발,마하 6," 185,000 ",40%," 111,000 ",추석 프로모션,2026-09-18,2026-09-30
1147790-DDW,신발,마하 6," 185,000 ",40%," 111,000 ",추석 프로모션,2026-09-18,2026-09-30
1134507-OFNS,신발,텍톤 X 2," 299,000 ",40%," 179,400 ",추석 프로모션,2026-09-18,2026-09-30
1147832-SRBT,신발,스피드고트 6 와이드," 205,000 ",40%," 123,000 ",추석 프로모션,2026-09-18,2026-09-30
1129930-SLRL,신발,마파테 스피드 4," 239,000 ",40%," 143,400 ",추석 프로모션,2026-09-18,2026-09-30
1131056-PPYR,신발,마파테 스피드 4," 239,000 ",40%," 143,400 ",추석 프로모션,2026-09-18,2026-09-30
1132210-FTG,신발,클리프톤 9 와이드," 199,000 ",40%," 119,400 ",추석 프로모션,2026-09-18,2026-09-30
1134516-EPRY,신발,텍톤 X 2," 299,000 ",40%," 179,400 ",추석 프로모션,2026-09-18,2026-09-30
1155112-SSC,신발,텍톤 X 3," 339,000 ",40%," 203,400 ",추석 프로모션,2026-09-18,2026-09-30
1147790-SNTF,신발,마하 6," 185,000 ",40%," 111,000 ",추석 프로모션,2026-09-18,2026-09-30
1161990-NNH,신발,마파테 X," 299,000 ",40%," 179,400 ",추석 프로모션,2026-09-18,2026-09-30
1168722-NNR,신발,마파테 5," 259,000 ",40%," 155,400 ",추석 프로모션,2026-09-18,2026-09-30
1162053-SKYW,신발,씨엘로 X1 2.0," 329,000 ",40%," 197,400 ",추석 프로모션,2026-09-18,2026-09-30
1168724-SNLG,신발,로켓 X 3," 299,000 ",40%," 179,400 ",추석 프로모션,2026-09-18,2026-09-30
1168724-WBLC,신발,로켓 X 3," 299,000 ",40%," 179,400 ",추석 프로모션,2026-09-18,2026-09-30
1162011-SSTC,신발,본디 9," 229,000 ",40%," 137,400 ",추석 프로모션,2026-09-18,2026-09-30
1168690-TYS,신발,아라히 8," 199,000 ",40%," 119,400 ",추석 프로모션,2026-09-18,2026-09-30
1147810-SCCG,신발,마하 6," 185,000 ",40%," 111,000 ",추석 프로모션,2026-09-18,2026-09-30
1162011-SNTF,신발,본디 9," 229,000 ",40%," 137,400 ",추석 프로모션,2026-09-18,2026-09-30
1162030-SCCV,신발,클리프톤 10," 199,000 ",40%," 119,400 ",추석 프로모션,2026-09-18,2026-09-30
1162032-BBLC,신발,클리프톤 10 와이드," 199,000 ",40%," 119,400 ",추석 프로모션,2026-09-18,2026-09-30
1162032-FFF,신발,클리프톤 10 와이드," 199,000 ",40%," 119,400 ",추석 프로모션,2026-09-18,2026-09-30
1168720-WNG,신발,마하 X 3," 249,000 ",40%," 149,400 ",추석 프로모션,2026-09-18,2026-09-30
1122931-WHTWH,용품,크루 런 삭 3팩," 55,000 ",40%," 33,000 ",추석 프로모션,2026-09-18,2026-09-30
1122931-DBIWE,용품,크루 런 삭 3팩," 55,000 ",40%," 33,000 ",추석 프로모션,2026-09-18,2026-09-30
1164154-BLK,의류,레이스데이 싱글렛," 105,000 ",40%," 63,000 ",추석 프로모션,2026-09-18,2026-09-30
1164154-HKB,의류,레이스데이 싱글렛," 105,000 ",40%," 63,000 ",추석 프로모션,2026-09-18,2026-09-30
1170236-BLK,의류,스카이브리즈 하프 타이츠," 169,000 ",40%," 101,400 ",추석 프로모션,2026-09-18,2026-09-30
1162410-GFRT,신발,마하 X 2 와이드," 249,000 ",40%," 149,400 ",추석 프로모션,2026-09-18,2026-09-30
1147790-FLV,신발,마하 6," 185,000 ",40%," 111,000 ",추석 프로모션,2026-09-18,2026-09-30
1147911-LMTH,신발,스카이워드 X," 279,000 ",40%," 167,400 ",추석 프로모션,2026-09-18,2026-09-30
1162053-FLCK,신발,씨엘로 X1 2.0," 329,000 ",40%," 197,400 ",추석 프로모션,2026-09-18,2026-09-30
1147790-YZC,신발,마하 6," 185,000 ",40%," 111,000 ",추석 프로모션,2026-09-18,2026-09-30
1162010-FPR,신발,마파테 X," 299,000 ",40%," 179,400 ",추석 프로모션,2026-09-18,2026-09-30
1162390-SYWR,신발,마하 X 2 와이드," 249,000 ",40%," 149,400 ",추석 프로모션,2026-09-18,2026-09-30
1147833-DHN,신발,마하 6 와이드," 185,000 ",40%," 111,000 ",추석 프로모션,2026-09-18,2026-09-30
1161990-ZTM,신발,마파테 X," 299,000 ",40%," 179,400 ",추석 프로모션,2026-09-18,2026-09-30
1164154-HKCT,의류,레이스 데이 싱글렛," 105,000 ",40%," 63,000 ",추석 프로모션,2026-09-18,2026-09-30
1164154-WHT,의류,레이스데이 싱글렛," 105,000 ",40%," 63,000 ",추석 프로모션,2026-09-18,2026-09-30
1151077-BLK,의류,글라이드 5인치 쇼츠 w/Brief," 89,000 ",40%," 53,400 ",추석 프로모션,2026-09-18,2026-09-30
1168722-CMNTB,신발,마파테 5," 259,000 ",30%," 181,300 ",추석 프로모션,2026-09-18,2026-09-30
1161990-BCMN,신발,마파테 X," 299,000 ",30%," 209,300 ",추석 프로모션,2026-09-18,2026-09-30
1171927-NYZ,신발,씨엘로 X 1 3.0," 339,000 ",30%," 237,300 ",추석 프로모션,2026-09-18,2026-09-30
1168724-ARFR,신발,로켓 X 3," 299,000 ",30%," 209,300 ",추석 프로모션,2026-09-18,2026-09-30
1171927-AYL,신발,씨엘로 X 1 3.0," 339,000 ",30%," 237,300 ",추석 프로모션,2026-09-18,2026-09-30
1162010-BSTC,신발,마파테 X," 299,000 ",30%," 209,300 ",추석 프로모션,2026-09-18,2026-09-30
1162013-CYLT,신발,본디 9 와이드," 229,000 ",30%," 160,300 ",추석 프로모션,2026-09-18,2026-09-30
1162032-STLLR,신발,클리프톤 10 와이드," 199,000 ",30%," 139,300 ",추석 프로모션,2026-09-18,2026-09-30
1162050-VCH,신발,클리프톤 10 와이드," 199,000 ",30%," 139,300 ",추석 프로모션,2026-09-18,2026-09-30
1162050-VCH,신발,클리프톤 10 와이드," 199,000 ",30%," 139,300 ",추석 프로모션,2026-09-18,2026-09-30
1162013-SCCG,신발,본디 9 와이드," 229,000 ",30%," 160,300 ",추석 프로모션,2026-09-18,2026-09-30
1135061-SLSSS,신발,오라 리커버리 슬라이드 3," 79,000 ",30%," 55,300 ",추석 프로모션,2026-09-18,2026-09-30
1162050-CRDS,신발,클리프톤 10 와이드," 199,000 ",30%," 139,300 ",추석 프로모션,2026-09-18,2026-09-30
