창고별 시즌재고조회_ajl,,,,,,,,,,,,,,,,,,,,,,,,,,,,,,,,,,,,
품목자산분류,품목소분류,품명,품번,실루엣,카테고리2,규격,품번(규격),별명,상품번호(샵바이),성별,단위,시즌,유효일자,최초입고일,입고일,소비자가,입고가액,입고가총액,품목상태,품목내부코드,합계,WMS 현재고,재고차,입고개월수,입고수량,출고수량,소진율,WOS,MOS,입고예정수량,출고예정수량,가용재고,가용WOS,가용MOS,POS연동바코드,매장 (신사동)
TOTAL,,,,,,,,,,,,,,,,"496,752,112.00","261,121,427.02","464,504,312.41",,,"9,100","9,574","-10,286",,"43,803",789,,,,,,,,,,"9,100"
상품,신발(노다),001A,001A-ALMOND-M,트레일,신발,260,001A-ALMOND-M(260),,,,개,26FW,,2026-07-28,2026-07-28,"399,000.00","219,450.00","219,450.00",사용,40193,1,3,-3,1,5,0,0.0,0.0,0.0,0,0,1,0.0,0.0,990497804277,1
상품,신발(노다),001A,001A-ALMOND-M,트레일,신발,265,001A-ALMOND-M(265),,,,개,26FW,,2026-07-28,2026-07-28,"399,000.00","219,450.00","219,450.00",사용,40194,1,3,-3,1,5,0,0.0,0.0,0.0,0,0,1,0.0,0.0,990497804284,1
상품,신발(노다),001A,001A-ALMOND-M,트레일,신발,270,001A-ALMOND-M(270),,,,개,26FW,,2026-07-28,2026-07-28,"399,000.00","219,450.00","438,900.00",사용,40195,2,8,-8,1,12,0,0.0,0.0,0.0,0,0,2,0.0,0.0,990497804291,2
상품,신발(노다),001A,001A-ALMOND-M,트레일,신발,275,001A-ALMOND-M(275),,,,개,26FW,,2026-07-28,2026-07-28,"399,000.00","219,450.00","438,900.00",사용,40196,2,7,-7,1,11,0,0.0,0.0,0.0,0,1,1,0.0,0.0,990497804307,2
상품,신발(노다),001A,001A-ALMOND-M,트레일,신발,280,001A-ALMOND-M(280),,,,개,26FW,,2026-07-28,2026-07-28,"399,000.00","219,450.00","438,900.00",사용,40197,2,6,-6,1,10,0,0.0,0.0,0.0,0,0,2,0.0,0.0,990497804314,2
상품,신발(노다),001A,001A-ALMOND-M,트레일,신발,285,001A-ALMOND-M(285),,,,개,26FW,,2026-07-28,2026-07-28,"399,000.00","219,450.00","219,450.00",사용,40198,1,5,-5,1,7,0,0.0,0.0,0.0,0,0,1,0.0,0.0,990497804321,1
상품,신발(노다),001A,001A-ALMOND-W,트레일,신발,235,001A-ALMOND-W(235),,,여성,개,26FW,,2026-07-28,2026-07-28,0.00,"219,450.00","219,450.00",사용,40209,1,0,0,1,2,0,0.0,0.0,0.0,0,0,1,0.0,0.0,990497804192,1
상품,신발(노다),001A,001A-ALMOND-W,트레일,신발,240,001A-ALMOND-W(240),,,여성,개,26FW,,2026-07-28,2026-07-28,"399,000.00","219,450.00","219,450.00",사용,40210,1,2,-2,1,4,0,0.0,0.0,0.0,0,0,1,0.0,0.0,990497804208,1
상품,신발(노다),001A,001A-ALMOND-W,트레일,신발,245,001A-ALMOND-W(245),,,여성,개,26FW,,2026-07-28,2026-07-28,"399,000.00","219,450.00","219,450.00",사용,40211,1,4,-4,1,6,0,0.0,0.0,0.0,0,0,1,0.0,0.0,990497804215,1
상품,신발(노다),001A,001A-ALMOND-W,트레일,신발,250,001A-ALMOND-W(250),,,여성,개,26FW,,2026-07-28,2026-07-28,"399,000.00","219,450.00","219,450.00",사용,40212,1,3,-3,1,5,0,0.0,0.0,0.0,0,0,1,0.0,0.0,990497804222,1
상품,신발(노다),001A,001A-ALMOND-W,트레일,신발,255,001A-ALMOND-W(255),,,여성,개,26FW,,2026-07-28,2026-07-28,"399,000.00","219,450.00","219,450.00",사용,40213,1,1,-1,1,3,0,0.0,0.0,0.0,0,0,1,0.0,0.0,990497804239,1
상품,신발(노다),001A,001A-ASTRAL-M,트레일,신발,260,001A-ASTRAL-M(260),,132872637,"남,여",개,26SS,,2026-02-09,2026-02-09,"399,000.00","219,450.00","219,450.00",사용,31888,1,0,0,6,4,0,0.0,0.0,0.0,0,0,1,0.0,0.0,990497801085,1
상품,신발(노다),001A,001A-ASTRAL-M,트레일,신발,265,001A-ASTRAL-M(265),,132872637,"남,여",개,26SS,,2026-02-09,2026-02-09,"399,000.00","219,450.00","219,450.00",사용,31889,1,2,-2,6,5,0,0.0,0.0,0.0,0,0,1,0.0,0.0,990497801092,1
상품,신발(노다),001A,001A-ASTRAL-M,트레일,신발,270,001A-ASTRAL-M(270),,132872637,"남,여",개,26SS,,2026-02-09,2026-02-09,"399,000.00","219,450.00","219,450.00",사용,31890,1,1,-1,6,5,0,0.0,0.0,0.0,0,0,1,0.0,0.0,990497801108,1
상품,신발(노다),001A,001A-ASTRAL-M,트레일,신발,275,001A-ASTRAL-M(275),,132872637,"남,여",개,26SS,,2026-02-09,2026-02-09,"399,000.00","219,450.00","219,450.00",사용,31891,1,0,0,6,5,1,20.0,1.7,0.4,0,0,1,1.7,0.4,990497801115,1
상품,신발(노다),001A,001A-ASTRAL-M,트레일,신발,285,001A-ASTRAL-M(285),,132872637,"남,여",개,26SS,,2026-02-09,2026-02-09,"399,000.00","219,450.00","219,450.00",사용,31893,1,0,0,6,3,0,0.0,0.0,0.0,0,0,1,0.0,0.0,990497801139,1
상품,신발(노다),001A,001A-HORIZON-M,트레일,신발,265,001A-HORIZON-M(265),,132872635,"남,여",개,26SS,,2026-02-09,2026-02-09,"399,000.00","219,450.00","219,450.00",사용,31868,1,1,-1,6,5,1,20.0,1.7,0.4,0,0,1,1.7,0.4,990497800880,1
상품,신발(노다),001A,001A-HORIZON-M,트레일,신발,270,001A-HORIZON-M(270),,132872635,"남,여",개,26SS,,2026-02-09,2026-02-09,"399,000.00","219,450.00","219,450.00",사용,31869,1,2,-2,6,5,0,0.0,0.0,0.0,0,0,1,0.0,0.0,990497800897,1
상품,신발(노다),001A,001A-HORIZON-M,트레일,신발,275,001A-HORIZON-M(275),,132872635,"남,여",개,26SS,,2026-02-09,2026-02-09,"399,000.00","219,450.00","219,450.00",사용,31870,1,0,0,6,5,0,0.0,0.0,0.0,0,0,1,0.0,0.0,990497800903,1
상품,신발(노다),001A,001A-HORIZON-M,트레일,신발,280,001A-HORIZON-M(280),,132872635,"남,여",개,26SS,,2026-02-09,2026-02-09,"399,000.00","219,450.00","219,450.00",사용,31871,1,0,0,6,4,0,0.0,0.0,0.0,0,0,1,0.0,0.0,990497800910,1
상품,신발(노다),001A,001A-HORIZON-M,트레일,신발,285,001A-HORIZON-M(285),,132872635,"남,여",개,26SS,,2026-02-09,2026-02-09,"399,000.00","219,450.00","219,450.00",사용,31872,1,1,-1,6,3,0,0.0,0.0,0.0,0,0,1,0.0,0.0,990497800927,1
상품,신발(노다),001A,001A-SKY-M,트레일,신발,260,001A-SKY-M(260),,132872626,"남,여",개,26SS,,2026-02-09,2026-02-09,"399,000.00","219,450.00","219,450.00",사용,31846,1,0,0,6,2,0,0.0,0.0,0.0,0,0,1,0.0,0.0,990497800668,1
상품,신발(노다),001A,001A-SKY-M,트레일,신발,265,001A-SKY-M(265),,132872626,"남,여",개,26SS,,2026-02-09,2026-02-09,"399,000.00","219,450.00","219,450.00",사용,31847,1,0,0,6,3,0,0.0,0.0,0.0,0,0,1,0.0,0.0,990497800675,1
상품,신발(노다),001A,001A-SKY-M,트레일,신발,270,001A-SKY-M(270),,132872626,"남,여",개,26SS,,2026-02-09,2026-02-09,"399,000.00","219,450.00","219,450.00",사용,31848,1,1,-1,6,3,0,0.0,0.0,0.0,0,0,1,0.0,0.0,990497800682,1
상품,신발(노다),001A,001A-SKY-M,트레일,신발,275,001A-SKY-M(275),,132872626,"남,여",개,26SS,,2026-02-09,2026-02-09,"399,000.00","219,450.00","219,450.00",사용,31849,1,0,0,6,3,0,0.0,0.0,0.0,0,0,1,0.0,0.0,990497800699,1
상품,신발(노다),001A,001A-SKY-M,트레일,신발,280,001A-SKY-M(280),,132872626,"남,여",개,26SS,,2026-02-09,2026-02-09,"399,000.00","219,450.00","219,450.00",사용,31850,1,0,0,6,3,0,0.0,0.0,0.0,0,0,1,0.0,0.0,990497800705,1
상품,신발(노다),001A,001A-SKY-M,트레일,신발,285,001A-SKY-M(285),,132872626,"남,여",개,26SS,,2026-02-09,2026-02-09,"399,000.00","219,450.00","219,450.00",사용,31851,1,0,0,6,2,0,0.0,0.0,0.0,0,0,1,0.0,0.0,990497800712,1
상품,신발(노다),001A,001A-SKY-W,트레일,신발,235,001A-SKY-W(235),,132872624,"남,여",개,26SS,,2026-02-09,2026-02-09,"399,000.00","219,450.00","219,450.00",사용,31778,1,0,0,6,1,0,0.0,0.0,0.0,0,0,1,0.0,0.0,990497800583,1
상품,신발(노다),001A,001A-SKY-W,트레일,신발,250,001A-SKY-W(250),,132872624,"남,여",개,26SS,,2026-02-09,2026-02-09,"399,000.00","219,450.00","219,450.00",사용,31781,1,0,0,6,1,0,0.0,0.0,0.0,0,0,1,0.0,0.0,990497800613,1
상품,신발(노다),001A,001-LOAM-M,트레일,신발,260,001-LOAM-M(260),,131491124,남성,개,25FW,,2025-08-26,2025-08-26,"399,000.00","208,450.00","208,450.00",사용,21655,1,0,0,12,1,0,0.0,0.0,0.0,0,0,1,0.0,0.0,872236014621,1
상품,신발(노다),001A,001-LOAM-M,트레일,신발,290,001-LOAM-M(290),,131491124,남성,개,25FW,,2025-08-26,2025-08-26,"399,000.00","208,450.00","208,450.00",사용,21661,1,0,0,12,1,0,0.0,0.0,0.0,0,0,1,0.0,0.0,872236014683,1
상품,신발(노다),002,002-CINDER-M,트레일,신발,285,002-CINDER-M(285),,131750751,남성,개,25FW,,2025-09-24,2025-09-24,"399,000.00","219,450.00","219,450.00",사용,21702,1,0,0,11,2,0,0.0,0.0,0.0,0,0,1,0.0,0.0,872236008392,1
상품,신발(노다),005,005-COMET-M,트레일,신발,260,005-COMET-M(260),,133217923,남성,개,26SS,,2026-03-16,2026-03-16,"429,000.00","235,950.00","235,950.00",사용,31930,1,1,-1,5,3,0,0.0,0.0,0.0,0,0,1,0.0,0.0,990497802136,1
상품,신발(노다),005,005-COMET-M,트레일,신발,265,005-COMET-M(265),,133217923,남성,개,26SS,,2026-03-16,2026-03-16,"429,000.00","235,950.00","235,950.00",사용,31931,1,0,0,5,4,0,0.0,0.0,0.0,0,0,1,0.0,0.0,990497802143,1
상품,신발(노다),005,005-COMET-M,트레일,신발,270,005-COMET-M(270),,133217923,남성,개,26SS,,2026-03-16,2026-03-16,"429,000.00","235,950.00","235,950.00",사용,31932,1,0,0,5,4,0,0.0,0.0,0.0,0,0,1,0.0,0.0,990497802150,1
상품,신발(노다),005,005-COMET-M,트레일,신발,275,005-COMET-M(275),,133217923,남성,개,26SS,,2026-03-16,2026-03-16,"429,000.00","235,950.00","235,950.00",사용,31933,1,0,0,5,4,0,0.0,0.0,0.0,0,0,1,0.0,0.0,990497802167,1
상품,신발(노다),005,005-COMET-M,트레일,신발,280,005-COMET-M(280),,133217923,남성,개,26SS,,2026-03-16,2026-03-16,"429,000.00","235,950.00","235,950.00",사용,31934,1,0,0,5,3,0,0.0,0.0,0.0,0,0,1,0.0,0.0,990497802174,1
상품,신발(노다),005,005-LASER-M,트레일,신발,260,005-LASER-M(260),,133217787,남성,개,26SS,,2026-03-16,2026-03-16,"429,000.00","235,950.00","235,950.00",사용,31909,1,0,0,5,3,0,0.0,0.0,0.0,0,0,1,0.0,0.0,990497801924,1
상품,신발(노다),005,005-LASER-M,트레일,신발,270,005-LASER-M(270),,133217787,남성,개,26SS,,2026-03-16,2026-03-16,"429,000.00","235,950.00","235,950.00",사용,31911,1,0,0,5,4,0,0.0,0.0,0.0,0,0,1,0.0,0.0,990497801948,1
상품,신발(노다),005,005-LASER-M,트레일,신발,275,005-LASER-M(275),,133217787,남성,개,26SS,,2026-03-16,2026-03-16,"429,000.00","235,950.00","235,950.00",사용,31912,1,0,0,5,4,0,0.0,0.0,0.0,0,0,1,0.0,0.0,990497801955,1
상품,용품(노다),008,008-NEVE-U,리커버리 슬라이드,용품,260,008-NEVE-U(260),(남)노다 슬라이드,131038554,공용,개,25FW,,2025-06-27,2025-06-27,"179,000.00","98,450.00","98,450.00",사용,21754,1,0,0,14,2,0,0.0,0.0,0.0,0,0,1,0.0,0.0,872236015376,1
상품,용품(노다),008,008-NEVE-U,리커버리 슬라이드,용품,280,008-NEVE-U(280),(남)노다 슬라이드,131038554,공용,개,25FW,,2025-06-27,2025-06-27,"179,000.00","98,450.00","295,350.00",사용,21756,3,0,0,14,4,0,0.0,0.0,0.0,0,0,3,0.0,0.0,872236015390,3
상품,용품(가민),포러너 55,010-02562-50,시계,용품,1SIZE,010-02562-50(1SIZE),,123228485,공용,개,24FW,,2024-08-29,2024-10-21,"169,000.00","166,738.70","333,477.41",사용,10140,2,0,0,24,31,0,0.0,0.0,0.0,0,0,2,0.0,0.0,753759283322,2
상품,용품(가민),포러너 55,010-02562-51,시계,용품,1SIZE,010-02562-51(1SIZE),,123228492,공용,개,24FW,,2024-08-29,2024-10-21,"169,000.00","165,275.00","165,275.00",사용,10141,1,0,0,24,16,0,0.0,0.0,0.0,0,0,1,0.0,0.0,753759283339,1
상품,용품(가민),포러너 55,010-02562-53,시계,용품,1SIZE,010-02562-53(1SIZE),,123228488,공용,개,24FW,,2024-08-29,2024-10-21,"169,000.00","165,275.00","165,275.00",사용,10157,1,0,0,24,16,0,0.0,0.0,0.0,0,0,1,0.0,0.0,753759283353,1
상품,용품(가민),인스팅트 2,010-02626-50,시계,용품,1SIZE,010-02626-50(1SIZE),,123235580,공용,개,24FW,,2024-08-29,2024-10-21,"229,000.00","246,583.33","246,583.33",사용,10142,1,0,0,24,6,0,0.0,0.0,0.0,0,0,1,0.0,0.0,753759293888,1
상품,용품(가민),인스팅트 2 카모 에디션,010-02626-53,시계,용품,1SIZE,010-02626-53(1SIZE),,123235581,공용,개,24FW,2024-10-17,2024-08-29,2024-10-21,"229,000.00","278,300.00","278,300.00",사용,10143,1,0,0,24,6,0,0.0,0.0,0.0,0,0,1,0.0,0.0,753759293918,1
상품,용품(가민),포러너 965,010-02809-70,시계,용품,1SIZE,010-02809-70(1SIZE),,123228174,공용,개,25SS,,2025-05-08,2025-05-08,"819,000.00","574,200.00","1,722,600.00",사용,10148,3,0,0,15,5,0,0.0,0.0,0.0,0,0,3,0.0,0.0,753759318390,3
상품,용품(가민),포러너 965,010-02809-71,시계,용품,1SIZE,010-02809-71(1SIZE),,123228293,공용,개,25SS,,2025-05-08,2025-05-08,"819,000.00","574,200.00","1,148,400.00",사용,10149,2,0,0,15,2,0,0.0,0.0,0.0,0,0,2,0.0,0.0,753759318406,2
상품,용품(가민),포러너 965,010-02809-72,시계,용품,1SIZE,010-02809-72(1SIZE),,123228175,공용,개,25SS,,2025-05-08,2025-05-08,"819,000.00","574,200.00","574,200.00",사용,10150,1,0,0,15,2,0,0.0,0.0,0.0,0,0,1,0.0,0.0,753759318413,1
상품,용품(가민),포러너 265 뮤직,010-02810-50,시계,용품,1SIZE,010-02810-50(1SIZE),,123228295,공용,개,25SS,2025-07-23,2025-10-10,2025-10-10,"589,000.00",0.00,0.00,사용,10151,1,0,0,10,0,0,0.0,0.0,0.0,0,0,1,0.0,0.0,753759318635,1
상품,용품(가민),포러너 265S 뮤직,010-02810-53,시계,용품,1SIZE,010-02810-53(1SIZE),,133394587,공용,개,26SS,,2026-04-10,2026-04-10,"589,000.00","412,500.00","412,500.00",사용,34230,1,0,0,4,7,0,0.0,0.0,0.0,0,0,1,0.0,0.0,753759318666,1
상품,용품(가민),포러너 165,010-02863-AC,시계,용품,1SIZE,010-02863-AC(1SIZE),,133394582,공용,개,26SS,,2026-04-10,2026-05-20,"399,000.00","212,300.00","212,300.00",사용,34232,1,0,0,4,20,1,5.0,1.7,0.4,0,0,1,1.7,0.4,,1
상품,용품(가민),포러너 165,010-02863-AD,시계,용품,1SIZE,010-02863-AD(1SIZE),,133394581,공용,개,26SS,,2026-04-10,2026-05-20,"399,000.00","212,300.00","424,600.00",사용,34233,2,0,0,4,17,0,0.0,0.0,0.0,0,0,2,0.0,0.0,,2
상품,용품(가민),포러너 165 뮤직,010-02863-B0,시계,용품,1SIZE,010-02863-B0(1SIZE),,123228303,공용,개,24FW,,2024-08-29,2024-10-21,"459,000.00","291,500.00","291,500.00",사용,10155,1,0,0,24,3,0,0.0,0.0,0.0,0,0,1,0.0,0.0,753759336813,1
상품,용품(가민),포러너 165 뮤직,010-02863-B1,시계,용품,1SIZE,010-02863-B1(1SIZE),,123228298,공용,개,24FW,,2024-08-29,2024-10-21,"459,000.00","316,525.00","2,215,675.00",사용,10156,7,0,0,24,16,0,0.0,0.0,0.0,0,0,7,0.0,0.0,753759336820,7
상품,용품(가민),피닉스 8 43mm,010-02903-17,시계,용품,1SIZE,010-02903-17(1SIZE),,129512897,공용,개,24FW,,2024-09-11,2024-10-21,"1,690,000.00","1,127,316.66","1,127,316.66",사용,10323,1,1,-1,23,6,0,0.0,0.0,0.0,0,0,1,0.0,0.0,,1
상품,용품(가민),피닉스 8 47mm,010-02904-18,시계,용품,1SIZE,010-02904-18(1SIZE),,129512898,공용,개,24FW,,2024-09-11,2024-10-21,"1,690,000.00","1,127,316.66","1,127,316.66",사용,10324,1,0,0,23,6,0,0.0,0.0,0.0,0,0,1,0.0,0.0,,1
상품,용품(가민),피닉스 8 47mm,010-02904-28,시계,용품,1SIZE,010-02904-28(1SIZE),,129512899,공용,개,24FW,,2024-09-11,2024-10-21,"1,690,000.00","1,127,316.66","1,127,316.66",사용,10325,1,0,0,23,6,0,0.0,0.0,0.0,0,0,1,0.0,0.0,,1
상품,용품(가민),피닉스 8 51mm,010-02905-64,시계,용품,1SIZE,010-02905-64(1SIZE),,129512902,공용,개,24FW,,2024-09-11,2024-10-21,"1,890,000.00","1,260,416.66","2,520,833.33",사용,10326,2,1,-1,23,6,0,0.0,0.0,0.0,0,0,2,0.0,0.0,,2
상품,용품(가민),인스팅트 3 45mm,010-02936-40,시계,용품,1SIZE,010-02936-40(1SIZE),,132872590,공용,개,25SS,,2025-02-20,2025-02-20,"669,000.00","468,600.00","468,600.00",사용,17450,1,0,0,18,4,0,0.0,0.0,0.0,0,0,1,0.0,0.0,,1
상품,용품(가민),인스팅트 3 45mm (DEMO),010-02936-40DEMO,시계,용품,1SIZE,010-02936-40DEMO(1SIZE),,,공용,개,25SS,,2025-02-20,2025-02-20,"669,000.00","335,500.00","335,500.00",사용,17451,1,0,0,18,1,0,0.0,0.0,0.0,0,0,1,0.0,0.0,,1
상품,용품(가민),포러너 970,010-02969-60,시계,용품,1SIZE,010-02969-60(1SIZE),,130429700,공용,개,25FW,,2025-10-17,2025-10-17,"1,089,000.00","762,300.00","1,524,600.00",사용,19728,2,0,0,10,20,0,0.0,0.0,0.0,0,0,2,0.0,0.0,753759354695,2
상품,용품(가민),포러너 970,010-02969-60-DEMO,시계,용품,1SIZE,010-02969-60-DEMO(1SIZE),,,공용,개,25SS,,2025-05-26,2025-05-26,"1,089,000.00","544,500.00","544,500.00",사용,19740,1,0,0,15,1,0,0.0,0.0,0.0,0,0,1,0.0,0.0,,1
상품,용품(가민),포러너 970 (DEMO),010-02969-61-DEMO,시계,용품,1SIZE,010-02969-61-DEMO(1SIZE),,,공용,개,25SS,,2025-05-26,2025-05-26,"1,089,000.00","544,500.00","544,500.00",사용,19741,1,0,0,15,1,0,0.0,0.0,0.0,0,0,1,0.0,0.0,,1
상품,용품(가민),포러너 970,010-02969-62,시계,용품,1SIZE,010-02969-62(1SIZE),,130429751,공용,개,25FW,,2025-10-17,2025-10-17,"1,089,000.00","762,300.00","762,300.00",사용,19730,1,0,0,10,5,0,0.0,0.0,0.0,0,0,1,0.0,0.0,753759354718,1
상품,용품(가민),포러너 970 (DEMO),010-02969-62-DEMO,시계,용품,1SIZE,010-02969-62-DEMO(1SIZE),,,공용,개,25SS,,2025-05-26,2025-05-26,"1,089,000.00","544,500.00","544,500.00",사용,19742,1,0,0,15,1,0,0.0,0.0,0.0,0,0,1,0.0,0.0,,1
상품,용품(가민),포러너 570 (DEMO),010-02970-42-DEMO,시계,용품,1SIZE,010-02970-42-DEMO(1SIZE),,,공용,개,25SS,,2025-05-26,2025-05-26,"799,000.00","400,400.00","400,400.00",사용,19736,1,0,0,15,1,0,0.0,0.0,0.0,0,0,1,0.0,0.0,,1
상품,용품(가민),포러너 570 47mm (DEMO),010-02971-40-DEMO,시계,용품,1SIZE,010-02971-40-DEMO(1SIZE),,,공용,개,25SS,,2025-05-26,2025-05-26,"799,000.00","400,400.00","400,400.00",사용,19737,1,0,0,15,1,0,0.0,0.0,0.0,0,0,1,0.0,0.0,,1
상품,용품(가민),포러너 570 47mm (DEMO),010-02971-41-DEMO,시계,용품,1SIZE,010-02971-41-DEMO(1SIZE),,,공용,개,25SS,,2025-05-26,2025-05-26,"799,000.00","400,400.00","400,400.00",사용,19738,1,0,0,15,1,0,0.0,0.0,0.0,0,0,1,0.0,0.0,,1
상품,용품(가민),포러너 570 47mm,010-02971-42,시계,용품,1SIZE,010-02971-42(1SIZE),,130430440,공용,개,25FW,,2025-10-17,2025-10-17,"799,000.00","559,900.00","559,900.00",사용,19733,1,0,0,10,2,0,0.0,0.0,0.0,0,0,1,0.0,0.0,753759354596,1
상품,용품(가민),포러너 570 47mm (DEMO),010-02971-42-DEMO,시계,용품,1SIZE,010-02971-42-DEMO(1SIZE),,,공용,개,25SS,,2025-05-26,2025-05-26,"799,000.00","400,400.00","400,400.00",사용,19739,1,0,0,15,1,0,0.0,0.0,0.0,0,0,1,0.0,0.0,,1
상품,용품(가민),포러너 170,010-03920-50,시계,용품,1SIZE,010-03920-50(1SIZE),,133710770,공용,개,26SS,,2026-05-26,2026-05-26,"479,000.00","335,500.00","335,500.00",사용,36322,1,1,-1,3,3,0,0.0,0.0,0.0,0,0,1,0.0,0.0,,1
상품,용품(가민),"Forerunner 170, GPS, Black/Amp Yellow, KOR/SEA,A05206 데모",010-03920-50DEMO,시계,용품,1SIZE,010-03920-50DEMO(1SIZE),,,공용,개,26SS,,2026-05-26,2026-05-26,"527,560.00","239,800.00","239,800.00",사용,36323,1,0,0,3,2,0,0.0,0.0,0.0,0,0,1,0.0,0.0,,1
상품,용품(가민),포러너 170,010-03920-51,시계,용품,1SIZE,010-03920-51(1SIZE),,133689273,공용,개,26SS,,2026-05-26,2026-05-26,"479,000.00","335,500.00","335,500.00",사용,36324,1,1,-1,3,3,0,0.0,0.0,0.0,0,0,1,0.0,0.0,,1
상품,용품(가민),포러너 170 뮤직,010-03920-52,시계,용품,1SIZE,010-03920-52(1SIZE),,133689275,공용,개,26SS,,2026-05-26,2026-05-26,"559,000.00","391,600.00","391,600.00",사용,36325,1,1,-1,3,3,0,0.0,0.0,0.0,0,0,1,0.0,0.0,,1
상품,용품(가민),"Forerunner170Music,GPS,WiFi,W-Stone/CloudBlue,KOR/SEA,AA5206 데모",010-03920-53DEMO,시계,용품,1SIZE,010-03920-53DEMO(1SIZE),,,공용,개,26SS,,2026-05-26,2026-05-26,"617,100.00","280,500.00","280,500.00",사용,36326,1,0,0,3,2,0,0.0,0.0,0.0,0,0,1,0.0,0.0,,1
상품,용품(가민),포러너 70,010-04307-10,시계,용품,1SIZE,010-04307-10(1SIZE),,133689228,공용,개,26SS,,2026-05-26,2026-05-26,"399,000.00","279,400.00","279,400.00",사용,36327,1,2,-2,3,5,1,20.0,1.7,0.4,0,0,1,1.7,0.4,,1
상품,용품(가민),"Forerunner 70, GPS, Black, TWN/KOR/SEA,AB5206 데모",010-04307-10DEMO,시계,용품,1SIZE,010-04307-10DEMO(1SIZE),,,공용,개,26SS,,2026-05-26,2026-05-26,"440,440.00","200,200.00","200,200.00",사용,36328,1,0,0,3,2,0,0.0,0.0,0.0,0,0,1,0.0,0.0,,1
상품,용품(가민),포러너 70,010-04307-11,시계,용품,1SIZE,010-04307-11(1SIZE),,133689226,공용,개,26SS,,2026-05-26,2026-05-26,"399,000.00","279,400.00","279,400.00",사용,36329,1,1,-1,3,3,0,0.0,0.0,0.0,0,0,1,0.0,0.0,,1
상품,신발(우포스),오리지널,1000Black,리커버리 슬라이드,신발,250,1000Black(250),,133218058,공용,개,26SS,,2026-03-12,2026-03-12,"69,000.00","37,950.00","37,950.00",사용,32395,1,0,0,5,10,0,0.0,0.0,0.0,0,0,1,0.0,0.0,UPSO6G965BK250,1
상품,신발(우포스),오리지널,1000Black,리커버리 슬라이드,신발,260,1000Black(260),,133218058,공용,개,26SS,,2026-03-12,2026-03-12,"69,000.00","37,950.00","75,900.00",사용,32396,2,0,0,5,20,0,0.0,0.0,0.0,0,0,2,0.0,0.0,UPSO6G965BK260,2
상품,신발(우포스),오리지널,1000Black,리커버리 슬라이드,신발,270,1000Black(270),,133218058,공용,개,26SS,,2026-03-12,2026-03-12,"69,000.00","37,950.00","113,850.00",사용,32397,3,1,-1,5,30,4,13.3,1.2,0.3,0,0,3,1.2,0.3,UPSO6G965BK270,3
상품,신발(우포스),오리지널,1000Black,리커버리 슬라이드,신발,280,1000Black(280),,133218058,공용,개,26SS,,2026-03-12,2026-03-12,"69,000.00","37,950.00","37,950.00",사용,32398,1,0,0,5,30,3,10.0,0.5,0.1,0,0,1,0.5,0.1,UPSO6G965BK280,1
상품,의류(새티스파이),오라라이트 티셔츠,11000-00001,반팔티셔츠,의류,M,11000-00001(M),,133464252,남성,개,26SS,,2026-04-21,2026-04-21,"200,000.00","110,000.00","110,000.00",사용,32292,1,0,0,4,8,0,0.0,0.0,0.0,0,0,1,0.0,0.0,3701313814946,1
상품,의류(새티스파이),오라라이트 티셔츠,11000-91001,반팔티셔츠,의류,M,11000-91001(M),,133689207,남성,개,26SS,,2026-05-20,2026-05-20,"200,000.00","110,000.00","110,000.00",사용,32305,1,0,0,3,4,0,0.0,0.0,0.0,0,0,1,0.0,0.0,3701313815059,1
상품,의류(새티스파이),모스테크 티셔츠,11006-00A04,반팔티셔츠,의류,M,11006-00A04(M),,133464254,남성,개,26SS,,2026-04-21,2026-04-21,"240,000.00","132,000.00","132,000.00",사용,32318,1,0,0,4,9,0,0.0,0.0,0.0,0,0,1,0.0,0.0,3701313811945,1
상품,신발(우포스),우아,1100Black,리커버리 슬라이드,신발,260,1100Black(260),,133218054,공용,개,26SS,,2026-03-12,2026-03-12,"69,000.00","37,950.00","37,950.00",사용,32406,1,5,-5,5,20,1,5.0,1.7,0.4,0,0,1,1.7,0.4,UPSO6G966BK260,1
상품,신발(우포스),우아,1100Black,리커버리 슬라이드,신발,270,1100Black(270),,133218054,공용,개,26SS,,2026-03-12,2026-03-12,"69,000.00","37,950.00","75,900.00",사용,32407,2,0,0,5,30,0,0.0,0.0,0.0,0,0,2,0.0,0.0,UPSO6G966BK270,2
상품,신발(우포스),우아,1100Black,리커버리 슬라이드,신발,280,1100Black(280),,133218054,공용,개,26SS,,2026-03-12,2026-03-12,"69,000.00","37,950.00","113,850.00",사용,32408,3,0,0,5,10,2,20.0,2.5,0.6,0,0,3,2.5,0.6,UPSO6G966BK280,3
상품,신발(브룩스),하이페리온 GTS 2,1104331D443,로드,신발,255,1104331D443(255),그레이오렌지,123477838,남성,개,25SS,,2025-02-12,2025-02-12,"189,000.00","98,280.00","98,280.00",사용,9776,1,0,0,18,6,0,0.0,0.0,0.0,0,0,1,0.0,0.0,195394517408,1
상품,신발(브룩스),하이페리온 GTS 2,1104331D443,로드,신발,260,1104331D443(260),그레이오렌지,123477838,남성,개,24FW,,2024-08-26,2024-08-26,"189,000.00","103,950.00","103,950.00",사용,9777,1,4,-4,24,3,0,0.0,0.0,0.0,0,0,4,0.0,0.0,195394517415,1
상품,신발(브룩스),하이페리온 GTS 2,1104331D443,로드,신발,260,1104331D443(260),그레이오렌지,123477838,남성,개,25SS,,2025-02-12,2025-02-12,"189,000.00","98,280.00","294,840.00",사용,9777,3,4,-4,18,9,0,0.0,0.0,0.0,0,0,4,0.0,0.0,195394517415,3
상품,신발(브룩스),하이페리온 GTS 2,1104331D443,로드,신발,265,1104331D443(265),그레이오렌지,123477838,남성,개,25SS,,2025-02-12,2025-02-12,"189,000.00","98,280.00","196,560.00",사용,9778,2,2,-2,18,9,0,0.0,0.0,0.0,0,0,2,0.0,0.0,195394517422,2
상품,신발(브룩스),아드레날린 GTS 25,1104541D020,로드,신발,265,1104541D020(265),,132629463,남성,개,26SS,,2026-01-19,2026-01-19,"189,000.00","103,950.00","103,950.00",사용,31285,1,0,0,7,4,0,0.0,0.0,0.0,0,0,1,0.0,0.0,195394662221,1
상품,신발(브룩스),아드레날린 GTS 25,1104541D020,로드,신발,275,1104541D020(275),,132629463,남성,개,26SS,,2026-01-19,2026-01-19,"189,000.00","103,950.00","103,950.00",사용,31287,1,0,0,7,3,0,0.0,0.0,0.0,0,0,1,0.0,0.0,195394662306,1
상품,신발(브룩스),아드레날린 GTS 25,1104541D020,로드,신발,280,1104541D020(280),,132629463,남성,개,26SS,,2026-01-19,2026-01-19,"189,000.00","103,950.00","103,950.00",사용,31288,1,0,0,7,2,0,0.0,0.0,0.0,0,0,1,0.0,0.0,195394662344,1
상품,신발(브룩스),아드레날린 GTS 25 (와이드),1104542E020,로드,신발,260,1104542E020(260),,132629462,남성,개,26SS,,2026-01-19,2026-01-19,"189,000.00","103,950.00","103,950.00",사용,31263,1,1,-1,7,3,0,0.0,0.0,0.0,0,1,1,0.0,0.0,195394662191,1
상품,신발(브룩스),아드레날린 GTS 25 (와이드),1104542E020,로드,신발,260,1104542E020(260),,132629462,남성,개,26FW,,2026-07-27,2026-07-27,"189,000.00","103,950.00","103,950.00",사용,31263,1,1,-1,1,3,0,0.0,0.0,0.0,0,1,1,0.0,0.0,195394662191,1
상품,신발(브룩스),아드레날린 GTS 25 (와이드),1104542E020,로드,신발,265,1104542E020(265),,132629462,남성,개,26FW,,2026-07-27,2026-07-27,"189,000.00","103,950.00","207,900.00",사용,31264,2,4,-4,1,7,0,0.0,0.0,0.0,0,0,2,0.0,0.0,195394662238,2
상품,신발(브룩스),아드레날린 GTS 25 (와이드),1104542E020,로드,신발,270,1104542E020(270),,132629462,남성,개,26SS,,2026-01-19,2026-01-19,"189,000.00","103,950.00","311,850.00",사용,31265,3,11,-11,7,7,0,0.0,0.0,0.0,0,0,3,0.0,0.0,195394662276,3
상품,신발(브룩스),아드레날린 GTS 25 (와이드),1104542E020,로드,신발,275,1104542E020(275),,132629462,남성,개,26SS,,2026-01-19,2026-01-19,"189,000.00","103,950.00","103,950.00",사용,31266,1,7,-7,7,6,0,0.0,0.0,0.0,0,0,3,0.0,0.0,195394662313,1
상품,신발(브룩스),아드레날린 GTS 25 (와이드),1104542E020,로드,신발,275,1104542E020(275),,132629462,남성,개,26FW,,2026-07-27,2026-07-27,"189,000.00","103,950.00","207,900.00",사용,31266,2,7,-7,1,12,0,0.0,0.0,0.0,0,0,3,0.0,0.0,195394662313,2
상품,신발(브룩스),아드레날린 GTS 25 (와이드),1104542E020,로드,신발,280,1104542E020(280),,132629462,남성,개,26FW,,2026-07-27,2026-07-27,"189,000.00","103,950.00","207,900.00",사용,31267,2,7,-7,1,10,0,0.0,0.0,0.0,0,0,2,0.0,0.0,195394662351,2
상품,신발(브룩스),아드레날린 GTS 25 (와이드),1104542E020,로드,신발,285,1104542E020(285),,132629462,남성,개,26FW,,2026-07-27,2026-07-27,"189,000.00","103,950.00","103,950.00",사용,31268,1,4,-4,1,6,0,0.0,0.0,0.0,0,0,1,0.0,0.0,195394662399,1
상품,신발(브룩스),아드레날린 GTS 25 (와이드),1104542E189,로드,신발,265,1104542E189(265),(남)그레이 와이드,132248643,남성,개,26FW,,2026-07-27,2026-07-27,"189,000.00","103,950.00","103,950.00",사용,27624,1,1,-1,1,3,0,0.0,0.0,0.0,0,0,1,0.0,0.0,195394673456,1
상품,신발(브룩스),아드레날린 GTS 25 (와이드),1104542E189,로드,신발,275,1104542E189(275),(남)그레이 와이드,132248643,남성,개,26SS,,2025-12-04,2025-12-04,"189,000.00","103,950.00","103,950.00",사용,27626,1,2,-2,8,6,0,0.0,0.0,0.0,0,0,2,0.0,0.0,195394675641,1
상품,신발(브룩스),아드레날린 GTS 25 (와이드),1104542E189,로드,신발,275,1104542E189(275),(남)그레이 와이드,132248643,남성,개,26FW,,2026-07-27,2026-07-27,"189,000.00","103,950.00","103,950.00",사용,27626,1,2,-2,1,4,0,0.0,0.0,0.0,0,0,2,0.0,0.0,195394675641,1
상품,신발(브룩스),아드레날린 GTS 25 (와이드),1104542E189,로드,신발,285,1104542E189(285),(남)그레이 와이드,132248643,남성,개,26FW,,2026-07-27,2026-07-27,"189,000.00","103,950.00","103,950.00",사용,27628,1,1,-1,1,3,1,33.3,1.7,0.4,0,1,0,0.0,0.0,195394675665,1
상품,신발(브룩스),글리세린 맥스 2,1104791D131,로드,신발,250,1104791D131(250),,132629460,남성,개,26SS,,2026-01-19,2026-01-19,"249,000.00","136,950.00","136,950.00",사용,31324,1,0,0,7,2,0,0.0,0.0,0.0,0,0,1,0.0,0.0,195394779226,1
상품,신발(브룩스),글리세린 맥스 2,1104791D131,로드,신발,265,1104791D131(265),,132629460,남성,개,26SS,,2026-01-19,2026-01-19,"249,000.00","136,950.00","136,950.00",사용,31327,1,2,-2,7,11,0,0.0,0.0,0.0,0,0,1,0.0,0.0,195394779257,1
상품,신발(브룩스),글리세린 맥스 2,1104791D131,로드,신발,270,1104791D131(270),,132629460,남성,개,26SS,,2026-01-19,2026-01-19,"249,000.00","136,950.00","136,950.00",사용,31328,1,2,-2,7,15,0,0.0,0.0,0.0,0,0,1,0.0,0.0,195394779264,1
상품,신발(브룩스),글리세린 맥스 2,1104791D131,로드,신발,275,1104791D131(275),,132629460,남성,개,26SS,,2026-01-19,2026-01-19,"249,000.00","136,950.00","136,950.00",사용,31329,1,2,-2,7,14,0,0.0,0.0,0.0,0,0,1,0.0,0.0,195394779271,1
상품,신발(브룩스),글리세린 맥스 2,1104791D131,로드,신발,280,1104791D131(280),,132629460,남성,개,26SS,,2026-01-19,2026-01-19,"249,000.00","136,950.00","136,950.00",사용,31330,1,0,0,7,12,1,8.3,1.7,0.4,0,0,1,1.7,0.4,195394779288,1
상품,신발(브룩스),글리세린 맥스 2,1104791D392,로드,신발,280,1104791D392(280),,132629459,남성,개,26SS,,2026-01-19,2026-01-19,"249,000.00","136,950.00","136,950.00",사용,31351,1,0,0,7,7,0,0.0,0.0,0.0,0,0,1,0.0,0.0,195394780031,1
상품,신발(브룩스),Ghost 18,1104931D020,로드,신발,265,1104931D020(265),,,남성,개,26FW,,2026-07-27,2026-07-27,"169,000.00","92,950.00","92,950.00",사용,40106,1,2,-2,1,4,0,0.0,0.0,0.0,0,0,1,0.0,0.0,195394868470,1
상품,신발(브룩스),Ghost 18,1104931D020,로드,신발,270,1104931D020(270),,,남성,개,26FW,,2026-07-27,2026-07-27,"169,000.00","92,950.00","92,950.00",사용,40107,1,3,-3,1,5,0,0.0,0.0,0.0,0,0,1,0.0,0.0,195394868494,1
상품,신발(브룩스),Ghost 18,1104931D020,로드,신발,275,1104931D020(275),,,남성,개,26FW,,2026-07-27,2026-07-27,"169,000.00","92,950.00","92,950.00",사용,40108,1,2,-2,1,4,0,0.0,0.0,0.0,0,0,1,0.0,0.0,195394868517,1
상품,신발(브룩스),Ghost 18,1104931D036,로드,신발,265,1104931D036(265),,,남성,개,26FW,,2026-07-27,2026-07-27,"169,000.00","92,950.00","92,950.00",사용,40128,1,2,-2,1,4,0,0.0,0.0,0.0,0,0,1,0.0,0.0,195394868777,1
상품,신발(브룩스),Ghost 18,1104931D036,로드,신발,270,1104931D036(270),,,남성,개,26FW,,2026-07-27,2026-07-27,"169,000.00","92,950.00","92,950.00",사용,40129,1,3,-3,1,5,0,0.0,0.0,0.0,0,0,1,0.0,0.0,195394868791,1
상품,신발(브룩스),Ghost 18,1104931D036,로드,신발,275,1104931D036(275),,,남성,개,26FW,,2026-07-27,2026-07-27,"169,000.00","92,950.00","92,950.00",사용,40130,1,2,-2,1,4,0,0.0,0.0,0.0,0,0,1,0.0,0.0,195394868814,1
상품,신발(브룩스),글리세린 GTS 23,1105031D092,로드,신발,250,1105031D092(250),,133431990,남성,개,26SS,,2026-04-14,2026-04-14,"209,000.00","114,950.00","114,950.00",사용,34272,1,0,0,4,2,0,0.0,0.0,0.0,0,0,1,0.0,0.0,195394775204,1
상품,신발(브룩스),글리세린 GTS 23,1105031D092,로드,신발,265,1105031D092(265),,133431990,남성,개,26SS,,2026-04-14,2026-04-14,"209,000.00","114,950.00","114,950.00",사용,34275,1,3,-3,4,8,0,0.0,0.0,0.0,0,1,0,0.0,0.0,195394775235,1
상품,신발(브룩스),글리세린 GTS 23,1105031D092,로드,신발,270,1105031D092(270),,133431990,남성,개,26SS,,2026-04-14,2026-04-14,"209,000.00","114,950.00","114,950.00",사용,34276,1,6,-6,4,10,0,0.0,0.0,0.0,0,0,1,0.0,0.0,195394775242,1
상품,신발(브룩스),글리세린 GTS 23,1105031D092,로드,신발,275,1105031D092(275),,133431990,남성,개,26SS,,2026-04-14,2026-04-14,"209,000.00","114,950.00","114,950.00",사용,34277,1,4,-4,4,8,1,12.5,1.7,0.4,0,0,1,1.7,0.4,195394775259,1
상품,신발(브룩스),글리세린 GTS 23,1105031D092,로드,신발,280,1105031D092(280),,133431990,남성,개,26SS,,2026-04-14,2026-04-14,"209,000.00","114,950.00","114,950.00",사용,34278,1,4,-4,4,8,0,0.0,0.0,0.0,0,1,0,0.0,0.0,195394775266,1
상품,신발(브룩스),글리세린 GTS 23 와이드,1105032E020,로드,신발,260,1105032E020(260),,133431989,남성,개,26SS,,2026-04-14,2026-04-14,"209,000.00","114,950.00","114,950.00",사용,34295,1,0,0,4,6,0,0.0,0.0,0.0,0,0,1,0.0,0.0,195394776225,1
상품,신발(브룩스),글리세린 GTS 23 와이드,1105032E020,로드,신발,265,1105032E020(265),,133431989,남성,개,26SS,,2026-04-14,2026-04-14,"209,000.00","114,950.00","229,900.00",사용,34296,2,0,0,4,10,0,0.0,0.0,0.0,0,0,2,0.0,0.0,195394776249,2
상품,신발(브룩스),글리세린 GTS 23 와이드,1105032E020,로드,신발,275,1105032E020(275),,133431989,남성,개,26SS,,2026-04-14,2026-04-14,"209,000.00","114,950.00","344,850.00",사용,34298,3,0,0,4,13,0,0.0,0.0,0.0,0,0,3,0.0,0.0,195394776287,3
상품,신발(브룩스),글리세린 GTS 23 와이드,1105032E020,로드,신발,285,1105032E020(285),,133431989,남성,개,26SS,,2026-04-14,2026-04-14,"209,000.00","114,950.00","114,950.00",사용,34300,1,0,0,4,10,0,0.0,0.0,0.0,0,0,1,0.0,0.0,195394776324,1
상품,의류(새티스파이),스페이스 오 싱글렛,11146-00001,싱글렛,의류,L,11146-00001(L),,133689203,남성,개,26SS,,2026-05-20,2026-05-20,"240,000.00","132,000.00","132,000.00",사용,36265,1,1,-1,3,6,0,0.0,0.0,0.0,0,0,1,0.0,0.0,3667386023909,1
상품,의류(새티스파이),스페이스 오 싱글렛,11146-11401,싱글렛,의류,M,11146-11401(M),,133689197,남성,개,26SS,,2026-05-20,2026-05-20,"240,000.00","132,000.00","132,000.00",사용,36272,1,0,0,3,4,0,0.0,0.0,0.0,0,0,1,0.0,0.0,3667386023978,1
상품,신발(호카),클리프톤 9 와이드,1132210-FTG,로드,신발,250,1132210-FTG(250),화이트블루,123233661,남성,개,24FW,,2024-08-20,2024-08-20,"199,000.00","122,850.00","122,850.00",사용,8266,1,0,0,24,1,0,0.0,0.0,0.0,0,0,1,0.0,0.0,197634443577,1
상품,신발(호카),텍톤 X 2,1134516-EPRY,트레일,신발,250,1134516-EPRY(250),,123233656,남성,개,24FW,,2024-08-21,2024-08-21,"299,000.00","194,350.00","194,350.00",사용,8161,1,0,0,24,3,0,0.0,0.0,0.0,0,0,1,0.0,0.0,196565566072,1
상품,신발(호카),마하 6,1147790-CLRSS,로드,신발,255,1147790-CLRSS(255),(남)피스타치오,131028988,남성,개,25FW,,2025-06-27,2025-06-27,"185,000.00","101,750.00","101,750.00",사용,20232,1,0,0,14,6,0,0.0,0.0,0.0,0,0,1,0.0,0.0,198605134869,1
상품,신발(호카),마하 6,1147790-CLRSS,로드,신발,270,1147790-CLRSS(270),(남)피스타치오,131028988,남성,개,25FW,,2025-06-27,2025-06-27,"185,000.00","101,750.00","101,750.00",사용,20235,1,0,0,14,10,0,0.0,0.0,0.0,0,0,1,0.0,0.0,198605134739,1
상품,신발(호카),마하 6,1147790-CLRSS,로드,신발,275,1147790-CLRSS(275),(남)피스타치오,131028988,남성,개,25FW,,2025-06-27,2025-06-27,"185,000.00","101,750.00","203,500.00",사용,20236,2,0,0,14,8,0,0.0,0.0,0.0,0,0,2,0.0,0.0,198605134906,2
상품,신발(호카),마하 6,1147790-FLV,레이싱,신발,275,1147790-FLV(275),,130816048,남성,개,25SS,,2025-02-25,2025-02-25,"185,000.00","101,750.00","101,750.00",사용,13182,1,1,-1,18,7,0,0.0,0.0,0.0,0,0,1,0.0,0.0,197634713748,1
상품,신발(호카),마하 6,1147790-SNTF,로드,신발,265,1147790-SNTF(265),(남)카키마하,131303587,남성,개,25FW,,2025-07-02,2025-07-02,"185,000.00","101,750.00","101,750.00",사용,20213,1,0,0,13,9,0,0.0,0.0,0.0,0,0,1,0.0,0.0,198605335396,1
상품,신발(호카),스피드고트 6 와이드,1147832-VYM,트레일,신발,230,1147832-VYM(230),,123477831,여성,개,24FW,,2024-08-21,2024-08-21,"205,000.00","133,250.00","133,250.00",사용,8367,1,0,0,24,4,0,0.0,0.0,0.0,0,0,1,0.0,0.0,197634617459,1
상품,신발(호카),스피드고트 6 와이드,1147832-VYM,트레일,신발,250,1147832-VYM(250),,123477831,여성,개,24FW,,2024-08-21,2024-08-21,"205,000.00","133,250.00","133,250.00",사용,8371,1,0,0,24,4,0,0.0,0.0,0.0,0,0,1,0.0,0.0,197634617527,1
상품,신발(호카),마하 6 와이드,1147833-DHN,레이싱,신발,265,1147833-DHN(265),코발트블루,124349643,남성,개,25SS,,2025-01-10,2025-01-10,"185,000.00","101,750.00","101,750.00",사용,13054,1,0,0,19,7,0,0.0,0.0,0.0,0,0,1,0.0,0.0,197634718644,1
상품,신발(호카),마파테 X,1161990-BCMN,트레일,신발,255,1161990-BCMN(255),,133315340,남성,개,26SS,,2026-03-27,2026-03-27,"299,000.00","164,450.00","328,900.00",사용,29982,2,2,-2,5,8,0,0.0,0.0,0.0,0,0,2,0.0,0.0,198605551727,2
상품,신발(호카),마파테 X,1161990-BCMN,트레일,신발,260,1161990-BCMN(260),,133315340,남성,개,26SS,,2026-03-27,2026-03-27,"299,000.00","164,450.00","328,900.00",사용,29983,2,4,-4,5,12,1,8.3,3.4,0.8,0,0,2,3.4,0.8,198605551758,2
상품,신발(호카),마파테 X,1161990-BCMN,트레일,신발,265,1161990-BCMN(265),,133315340,남성,개,26SS,,2026-03-27,2026-03-27,"299,000.00","164,450.00","493,350.00",사용,29984,3,4,-4,5,12,1,8.3,5.1,1.2,0,0,3,5.1,1.2,198605551741,3
상품,신발(호카),마파테 X,1161990-BCMN,트레일,신발,270,1161990-BCMN(270),,133315340,남성,개,26SS,,2026-03-27,2026-03-27,"299,000.00","164,450.00","328,900.00",사용,29985,2,3,-3,5,12,0,0.0,0.0,0.0,0,0,2,0.0,0.0,198605551772,2
상품,신발(호카),마파테 X,1161990-NNH,트레일,신발,250,1161990-NNH(250),주황,131618330,남성,개,25FW,,2025-08-20,2025-08-20,"299,000.00","164,450.00","164,450.00",사용,20357,1,0,0,12,1,0,0.0,0.0,0.0,0,0,1,0.0,0.0,198605163234,1
상품,신발(호카),마파테 X,1161990-NNH,트레일,신발,260,1161990-NNH(260),주황,131618330,남성,개,25FW,,2025-08-20,2025-08-20,"299,000.00","164,450.00","164,450.00",사용,20359,1,0,0,12,3,0,0.0,0.0,0.0,0,0,1,0.0,0.0,198605163258,1
상품,신발(호카),마파테 X,1161990-NNH,트레일,신발,265,1161990-NNH(265),주황,131618330,남성,개,25FW,,2025-08-20,2025-08-20,"299,000.00","164,450.00","164,450.00",사용,20360,1,0,0,12,4,0,0.0,0.0,0.0,0,0,1,0.0,0.0,198605163241,1
상품,신발(호카),마파테 X,1161990-NNH,트레일,신발,270,1161990-NNH(270),주황,131618330,남성,개,25FW,,2025-08-20,2025-08-20,"299,000.00","164,450.00","328,900.00",사용,20361,2,0,0,12,5,0,0.0,0.0,0.0,0,0,2,0.0,0.0,198605163272,2
상품,신발(호카),마파테 X,1161990-NNH,트레일,신발,280,1161990-NNH(280),주황,131618330,남성,개,25FW,,2025-08-20,2025-08-20,"299,000.00","164,450.00","164,450.00",사용,20363,1,0,0,12,1,0,0.0,0.0,0.0,0,0,1,0.0,0.0,198605163142,1
상품,신발(호카),마파테 X,1161990-NNH,트레일,신발,285,1161990-NNH(285),주황,131618330,남성,개,25FW,,2025-08-20,2025-08-20,"299,000.00","164,450.00","164,450.00",사용,20364,1,0,0,12,1,0,0.0,0.0,0.0,0,0,1,0.0,0.0,198605163319,1
상품,신발(호카),마파테 X,1161990-ZTM,트레일,신발,250,1161990-ZTM(250),마파X,130278020,남성,개,25SS,,2025-05-12,2025-05-12,"299,000.00","164,450.00","164,450.00",사용,12680,1,0,0,15,3,0,0.0,0.0,0.0,0,0,1,0.0,0.0,197634864501,1
상품,신발(호카),마파테 X,1162010-FPR,트레일,신발,240,1162010-FPR(240),마파X(여성),130278021,여성,개,25SS,,2025-05-12,2025-05-12,"299,000.00","164,450.00","164,450.00",사용,12699,1,0,0,15,4,0,0.0,0.0,0.0,0,0,1,0.0,0.0,197634739007,1
상품,신발(호카),본디 9,1162011-SNTF,로드,신발,280,1162011-SNTF(280),(남)카키,131028973,남성,개,25FW,,2025-06-27,2025-06-27,"229,000.00","120,450.00","120,450.00",사용,20132,1,0,0,14,3,0,0.0,0.0,0.0,0,0,1,0.0,0.0,198605164705,1
상품,신발(호카),본디 9,1162011-WWH,로드,신발,270,1162011-WWH(270),(남)화이트,127541525,남성,개,25SS,,2025-02-10,2025-02-10,"229,000.00","120,450.00","120,450.00",사용,12936,1,0,0,18,3,0,0.0,0.0,0.0,0,0,1,0.0,0.0,197634741963,1
상품,신발(호카),본디 9,1162011-WWH,로드,신발,275,1162011-WWH(275),(남)화이트,127541525,남성,개,25SS,,2025-02-10,2025-02-10,"229,000.00","120,450.00","120,450.00",사용,12937,1,0,0,18,3,0,0.0,0.0,0.0,0,0,1,0.0,0.0,197634741956,1
상품,신발(호카),본디 9 와이드,1162013-CYLT,로드,신발,255,1162013-CYLT(255),,133315330,남성,개,26SS,,2026-03-27,2026-03-27,"229,000.00","125,950.00","125,950.00",사용,30150,1,0,0,5,7,0,0.0,0.0,0.0,0,0,1,0.0,0.0,197634744940,1
상품,신발(호카),본디 9 와이드,1162013-CYLT,로드,신발,265,1162013-CYLT(265),,133315330,남성,개,26SS,,2026-03-27,2026-03-27,"229,000.00","125,950.00","251,900.00",사용,30152,2,0,0,5,9,0,0.0,0.0,0.0,0,0,2,0.0,0.0,197634744957,2
상품,신발(호카),본디 9 와이드,1162013-CYLT,로드,신발,270,1162013-CYLT(270),,133315330,남성,개,26SS,,2026-03-27,2026-03-27,"229,000.00","125,950.00","125,950.00",사용,30153,1,0,0,5,10,0,0.0,0.0,0.0,0,0,1,0.0,0.0,197634744988,1
상품,신발(호카),본디 9 와이드,1162013-DNP,로드,신발,250,1162013-DNP(250),돌핀,124349640,남성,개,25SS,,2025-01-10,2025-01-10,"229,000.00","120,450.00","120,450.00",사용,12827,1,0,0,19,3,0,0.0,0.0,0.0,0,0,1,0.0,0.0,197634745176,1
상품,신발(호카),본디 9 와이드,1162013-SCCG,로드,신발,255,1162013-SCCG(255),,133315337,남성,개,26SS,,2026-03-27,2026-03-27,"229,000.00","125,950.00","125,950.00",사용,30087,1,0,0,5,9,0,0.0,0.0,0.0,0,0,1,0.0,0.0,198605781308,1
상품,신발(호카),본디 9 와이드,1162013-SCCG,로드,신발,270,1162013-SCCG(270),,133315337,남성,개,26SS,,2026-03-27,2026-03-27,"229,000.00","125,950.00","251,900.00",사용,30090,2,0,0,5,12,0,0.0,0.0,0.0,0,0,2,0.0,0.0,198605781353,2
상품,신발(호카),본디 9 와이드,1162013-SCCG,로드,신발,275,1162013-SCCG(275),,133315337,남성,개,26SS,,2026-03-27,2026-03-27,"229,000.00","125,950.00","125,950.00",사용,30091,1,0,0,5,10,1,10.0,1.7,0.4,0,0,1,1.7,0.4,198605781346,1
상품,신발(호카),본디 9 와이드,1162013-SCCG,로드,신발,280,1162013-SCCG(280),,133315337,남성,개,26SS,,2026-03-27,2026-03-27,"229,000.00","125,950.00","125,950.00",사용,30092,1,0,0,5,6,1,16.6,1.7,0.4,0,0,1,1.7,0.4,198605781407,1
상품,신발(호카),본디 9 와이드,1162013-SCCG,로드,신발,285,1162013-SCCG(285),,133315337,남성,개,26SS,,2026-03-27,2026-03-27,"229,000.00","125,950.00","125,950.00",사용,30093,1,0,0,5,3,0,0.0,0.0,0.0,0,0,1,0.0,0.0,198605781391,1
상품,신발(호카),클리프톤 10 와이드,1162032-BBLC,로드,신발,265,1162032-BBLC(265),(남)클리프톤10블랙,129461595,남성,개,25FW,,2025-08-11,2025-08-11,"199,000.00","103,950.00","103,950.00",사용,12872,1,0,0,12,12,0,0.0,0.0,0.0,0,0,1,0.0,0.0,197634753171,1
상품,신발(호카),클리프톤 10 와이드,1162032-HSK,로드,신발,250,1162032-HSK(250),클리프톤 블루,129461599,남성,개,25SS,,2025-04-08,2025-04-08,"199,000.00","103,950.00","103,950.00",사용,12911,1,0,0,16,2,0,0.0,0.0,0.0,0,0,1,0.0,0.0,197634753423,1
상품,신발(호카),클리프톤 10 와이드,1162032-HSK,로드,신발,260,1162032-HSK(260),클리프톤 블루,129461599,남성,개,25SS,,2025-04-08,2025-04-08,"199,000.00","103,950.00","103,950.00",사용,12913,1,0,0,16,4,0,0.0,0.0,0.0,0,0,1,0.0,0.0,197634753447,1
상품,신발(호카),클리프톤 10 와이드,1162032-STLLR,로드,신발,265,1162032-STLLR(265),,132434077,남성,개,26SS,,2025-12-26,2025-12-26,"199,000.00","109,450.00","109,450.00",사용,30257,1,0,0,8,6,0,0.0,0.0,0.0,0,0,1,0.0,0.0,197634753812,1
상품,신발(호카),클리프톤 10 와이드,1162032-STLLR,로드,신발,270,1162032-STLLR(270),,132434077,남성,개,26SS,,2025-12-26,2025-12-26,"199,000.00","109,450.00","109,450.00",사용,30258,1,0,0,8,5,0,0.0,0.0,0.0,0,0,1,0.0,0.0,,1
상품,신발(호카),클리프톤 10 와이드,1162032-STLLR,로드,신발,275,1162032-STLLR(275),,132434077,남성,개,26SS,,2025-12-26,2025-12-26,"199,000.00","109,450.00","218,900.00",사용,30259,2,0,0,8,5,0,0.0,0.0,0.0,0,0,2,0.0,0.0,,2
상품,신발(호카),클리프톤 10 와이드,1162050-CRDS,로드,신발,230,1162050-CRDS(230),,133316433,여성,개,26SS,,2026-03-27,2026-03-27,"199,000.00","109,450.00","109,450.00",사용,30271,1,0,0,5,5,0,0.0,0.0,0.0,0,0,1,0.0,0.0,197634754796,1
상품,신발(호카),클리프톤 10 와이드,1162050-VCH,로드,신발,225,1162050-VCH(225),,132706718,여성,개,26SS,,,,"199,000.00",0.00,0.00,사용,30228,1,0,0,0,0,0,0.0,0.0,0.0,0,0,1,0.0,0.0,197634755113,1
상품,신발(호카),클리프톤 10 와이드,1162050-VCH,로드,신발,230,1162050-VCH(230),,132706718,여성,개,26SS,,2026-01-29,2026-01-29,"199,000.00","109,450.00","218,900.00",사용,30229,2,0,0,7,5,0,0.0,0.0,0.0,0,0,2,0.0,0.0,197634755120,2
상품,신발(호카),클리프톤 10 와이드,1162050-VCH,로드,신발,235,1162050-VCH(235),,132706718,여성,개,26SS,,2026-01-29,2026-01-29,"199,000.00","109,450.00","218,900.00",사용,30230,2,0,0,7,6,0,0.0,0.0,0.0,0,0,2,0.0,0.0,197634755137,2
상품,신발(호카),클리프톤 10 와이드,1162050-VCH,로드,신발,245,1162050-VCH(245),,132706718,여성,개,26SS,,2026-01-29,2026-01-29,"199,000.00","109,450.00","109,450.00",사용,30232,1,0,0,7,7,0,0.0,0.0,0.0,0,0,1,0.0,0.0,197634755182,1
상품,신발(호카),씨엘로 X1 2.0,1162053-FLCK,레이싱,신발,250,1162053-FLCK(250),(남)씨엘로블루,127541530,남성,개,25SS,,2025-02-10,2025-02-10,"329,000.00","180,950.00","180,950.00",사용,13009,1,0,0,18,3,0,0.0,0.0,0.0,0,0,1,0.0,0.0,197634757049,1
상품,신발(호카),씨엘로 X1 2.0,1162053-FLCK,레이싱,신발,255,1162053-FLCK(255),(남)씨엘로블루,127541530,남성,개,25SS,,2025-02-10,2025-02-10,"329,000.00","180,950.00","180,950.00",사용,13010,1,0,0,18,3,0,0.0,0.0,0.0,0,0,1,0.0,0.0,197634757032,1
상품,신발(호카),씨엘로 X1 2.0,1162053-FLCK,레이싱,신발,260,1162053-FLCK(260),(남)씨엘로블루,127541530,남성,개,25SS,,2025-02-10,2025-02-10,"329,000.00","180,950.00","180,950.00",사용,13011,1,0,0,18,5,0,0.0,0.0,0.0,0,0,1,0.0,0.0,197634757063,1
상품,신발(호카),씨엘로 X1 2.0,1162053-FLCK,레이싱,신발,270,1162053-FLCK(270),(남)씨엘로블루,127541530,남성,개,25SS,,2025-02-10,2025-02-10,"329,000.00","180,950.00","180,950.00",사용,13013,1,0,0,18,5,0,0.0,0.0,0.0,0,0,1,0.0,0.0,197634757087,1
상품,신발(호카),씨엘로 X1 2.0,1162053-FLCK,레이싱,신발,275,1162053-FLCK(275),(남)씨엘로블루,127541530,남성,개,25SS,,2025-02-10,2025-02-10,"329,000.00","180,950.00","180,950.00",사용,13014,1,0,0,18,5,0,0.0,0.0,0.0,0,0,1,0.0,0.0,197634757070,1
상품,신발(호카),씨엘로 X1 2.0,1162053-FLCK,레이싱,신발,280,1162053-FLCK(280),(남)씨엘로블루,127541530,남성,개,25SS,,2025-02-10,2025-02-10,"329,000.00","180,950.00","180,950.00",사용,13015,1,0,0,18,3,0,0.0,0.0,0.0,0,0,1,0.0,0.0,197634756905,1
상품,신발(호카),씨엘로 X1 2.0,1162053-SKYW,레이싱,신발,260,1162053-SKYW(260),(남)리뉴얼블루,131028978,남성,개,25FW,,2025-06-27,2025-06-27,"329,000.00","180,950.00","180,950.00",사용,20002,1,0,0,14,3,0,0.0,0.0,0.0,0,0,1,0.0,0.0,198605174049,1
상품,신발(호카),씨엘로 X1 2.0,1162053-SKYW,레이싱,신발,265,1162053-SKYW(265),(남)리뉴얼블루,131028978,남성,개,25FW,,2025-06-27,2025-06-27,"329,000.00","180,950.00","180,950.00",사용,20003,1,0,0,14,4,0,0.0,0.0,0.0,0,0,1,0.0,0.0,198605174025,1
상품,신발(호카),씨엘로 X1 2.0,1162053-SKYW,레이싱,신발,270,1162053-SKYW(270),(남)리뉴얼블루,131028978,남성,개,25FW,,2025-06-27,2025-06-27,"329,000.00","180,950.00","180,950.00",사용,20004,1,0,0,14,5,0,0.0,0.0,0.0,0,0,1,0.0,0.0,198605174063,1
상품,신발(호카),씨엘로 X1 2.0,1162053-SKYW,레이싱,신발,275,1162053-SKYW(275),(남)리뉴얼블루,131028978,남성,개,25FW,,2025-06-27,2025-06-27,"329,000.00","180,950.00","180,950.00",사용,20005,1,0,0,14,3,0,0.0,0.0,0.0,0,0,1,0.0,0.0,198605174056,1
상품,의류(호카),레이스데이 싱글렛,1164154-BLK,싱글렛,의류,M,1164154-BLK(M),,131441978,남성,개,25FW,,2025-06-27,2025-06-27,"105,000.00","57,750.00","57,750.00",사용,20426,1,0,0,14,3,0,0.0,0.0,0.0,0,0,1,0.0,0.0,198605326264,1
상품,의류(호카),레이스데이 싱글렛,1164154-BLK,싱글렛,의류,S,1164154-BLK(S),,131441978,남성,개,25FW,,2025-06-27,2025-06-27,"105,000.00","57,750.00","57,750.00",사용,20425,1,0,0,14,4,0,0.0,0.0,0.0,0,0,1,0.0,0.0,198605326318,1
상품,의류(호카),레이스데이 싱글렛,1164154-HKB,싱글렛,의류,L,1164154-HKB(L),,131442008,남성,개,25FW,,2025-06-27,2025-06-27,"105,000.00","57,750.00","57,750.00",사용,20435,1,0,0,14,2,0,0.0,0.0,0.0,0,0,1,0.0,0.0,,1
상품,의류(호카),레이스데이 싱글렛,1164154-HKB,싱글렛,의류,S,1164154-HKB(S),,131442008,남성,개,25FW,,2025-06-27,2025-06-27,"105,000.00","57,750.00","57,750.00",사용,20433,1,0,0,14,4,0,0.0,0.0,0.0,0,0,1,0.0,0.0,198605326387,1
상품,의류(호카),레이스 데이 싱글렛,1164154-HKCT,싱글렛,의류,L,1164154-HKCT(L),,127541528,남성,개,25SS,,2025-01-22,2025-01-22,"105,000.00","57,750.00","57,750.00",사용,12995,1,0,0,19,8,0,0.0,0.0,0.0,0,0,1,0.0,0.0,197634835211,1
상품,의류(호카),레이스데이 싱글렛,1164154-WHT,싱글렛,의류,L,1164154-WHT(L),,130816059,남성,개,25SS,,2025-02-24,2025-02-24,"105,000.00","57,750.00","57,750.00",사용,12987,1,0,0,18,6,0,0.0,0.0,0.0,0,0,1,0.0,0.0,197634835280,1
상품,의류(호카),레이스데이 싱글렛,1164154-WHT,싱글렛,의류,S,1164154-WHT(S),,130816059,남성,개,25SS,2025-03-27,2025-02-24,2025-02-24,"105,000.00","57,750.00","57,750.00",사용,12985,1,0,0,18,4,0,0.0,0.0,0.0,0,0,1,0.0,0.0,197634835341,1
상품,용품(호카),런 햇,1164330-HKB,모자,용품,1SIZE,1164330-HKB(1SIZE),,131441982,공용,개,25FW,,2025-06-23,2025-06-23,"45,000.00","24,750.00","49,500.00",사용,20389,2,0,0,14,10,0,0.0,0.0,0.0,0,0,2,0.0,0.0,197634838014,2
상품,신발(호카),아라히 8,1168690-TYS,로드,신발,265,1168690-TYS(265),(남)초록빛안정화,131079710,남성,개,25FW,,2025-07-02,2025-07-02,"199,000.00","107,250.00","107,250.00",사용,20150,1,0,0,13,6,0,0.0,0.0,0.0,0,0,1,0.0,0.0,198605183362,1
상품,신발(호카),아라히 8,1168690-TYS,로드,신발,270,1168690-TYS(270),(남)초록빛안정화,131079710,남성,개,25FW,,2025-07-02,2025-07-02,"199,000.00","107,250.00","214,500.00",사용,20151,2,0,0,13,5,0,0.0,0.0,0.0,0,0,2,0.0,0.0,198605183393,2
상품,신발(호카),마하 X 3,1168720-WNG,레이싱,신발,270,1168720-WNG(270),주황,131543909,남성,개,25FW,,2025-08-20,2025-08-20,"249,000.00","136,950.00","136,950.00",사용,20067,1,0,0,12,5,0,0.0,0.0,0.0,0,0,1,0.0,0.0,198605192357,1
상품,신발(호카),마파테 5,1168722-NNR,트레일,신발,255,1168722-NNR(255),빨강,131618323,남성,개,25FW,,2025-08-20,2025-08-20,"259,000.00","142,450.00","142,450.00",사용,20379,1,0,0,12,2,0,0.0,0.0,0.0,0,0,1,0.0,0.0,198605193033,1
상품,신발(호카),마파테 5,1168722-NNR,트레일,신발,260,1168722-NNR(260),빨강,131618323,남성,개,25FW,,2025-08-20,2025-08-20,"259,000.00","142,450.00","142,450.00",사용,20380,1,0,0,12,3,0,0.0,0.0,0.0,0,0,1,0.0,0.0,198605193064,1
상품,신발(호카),마파테 5,1168722-NNR,트레일,신발,265,1168722-NNR(265),빨강,131618323,남성,개,25FW,,2025-08-20,2025-08-20,"259,000.00","142,450.00","284,900.00",사용,20381,2,0,0,12,4,0,0.0,0.0,0.0,0,0,2,0.0,0.0,198605193057,2
상품,신발(호카),마파테 5,1168722-NNR,트레일,신발,270,1168722-NNR(270),빨강,131618323,남성,개,25FW,,2025-08-20,2025-08-20,"259,000.00","142,450.00","284,900.00",사용,20382,2,0,0,12,5,0,0.0,0.0,0.0,0,0,2,0.0,0.0,198605193088,2
상품,신발(호카),마파테 5,1168722-NNR,트레일,신발,275,1168722-NNR(275),빨강,131618323,남성,개,25FW,,2025-08-20,2025-08-20,"259,000.00","142,450.00","142,450.00",사용,20383,1,0,0,12,3,0,0.0,0.0,0.0,0,0,1,0.0,0.0,198605193071,1
상품,신발(호카),마파테 5,1168722-NNR,트레일,신발,280,1168722-NNR(280),빨강,131618323,남성,개,25FW,,2025-08-20,2025-08-20,"259,000.00","142,450.00","142,450.00",사용,20384,1,0,0,12,1,0,0.0,0.0,0.0,0,0,1,0.0,0.0,198605193132,1
상품,신발(호카),로켓 X 3,1168724-SNLG,레이싱,신발,250,1168724-SNLG(250),,131618322,남성,개,25FW,,2025-08-20,2025-08-20,"299,000.00","164,450.00","164,450.00",사용,20042,1,0,0,12,1,0,0.0,0.0,0.0,0,0,1,0.0,0.0,198605194443,1
상품,신발(호카),로켓 X 3,1168724-SNLG,레이싱,신발,275,1168724-SNLG(275),,131618322,남성,개,25FW,,2025-08-20,2025-08-20,"299,000.00","164,450.00","164,450.00",사용,20047,1,0,0,12,3,0,0.0,0.0,0.0,0,0,1,0.0,0.0,198605194504,1
상품,신발(호카),로켓 X 3,1168724-SNLG,레이싱,신발,280,1168724-SNLG(280),,131618322,남성,개,25FW,,2025-08-20,2025-08-20,"299,000.00","164,450.00","164,450.00",사용,20048,1,0,0,12,1,0,0.0,0.0,0.0,0,0,1,0.0,0.0,198605194290,1
상품,신발(호카),로켓 X 3,1168724-SNLG,레이싱,신발,285,1168724-SNLG(285),,131618322,남성,개,25FW,,2025-08-20,2025-08-20,"299,000.00","164,450.00","164,450.00",사용,20049,1,0,0,12,1,0,0.0,0.0,0.0,0,0,1,0.0,0.0,198605194283,1
상품,신발(호카),로켓 X 3,1168724-WBLC,레이싱,신발,250,1168724-WBLC(250),,131007975,남성,개,25FW,,2025-06-27,2025-06-27,"299,000.00","164,450.00","164,450.00",사용,20021,1,0,0,14,3,0,0.0,0.0,0.0,0,0,1,0.0,0.0,198605194719,1
상품,신발(호카),로켓 X 3,1168724-WBLC,레이싱,신발,255,1168724-WBLC(255),,131007975,남성,개,25FW,,2025-06-27,2025-06-27,"299,000.00","164,450.00","164,450.00",사용,20022,1,0,0,14,3,0,0.0,0.0,0.0,0,0,1,0.0,0.0,198605194702,1
상품,신발(호카),로켓 X 3,1168724-WBLC,레이싱,신발,280,1168724-WBLC(280),,131007975,남성,개,25FW,,2025-06-27,2025-06-27,"299,000.00","164,450.00","164,450.00",사용,20027,1,0,0,14,3,0,0.0,0.0,0.0,0,0,1,0.0,0.0,198605194573,1
상품,의류(호카),스카이브리즈 하프 타이츠,1170236-BLK,하의타이츠,의류,L,1170236-BLK(L),,131441981,남성,개,25FW,,2025-07-22,2025-07-22,"169,000.00","92,950.00","92,950.00",사용,20443,1,0,0,13,2,0,0.0,0.0,0.0,0,0,1,0.0,0.0,198605328404,1
상품,의류(호카),스카이브리즈 하프 타이츠,1170236-BLK,하의타이츠,의류,M,1170236-BLK(M),,131441981,남성,개,25FW,,2025-07-22,2025-07-22,"169,000.00","92,950.00","92,950.00",사용,20442,1,0,0,13,4,0,0.0,0.0,0.0,0,0,1,0.0,0.0,198605328411,1
상품,신발(호카),씨엘로 X 1 3.0,1171927-AYL,레이싱,신발,260,1171927-AYL(260),,132706705,남성,개,26SS,,2026-01-29,2026-01-29,"339,000.00","186,450.00","186,450.00",사용,29941,1,1,-1,7,2,0,0.0,0.0,0.0,0,0,1,0.0,0.0,198605660351,1
상품,신발(호카),씨엘로 X 1 3.0,1171927-AYL,레이싱,신발,270,1171927-AYL(270),,132706705,남성,개,26SS,,2026-01-29,2026-01-29,"339,000.00","186,450.00","186,450.00",사용,29943,1,0,0,7,2,0,0.0,0.0,0.0,0,0,1,0.0,0.0,,1
상품,신발(우포스),우클로그,1200Black,리커버리 슬라이드,신발,250,1200Black(250),,133218022,공용,개,26SS,,2026-03-12,2026-03-12,"89,000.00","48,950.00","48,950.00",사용,32415,1,0,0,5,5,0,0.0,0.0,0.0,0,0,1,0.0,0.0,UPSO6G967BK250,1
상품,신발(브룩스),글리세린 맥스,1204361B208,로드,신발,245,1204361B208(245),아몬드,124290116,여성,개,25SS,,2025-01-07,2025-01-07,"239,000.00","124,280.00","124,280.00",사용,12427,1,0,0,19,6,0,0.0,0.0,0.0,0,0,1,0.0,0.0,,1
상품,신발(브룩스),글리세린 맥스,1204361B208,로드,신발,250,1204361B208(250),아몬드,124290116,여성,개,25SS,,2025-01-07,2025-01-07,"239,000.00","124,280.00","124,280.00",사용,12428,1,0,0,19,6,0,0.0,0.0,0.0,0,0,1,0.0,0.0,,1
상품,신발(브룩스),아드레날린 GTS 25,1204431B020,로드,신발,235,1204431B020(235),(여)블랙 보통,132248641,여성,개,26SS,,2025-12-04,2026-01-19,"189,000.00","103,950.00","103,950.00",사용,27576,1,0,0,8,6,0,0.0,0.0,0.0,0,0,1,0.0,0.0,195394664539,1
상품,신발(브룩스),아드레날린 GTS 25,1204431B020,로드,신발,240,1204431B020(240),(여)블랙 보통,132248641,여성,개,26SS,,2025-12-04,2026-01-19,"189,000.00","103,950.00","519,750.00",사용,27577,5,2,-2,8,13,0,0.0,0.0,0.0,0,0,5,0.0,0.0,195394664577,5
상품,신발(브룩스),아드레날린 GTS 25,1204431B020,로드,신발,245,1204431B020(245),(여)블랙 보통,132248641,여성,개,26SS,,2025-12-04,2026-01-19,"189,000.00","103,950.00","207,900.00",사용,27578,2,0,0,8,9,0,0.0,0.0,0.0,0,0,2,0.0,0.0,195394664614,2
상품,신발(브룩스),아드레날린 GTS 25,1204431B020,로드,신발,250,1204431B020(250),(여)블랙 보통,132248641,여성,개,26SS,,2025-12-04,2026-01-19,"189,000.00","103,950.00","311,850.00",사용,27579,3,2,-2,8,8,1,12.5,5.1,1.2,0,0,3,5.1,1.2,195394664652,3
상품,신발(브룩스),아드레날린 GTS 25 (와이드),1204431D020,로드,신발,230,1204431D020(230),(여)블랙 와이드,132248638,여성,개,26FW,,2026-07-27,2026-07-27,"189,000.00","103,950.00","103,950.00",사용,27596,1,3,-3,1,5,0,0.0,0.0,0.0,0,0,1,0.0,0.0,195394664508,1
상품,신발(브룩스),아드레날린 GTS 25 (와이드),1204431D020,로드,신발,235,1204431D020(235),(여)블랙 와이드,132248638,여성,개,26SS,,2025-12-04,2026-01-19,"189,000.00","103,950.00","103,950.00",사용,27597,1,2,-2,8,7,0,0.0,0.0,0.0,0,0,2,0.0,0.0,195394664546,1
상품,신발(브룩스),아드레날린 GTS 25 (와이드),1204431D020,로드,신발,235,1204431D020(235),(여)블랙 와이드,132248638,여성,개,26FW,,2026-07-27,2026-07-27,"189,000.00","103,950.00","103,950.00",사용,27597,1,2,-2,1,6,1,16.6,1.7,0.4,0,0,2,3.4,0.8,195394664546,1
상품,신발(브룩스),아드레날린 GTS 25 (와이드),1204431D020,로드,신발,240,1204431D020(240),(여)블랙 와이드,132248638,여성,개,26FW,,2026-07-27,2026-07-27,"189,000.00","103,950.00","207,900.00",사용,27598,2,5,-5,1,10,0,0.0,0.0,0.0,0,0,2,0.0,0.0,195394664584,2
상품,신발(브룩스),아드레날린 GTS 25 (와이드),1204431D020,로드,신발,245,1204431D020(245),(여)블랙 와이드,132248638,여성,개,26SS,,2025-12-04,2026-01-19,"189,000.00","103,950.00","415,800.00",사용,27599,4,5,-5,8,9,0,0.0,0.0,0.0,0,0,5,0.0,0.0,195394664621,4
상품,신발(브룩스),아드레날린 GTS 25 (와이드),1204431D020,로드,신발,245,1204431D020(245),(여)블랙 와이드,132248638,여성,개,26FW,,2026-07-27,2026-07-27,"189,000.00","103,950.00","103,950.00",사용,27599,1,5,-5,1,7,0,0.0,0.0,0.0,0,0,5,0.0,0.0,195394664621,1
상품,신발(브룩스),아드레날린 GTS 25 (와이드),1204431D020,로드,신발,250,1204431D020(250),(여)블랙 와이드,132248638,여성,개,26SS,,2025-12-04,2026-01-19,"189,000.00","103,950.00","103,950.00",사용,27600,1,1,-1,8,8,0,0.0,0.0,0.0,0,0,1,0.0,0.0,195394664669,1
상품,신발(브룩스),Adrenaline GTS 25,1204431D127,로드,신발,230,1204431D127(230),,,여성,개,26FW,,2026-07-27,2026-07-27,"189,000.00","103,950.00","103,950.00",사용,40077,1,1,-1,1,3,0,0.0,0.0,0.0,0,0,1,0.0,0.0,195394665413,1
상품,신발(브룩스),Adrenaline GTS 25,1204431D127,로드,신발,235,1204431D127(235),,,여성,개,26FW,,2026-07-27,2026-07-27,"189,000.00","103,950.00","103,950.00",사용,40078,1,3,-3,1,5,0,0.0,0.0,0.0,0,0,1,0.0,0.0,195394665437,1
상품,신발(브룩스),Adrenaline GTS 25,1204431D127,로드,신발,240,1204431D127(240),,,여성,개,26FW,,2026-07-27,2026-07-27,"189,000.00","103,950.00","207,900.00",사용,40079,2,5,-5,1,9,0,0.0,0.0,0.0,0,0,2,0.0,0.0,195394665451,2
상품,신발(브룩스),Adrenaline GTS 25,1204431D127,로드,신발,245,1204431D127(245),,,여성,개,26FW,,2026-07-27,2026-07-27,"189,000.00","103,950.00","103,950.00",사용,40080,1,3,-3,1,6,1,16.6,1.7,0.4,0,0,1,1.7,0.4,195394665475,1
상품,신발(브룩스),Adrenaline GTS 25,1204431D127,로드,신발,250,1204431D127(250),,,여성,개,26FW,,2026-07-27,2026-07-27,"189,000.00","103,950.00","103,950.00",사용,40081,1,1,-1,1,2,0,0.0,0.0,0.0,0,0,1,0.0,0.0,195394665499,1
상품,신발(브룩스),글리세린 맥스 2,1204681B110,로드,신발,235,1204681B110(235),,132629450,여성,개,26SS,,2026-01-19,2026-01-19,"249,000.00","136,950.00","136,950.00",사용,31363,1,1,-1,7,5,0,0.0,0.0,0.0,0,0,1,0.0,0.0,195394780307,1
상품,신발(브룩스),글리세린 맥스 2,1204681B110,로드,신발,240,1204681B110(240),,132629450,여성,개,26SS,,2026-01-19,2026-01-19,"249,000.00","136,950.00","136,950.00",사용,31364,1,4,-4,7,13,0,0.0,0.0,0.0,0,0,1,0.0,0.0,195394780314,1
상품,신발(브룩스),글리세린 맥스 2,1204681B110,로드,신발,245,1204681B110(245),,132629450,여성,개,26SS,,2026-01-19,2026-01-19,"249,000.00","136,950.00","410,850.00",사용,31365,3,3,-3,7,9,0,0.0,0.0,0.0,0,0,3,0.0,0.0,195394780321,3
상품,신발(브룩스),글리세린 맥스 2,1204681B110,로드,신발,255,1204681B110(255),,132629450,여성,개,26SS,,2026-01-19,2026-01-19,"249,000.00","136,950.00","136,950.00",사용,31367,1,2,-2,7,4,0,0.0,0.0,0.0,0,0,1,0.0,0.0,195394780345,1
상품,신발(브룩스),글리세린 맥스 2,1204681B131,로드,신발,230,1204681B131(230),,132629448,여성,개,26SS,,2026-01-19,2026-01-19,"249,000.00","136,950.00","136,950.00",사용,31383,1,0,0,7,3,0,0.0,0.0,0.0,0,0,1,0.0,0.0,195394780741,1
상품,신발(브룩스),글리세린 맥스 2,1204681B131,로드,신발,235,1204681B131(235),,132629448,여성,개,26SS,,2026-01-19,2026-01-19,"249,000.00","136,950.00","136,950.00",사용,31384,1,2,-2,7,6,0,0.0,0.0,0.0,0,0,1,0.0,0.0,195394780758,1
상품,신발(브룩스),글리세린 맥스 2,1204681B131,로드,신발,240,1204681B131(240),,132629448,여성,개,26SS,,2026-01-19,2026-01-19,"249,000.00","136,950.00","410,850.00",사용,31385,3,4,-4,7,9,0,0.0,0.0,0.0,0,0,3,0.0,0.0,195394780765,3
상품,신발(브룩스),글리세린 맥스 2,1204681B131,로드,신발,250,1204681B131(250),,132629448,여성,개,26SS,,2026-01-19,2026-01-19,"249,000.00","136,950.00","273,900.00",사용,31387,2,2,-2,7,5,0,0.0,0.0,0.0,0,0,2,0.0,0.0,195394780789,2
상품,신발(브룩스),Ghost 18,1204821B105,로드,신발,235,1204821B105(235),,,여성,개,26FW,,2026-07-27,2026-07-27,"169,000.00","92,950.00","92,950.00",사용,40144,1,1,-1,1,3,0,0.0,0.0,0.0,0,0,1,0.0,0.0,,1
상품,신발(브룩스),Ghost 18,1204821B105,로드,신발,240,1204821B105(240),,,여성,개,26FW,,2026-07-27,2026-07-27,"169,000.00","92,950.00","92,950.00",사용,40145,1,1,-1,1,4,1,25.0,1.7,0.4,0,0,1,1.7,0.4,195394872385,1
상품,신발(브룩스),Ghost 18,1204821B105,로드,신발,245,1204821B105(245),,,여성,개,26FW,,2026-07-27,2026-07-27,"169,000.00","92,950.00","92,950.00",사용,40146,1,2,-2,1,4,0,0.0,0.0,0.0,0,0,1,0.0,0.0,195394872422,1
상품,신발(브룩스),Ghost 18,1204821B105,로드,신발,250,1204821B105(250),,,여성,개,26FW,,2026-07-27,2026-07-27,"169,000.00","92,950.00","92,950.00",사용,40147,1,0,0,1,2,0,0.0,0.0,0.0,0,0,1,0.0,0.0,195394872460,1
상품,신발(브룩스),Ghost 18,1204821B161,로드,신발,235,1204821B161(235),,,여성,개,26FW,,2026-07-27,2026-07-27,"169,000.00","92,950.00","92,950.00",사용,40166,1,1,-1,1,3,0,0.0,0.0,0.0,0,0,1,0.0,0.0,195394873559,1
상품,신발(브룩스),Ghost 18,1204821B161,로드,신발,240,1204821B161(240),,,여성,개,26FW,,2026-07-27,2026-07-27,"169,000.00","92,950.00","92,950.00",사용,40167,1,2,-2,1,4,0,0.0,0.0,0.0,0,0,1,0.0,0.0,,1
상품,신발(브룩스),Ghost 18,1204821B161,로드,신발,245,1204821B161(245),,,여성,개,26FW,,2026-07-27,2026-07-27,"169,000.00","92,950.00","92,950.00",사용,40168,1,2,-2,1,4,0,0.0,0.0,0.0,0,0,1,0.0,0.0,195394873597,1
상품,신발(브룩스),글리세린 GTS 23 와이드,1204921D133,로드,신발,235,1204921D133(235),,133432637,여성,개,26FW,,2026-07-27,2026-07-27,"209,000.00","114,950.00","229,900.00",사용,34311,2,3,-3,1,5,0,0.0,0.0,0.0,0,0,2,0.0,0.0,195394777642,2
상품,신발(브룩스),글리세린 GTS 23 와이드,1204921D133,로드,신발,240,1204921D133(240),,133432637,여성,개,26FW,,2026-07-27,2026-07-27,"209,000.00","114,950.00","344,850.00",사용,34312,3,7,-7,1,7,0,0.0,0.0,0.0,0,0,3,0.0,0.0,195394777666,3
상품,신발(브룩스),글리세린 GTS 23 와이드,1204921D133,로드,신발,245,1204921D133(245),,133432637,여성,개,26SS,,2026-04-14,2026-04-14,"209,000.00","114,950.00","229,900.00",사용,34313,2,6,-6,4,12,0,0.0,0.0,0.0,0,0,2,0.0,0.0,195394777680,2
상품,의류(새티스파이),스페이스 오 쇼츠,12076-00000,반바지,의류,M,12076-00000(M),,133689192,남성,개,26SS,,2026-05-20,2026-05-20,"300,000.00","165,000.00","165,000.00",사용,36280,1,0,0,3,4,0,0.0,0.0,0.0,0,0,1,0.0,0.0,3667386025170,1
상품,의류(새티스파이),스페이스 오 쇼츠,12076-91000,반바지,의류,L,12076-91000(L),,133689189,남성,개,26SS,,2026-05-20,2026-05-20,"300,000.00","165,000.00","165,000.00",사용,36293,1,0,0,3,3,0,0.0,0.0,0.0,0,0,1,0.0,0.0,3667386025422,1
상품,의류(온),퍼포먼스 탱크,1ME10220106,싱글렛,의류,L,1ME10220106(L),,126731150,남성,개,26FW,,2026-07-20,2026-07-20,"95,000.00","49,400.00","98,800.00",사용,16804,2,38,-38,1,15,0,0.0,0.0,0.0,0,0,2,0.0,0.0,7615537027302,2
상품,의류(온),퍼포먼스 탱크,1ME10220106,싱글렛,의류,M,1ME10220106(M),,126731150,남성,개,26FW,,2026-07-20,2026-07-20,"95,000.00","49,400.00","148,200.00",사용,16803,3,29,-29,1,22,0,0.0,0.0,0.0,0,1,2,0.0,0.0,7615537027296,3
상품,의류(온),퍼포먼스 탱크,1ME10220106,싱글렛,의류,S,1ME10220106(S),,126731150,남성,개,26FW,,2026-07-20,2026-07-20,"95,000.00","49,400.00","98,800.00",사용,16802,2,13,-13,1,10,1,10.0,3.4,0.8,0,0,2,3.4,0.8,7615537027289,2
상품,의류(온),퍼포먼스 탱크,1ME10222985,싱글렛,의류,S,1ME10222985(S),,129574604,남성,개,25FW,,2025-07-22,2025-07-22,"95,000.00","50,350.00","50,350.00",사용,16794,1,0,0,13,10,0,0.0,0.0,0.0,0,0,1,0.0,0.0,7615537254272,1
상품,의류(온),퍼포먼스 탱크,1ME10222993,싱글렛,의류,L,1ME10222993(L),,131228057,남성,개,25FW,,2025-07-22,2025-07-22,"95,000.00","50,350.00","151,050.00",사용,23405,3,2,-2,13,20,0,0.0,0.0,0.0,0,0,3,0.0,0.0,7615537254357,3
상품,의류(온),퍼포먼스 탱크,1ME10222993,싱글렛,의류,M,1ME10222993(M),,131228057,남성,개,25FW,,2025-07-22,2025-07-22,"95,000.00","50,350.00","100,700.00",사용,23404,2,0,0,13,20,0,0.0,0.0,0.0,0,0,2,0.0,0.0,7615537254340,2
상품,의류(온),퍼포먼스 탱크,1ME10222993,싱글렛,의류,S,1ME10222993(S),,131228057,남성,개,25FW,,2025-07-22,2025-07-22,"95,000.00","50,350.00","50,350.00",사용,23403,1,0,0,13,5,0,0.0,0.0,0.0,0,0,1,0.0,0.0,7615537254333,1
상품,의류(온),퍼포먼스 탱크,1ME10225425,싱글렛,의류,L,1ME10225425(L),,133879944,남성,개,26FW,,2026-06-11,2026-06-11,"95,000.00","49,400.00","98,800.00",사용,37081,2,7,-7,2,12,0,0.0,0.0,0.0,0,0,2,0.0,0.0,7615537835150,2
상품,의류(온),퍼포먼스 탱크,1ME10225425,싱글렛,의류,M,1ME10225425(M),,133879944,남성,개,26FW,,2026-06-11,2026-06-11,"95,000.00","49,400.00","98,800.00",사용,37080,2,12,-12,2,18,0,0.0,0.0,0.0,0,0,2,0.0,0.0,7615537835136,2
상품,의류(온),퍼포먼스 탱크,1ME10225425,싱글렛,의류,S,1ME10225425(S),,133879944,남성,개,26FW,,2026-06-11,2026-06-11,"95,000.00","49,400.00","49,400.00",사용,37079,1,4,-4,2,8,0,0.0,0.0,0.0,0,0,1,0.0,0.0,7615537835129,1
상품,의류(온),퍼포먼스 탱크,1ME10225425,싱글렛,의류,XL,1ME10225425(XL),,133879944,남성,개,26FW,,2026-06-11,2026-06-11,"95,000.00","49,400.00","49,400.00",사용,37082,1,0,0,2,2,0,0.0,0.0,0.0,0,0,1,0.0,0.0,7615537835167,1
상품,의류(온),퍼포먼스 티,1ME10230106,반팔티셔츠,의류,L,1ME10230106(L),,132462938,남성,개,26FW,,2026-07-20,2026-07-20,"115,000.00","59,800.00","239,200.00",사용,29778,4,9,-9,1,18,0,0.0,0.0,0.0,0,0,4,0.0,0.0,7615537028385,4
상품,의류(온),퍼포먼스 티,1ME10230106,반팔티셔츠,의류,M,1ME10230106(M),,132462938,남성,개,26FW,,2026-07-20,2026-07-20,"115,000.00","59,800.00","239,200.00",사용,29777,4,10,-10,1,20,0,0.0,0.0,0.0,0,0,4,0.0,0.0,7615537028378,4
상품,의류(온),퍼포먼스 티,1ME10230106,반팔티셔츠,의류,S,1ME10230106(S),,132462938,남성,개,26FW,,2026-07-20,2026-07-20,"115,000.00","59,800.00","59,800.00",사용,29776,1,4,-4,1,7,0,0.0,0.0,0.0,0,0,1,0.0,0.0,7615537028361,1
상품,의류(온),퍼포먼스 티,1ME10234958,반팔티셔츠,의류,L,1ME10234958(L),,133879947,남성,개,26FW,,2026-06-25,2026-07-27,"115,000.00","59,800.00","59,800.00",사용,37055,1,3,-3,2,10,3,30.0,0.5,0.1,0,1,0,0.0,0.0,7615537835778,1
상품,의류(온),퍼포먼스 티,1ME10234958,반팔티셔츠,의류,M,1ME10234958(M),,133879947,남성,개,26FW,,2026-06-25,2026-07-27,"115,000.00","59,800.00","59,800.00",사용,37054,1,5,-5,2,12,1,8.3,1.7,0.4,0,0,1,1.7,0.4,7615537835761,1
상품,의류(온),퍼포먼스 티,1ME10234958,반팔티셔츠,의류,XL,1ME10234958(XL),,133879947,남성,개,26FW,,2026-06-25,2026-06-25,"115,000.00","59,800.00","59,800.00",사용,37056,1,0,0,2,3,0,0.0,0.0,0.0,0,0,1,0.0,0.0,7615537835785,1
상품,의류(온),퍼포먼스 롱 티,1ME10240106,긴팔티셔츠,의류,L,1ME10240106(L),,132462937,남성,개,26SS,,2026-01-05,2026-01-05,"129,000.00","70,950.00","70,950.00",사용,29770,1,0,0,7,10,0,0.0,0.0,0.0,0,0,1,0.0,0.0,7615537026886,1
상품,의류(온),퍼포먼스 롱 티,1ME10240106,긴팔티셔츠,의류,XL,1ME10240106(XL),,132462937,남성,개,26SS,,2026-01-05,2026-01-05,"129,000.00","70,950.00","70,950.00",사용,29771,1,0,0,7,9,0,0.0,0.0,0.0,0,0,1,0.0,0.0,7615537026893,1
상품,의류(온),퍼포먼스 롱 티,1ME10244422,긴팔티셔츠,의류,XL,1ME10244422(XL),,132462936,남성,개,26SS,,2026-01-05,2026-01-05,"129,000.00","70,950.00","141,900.00",사용,29594,2,0,0,7,6,0,0.0,0.0,0.0,0,0,2,0.0,0.0,7615537652641,2
상품,의류(온),웨더 팬츠,1ME10270553,긴바지,의류,S,1ME10270553(S),,131228063,남성,개,25FW,,2025-07-22,2025-07-22,"209,000.00","110,770.00","110,770.00",사용,23435,1,5,-5,13,6,0,0.0,0.0,0.0,0,0,1,0.0,0.0,7615537033570,1
상품,의류(온),웨더 팬츠,1ME10273153,긴바지,의류,L,1ME10273153(L),,131752711,남성,개,25FW,,2025-09-25,2025-09-25,"209,000.00","110,770.00","221,540.00",사용,23445,2,9,-9,11,12,0,0.0,0.0,0.0,0,0,2,0.0,0.0,7615537373430,2
상품,의류(온),웨더 팬츠,1ME10273153,긴바지,의류,S,1ME10273153(S),,131752711,남성,개,25FW,,2025-09-25,2025-09-25,"209,000.00","110,770.00","110,770.00",사용,23443,1,5,-5,11,6,0,0.0,0.0,0.0,0,0,1,0.0,0.0,7615537375274,1
상품,의류(온),웨더 팬츠,1ME10273153,긴바지,의류,XL,1ME10273153(XL),,131752711,남성,개,25FW,,2025-09-25,2025-09-25,"209,000.00","110,770.00","110,770.00",사용,23446,1,3,-3,11,4,0,0.0,0.0,0.0,0,0,1,0.0,0.0,7615537375366,1
상품,의류(온),퍼포먼스 하이브리드 쇼츠,1ME10280345,반바지,의류,XL,1ME10280345(XL),,126731151,남성,개,25SS,,2025-02-07,2025-02-07,"129,000.00","69,660.00","208,980.00",사용,16853,3,0,0,18,4,0,0.0,0.0,0.0,0,0,3,0.0,0.0,7615537026534,3
상품,의류(온),코어 재킷,1ME10330603,재킷,의류,L,1ME10330603(L),,131752710,남성,개,25FW,,2025-09-25,2025-09-25,"249,000.00","131,970.00","131,970.00",사용,23341,1,3,-3,11,12,0,0.0,0.0,0.0,0,0,1,0.0,0.0,7615537306070,1
상품,의류(온),코어 재킷,1ME10334582,재킷,의류,XL,1ME10334582(XL),,132705048,남성,개,26SS,,2026-01-05,2026-01-05,"249,000.00","136,950.00","273,900.00",사용,29586,2,1,-1,7,5,0,0.0,0.0,0.0,0,0,2,0.0,0.0,7615537653266,2
상품,의류(온),코어 티,1ME10430553,반팔티셔츠,의류,L,1ME10430553(L),,131228055,남성,개,26FW,,2026-07-20,2026-07-20,"85,000.00","44,200.00","176,800.00",사용,23381,4,9,-9,1,18,0,0.0,0.0,0.0,0,0,4,0.0,0.0,7615537018829,4
상품,의류(온),코어 티,1ME10430553,반팔티셔츠,의류,M,1ME10430553(M),,131228055,남성,개,26FW,,2026-07-20,2026-07-20,"85,000.00","44,200.00","176,800.00",사용,23380,4,10,-10,1,20,0,0.0,0.0,0.0,0,1,3,0.0,0.0,7615537018812,4
상품,의류(온),코어 티,1ME10430553,반팔티셔츠,의류,S,1ME10430553(S),,131228055,남성,개,26FW,,2026-07-20,2026-07-20,"85,000.00","44,200.00","44,200.00",사용,23379,1,4,-4,1,7,0,0.0,0.0,0.0,0,0,1,0.0,0.0,7615537018805,1
상품,의류(온),코어 롱 티,1ME10750553,긴팔티셔츠,의류,L,1ME10750553(L),,135922223,남성,개,26FW,,2026-07-20,2026-07-20,"95,000.00","49,400.00","98,800.00",사용,37000,2,5,-5,1,10,0,0.0,0.0,0.0,0,0,2,0.0,0.0,7615537017624,2
상품,의류(온),코어 롱 티,1ME10750553,긴팔티셔츠,의류,M,1ME10750553(M),,135922223,남성,개,26FW,,2026-07-20,2026-07-20,"95,000.00","49,400.00","98,800.00",사용,36999,2,6,-6,1,12,0,0.0,0.0,0.0,0,0,2,0.0,0.0,7615537017617,2
상품,의류(온),5인치 퍼포먼스 2 in 1 쇼츠,1MF10093137,반바지,의류,XL,1MF10093137(XL),,129574611,남성,개,25SS,,2025-04-18,2025-04-18,"115,000.00","62,100.00","62,100.00",사용,16813,1,0,0,16,2,0,0.0,0.0,0.0,0,0,1,0.0,0.0,7615537262550,1
상품,의류(온),5인치 코어 쇼츠,1MF10120553,반바지,의류,L,1MF10120553(L),,135922220,남성,개,26FW,,2026-07-20,2026-07-20,"85,000.00","44,200.00","88,400.00",사용,37129,2,5,-5,1,10,0,0.0,0.0,0.0,0,0,2,0.0,0.0,7615537262246,2
상품,의류(온),7인치 퍼포먼스 올오버 프린트 쇼츠,1MF10301933,반바지,의류,XL,1MF10301933(XL),,130666855,남성,개,25SS,,2025-05-23,2025-05-23,"129,000.00","69,660.00","139,320.00",사용,16837,2,0,0,15,4,0,0.0,0.0,0.0,0,0,2,0.0,0.0,7615537263816,2
상품,의류(온),5인치 퍼포먼스 쇼츠,1MF10750553,반바지,의류,L,1MF10750553(L),,127466868,남성,개,26SS,,2026-01-05,2026-01-05,"115,000.00","63,250.00","126,500.00",사용,16828,2,17,-17,7,16,0,0.0,0.0,0.0,0,0,4,0.0,0.0,7615537262963,2
상품,의류(온),5인치 퍼포먼스 쇼츠,1MF10750553,반바지,의류,L,1MF10750553(L),,127466868,남성,개,26FW,,2026-07-20,2026-07-20,"115,000.00","59,800.00","119,600.00",사용,16828,2,17,-17,1,10,0,0.0,0.0,0.0,0,0,4,0.0,0.0,7615537262963,2
상품,의류(온),5인치 퍼포먼스 쇼츠,1MF10750553,반바지,의류,M,1MF10750553(M),,127466868,남성,개,26FW,,2026-07-20,2026-07-20,"115,000.00","59,800.00","119,600.00",사용,16827,2,6,-6,1,11,0,0.0,0.0,0.0,0,0,2,0.0,0.0,7615537262956,2
상품,의류(온),5인치 퍼포먼스 쇼츠,1MF10750553,반바지,의류,XL,1MF10750553(XL),,127466868,남성,개,25SS,,2025-02-07,2025-05-23,"115,000.00","62,100.00","186,300.00",사용,16829,3,15,-15,18,8,0,0.0,0.0,0.0,0,0,6,0.0,0.0,7615537262970,3
상품,의류(온),5인치 퍼포먼스 쇼츠,1MF10750553,반바지,의류,XL,1MF10750553(XL),,127466868,남성,개,25FW,,2025-07-22,2025-07-22,"115,000.00","60,950.00","60,950.00",사용,16829,1,15,-15,13,4,1,25.0,1.7,0.4,0,0,6,10.2,2.4,7615537262970,1
상품,의류(온),5인치 퍼포먼스 쇼츠,1MF10750553,반바지,의류,XL,1MF10750553(XL),,127466868,남성,개,26SS,,2026-01-05,2026-01-05,"115,000.00","63,250.00","126,500.00",사용,16829,2,15,-15,7,15,0,0.0,0.0,0.0,0,0,6,0.0,0.0,7615537262970,2
상품,의류(온),5인치 퍼포먼스 쇼츠,1MF10750553,반바지,의류,XXL,1MF10750553(XXL),,127466868,남성,개,26SS,,2026-01-05,2026-01-05,"115,000.00","63,250.00","126,500.00",사용,16830,2,8,-8,7,8,0,0.0,0.0,0.0,0,0,2,0.0,0.0,7615537262987,2
상품,의류(온),5인치 퍼포먼스 쇼츠,1MF10752608,반바지,의류,L,1MF10752608(L),,131228064,남성,개,26FW,,2026-07-20,2026-07-20,"115,000.00","59,800.00","59,800.00",사용,23453,1,6,-6,1,10,1,10.0,1.7,0.4,0,0,1,1.7,0.4,7615537262840,1
상품,의류(온),5인치 퍼포먼스 쇼츠,1MF10752608,반바지,의류,M,1MF10752608(M),,131228064,남성,개,26FW,,2026-07-20,2026-07-20,"115,000.00","59,800.00","119,600.00",사용,23452,2,6,-6,1,12,0,0.0,0.0,0.0,0,0,2,0.0,0.0,7615537262833,2
상품,의류(온),트렉 자켓,1MF30790553,재킷,의류,L,1MF30790553(L),,131228051,남성,개,25FW,,2025-07-22,2025-07-22,"349,000.00","184,970.00","739,880.00",사용,23349,4,3,-3,13,8,0,0.0,0.0,0.0,0,0,4,0.0,0.0,7615537371245,4
상품,의류(온),트렉 자켓,1MF30790553,재킷,의류,M,1MF30790553(M),,131228051,남성,개,25FW,,2025-07-22,2025-07-22,"349,000.00","184,970.00","369,940.00",사용,23348,2,2,-2,13,6,0,0.0,0.0,0.0,0,0,2,0.0,0.0,7615537371290,2
상품,의류(온),트렉 자켓,1MF30790553,재킷,의류,S,1MF30790553(S),,131228051,남성,개,25FW,,2025-07-22,2025-07-22,"349,000.00","184,970.00","184,970.00",사용,23347,1,1,-1,13,3,0,0.0,0.0,0.0,0,0,1,0.0,0.0,7615537371405,1
상품,의류(온),트렉 자켓,1MF30790553,재킷,의류,XL,1MF30790553(XL),,131228051,남성,개,25FW,,2025-07-22,2025-07-22,"349,000.00","184,970.00","184,970.00",사용,23350,1,1,-1,13,3,0,0.0,0.0,0.0,0,0,1,0.0,0.0,7615537371450,1
상품,의류(온),트렉 자켓,1MF30790603,재킷,의류,L,1MF30790603(L),,131592454,남성,개,25FW,,2025-08-29,2025-08-29,"349,000.00","184,970.00","369,940.00",사용,23413,2,0,0,12,8,0,0.0,0.0,0.0,0,0,2,0.0,0.0,7615537524061,2
상품,의류(온),트렉 자켓,1MF30790603,재킷,의류,S,1MF30790603(S),,131592454,남성,개,25FW,,2025-08-29,2025-08-29,"349,000.00","184,970.00","369,940.00",사용,23411,2,0,0,12,3,0,0.0,0.0,0.0,0,0,2,0.0,0.0,7615537369938,2
상품,의류(온),트렉 자켓,1MF30790603,재킷,의류,XL,1MF30790603(XL),,131592454,남성,개,25FW,,2025-08-29,2025-08-29,"349,000.00","184,970.00","184,970.00",사용,23414,1,0,0,12,3,0,0.0,0.0,0.0,0,0,1,0.0,0.0,7615537369990,1
상품,의류(온),퍼포먼스 볼트 쇼츠,1MG10610561,반바지,의류,XL,1MG10610561(XL),,132919078,남성,개,26SS,,2026-02-25,2026-02-25,"139,000.00","76,450.00","76,450.00",사용,29446,1,3,-3,6,7,1,14.2,1.7,0.4,0,0,1,1.7,0.4,7615537635743,1
상품,의류(온),퍼포먼스 볼트티,1MG10630069,반팔티셔츠,의류,L,1MG10630069(L),,132919081,남성,개,26SS,,2026-02-25,2026-02-25,"129,000.00","70,950.00","212,850.00",사용,29421,3,5,-5,6,13,0,0.0,0.0,0.0,0,0,3,0.0,0.0,7615537635873,3
상품,의류(온),퍼포먼스 볼트티,1MG10630069,반팔티셔츠,의류,M,1MG10630069(M),,132919081,남성,개,26SS,,2026-02-25,2026-02-25,"129,000.00","70,950.00","70,950.00",사용,29420,1,0,0,6,7,0,0.0,0.0,0.0,0,0,1,0.0,0.0,7615537635866,1
상품,의류(온),퍼포먼스 볼트티,1MG10630069,반팔티셔츠,의류,XL,1MG10630069(XL),,132919081,남성,개,26SS,,2026-02-25,2026-02-25,"129,000.00","70,950.00","283,800.00",사용,29422,4,4,-4,6,12,0,0.0,0.0,0.0,0,0,4,0.0,0.0,7615537635880,4
상품,의류(온),퍼포먼스 볼트티,1MG10632343,반팔티셔츠,의류,L,1MG10632343(L),,132919079,남성,개,26SS,,2026-02-25,2026-02-25,"129,000.00","70,950.00","70,950.00",사용,29429,1,3,-3,6,10,0,0.0,0.0,0.0,0,0,1,0.0,0.0,7615537635934,1
상품,의류(온),퍼포먼스 볼트티,1MG10632343,반팔티셔츠,의류,XL,1MG10632343(XL),,132919079,남성,개,26SS,,2026-02-25,2026-02-25,"129,000.00","70,950.00","212,850.00",사용,29430,3,3,-3,6,9,0,0.0,0.0,0.0,0,0,3,0.0,0.0,7615537635941,3
상품,의류(온),온 런 티,1MG10840069,반팔티셔츠,의류,L,1MG10840069(L),,132717558,남성,개,26SS,,2026-02-05,2026-02-05,"89,000.00","48,950.00","48,950.00",사용,29511,1,3,-3,6,10,0,0.0,0.0,0.0,0,1,0,0.0,0.0,7615537637716,1
상품,의류(온),온 런 티,1MG10840069,반팔티셔츠,의류,M,1MG10840069(M),,132717558,남성,개,26SS,,2026-02-05,2026-02-05,"89,000.00","48,950.00","146,850.00",사용,29510,3,0,0,6,5,0,0.0,0.0,0.0,0,0,3,0.0,0.0,7615537637709,3
상품,의류(온),온 런 티,1MG10840069,반팔티셔츠,의류,XL,1MG10840069(XL),,132717558,남성,개,26SS,,2026-02-05,2026-02-05,"89,000.00","48,950.00","97,900.00",사용,29512,2,3,-3,6,9,0,0.0,0.0,0.0,0,0,2,0.0,0.0,7615537637723,2
상품,의류(온),온 런 티,1MG10840553,반팔티셔츠,의류,L,1MG10840553(L),,132719324,남성,개,26SS,,2026-02-05,2026-02-05,"89,000.00","48,950.00","146,850.00",사용,29503,3,1,-1,6,16,1,6.2,5.1,1.2,0,0,3,5.1,1.2,7615537637778,3
상품,의류(온),온 런 티,1MG10840553,반팔티셔츠,의류,XL,1MG10840553(XL),,132719324,남성,개,26SS,,2026-02-05,2026-02-05,"89,000.00","48,950.00","48,950.00",사용,29504,1,5,-5,6,15,0,0.0,0.0,0.0,0,0,1,0.0,0.0,7615537637785,1
상품,의류(온),퍼포먼스 볼트 자켓,1MG30664959,재킷,의류,L,1MG30664959(L),,133879950,남성,개,26FW,,2026-06-25,2026-06-25,"259,000.00","134,680.00","269,360.00",사용,36948,2,4,-4,2,8,0,0.0,0.0,0.0,0,0,2,0.0,0.0,7615537956497,2
상품,의류(온),퍼포먼스 볼트 자켓,1MG30664959,재킷,의류,M,1MG30664959(M),,133879950,남성,개,26FW,,2026-06-25,2026-06-25,"259,000.00","134,680.00","134,680.00",사용,36947,1,3,-3,2,5,0,0.0,0.0,0.0,0,0,1,0.0,0.0,7615537956480,1
상품,의류(온),퍼포먼스 볼트 자켓,1MG30664959,재킷,의류,S,1MG30664959(S),,133879950,남성,개,26FW,,2026-06-25,2026-06-25,"259,000.00","134,680.00","134,680.00",사용,36946,1,0,0,2,3,1,33.3,1.7,0.4,0,0,1,1.7,0.4,7615537956466,1
상품,의류(온),퍼포먼스 볼트 자켓,1MG30664959,재킷,의류,XL,1MG30664959(XL),,133879950,남성,개,26FW,,2026-06-25,2026-06-29,"259,000.00","134,680.00","134,680.00",사용,36949,1,2,-2,2,4,0,0.0,0.0,0.0,0,0,1,0.0,0.0,7615537956503,1
상품,의류(온),퍼포먼스 볼트 베스트,1MG30670561,재킷,의류,L,1MG30670561(L),,134097731,남성,개,26FW,,2026-06-25,2026-06-29,"239,000.00","124,280.00","124,280.00",사용,36974,1,9,-9,2,12,1,8.3,1.7,0.4,0,0,1,1.7,0.4,7615537959696,1
상품,의류(온),퍼포먼스 볼트 베스트,1MG30670561,재킷,의류,M,1MG30670561(M),,134097731,남성,개,26FW,,2026-06-25,2026-06-25,"239,000.00","124,280.00","124,280.00",사용,36973,1,5,-5,2,8,0,0.0,0.0,0.0,0,0,1,0.0,0.0,7615537959689,1
상품,의류(온),퍼포먼스 볼트 베스트,1MG30670561,재킷,의류,S,1MG30670561(S),,134097731,남성,개,26FW,,2026-06-25,2026-06-25,"239,000.00","124,280.00","124,280.00",사용,36972,1,2,-2,2,4,0,0.0,0.0,0.0,0,0,1,0.0,0.0,7615537959665,1
상품,의류(온),퍼포먼스 탱크,1WE10303392,싱글렛,의류,L,1WE10303392(L),,131228058,여성,개,25FW,,2025-07-22,2025-07-22,"95,000.00","50,350.00","50,350.00",사용,23421,1,0,0,13,2,0,0.0,0.0,0.0,0,0,1,0.0,0.0,7615537416502,1
상품,의류(온),퍼포먼스 탱크,1WE10304994,싱글렛,의류,M,1WE10304994(M),,,여성,개,26FW,,2026-06-11,2026-06-11,"95,000.00","49,400.00","98,800.00",사용,37088,2,6,-6,2,10,0,0.0,0.0,0.0,0,0,2,0.0,0.0,7615537841632,2
상품,의류(온),퍼포먼스 탱크,1WE10304994,싱글렛,의류,S,1WE10304994(S),,,여성,개,26FW,,2026-06-11,2026-06-11,"95,000.00","49,400.00","148,200.00",사용,37087,3,9,-9,2,15,0,0.0,0.0,0.0,0,0,3,0.0,0.0,7615537841601,3
상품,의류(온),퍼포먼스 탱크,1WE10304994,싱글렛,의류,XS,1WE10304994(XS),,,여성,개,26FW,,2026-06-11,2026-06-11,"95,000.00","49,400.00","49,400.00",사용,37086,1,3,-3,2,5,0,0.0,0.0,0.0,0,0,1,0.0,0.0,7615537841595,1
상품,의류(온),퍼포먼스 티,1WE10312985,반팔티셔츠,의류,XS,1WE10312985(XS),,129574605,여성,개,25SS,,2025-04-18,2025-04-18,"115,000.00","62,100.00","124,200.00",사용,16873,2,0,0,16,6,0,0.0,0.0,0.0,0,0,2,0.0,0.0,7615537247489,2
상품,의류(온),퍼포먼스 티,1WE10313460,반팔티셔츠,의류,L,1WE10313460(L),,126731154,여성,개,25SS,,2025-02-07,2025-02-07,"115,000.00","62,100.00","62,100.00",사용,16884,1,0,0,18,1,0,0.0,0.0,0.0,0,1,0,0.0,0.0,,1
상품,의류(온),퍼포먼스 티,1WE10313460,반팔티셔츠,의류,XS,1WE10313460(XS),,126731154,여성,개,25SS,,2025-02-07,2025-02-07,"115,000.00","62,100.00","62,100.00",사용,16881,1,0,0,18,6,0,0.0,0.0,0.0,0,0,1,0.0,0.0,7615537247663,1
상품,의류(온),퍼포먼스 티,1WE10314994,반팔티셔츠,의류,L,1WE10314994(L),,133879945,여성,개,26FW,,2026-06-25,2026-06-29,"115,000.00","59,800.00","59,800.00",사용,37068,1,1,-1,2,3,0,0.0,0.0,0.0,0,0,1,0.0,0.0,7615537842783,1
상품,의류(온),퍼포먼스 티,1WE10314994,반팔티셔츠,의류,S,1WE10314994(S),,133879945,여성,개,26FW,,2026-06-25,2026-06-29,"115,000.00","59,800.00","59,800.00",사용,37066,1,5,-5,2,12,0,0.0,0.0,0.0,0,0,1,0.0,0.0,7615537842752,1
상품,의류(온),코어 티,1WE10580069,반팔티셔츠,의류,S,1WE10580069(S),,131228056,여성,개,25FW,,2025-07-22,2025-07-22,"85,000.00","45,050.00","45,050.00",사용,23387,1,0,0,13,10,0,0.0,0.0,0.0,0,0,1,0.0,0.0,7615537257693,1
상품,의류(온),코어 티,1WE10580553,반팔티셔츠,의류,M,1WE10580553(M),,135922218,여성,개,26FW,,2026-07-20,2026-07-20,"85,000.00","44,200.00","88,400.00",사용,37015,2,5,-5,1,10,0,0.0,0.0,0.0,0,0,2,0.0,0.0,7615537018997,2
상품,의류(온),코어 티,1WE10580553,반팔티셔츠,의류,S,1WE10580553(S),,135922218,여성,개,26FW,,2026-07-20,2026-07-20,"85,000.00","44,200.00","88,400.00",사용,37014,2,5,-5,1,12,1,8.3,3.4,0.8,0,0,2,3.4,0.8,7615537018980,2
상품,의류(온),코어 롱 티,1WE10920553,긴팔티셔츠,의류,M,1WE10920553(M),,135922219,여성,개,26FW,,2026-07-20,2026-07-20,"95,000.00","49,400.00","98,800.00",사용,37007,2,5,-5,1,10,0,0.0,0.0,0.0,0,0,2,0.0,0.0,7615537017853,2
상품,의류(온),코어 롱 티,1WE10920553,긴팔티셔츠,의류,S,1WE10920553(S),,135922219,여성,개,26FW,,2026-07-20,2026-07-20,"95,000.00","49,400.00","98,800.00",사용,37006,2,6,-6,1,12,0,0.0,0.0,0.0,0,0,2,0.0,0.0,7615537017846,2
상품,의류(온),5인치 퍼포먼스 쇼츠,1WF10130553,반바지,의류,L,1WF10130553(L),,132462935,여성,개,26SS,,2026-01-05,2026-01-05,"115,000.00","63,250.00","63,250.00",사용,29729,1,0,0,7,3,0,0.0,0.0,0.0,0,0,1,0.0,0.0,7615537267227,1
상품,의류(온),5인치 퍼포먼스 쇼츠,1WF10130553,반바지,의류,M,1WF10130553(M),,132462935,여성,개,26SS,,2026-01-05,2026-01-05,"115,000.00","63,250.00","126,500.00",사용,29728,2,0,0,7,6,0,0.0,0.0,0.0,0,0,2,0.0,0.0,7615537267210,2
상품,의류(온),5인치 퍼포먼스 쇼츠,1WF10130553,반바지,의류,S,1WF10130553(S),,132462935,여성,개,26SS,,2026-01-05,2026-01-05,"115,000.00","63,250.00","63,250.00",사용,29727,1,0,0,7,6,0,0.0,0.0,0.0,0,0,1,0.0,0.0,7615537267203,1
상품,의류(온),3인치 코어 쇼츠,1WF10154975,반바지,의류,L,1WF10154975(L),,133879942,여성,개,26FW,,2026-06-25,2026-06-25,"85,000.00","44,200.00","44,200.00",사용,37117,1,1,-1,2,3,0,0.0,0.0,0.0,0,0,1,0.0,0.0,7615537958002,1
상품,의류(온),3인치 코어 쇼츠,1WF10154975,반바지,의류,M,1WF10154975(M),,133879942,여성,개,26FW,,2026-06-25,2026-06-25,"85,000.00","44,200.00","88,400.00",사용,37116,2,6,-6,2,10,1,10.0,3.4,0.8,0,0,2,3.4,0.8,7615537957999,2
상품,의류(온),3인치 코어 쇼츠,1WF10154975,반바지,의류,S,1WF10154975(S),,133879942,여성,개,26FW,,2026-06-25,2026-06-25,"85,000.00","44,200.00","88,400.00",사용,37115,2,4,-4,2,12,0,0.0,0.0,0.0,0,0,2,0.0,0.0,7615537957982,2
상품,의류(온),퍼포먼스 탱크 Aop,1WF10432986,싱글렛,의류,XS,1WF10432986(XS),,130666860,여성,개,25SS,,2025-05-23,2025-05-23,"115,000.00","62,100.00","62,100.00",사용,16865,1,0,0,15,6,0,0.0,0.0,0.0,0,0,1,0.0,0.0,7615537272351,1
상품,의류(온),퍼포먼스 타이츠 7/8 Aop,1WF10491933,하의타이츠,의류,M,1WF10491933(M),,130666859,여성,개,25SS,,2025-05-23,2025-05-23,"169,000.00","91,260.00","182,520.00",사용,16859,2,0,0,15,2,0,0.0,0.0,0.0,0,0,2,0.0,0.0,7615537272191,2
상품,의류(온),퍼포먼스 타이츠 7/8 Aop,1WF10491933,하의타이츠,의류,S,1WF10491933(S),,130666859,여성,개,25SS,,2025-05-23,2025-05-23,"169,000.00","91,260.00","547,560.00",사용,16858,6,0,0,15,6,0,0.0,0.0,0.0,0,0,6,0.0,0.0,7615537272184,6
상품,의류(온),퍼포먼스 타이츠 7/8 Aop,1WF10491933,하의타이츠,의류,XS,1WF10491933(XS),,130666859,여성,개,25SS,,2025-05-23,2025-05-23,"169,000.00","91,260.00","456,300.00",사용,16857,5,0,0,15,7,0,0.0,0.0,0.0,0,0,5,0.0,0.0,7615537272177,5
상품,의류(온),5인치 코어 쇼츠,1WF11050554,반바지,의류,XS,1WF11050554(XS),,129574606,여성,개,25SS,,2025-04-18,2025-04-18,"85,000.00","45,900.00","45,900.00",사용,16889,1,0,0,16,7,0,0.0,0.0,0.0,0,0,1,0.0,0.0,7615537266893,1
상품,의류(온),퍼포먼스 타이츠 쇼츠,1WF30210553,하의타이츠,의류,M,1WF30210553(M),,135922215,여성,개,25FW,,2025-07-22,2025-07-22,"95,000.00","45,050.00","90,100.00",사용,23428,2,5,-5,13,5,0,0.0,0.0,0.0,0,0,4,0.0,0.0,7615537425443,2
상품,의류(온),퍼포먼스 타이츠 쇼츠,1WF30210553,하의타이츠,의류,M,1WF30210553(M),,135922215,여성,개,26FW,,2026-07-20,2026-07-20,"95,000.00","49,400.00","98,800.00",사용,23428,2,5,-5,1,10,0,0.0,0.0,0.0,0,0,4,0.0,0.0,7615537425443,2
상품,의류(온),퍼포먼스 타이츠 쇼츠,1WF30210553,하의타이츠,의류,S,1WF30210553(S),,135922215,여성,개,26FW,,2026-07-20,2026-07-20,"95,000.00","49,400.00","98,800.00",사용,23427,2,2,-2,1,12,4,33.3,0.8,0.2,0,2,0,0.0,0.0,7615537425573,2
상품,의류(온),온 런 티,1WG11250773,반팔티셔츠,의류,M,1WG11250773(M),,132717556,여성,개,26SS,,2026-02-05,2026-02-05,"89,000.00","48,950.00","48,950.00",사용,29526,1,2,-2,6,5,0,0.0,0.0,0.0,0,0,1,0.0,0.0,7615537649450,1
상품,의류(온),온 런 티,1WG11250773,반팔티셔츠,의류,S,1WG11250773(S),,132717556,여성,개,26SS,,2026-02-05,2026-02-05,"89,000.00","48,950.00","97,900.00",사용,29525,2,3,-3,6,6,1,16.6,3.4,0.8,0,0,2,3.4,0.8,7615537649443,2
상품,의류(온),퍼포먼스 볼트 자켓,1WG30734993,재킷,의류,L,1WG30734993(L),,133879949,여성,개,26FW,,2026-06-25,2026-06-25,"259,000.00","134,680.00","134,680.00",사용,36961,1,1,-1,2,3,0,0.0,0.0,0.0,0,0,1,0.0,0.0,7615537960401,1
상품,의류(온),퍼포먼스 볼트 자켓,1WG30734993,재킷,의류,M,1WG30734993(M),,133879949,여성,개,26FW,,2026-06-25,2026-06-25,"259,000.00","134,680.00","134,680.00",사용,36960,1,4,-4,2,6,0,0.0,0.0,0.0,0,0,1,0.0,0.0,7615537960371,1
상품,의류(온),퍼포먼스 볼트 자켓,1WG30734993,재킷,의류,S,1WG30734993(S),,133879949,여성,개,26FW,,2026-06-25,2026-06-25,"259,000.00","134,680.00","134,680.00",사용,36959,1,5,-5,2,8,1,12.5,1.7,0.4,0,0,1,1.7,0.4,7615537960364,1
상품,의류(온),퍼포먼스 볼트 자켓,1WG30734993,재킷,의류,XS,1WG30734993(XS),,133879949,여성,개,26FW,,2026-06-25,2026-06-25,"259,000.00","134,680.00","134,680.00",사용,36958,1,1,-1,2,3,0,0.0,0.0,0.0,0,0,1,0.0,0.0,7615537960357,1
상품,의류(온),퍼포먼스 볼트 베스트,1WG30740561,재킷,의류,L,1WG30740561(L),,133879948,여성,개,26FW,,2026-06-11,2026-06-11,"239,000.00","124,280.00","124,280.00",사용,36987,1,2,-2,2,4,0,0.0,0.0,0.0,0,0,1,0.0,0.0,7615537960067,1
상품,의류(온),퍼포먼스 볼트 베스트,1WG30740561,재킷,의류,M,1WG30740561(M),,133879948,여성,개,26FW,,2026-06-11,2026-06-11,"239,000.00","124,280.00","124,280.00",사용,36986,1,3,-3,2,7,0,0.0,0.0,0.0,0,0,1,0.0,0.0,7615537960050,1
상품,의류(온),퍼포먼스 볼트 베스트,1WG30740561,재킷,의류,S,1WG30740561(S),,133879948,여성,개,26FW,,2026-06-11,2026-06-11,"239,000.00","124,280.00","124,280.00",사용,36985,1,3,-3,2,6,0,0.0,0.0,0.0,0,0,1,0.0,0.0,7615537960036,1
상품,의류(온),퍼포먼스 볼트 베스트,1WG30740561,재킷,의류,XS,1WG30740561(XS),,133879948,여성,개,26FW,,2026-06-11,2026-06-11,"239,000.00","124,280.00","124,280.00",사용,36984,1,0,0,2,3,0,0.0,0.0,0.0,0,0,1,0.0,0.0,7615537960012,1
상품,의류(온),퍼포먼스 볼트 티,1WG31334959,반팔티셔츠,의류,M,1WG31334959(M),,133879946,여성,개,26FW,,2026-06-25,2026-06-25,"129,000.00","67,080.00","134,160.00",사용,37041,2,6,-6,2,10,0,0.0,0.0,0.0,0,0,2,0.0,0.0,7615537957111,2
상품,의류(온),퍼포먼스 볼트 티,1WG31334959,반팔티셔츠,의류,S,1WG31334959(S),,133879946,여성,개,26FW,,2026-06-25,2026-06-25,"129,000.00","67,080.00","67,080.00",사용,37040,1,8,-8,2,15,0,0.0,0.0,0.0,0,1,0,0.0,0.0,7615537957098,1
상품,의류(온),퍼포먼스 볼트 티,1WG31334959,반팔티셔츠,의류,XS,1WG31334959(XS),,133879946,여성,개,26FW,,2026-06-25,2026-06-25,"129,000.00","67,080.00","67,080.00",사용,37039,1,2,-2,2,5,0,0.0,0.0,0.0,0,1,0,0.0,0.0,7615537957074,1
상품,의류(온),퍼포먼스 타이츠 24,1WG31400553,하의타이츠,의류,L,1WG31400553(L),,133879943,여성,개,26FW,,2026-06-11,2026-06-11,"159,000.00","82,680.00","82,680.00",사용,37097,1,3,-3,2,5,0,0.0,0.0,0.0,0,0,1,0.0,0.0,7615537935638,1
상품,의류(온),퍼포먼스 타이츠 24,1WG31400553,하의타이츠,의류,M,1WG31400553(M),,133879943,여성,개,26FW,,2026-06-11,2026-06-11,"159,000.00","82,680.00","165,360.00",사용,37096,2,6,-6,2,10,0,0.0,0.0,0.0,0,0,2,0.0,0.0,7615537935621,2
상품,의류(온),퍼포먼스 타이츠 24,1WG31400553,하의타이츠,의류,S,1WG31400553(S),,133879943,여성,개,26FW,,2026-06-11,2026-06-11,"159,000.00","82,680.00","165,360.00",사용,37095,2,6,-6,2,10,0,0.0,0.0,0.0,0,0,2,0.0,0.0,7615537935614,2
상품,의류(온),퍼포먼스 타이츠 24,1WG31400553,하의타이츠,의류,XS,1WG31400553(XS),,133879943,여성,개,26FW,,2026-06-11,2026-06-11,"159,000.00","82,680.00","82,680.00",사용,37094,1,3,-3,2,5,0,0.0,0.0,0.0,0,0,1,0.0,0.0,7615537935607,1
상품,용품(ARC),티핑 백,21CA-TIP-GRY,가방,용품,1SIZE,21CA-TIP-GRY(1SIZE),,123229671,공용,개,24FW,,2024-08-15,2024-08-15,"28,000.00","15,400.00","15,400.00",사용,7994,1,0,0,24,10,1,10.0,1.7,0.4,0,0,1,1.7,0.4,21CA-TIP-GRY ,1
상품,용품(ARC),런드리 백 S,21SS-LAU-BLKS,가방,용품,1SIZE,21SS-LAU-BLKS(1SIZE),,126731531,공용,개,25SS,,2025-01-31,2025-01-31,"16,000.00","8,800.00","8,800.00",사용,16359,1,0,0,19,10,0,0.0,0.0,0.0,0,0,1,0.0,0.0,21SS-LAU-BLKS,1
상품,용품(ARC),안단테 트레일 러닝 베스트 15L,22FW-AD15-BLK,트레일베스트,용품,S,22FW-AD15-BLK(S),,126731530,공용,개,25SS,,2025-01-31,2025-01-31,"238,000.00","130,900.00","130,900.00",사용,16353,1,1,-1,19,5,0,0.0,0.0,0.0,0,0,1,0.0,0.0,22FW-AD15-BLKS,1
상품,의류(파타고니아),캡 쿨 트레일 셔츠,23726R5-DYWH,반팔티셔츠,의류,XS,23726R5-DYWH(XS),,133237200,여성,개,26SS,,2026-03-25,2026-03-25,"89,000.00","48,950.00","48,950.00",사용,32565,1,0,0,5,2,0,0.0,0.0,0.0,0,0,1,0.0,0.0,23726R5DYWHXS,1
상품,용품(ARC),하이드레이션 힙 색,23FW-VHH-BLK,트레일베스트,용품,1SIZE,23FW-VHH-BLK(1SIZE),,123235667,공용,개,24FW,,2024-08-15,2024-08-15,"98,000.00","53,900.00","53,900.00",사용,7996,1,2,-2,24,20,0,0.0,0.0,0.0,0,0,1,0.0,0.0,23FW-VHH-BLK,1
상품,의류(파타고니아),후디니 재킷,24142R5-BLSG,재킷,의류,M,24142R5-BLSG(M),,133237341,남성,개,26SS,,2026-03-25,2026-03-25,"199,000.00","109,450.00","109,450.00",사용,32507,1,0,0,5,4,0,0.0,0.0,0.0,0,0,1,0.0,0.0,24142R5BLSGM,1
상품,의류(파타고니아),후디니 재킷,24142R5-BLSG,재킷,의류,S,24142R5-BLSG(S),,133237341,남성,개,26SS,,2026-03-25,2026-03-25,"199,000.00","109,450.00","109,450.00",사용,32506,1,0,0,5,3,0,0.0,0.0,0.0,0,0,1,0.0,0.0,24142R5BLSGS,1
상품,의류(파타고니아),후디니 재킷,24142R5-BOB,재킷,의류,M,24142R5-BOB(M),,133237351,남성,개,26SS,,2026-03-25,2026-03-25,"199,000.00","109,450.00","109,450.00",사용,32494,1,1,-1,5,12,0,0.0,0.0,0.0,0,0,1,0.0,0.0,24142R5BOBM,1
상품,의류(파타고니아),후디니 재킷,24142R5-BOB,재킷,의류,S,24142R5-BOB(S),,133237351,남성,개,26SS,,2026-03-25,2026-03-25,"199,000.00","109,450.00","109,450.00",사용,32493,1,1,-1,5,6,0,0.0,0.0,0.0,0,0,1,0.0,0.0,24142R5BOBS,1
상품,의류(파타고니아),후디니 재킷,24147R5-LVT,재킷,의류,S,24147R5-LVT(S),,133237320,여성,개,26SS,,2026-03-25,2026-03-25,"199,000.00","109,450.00","109,450.00",사용,32553,1,0,0,5,2,0,0.0,0.0,0.0,0,0,1,0.0,0.0,24147R5LVTS,1
상품,의류(파타고니아),후디니 재킷,24147R5-LVT,재킷,의류,XS,24147R5-LVT(XS),,133237320,여성,개,26SS,,2026-03-25,2026-03-25,"199,000.00","109,450.00","109,450.00",사용,32552,1,1,-1,5,2,0,0.0,0.0,0.0,0,0,1,0.0,0.0,24147R5LVTXS,1
상품,의류(파타고니아),캡 쿨 트레일 셔츠,24498R5-WSTO,반팔티셔츠,의류,L,24498R5-WSTO(L),,133237208,남성,개,26SS,,2026-03-25,2026-03-25,"85,000.00","46,750.00","46,750.00",사용,32534,1,0,0,5,3,0,0.0,0.0,0.0,0,0,1,0.0,0.0,24498R5WSTOL,1
상품,의류(파타고니아),캡 쿨 트레일 셔츠,24498R5-WSTO,반팔티셔츠,의류,M,24498R5-WSTO(M),,133237208,남성,개,26SS,,2026-03-25,2026-03-25,"85,000.00","46,750.00","46,750.00",사용,32533,1,0,0,5,4,0,0.0,0.0,0.0,0,0,1,0.0,0.0,24498R5WSTOM,1
상품,의류(파타고니아),M`S STRIDER PRO SHORTS - 5 IN.트라이얼,24634Q5-BLK TRIAL,반바지,의류,L,24634Q5-BLK TRIAL(L),,,남성,개,25FW,2025-09-02,,,0.00,0.00,0.00,사용,24513,1,0,0,0,0,0,0.0,0.0,0.0,0,0,1,0.0,0.0,,1
상품,의류(파타고니아),M`S STRIDER PRO SHORTS - 5 IN.트라이얼,24634Q5-BLK TRIAL,반바지,의류,M,24634Q5-BLK TRIAL(M),,,남성,개,25FW,,,,0.00,0.00,0.00,사용,24512,2,0,0,0,0,0,0.0,0.0,0.0,0,0,2,0.0,0.0,,2
상품,의류(파타고니아),M`S STRIDER PRO SHORTS - 5 IN.트라이얼,24634Q5-BLK TRIAL,반바지,의류,S,24634Q5-BLK TRIAL(S),,,남성,개,25FW,,,,0.00,0.00,0.00,사용,24511,1,0,0,0,0,0,0.0,0.0,0.0,0,0,1,0.0,0.0,,1
상품,의류(파타고니아),스트라이더 프로 쇼츠 5인치,24634Q5-SLPU,반바지,의류,M,24634Q5-SLPU(M),,128865121,남성,개,25SS,,2025-03-12,2025-03-12,"139,000.00","76,450.00","76,450.00",사용,17841,1,2,-2,17,5,0,0.0,0.0,0.0,0,0,1,0.0,0.0,24634Q5SLPUS,1
상품,의류(파타고니아),스트라이더 프로 쇼츠 5인치,24634Q5-SLPU,반바지,의류,S,24634Q5-SLPU(S),,128865121,남성,개,25SS,,2025-03-12,2025-03-12,"139,000.00","76,450.00","76,450.00",사용,17842,1,2,-2,17,10,0,0.0,0.0,0.0,0,0,1,0.0,0.0,24634Q5SLPUM,1
상품,의류(파타고니아),M`S STRIDER PRO SHORTS - 5 IN.트라이얼,24634Q5-SLPU TRIAL,반바지,의류,M,24634Q5-SLPU TRIAL(M),,,남성,개,25FW,,,,0.00,0.00,0.00,사용,24520,1,0,0,0,0,0,0.0,0.0,0.0,0,0,1,0.0,0.0,,1
상품,의류(파타고니아),M`S STRIDER PRO SHORTS - 5 IN.트라이얼,24634Q5-SLPU TRIAL,반바지,의류,S,24634Q5-SLPU TRIAL(S),,,남성,개,25FW,,,,0.00,0.00,0.00,사용,24519,1,0,0,0,0,0,0.0,0.0,0.0,0,0,1,0.0,0.0,,1
상품,의류(파타고니아),스트라이더 프로 쇼츠 3.5인치,24658Q5-BLK,반바지,의류,M,24658Q5-BLK(M),,128865128,여성,개,25SS,,2025-03-12,2025-03-12,"135,000.00","74,250.00","74,250.00",사용,17900,1,0,0,17,2,0,0.0,0.0,0.0,0,0,1,0.0,0.0,24658Q5BLKM,1
상품,의류(파타고니아),스트라이더 프로 쇼츠 3.5인치,24658Q5-BLK,반바지,의류,S,24658Q5-BLK(S),,128865128,여성,개,25SS,,2025-03-12,2025-03-12,"135,000.00","74,250.00","74,250.00",사용,17899,1,0,0,17,3,0,0.0,0.0,0.0,0,0,1,0.0,0.0,24658Q5BLKS,1
상품,의류(파타고니아),W`S STRIDER PRO SHORTS - 3 1/2 IN.트라이얼,24658Q5-BLK TRIAL,반바지,의류,M,24658Q5-BLK TRIAL(M),,,여성,개,25FW,,,,0.00,0.00,0.00,사용,24594,1,0,0,0,0,0,0.0,0.0,0.0,0,0,1,0.0,0.0,,1
상품,의류(파타고니아),W`S STRIDER PRO SHORTS - 3 1/2 IN.트라이얼,24658Q5-BLK TRIAL,반바지,의류,S,24658Q5-BLK TRIAL(S),,,여성,개,25FW,,,,0.00,0.00,0.00,사용,24593,2,0,0,0,0,0,0.0,0.0,0.0,0,0,2,0.0,0.0,,2
상품,의류(파타고니아),W`S STRIDER PRO SHORTS - 3 1/2 IN.트라이얼,24658Q5-BLK TRIAL,반바지,의류,XS,24658Q5-BLK TRIAL(XS),,,여성,개,25FW,,,,0.00,0.00,0.00,사용,24592,2,0,0,0,0,0,0.0,0.0,0.0,0,0,2,0.0,0.0,,2
상품,의류(파타고니아),스트라이더 프로 쇼츠 3 1/2 인치,24658R5-BLK,반바지,의류,M,24658R5-BLK(M),,133237192,여성,개,26SS,,2026-03-25,2026-03-25,"149,000.00","81,950.00","81,950.00",사용,32580,1,0,0,5,2,0,0.0,0.0,0.0,0,0,1,0.0,0.0,24658R5BLKM,1
상품,의류(파타고니아),스트라이더 프로 쇼츠 3 1/2 인치,24658R5-BLK,반바지,의류,S,24658R5-BLK(S),,133237192,여성,개,26SS,,2026-03-25,2026-03-25,"149,000.00","81,950.00","81,950.00",사용,32579,1,0,0,5,3,0,0.0,0.0,0.0,0,0,1,0.0,0.0,24658R5BLKS,1
상품,의류(파타고니아),스트라이더 프로 쇼츠 3 1/2 인치,24658R5-BLK,반바지,의류,XS,24658R5-BLK(XS),,133237192,여성,개,26SS,,2026-03-25,2026-03-25,"149,000.00","81,950.00","81,950.00",사용,32578,1,0,0,5,2,0,0.0,0.0,0.0,0,0,1,0.0,0.0,24658R5BLKXS,1
상품,의류(파타고니아),W`S ENDLESS RUN SHORTS - 6 IN.트라이얼,24745Q5-BLK TRIAL,하의타이츠,의류,M,24745Q5-BLK TRIAL(M),,,여성,개,25FW,,,,0.00,0.00,0.00,사용,24586,1,0,0,0,0,0,0.0,0.0,0.0,0,0,1,0.0,0.0,,1
상품,의류(파타고니아),W`S ENDLESS RUN SHORTS - 6 IN.트라이얼,24745Q5-BLK TRIAL,하의타이츠,의류,S,24745Q5-BLK TRIAL(S),,,여성,개,25FW,,,,0.00,0.00,0.00,사용,24585,2,0,0,0,0,0,0.0,0.0,0.0,0,0,2,0.0,0.0,,2
상품,의류(파타고니아),M`S ENDLESS RUN SHORTS트라이얼,24871Q5-BLK TRIAL,하의타이츠,의류,L,24871Q5-BLK TRIAL(L),,,남성,개,25FW,,,,0.00,0.00,0.00,사용,24473,1,0,0,0,0,0,0.0,0.0,0.0,0,0,1,0.0,0.0,,1
상품,의류(파타고니아),M`S ENDLESS RUN SHORTS트라이얼,24871Q5-BLK TRIAL,하의타이츠,의류,M,24871Q5-BLK TRIAL(M),,,남성,개,25FW,,,,0.00,0.00,0.00,사용,24472,1,0,0,0,0,0,0.0,0.0,0.0,0,0,1,0.0,0.0,,1
상품,의류(파타고니아),M`S ENDLESS RUN SHORTS트라이얼,24871Q5-BLK TRIAL,하의타이츠,의류,S,24871Q5-BLK TRIAL(S),,,남성,개,25FW,,,,0.00,0.00,0.00,사용,24471,1,0,0,0,0,0,0.0,0.0,0.0,0,0,1,0.0,0.0,,1
상품,용품(ARC),비컨 베스트,24FW-BCV-BLK,가방,용품,1SIZE,24FW-BCV-BLK(1SIZE),,123772820,공용,개,24FW,,2024-09-27,2024-09-27,"73,000.00","40,150.00","80,300.00",사용,10520,2,5,-5,23,20,0,0.0,0.0,0.0,0,0,2,0.0,0.0,24FW-BCV-BLK,2
상품,용품(ARC),베이직 암 슬리브,24SS-BAS-OLVS,암슬리브,용품,M,24SS-BAS-OLVS(M),,126731540,공용,개,25SS,,2025-01-31,2025-01-31,"30,000.00","16,500.00","33,000.00",사용,16384,2,0,0,19,15,1,6.6,3.4,0.8,0,0,2,3.4,0.8,24SS-BAS-OLVM,2
상품,용품(ARC),디스턴스 트레일 러닝 캡,24SS-DTC-BEG,모자,용품,1SIZE,24SS-DTC-BEG(1SIZE),,123772833,공용,개,25FW,,2025-07-28,2025-07-28,"59,000.00","32,450.00","32,450.00",사용,10542,1,0,0,13,20,0,0.0,0.0,0.0,0,0,1,0.0,0.0,24SS-DTC-BEG,1
상품,용품(ARC),3km 힙 색,25SS-HIP-GRY,러닝벨트,용품,1SIZE,25SS-HIP-GRY(1SIZE),,131277165,공용,개,25FW,,2025-07-28,2025-07-28,"59,000.00","32,450.00","584,100.00",사용,23618,18,6,-6,13,50,2,4.0,15.4,3.6,0,0,18,15.4,3.6,25SS-HIPS-GRY,18
상품,신발(비브람),V-RUN,26M7001,트레일,신발,260,26M7001(260),,133315687,남성,개,26SS,,2026-04-02,2026-04-02,"229,000.00","137,400.00","274,800.00",사용,34131,2,0,0,4,6,0,0.0,0.0,0.0,0,0,2,0.0,0.0,RA0012042000463,2
상품,신발(비브람),V-RUN,26M7001,트레일,신발,265,26M7001(265),,133315687,남성,개,26SS,,2026-04-02,2026-04-02,"229,000.00","137,400.00","274,800.00",사용,34132,2,1,-1,4,8,1,12.5,3.4,0.8,0,1,1,1.7,0.4,RA0012042000464,2
상품,신발(비브람),V-RUN,26M7001,트레일,신발,270,26M7001(270),,133315687,남성,개,26SS,,2026-04-02,2026-04-02,"229,000.00","137,400.00","274,800.00",사용,34133,2,1,-1,4,8,0,0.0,0.0,0.0,0,0,2,0.0,0.0,RA0012042000465,2
상품,신발(비브람),V-RUN,26M7001,트레일,신발,275,26M7001(275),,133315687,남성,개,26SS,,2026-04-02,2026-04-02,"229,000.00","137,400.00","137,400.00",사용,34134,1,1,-1,4,6,0,0.0,0.0,0.0,0,1,0,0.0,0.0,RA0012042000466,1
상품,신발(비브람),V-RUN,26M7002,트레일,신발,260,26M7002(260),,133315686,남성,개,26SS,,2026-04-02,2026-04-02,"229,000.00","137,400.00","137,400.00",사용,34152,1,0,0,4,2,0,0.0,0.0,0.0,0,0,1,0.0,0.0,RA0012042000470,1
상품,신발(비브람),V-RUN,26M7002,트레일,신발,265,26M7002(265),,133315686,남성,개,26SS,,2026-04-02,2026-04-02,"229,000.00","137,400.00","137,400.00",사용,34153,1,0,0,4,3,0,0.0,0.0,0.0,0,0,1,0.0,0.0,RA0012042000471,1
상품,신발(비브람),V-RUN,26M7002,트레일,신발,270,26M7002(270),,133315686,남성,개,26SS,,2026-04-02,2026-04-02,"229,000.00","137,400.00","137,400.00",사용,34154,1,0,0,4,3,0,0.0,0.0,0.0,0,0,1,0.0,0.0,RA0012042000472,1
상품,용품(CEP),울트라라이트 미드컷 삭스 V3,28748,양말,용품,XL,28748(XL),,,남성,개,25SS,,2025-01-23,2025-01-23,"49,000.00","31,850.00","31,850.00",사용,16306,1,0,0,19,5,0,0.0,0.0,0.0,0,0,1,0.0,0.0,4099787258830,1
상품,용품(CEP),울트라라이트 미드컷 삭스 V3,28754,양말,용품,L,28754(L),,,남성,개,25SS,,2025-01-23,2025-01-23,"49,000.00","31,850.00","254,800.00",사용,16314,8,0,0,19,15,0,0.0,0.0,0.0,0,0,8,0.0,0.0,4099787258793,8
상품,용품(파타고니아),덕빌 트러커 햇,28758Q5-BLK,모자,용품,1SIZE,28758Q5-BLK(1SIZE),,128865110,공용,개,25SS,,2025-03-12,2025-03-12,"69,000.00","37,950.00","37,950.00",사용,17759,1,0,0,17,15,0,0.0,0.0,0.0,0,0,1,0.0,0.0,28758Q5BLKALL,1
상품,용품(CEP),울트라라이트 미드컷 삭스 V3,28760,양말,용품,L,28760(L),,,남성,개,25SS,,2025-01-23,2025-01-23,"49,000.00","31,850.00","159,250.00",사용,16294,5,0,0,19,20,0,0.0,0.0,0.0,0,0,5,0.0,0.0,4099787258762,5
상품,용품(CEP),울트라라이트 미드컷 삭스 V3,28760,양말,용품,XL,28760(XL),,,남성,개,25SS,,2025-01-23,2025-01-23,"49,000.00","31,850.00","159,250.00",사용,16296,5,0,0,19,5,0,0.0,0.0,0.0,0,0,5,0.0,0.0,4099787258779,5
상품,용품(파타고니아),덕빌 캡,28818R5-BOB,모자,용품,1SIZE,28818R5-BOB(1SIZE),,133237186,공용,개,26SS,,2026-03-25,2026-03-25,"69,000.00","37,950.00","151,800.00",사용,32585,4,0,0,5,20,0,0.0,0.0,0.0,0,0,4,0.0,0.0,28818R5BOBALL,4
상품,용품(온),트랙 팩 40L 엘리트,2UE10170761,가방,용품,1SIZE,2UE10170761(1SIZE),,132462915,공용,개,26SS,,2026-01-05,2026-01-05,"289,000.00","158,950.00","476,850.00",사용,29758,3,3,-3,7,15,0,0.0,0.0,0.0,0,0,3,0.0,0.0,7615537125336,3
상품,용품(온),코어 헤드밴드,2UE30480553,모자,용품,1SIZE,2UE30480553(1SIZE),,135922156,공용,개,26FW,,2026-07-20,2026-07-20,"49,000.00","25,480.00","407,680.00",사용,37167,16,36,-36,1,80,5,6.2,5.4,1.2,0,1,15,5.1,1.2,7615537125220,16
상품,용품(온),퍼포먼스 캡,2UE30500553,모자,용품,1SIZE,2UE30500553(1SIZE),,131228069,공용,개,26FW,,2026-07-20,2026-07-20,"85,000.00","44,200.00","1,768,000.00",사용,23465,40,100,-100,1,200,2,1.0,34.2,8.0,0,0,40,34.2,8.0,7615537125268,40
상품,용품(온),코어 글러브,2UE30510553,기타,용품,L,2UE30510553(L),,132462933,공용,개,26FW,,2026-07-20,2026-07-20,"69,000.00","35,880.00","71,760.00",사용,29753,2,5,-5,1,10,0,0.0,0.0,0.0,0,0,2,0.0,0.0,7615537125947,2
상품,용품(온),코어 글러브,2UE30510553,기타,용품,M,2UE30510553(M),,132462933,공용,개,26FW,,2026-07-20,2026-07-20,"69,000.00","35,880.00","143,520.00",사용,29752,4,10,-10,1,20,0,0.0,0.0,0.0,0,0,4,0.0,0.0,7615537125930,4
상품,용품(온),코어 글러브,2UE30510553,기타,용품,S,2UE30510553(S),,132462933,공용,개,26FW,,2026-07-20,2026-07-20,"69,000.00","35,880.00","143,520.00",사용,29751,4,10,-10,1,20,0,0.0,0.0,0.0,0,0,4,0.0,0.0,7615537125923,4
상품,용품(온),코어 글러브,2UE30511291,기타,용품,L,2UE30511291(L),,132462931,공용,개,26SS,,2026-01-05,2026-01-05,"69,000.00","37,950.00","75,900.00",사용,29625,2,2,-2,7,5,0,0.0,0.0,0.0,0,0,3,0.0,0.0,7615537563640,2
상품,용품(온),코어 글러브,2UE30511291,기타,용품,L,2UE30511291(L),,132462931,공용,개,26FW,,2026-07-20,2026-07-20,"69,000.00","35,880.00","35,880.00",사용,29625,1,2,-2,1,4,0,0.0,0.0,0.0,0,0,3,0.0,0.0,7615537563640,1
상품,용품(온),코어 글러브,2UE30511291,기타,용품,M,2UE30511291(M),,132462931,공용,개,26FW,,2026-07-20,2026-07-20,"69,000.00","35,880.00","71,760.00",사용,29624,2,4,-4,1,8,0,0.0,0.0,0.0,0,0,2,0.0,0.0,7615537563633,2
상품,용품(온),코어 글러브,2UE30511291,기타,용품,S,2UE30511291(S),,132462931,공용,개,26FW,,2026-07-20,2026-07-20,"69,000.00","35,880.00","71,760.00",사용,29623,2,4,-4,1,8,0,0.0,0.0,0.0,0,0,2,0.0,0.0,7615537563626,2
상품,용품(온),퍼포먼스 런 삭 하이,2UF10040106,양말,용품,M,2UF10040106(M),,132462929,공용,개,26SS,,2026-01-05,2026-01-05,"39,000.00","21,450.00","21,450.00",사용,29734,1,5,-5,7,10,0,0.0,0.0,0.0,0,0,1,0.0,0.0,7615537273310,1
상품,용품(온),퍼포먼스 런 삭 하이,2UF10040106,양말,용품,S,2UF10040106(S),,132462929,공용,개,26SS,,2026-01-05,2026-01-05,"39,000.00","21,450.00","21,450.00",사용,29733,1,21,-21,7,30,0,0.0,0.0,0.0,0,0,1,0.0,0.0,7615537273303,1
상품,용품(온),퍼포먼스 런 삭 하이,2UF10040813,양말,용품,M,2UF10040813(M),,133188627,공용,개,26SS,,2026-01-05,2026-01-05,"39,000.00","21,450.00","21,450.00",사용,23482,1,0,0,7,15,0,0.0,0.0,0.0,0,1,0,0.0,0.0,7615537273273,1
상품,용품(온),퍼포먼스 런 삭 하이,2UF10043259,양말,용품,L,2UF10043259(L),,131228161,공용,개,25FW,,2025-07-22,2025-07-22,"39,000.00","20,670.00","20,670.00",사용,23499,1,1,-1,13,5,0,0.0,0.0,0.0,0,0,1,0.0,0.0,,1
상품,용품(온),퍼포먼스 런 삭 하이,2UF10043259,양말,용품,M,2UF10043259(M),,131228161,공용,개,25FW,,2025-07-22,2025-07-22,"39,000.00","20,670.00","41,340.00",사용,23498,2,2,-2,13,30,0,0.0,0.0,0.0,0,0,2,0.0,0.0,7615537340098,2
상품,용품(온),퍼포먼스 런 삭 하이,2UF10043952,양말,용품,L,2UF10043952(L),,131228072,공용,개,25FW,,2025-07-22,2025-07-22,"39,000.00","20,670.00","20,670.00",사용,23547,1,0,0,13,10,0,0.0,0.0,0.0,0,0,1,0.0,0.0,7615537353555,1
상품,용품(온),퍼포먼스 런 삭 미드,2UF10053952,양말,용품,L,2UF10053952(L),,131228070,공용,개,25FW,,2025-07-22,2025-07-22,"35,000.00","18,550.00","37,100.00",사용,23515,2,6,-6,13,10,0,0.0,0.0,0.0,0,0,2,0.0,0.0,7615537312408,2
상품,용품(온),퍼포먼스 런 삭 미드,2UF10053952,양말,용품,S,2UF10053952(S),,131228070,공용,개,25FW,,2025-07-22,2025-07-22,"35,000.00","18,550.00","18,550.00",사용,23513,1,0,0,13,10,0,0.0,0.0,0.0,0,0,1,0.0,0.0,7615537312392,1
상품,용품(온),퍼포먼스 런 삭 로우,2UF10060813,양말,용품,L,2UF10060813(L),,131228071,공용,개,25FW,,2025-07-22,2025-07-22,"29,000.00","15,370.00","15,370.00",사용,23531,1,7,-7,13,10,0,0.0,0.0,0.0,0,0,1,0.0,0.0,7615537273488,1
상품,용품(온),퍼포먼스 런 삭 로우,2UF10060813,양말,용품,M,2UF10060813(M),,131228071,공용,개,25FW,,2025-07-22,2025-07-22,"29,000.00","15,370.00","15,370.00",사용,23530,1,4,-4,13,30,1,3.3,1.7,0.4,0,0,1,1.7,0.4,7615537273471,1
상품,용품(온),울트라 캡,2UF30040069,모자,용품,1SIZE,2UF30040069(1SIZE),,135922167,공용,개,26FW,,2026-07-20,2026-07-20,"85,000.00","44,200.00","397,800.00",사용,37137,9,23,-23,1,50,2,4.0,7.7,1.8,0,0,9,7.7,1.8,7615537355375,9
상품,용품(온),울트라베스트 프로,2UF30134353,트레일베스트,용품,L,2UF30134353(L),,135922204,공용,개,26FW,,2026-07-20,2026-07-20,"239,000.00","124,280.00","248,560.00",사용,37217,2,4,-4,1,8,0,0.0,0.0,0.0,0,0,2,0.0,0.0,7615537565873,2
상품,용품(온),울트라베스트 프로,2UF30134353,트레일베스트,용품,M,2UF30134353(M),,135922204,공용,개,26FW,,2026-07-20,2026-07-20,"239,000.00","124,280.00","124,280.00",사용,37216,1,8,-8,1,15,0,0.0,0.0,0.0,0,0,1,0.0,0.0,7615537565866,1
상품,용품(온),울트라베스트 프로,2UF30134353,트레일베스트,용품,S,2UF30134353(S),,135922204,공용,개,26FW,,2026-07-20,2026-07-20,"239,000.00","124,280.00","248,560.00",사용,37215,2,8,-8,1,15,0,0.0,0.0,0.0,0,0,2,0.0,0.0,7615537565859,2
상품,용품(온),울트라베스트 프로,2UF30134353,트레일베스트,용품,XS,2UF30134353(XS),,135922204,공용,개,26FW,,2026-07-20,2026-07-20,"239,000.00","124,280.00","248,560.00",사용,37214,2,5,-5,1,10,0,0.0,0.0,0.0,0,0,2,0.0,0.0,7615537565842,2
상품,용품(새티스파이),리피 트레일 캡,31000-00001,모자,용품,1SIZE,31000-00001(1SIZE),,133517498,공용,개,26SS,,2026-05-04,2026-05-04,"170,000.00","93,500.00","93,500.00",사용,32365,1,0,0,3,10,2,20.0,0.8,0.2,0,0,1,0.8,0.2,3701313781156,1
상품,신발(온),클라우드서퍼 2,3MF10120981,로드,신발,270,3MF10120981(270),멀티컬러,129574599,남성,개,25SS,,2025-04-18,2025-04-18,"199,000.00","107,460.00","214,920.00",사용,16506,2,1,-1,16,12,0,0.0,0.0,0.0,0,0,2,0.0,0.0,7615537201795,2
상품,신발(온),클라우드서퍼 2,3MF10120981,로드,신발,280,3MF10120981(280),멀티컬러,129574599,남성,개,25SS,,2025-04-18,2025-04-18,"199,000.00","107,460.00","107,460.00",사용,16508,1,0,0,16,6,0,0.0,0.0,0.0,0,0,1,0.0,0.0,,1
상품,신발(온),클라우드서퍼 2,3MF10121043,로드,신발,250,3MF10121043(250),,135922649,남성,개,26FW,,2026-07-20,2026-07-20,"199,000.00","103,480.00","103,480.00",사용,37231,1,1,-1,1,5,0,0.0,0.0,0.0,0,0,1,0.0,0.0,7615537201191,1
상품,신발(온),클라우드서퍼 2,3MF10121043,로드,신발,255,3MF10121043(255),,135922649,남성,개,26FW,,2026-07-20,2026-07-20,"199,000.00","103,480.00","103,480.00",사용,37232,1,2,-2,1,8,0,0.0,0.0,0.0,0,0,1,0.0,0.0,7615537201207,1
상품,신발(온),클라우드서퍼 2,3MF10121043,로드,신발,260,3MF10121043(260),,135922649,남성,개,26FW,,2026-07-20,2026-07-20,"199,000.00","103,480.00","103,480.00",사용,37233,1,2,-2,1,8,0,0.0,0.0,0.0,0,0,1,0.0,0.0,7615537201214,1
상품,신발(온),클라우드서퍼 2,3MF10121043,로드,신발,270,3MF10121043(270),,135922649,남성,개,26FW,,2026-07-20,2026-07-20,"199,000.00","103,480.00","310,440.00",사용,37235,3,10,-10,1,31,0,0.0,0.0,0.0,0,0,3,0.0,0.0,7615537201238,3
상품,신발(온),클라우드서퍼 2,3MF10123334,로드,신발,255,3MF10123334(255),올화이트,131962353,남성,개,26FW,,2026-07-20,2026-07-20,"199,000.00","103,480.00","103,480.00",사용,26037,1,4,-4,1,6,0,0.0,0.0,0.0,0,0,1,0.0,0.0,7615537201344,1
상품,신발(온),클라우드서퍼 2,3MF10123334,로드,신발,260,3MF10123334(260),올화이트,131962353,남성,개,26FW,,2026-07-20,2026-07-20,"199,000.00","103,480.00","103,480.00",사용,26038,1,8,-8,1,11,0,0.0,0.0,0.0,0,0,1,0.0,0.0,7615537201351,1
상품,신발(온),클라우드울트라 3,3MF30234788,트레일,신발,290,3MF30234788(290),,132462942,남성,개,26SS,,2026-01-05,2026-01-05,"229,000.00","125,950.00","125,950.00",사용,29557,1,0,0,7,1,0,0.0,0.0,0.0,0,0,1,0.0,0.0,7615537582993,1
상품,신발(온),클라우드울트라3,3MF30235300,트레일,신발,250,3MF30235300(250),,133879953,남성,개,26FW,,2026-06-25,2026-06-25,"229,000.00","119,080.00","119,080.00",사용,36823,1,1,-1,2,3,0,0.0,0.0,0.0,0,0,1,0.0,0.0,7615537872391,1
상품,신발(온),클라우드울트라3,3MF30235300,트레일,신발,255,3MF30235300(255),,133879953,남성,개,26FW,,2026-06-25,2026-06-25,"229,000.00","119,080.00","119,080.00",사용,36824,1,3,-3,2,5,0,0.0,0.0,0.0,0,0,1,0.0,0.0,7615537872407,1
상품,신발(온),클라우드울트라3,3MF30235300,트레일,신발,260,3MF30235300(260),,133879953,남성,개,26FW,,2026-06-25,2026-06-25,"229,000.00","119,080.00","238,160.00",사용,36825,2,6,-6,2,10,0,0.0,0.0,0.0,0,0,2,0.0,0.0,7615537872414,2
상품,신발(온),클라우드울트라3,3MF30235300,트레일,신발,265,3MF30235300(265),,133879953,남성,개,26FW,,2026-06-11,2026-06-25,"229,000.00","119,080.00","357,240.00",사용,36826,3,7,-7,2,15,0,0.0,0.0,0.0,0,0,3,0.0,0.0,7615537872421,3
상품,신발(온),클라우드울트라3,3MF30235300,트레일,신발,270,3MF30235300(270),,133879953,남성,개,26FW,,2026-06-11,2026-06-25,"229,000.00","119,080.00","357,240.00",사용,36827,3,11,-11,2,18,0,0.0,0.0,0.0,0,0,3,0.0,0.0,7615537872438,3
상품,신발(온),클라우드울트라3,3MF30235300,트레일,신발,275,3MF30235300(275),,133879953,남성,개,26FW,,2026-06-11,2026-06-11,"229,000.00","119,080.00","119,080.00",사용,36828,1,5,-5,2,10,1,10.0,1.7,0.4,0,0,1,1.7,0.4,7615537872445,1
상품,신발(온),클라우드울트라3,3MF30235300,트레일,신발,280,3MF30235300(280),,133879953,남성,개,26FW,,2026-06-11,2026-06-11,"229,000.00","119,080.00","119,080.00",사용,36829,1,3,-3,2,6,0,0.0,0.0,0.0,0,0,1,0.0,0.0,7615537872452,1
상품,신발(온),클라우드붐 맥스,3MF30310590,레이싱,신발,265,3MF30310590(265),,133281720,남성,개,26SS,,2026-03-23,2026-03-23,"279,000.00","153,450.00","153,450.00",사용,29149,1,0,0,5,11,0,0.0,0.0,0.0,0,0,1,0.0,0.0,7615537583419,1
상품,신발(온),클라우드붐 맥스,3MF30310590,레이싱,신발,270,3MF30310590(270),,133281720,남성,개,26SS,,2026-03-23,2026-03-23,"279,000.00","153,450.00","153,450.00",사용,29150,1,0,0,5,14,0,0.0,0.0,0.0,0,0,1,0.0,0.0,7615537583433,1
상품,신발(온),클라우드붐 맥스,3MF30310590,레이싱,신발,275,3MF30310590(275),,133281720,남성,개,26SS,,2026-03-23,2026-03-23,"279,000.00","153,450.00","153,450.00",사용,29151,1,0,0,5,9,0,0.0,0.0,0.0,0,0,1,0.0,0.0,7615537583440,1
상품,신발(온),클라우드붐 맥스,3MF30310590,레이싱,신발,285,3MF30310590(285),,133281720,남성,개,26SS,,2026-03-23,2026-03-23,"279,000.00","153,450.00","153,450.00",사용,29153,1,0,0,5,3,0,0.0,0.0,0.0,0,0,1,0.0,0.0,7615537583464,1
상품,신발(온),클라우드서퍼 맥스,3MF30430106,로드,신발,255,3MF30430106(255),(남)올블랙,131257914,남성,개,26FW,,2026-07-20,2026-07-20,"219,000.00","113,880.00","113,880.00",사용,23033,1,2,-2,1,7,0,0.0,0.0,0.0,0,0,1,0.0,0.0,7615537364100,1
상품,신발(온),클라우드서퍼 맥스,3MF30430106,로드,신발,260,3MF30430106(260),(남)올블랙,131257914,남성,개,26FW,,2026-07-20,2026-07-20,"219,000.00","113,880.00","113,880.00",사용,23034,1,4,-4,1,14,0,0.0,0.0,0.0,0,0,1,0.0,0.0,7615537364650,1
상품,신발(온),클라우드서퍼 맥스,3MF30430106,로드,신발,265,3MF30430106(265),(남)올블랙,131257914,남성,개,26FW,,2026-07-20,2026-07-20,"219,000.00","113,880.00","227,760.00",사용,23035,2,7,-7,1,21,0,0.0,0.0,0.0,0,0,2,0.0,0.0,7615537369051,2
상품,신발(온),클라우드서퍼 맥스,3MF30430106,로드,신발,270,3MF30430106(270),(남)올블랙,131257914,남성,개,26FW,,2026-07-20,2026-07-20,"219,000.00","113,880.00","341,640.00",사용,23036,3,8,-8,1,26,0,0.0,0.0,0.0,0,0,3,0.0,0.0,7615537364087,3
상품,신발(온),클라우드서퍼 맥스,3MF30430106,로드,신발,275,3MF30430106(275),(남)올블랙,131257914,남성,개,26FW,,2026-07-20,2026-07-20,"219,000.00","113,880.00","227,760.00",사용,23037,2,4,-4,1,15,1,6.6,3.4,0.8,0,0,2,3.4,0.8,7615537364162,2
상품,신발(온),클라우드서퍼 맥스,3MF30430106,로드,신발,280,3MF30430106(280),(남)올블랙,131257914,남성,개,26FW,,2026-07-20,2026-07-20,"219,000.00","113,880.00","113,880.00",사용,23038,1,0,0,1,8,1,12.5,1.7,0.4,0,0,1,1.7,0.4,7615537364360,1
상품,신발(온),클라우드서퍼 맥스,3MF30431200,로드,신발,255,3MF30431200(255),,135922652,남성,개,26FW,,2026-07-20,2026-07-20,"219,000.00","113,880.00","113,880.00",사용,36738,1,1,-1,1,7,1,14.2,1.7,0.4,0,0,1,1.7,0.4,7615537479071,1
상품,신발(온),클라우드서퍼 맥스,3MF30431200,로드,신발,260,3MF30431200(260),,135922652,남성,개,26FW,,2026-07-20,2026-07-20,"219,000.00","113,880.00","113,880.00",사용,36739,1,4,-4,1,14,0,0.0,0.0,0.0,0,0,1,0.0,0.0,7615537481425,1
상품,신발(온),클라우드서퍼 맥스,3MF30431200,로드,신발,265,3MF30431200(265),,135922652,남성,개,26FW,,2026-07-20,2026-07-20,"219,000.00","113,880.00","227,760.00",사용,36740,2,7,-7,1,21,1,4.7,3.4,0.8,0,0,2,3.4,0.8,7615537354828,2
상품,신발(온),클라우드서퍼 맥스,3MF30431200,로드,신발,270,3MF30431200(270),,135922652,남성,개,26FW,,2026-07-20,2026-07-20,"219,000.00","113,880.00","341,640.00",사용,36741,3,8,-8,1,26,1,3.8,5.1,1.2,0,0,3,5.1,1.2,7615537354668,3
상품,신발(온),클라우드서퍼 맥스,3MF30431200,로드,신발,275,3MF30431200(275),,135922652,남성,개,26FW,,2026-07-20,2026-07-20,"219,000.00","113,880.00","227,760.00",사용,36742,2,3,-3,1,15,1,6.6,3.4,0.8,0,0,2,3.4,0.8,7615537354729,2
상품,신발(온),클라우드서퍼 맥스,3MF30431200,로드,신발,280,3MF30431200(280),,135922652,남성,개,26FW,,2026-07-20,2026-07-20,"219,000.00","113,880.00","113,880.00",사용,36743,1,0,0,1,8,1,12.5,1.7,0.4,0,0,1,1.7,0.4,7615537355023,1
상품,신발(온),클라우드붐 볼트,3MF30980462,레이싱,신발,260,3MF30980462(260),,135922225,남성,개,26FW,,2026-07-20,2026-07-20,"259,000.00","134,680.00","134,680.00",사용,36409,1,7,-7,1,10,0,0.0,0.0,0.0,0,0,1,0.0,0.0,7615537588094,1
상품,신발(온),클라우드붐 볼트,3MF30980462,레이싱,신발,265,3MF30980462(265),,135922225,남성,개,26FW,,2026-07-20,2026-07-20,"259,000.00","134,680.00","134,680.00",사용,36410,1,8,-8,1,11,0,0.0,0.0,0.0,0,0,1,0.0,0.0,7615537588100,1
상품,신발(온),클라우드붐 볼트,3MF30980462,레이싱,신발,270,3MF30980462(270),,135922225,남성,개,26FW,,2026-07-20,2026-07-20,"259,000.00","134,680.00","134,680.00",사용,36411,1,10,-10,1,14,0,0.0,0.0,0.0,0,0,1,0.0,0.0,7615537588117,1
상품,신발(온),클라우드붐 볼트,3MF30980462,레이싱,신발,275,3MF30980462(275),,135922225,남성,개,26FW,,2026-07-20,2026-07-20,"259,000.00","134,680.00","134,680.00",사용,36412,1,4,-4,1,6,0,0.0,0.0,0.0,0,0,1,0.0,0.0,7615537588124,1
상품,신발(온),클라우드붐 볼트,3MF30980462,레이싱,신발,280,3MF30980462(280),,135922225,남성,개,26FW,,2026-07-20,2026-07-20,"259,000.00","134,680.00","134,680.00",사용,36413,1,4,-4,1,6,0,0.0,0.0,0.0,0,0,1,0.0,0.0,7615537588148,1
상품,신발(온),클라우드붐 볼트,3MF30984766,레이싱,신발,260,3MF30984766(260),,132803682,남성,개,26SS,,2026-02-05,2026-02-05,"259,000.00","142,450.00","142,450.00",사용,29469,1,0,0,6,5,0,0.0,0.0,0.0,0,0,1,0.0,0.0,7615537588261,1
상품,신발(온),클라우드붐 볼트,3MF30984766,레이싱,신발,275,3MF30984766(275),,132803682,남성,개,26SS,,2026-02-05,2026-02-05,"259,000.00","142,450.00","142,450.00",사용,29472,1,2,-2,6,4,0,0.0,0.0,0.0,0,0,1,0.0,0.0,7615537588292,1
상품,신발(온),클라우드붐 볼트,3MF30984766,레이싱,신발,280,3MF30984766(280),,132803682,남성,개,26SS,,2026-02-05,2026-02-05,"259,000.00","142,450.00","142,450.00",사용,29473,1,1,-1,6,3,0,0.0,0.0,0.0,0,0,1,0.0,0.0,7615537588308,1
상품,신발(온),클라우드붐 볼트,3MF30985531,레이싱,신발,255,3MF30985531(255),,135085316,남성,개,26FW,,2026-07-06,2026-07-06,"259,000.00","134,680.00","134,680.00",사용,36430,1,1,-1,1,3,0,0.0,0.0,0.0,0,0,1,0.0,0.0,7615537866321,1
상품,신발(온),클라우드붐 볼트,3MF30985531,레이싱,신발,260,3MF30985531(260),,135085316,남성,개,26FW,,2026-07-06,2026-07-06,"259,000.00","134,680.00","269,360.00",사용,36431,2,3,-3,1,6,0,0.0,0.0,0.0,0,0,2,0.0,0.0,7615537866338,2
상품,신발(온),클라우드붐 볼트,3MF30985531,레이싱,신발,265,3MF30985531(265),,135085316,남성,개,26FW,,2026-07-06,2026-07-06,"259,000.00","134,680.00","134,680.00",사용,36432,1,5,-5,1,7,0,0.0,0.0,0.0,0,0,1,0.0,0.0,7615537866345,1
상품,신발(온),클라우드붐 볼트,3MF30985531,레이싱,신발,270,3MF30985531(270),,135085316,남성,개,26FW,,2026-07-06,2026-07-06,"259,000.00","134,680.00","269,360.00",사용,36433,2,4,-4,1,9,1,11.1,3.4,0.8,0,0,2,3.4,0.8,7615537866352,2
상품,신발(온),클라우드붐 볼트,3MF30985531,레이싱,신발,275,3MF30985531(275),,135085316,남성,개,26FW,,2026-07-06,2026-07-06,"259,000.00","134,680.00","134,680.00",사용,36434,1,5,-5,1,7,0,0.0,0.0,0.0,0,0,1,0.0,0.0,7615537866369,1
상품,신발(온),클라우드붐 볼트,3MF30985531,레이싱,신발,280,3MF30985531(280),,135085316,남성,개,26FW,,2026-07-06,2026-07-06,"259,000.00","134,680.00","134,680.00",사용,36435,1,2,-2,1,4,0,0.0,0.0,0.0,0,0,1,0.0,0.0,7615537866376,1
상품,신발(온),클라우드몬스터 3,3MG10051043,로드,신발,250,3MG10051043(250),,132919109,남성,개,26FW,,2026-07-20,2026-07-20,"229,000.00","119,080.00","357,240.00",사용,29230,3,3,-3,1,14,0,0.0,0.0,0.0,0,0,3,0.0,0.0,7615537588568,3
상품,신발(온),클라우드몬스터 3,3MG10051043,로드,신발,255,3MG10051043(255),,132919109,남성,개,26FW,,2026-07-20,2026-07-20,"229,000.00","119,080.00","476,320.00",사용,29231,4,5,-5,1,25,0,0.0,0.0,0.0,0,0,4,0.0,0.0,7615537588575,4
상품,신발(온),클라우드몬스터 3,3MG10051043,로드,신발,260,3MG10051043(260),,132919109,남성,개,26FW,,2026-07-20,2026-07-20,"229,000.00","119,080.00","1,071,720.00",사용,29232,9,9,-9,1,56,1,1.7,15.4,3.6,0,1,8,13.7,3.2,7615537588582,9
상품,신발(온),클라우드몬스터 3,3MG10051043,로드,신발,265,3MG10051043(265),,132919109,남성,개,26FW,,2026-07-20,2026-07-20,"229,000.00","119,080.00","952,640.00",사용,29233,8,10,-10,1,63,0,0.0,0.0,0.0,0,0,8,0.0,0.0,7615537588605,8
상품,신발(온),클라우드몬스터 3,3MG10051043,로드,신발,270,3MG10051043(270),,132919109,남성,개,26FW,,2026-07-20,2026-07-20,"229,000.00","119,080.00","1,190,800.00",사용,29234,10,17,-17,1,80,0,0.0,0.0,0.0,0,1,9,0.0,0.0,7615537588612,10
상품,신발(온),클라우드몬스터 3,3MG10051043,로드,신발,275,3MG10051043(275),,132919109,남성,개,26FW,,2026-07-20,2026-07-20,"229,000.00","119,080.00","1,071,720.00",사용,29235,9,10,-10,1,60,1,1.6,15.4,3.6,0,0,9,15.4,3.6,7615537588629,9
상품,신발(온),클라우드몬스터 3,3MG10051043,로드,신발,280,3MG10051043(280),,132919109,남성,개,26FW,,2026-07-20,2026-07-20,"229,000.00","119,080.00","833,560.00",사용,29236,7,6,-6,1,34,1,2.9,12.0,2.8,0,0,7,12.0,2.8,7615537588636,7
상품,신발(온),클라우드몬스터 3,3MG10051043,로드,신발,285,3MG10051043(285),,132919109,남성,개,26FW,,2026-07-20,2026-07-20,"229,000.00","119,080.00","238,160.00",사용,29237,2,2,-2,1,10,0,0.0,0.0,0.0,0,1,1,0.0,0.0,7615537588643,2
상품,신발(온),클라우드몬스터 3,3MG10051043,로드,신발,290,3MG10051043(290),,132919109,남성,개,26FW,,2026-07-20,2026-07-20,"229,000.00","119,080.00","119,080.00",사용,29238,1,1,-1,1,6,1,16.6,1.7,0.4,0,0,1,1.7,0.4,7615537588650,1
상품,신발(온),클라우드몬스터 3,3MG10051200,로드,신발,250,3MG10051200(250),,132919106,남성,개,26FW,,2026-07-20,2026-07-20,"229,000.00","119,080.00","119,080.00",사용,29251,1,2,-2,1,7,0,0.0,0.0,0.0,0,0,1,0.0,0.0,7615537589381,1
상품,신발(온),클라우드몬스터 3,3MG10051200,로드,신발,255,3MG10051200(255),,132919106,남성,개,26FW,,2026-07-20,2026-07-20,"229,000.00","119,080.00","238,160.00",사용,29252,2,3,-3,1,13,1,7.6,3.4,0.8,0,0,2,3.4,0.8,7615537589398,2
상품,신발(온),클라우드몬스터 3,3MG10051200,로드,신발,260,3MG10051200(260),,132919106,남성,개,26FW,,2026-07-20,2026-07-20,"229,000.00","119,080.00","476,320.00",사용,29253,4,7,-7,1,29,1,3.4,6.8,1.6,0,0,4,6.8,1.6,7615537589404,4
상품,신발(온),클라우드몬스터 3,3MG10051200,로드,신발,265,3MG10051200(265),,132919106,남성,개,26FW,,2026-07-20,2026-07-20,"229,000.00","119,080.00","714,480.00",사용,29254,6,6,-6,1,32,2,6.2,5.1,1.2,0,0,6,5.1,1.2,7615537589411,6
상품,신발(온),클라우드몬스터 3,3MG10051200,로드,신발,270,3MG10051200(270),,132919106,남성,개,26FW,,2026-07-20,2026-07-20,"229,000.00","119,080.00","952,640.00",사용,29255,8,9,-9,1,41,1,2.4,13.7,3.2,0,0,8,13.7,3.2,7615537589428,8
상품,신발(온),클라우드몬스터 3,3MG10051200,로드,신발,275,3MG10051200(275),,132919106,남성,개,26FW,,2026-07-20,2026-07-20,"229,000.00","119,080.00","714,480.00",사용,29256,6,7,-7,1,31,1,3.2,10.2,2.4,0,0,6,10.2,2.4,7615537589435,6
상품,신발(온),클라우드몬스터 3,3MG10051200,로드,신발,280,3MG10051200(280),,132919106,남성,개,26FW,,2026-07-20,2026-07-20,"229,000.00","119,080.00","476,320.00",사용,29257,4,4,-4,1,18,2,11.1,3.4,0.8,0,0,4,3.4,0.8,7615537589442,4
상품,신발(온),클라우드몬스터 3,3MG10053388,로드,신발,255,3MG10053388(255),,133281741,남성,개,26SS,,2026-02-25,2026-02-25,"229,000.00","125,950.00","125,950.00",사용,29315,1,2,-2,6,4,0,0.0,0.0,0.0,0,0,1,0.0,0.0,7615537589558,1
상품,신발(온),클라우드몬스터 3,3MG10053388,로드,신발,260,3MG10053388(260),,133281741,남성,개,26SS,,2026-02-25,2026-02-25,"229,000.00","125,950.00","251,900.00",사용,29316,2,4,-4,6,8,0,0.0,0.0,0.0,0,0,2,0.0,0.0,7615537589565,2
상품,신발(온),클라우드몬스터 3,3MG10053388,로드,신발,265,3MG10053388(265),,133281741,남성,개,26SS,,2026-02-25,2026-02-25,"229,000.00","125,950.00","251,900.00",사용,29317,2,1,-1,6,9,0,0.0,0.0,0.0,0,0,2,0.0,0.0,7615537589572,2
상품,신발(온),클라우드몬스터 3,3MG10053388,로드,신발,270,3MG10053388(270),,133281741,남성,개,26SS,,2026-02-25,2026-02-25,"229,000.00","125,950.00","377,850.00",사용,29318,3,3,-3,6,11,0,0.0,0.0,0.0,0,0,3,0.0,0.0,7615537589589,3
상품,신발(온),클라우드몬스터 3,3MG10053388,로드,신발,275,3MG10053388(275),,133281741,남성,개,26SS,,2026-02-25,2026-02-25,"229,000.00","125,950.00","251,900.00",사용,29319,2,3,-3,6,7,0,0.0,0.0,0.0,0,0,2,0.0,0.0,7615537589596,2
상품,신발(온),클라우드몬스터 3,3MG10053388,로드,신발,280,3MG10053388(280),,133281741,남성,개,26SS,,2026-02-25,2026-02-25,"229,000.00","125,950.00","125,950.00",사용,29320,1,0,0,6,5,0,0.0,0.0,0.0,0,0,1,0.0,0.0,7615537589602,1
상품,신발(온),클라우드몬스터 3,3MG10053388,로드,신발,285,3MG10053388(285),,133281741,남성,개,26SS,,2026-02-25,2026-02-25,"229,000.00","125,950.00","125,950.00",사용,29321,1,0,0,6,2,0,0.0,0.0,0.0,0,0,1,0.0,0.0,7615537589619,1
상품,신발(온),클라우드몬스터 3,3MG10054747,로드,신발,250,3MG10054747(250),,132919105,남성,개,26FW,,2026-07-20,2026-07-20,"229,000.00","119,080.00","119,080.00",사용,29272,1,2,-2,1,7,0,0.0,0.0,0.0,0,0,1,0.0,0.0,7615537588711,1
상품,신발(온),클라우드몬스터 3,3MG10054747,로드,신발,255,3MG10054747(255),,132919105,남성,개,26FW,,2026-07-20,2026-07-20,"229,000.00","119,080.00","238,160.00",사용,29273,2,3,-3,1,13,0,0.0,0.0,0.0,0,0,2,0.0,0.0,7615537588728,2
상품,신발(온),클라우드몬스터 3,3MG10054747,로드,신발,260,3MG10054747(260),,132919105,남성,개,26FW,,2026-07-20,2026-07-20,"229,000.00","119,080.00","476,320.00",사용,29274,4,7,-7,1,29,0,0.0,0.0,0.0,0,0,4,0.0,0.0,7615537588735,4
상품,신발(온),클라우드몬스터 3,3MG10054747,로드,신발,265,3MG10054747(265),,132919105,남성,개,26FW,,2026-07-20,2026-07-20,"229,000.00","119,080.00","714,480.00",사용,29275,6,6,-6,1,32,0,0.0,0.0,0.0,0,0,6,0.0,0.0,7615537588759,6
상품,신발(온),클라우드몬스터 3,3MG10054747,로드,신발,270,3MG10054747(270),,132919105,남성,개,26FW,,2026-07-20,2026-07-20,"229,000.00","119,080.00","952,640.00",사용,29276,8,9,-9,1,41,0,0.0,0.0,0.0,0,0,8,0.0,0.0,7615537588766,8
상품,신발(온),클라우드몬스터 3,3MG10054747,로드,신발,275,3MG10054747(275),,132919105,남성,개,26FW,,2026-07-20,2026-07-20,"229,000.00","119,080.00","714,480.00",사용,29277,6,7,-7,1,31,0,0.0,0.0,0.0,0,0,6,0.0,0.0,7615537588773,6
상품,신발(온),클라우드몬스터 3,3MG10054747,로드,신발,280,3MG10054747(280),,132919105,남성,개,26FW,,2026-07-20,2026-07-20,"229,000.00","119,080.00","476,320.00",사용,29278,4,4,-4,1,18,2,11.1,3.4,0.8,0,0,4,3.4,0.8,7615537588797,4
상품,신발(온),클라우드몬스터 3,3MG10054859,로드,신발,250,3MG10054859(250),,132919097,남성,개,26SS,,2026-02-25,2026-02-25,"229,000.00","125,950.00","125,950.00",사용,29293,1,0,0,6,4,0,0.0,0.0,0.0,0,0,1,0.0,0.0,7615537588872,1
상품,신발(온),클라우드몬스터 3,3MG10054859,로드,신발,260,3MG10054859(260),,132919097,남성,개,26SS,,2026-02-25,2026-02-25,"229,000.00","125,950.00","377,850.00",사용,29295,3,0,0,6,14,1,7.1,5.1,1.2,0,0,3,5.1,1.2,7615537588902,3
상품,신발(온),클라우드몬스터 3,3MG10054859,로드,신발,265,3MG10054859(265),,132919097,남성,개,26SS,,2026-02-25,2026-02-25,"229,000.00","125,950.00","251,900.00",사용,29296,2,0,0,6,17,1,5.8,3.4,0.8,0,0,2,3.4,0.8,7615537588919,2
상품,신발(온),클라우드몬스터 3,3MG10054859,로드,신발,270,3MG10054859(270),,132919097,남성,개,26SS,,2026-02-25,2026-02-25,"229,000.00","125,950.00","755,700.00",사용,29297,6,0,0,6,21,0,0.0,0.0,0.0,0,0,6,0.0,0.0,7615537588926,6
상품,신발(온),클라우드몬스터 3,3MG10054859,로드,신발,275,3MG10054859(275),,132919097,남성,개,26SS,,2026-02-25,2026-02-25,"229,000.00","125,950.00","125,950.00",사용,29298,1,0,0,6,13,0,0.0,0.0,0.0,0,0,1,0.0,0.0,7615537588933,1
상품,신발(온),클라우드몬스터 3,3MG10054859,로드,신발,280,3MG10054859(280),,132919097,남성,개,26SS,,2026-02-25,2026-02-25,"229,000.00","125,950.00","377,850.00",사용,29299,3,0,0,6,10,0,0.0,0.0,0.0,0,0,3,0.0,0.0,7615537588957,3
상품,신발(온),클라우드몬스터 3,3MG10055256,로드,신발,250,3MG10055256(250),,134097733,남성,개,26FW,,2026-07-02,2026-07-02,"229,000.00","119,080.00","119,080.00",사용,36495,1,0,0,1,3,0,0.0,0.0,0.0,0,0,1,0.0,0.0,7615537868868,1
상품,신발(온),클라우드몬스터 3,3MG10055256,로드,신발,255,3MG10055256(255),,134097733,남성,개,26FW,,2026-07-02,2026-07-02,"229,000.00","119,080.00","119,080.00",사용,36496,1,2,-2,1,10,0,0.0,0.0,0.0,0,0,1,0.0,0.0,7615537868875,1
상품,신발(온),클라우드몬스터 3,3MG10055256,로드,신발,260,3MG10055256(260),,134097733,남성,개,26FW,,2026-07-02,2026-07-02,"229,000.00","119,080.00","119,080.00",사용,36497,1,4,-4,1,11,1,9.0,1.7,0.4,0,0,1,1.7,0.4,7615537868882,1
상품,신발(온),클라우드몬스터 3,3MG10055256,로드,신발,265,3MG10055256(265),,134097733,남성,개,26FW,,2026-07-02,2026-07-02,"229,000.00","119,080.00","357,240.00",사용,36498,3,6,-6,1,13,0,0.0,0.0,0.0,0,0,3,0.0,0.0,7615537868899,3
상품,신발(온),클라우드몬스터 3,3MG10055256,로드,신발,270,3MG10055256(270),,134097733,남성,개,26FW,,2026-07-02,2026-07-02,"229,000.00","119,080.00","476,320.00",사용,36499,4,7,-7,1,16,1,6.2,6.8,1.6,0,0,4,6.8,1.6,7615537868905,4
상품,신발(온),클라우드몬스터 3,3MG10055256,로드,신발,275,3MG10055256(275),,134097733,남성,개,26FW,,2026-07-02,2026-07-02,"229,000.00","119,080.00","357,240.00",사용,36500,3,6,-6,1,7,0,0.0,0.0,0.0,0,0,3,0.0,0.0,7615537868912,3
상품,신발(온),클라우드몬스터 3,3MG10055256,로드,신발,280,3MG10055256(280),,134097733,남성,개,26FW,,2026-07-02,2026-07-02,"229,000.00","119,080.00","238,160.00",사용,36501,2,3,-3,1,7,0,0.0,0.0,0.0,0,0,2,0.0,0.0,7615537868936,2
상품,신발(온),클라우드러너 3,3MG10071043,로드,신발,265,3MG10071043(265),,132719325,남성,개,26SS,,2026-02-05,2026-02-05,"189,000.00","103,950.00","103,950.00",사용,29491,1,0,0,6,6,0,0.0,0.0,0.0,0,0,1,0.0,0.0,7615537590486,1
상품,신발(온),클라우드러너 3,3MG10071043,로드,신발,270,3MG10071043(270),,132719325,남성,개,26SS,,2026-02-05,2026-02-05,"189,000.00","103,950.00","207,900.00",사용,29492,2,0,0,6,7,0,0.0,0.0,0.0,0,0,2,0.0,0.0,7615537590493,2
상품,신발(온),클라우드비스타 3,3MG30041344,트레일,신발,260,3MG30041344(260),,,남성,개,26FW,,2026-08-06,2026-08-06,"199,000.00","103,480.00","103,480.00",사용,36909,1,4,-4,0,7,0,0.0,0.0,0.0,0,1,0,0.0,0.0,7615537855103,1
상품,신발(온),클라우드비스타 3,3MG30041344,트레일,신발,265,3MG30041344(265),,,남성,개,26FW,,2026-08-06,2026-08-06,"199,000.00","103,480.00","206,960.00",사용,36910,2,9,-9,0,14,0,0.0,0.0,0.0,0,0,2,0.0,0.0,7615537855165,2
상품,신발(온),클라우드비스타 3,3MG30041344,트레일,신발,270,3MG30041344(270),,,남성,개,26FW,,2026-08-06,2026-08-06,"199,000.00","103,480.00","413,920.00",사용,36911,4,12,-12,0,21,0,0.0,0.0,0.0,0,0,4,0.0,0.0,7615537855172,4
상품,신발(온),클라우드비스타 3,3MG30041344,트레일,신발,275,3MG30041344(275),,,남성,개,26FW,,2026-08-06,2026-08-06,"199,000.00","103,480.00","206,960.00",사용,36912,2,3,-3,0,8,0,0.0,0.0,0.0,0,0,2,0.0,0.0,7615537855189,2
상품,신발(온),클라우드비스타 3,3MG30041344,트레일,신발,280,3MG30041344(280),,,남성,개,26FW,,2026-08-06,2026-08-06,"199,000.00","103,480.00","103,480.00",사용,36913,1,4,-4,0,6,0,0.0,0.0,0.0,0,0,1,0.0,0.0,7615537855196,1
상품,신발(온),클라우드비스타 3,3MG30045153,트레일,신발,260,3MG30045153(260),,,남성,개,26FW,,2026-08-06,2026-08-06,"199,000.00","103,480.00","206,960.00",사용,36888,2,3,-3,0,7,0,0.0,0.0,0.0,0,0,2,0.0,0.0,7615537857480,2
상품,신발(온),클라우드비스타 3,3MG30045153,트레일,신발,265,3MG30045153(265),,,남성,개,26FW,,2026-08-06,2026-08-06,"199,000.00","103,480.00","310,440.00",사용,36889,3,5,-5,0,11,0,0.0,0.0,0.0,0,0,3,0.0,0.0,7615537857497,3
상품,신발(온),클라우드비스타 3,3MG30045153,트레일,신발,270,3MG30045153(270),,,남성,개,26FW,,2026-08-06,2026-08-06,"199,000.00","103,480.00","310,440.00",사용,36890,3,6,-6,0,13,0,0.0,0.0,0.0,0,0,3,0.0,0.0,7615537857503,3
상품,신발(온),클라우드비스타 3,3MG30045153,트레일,신발,275,3MG30045153(275),,,남성,개,26FW,,2026-08-06,2026-08-06,"199,000.00","103,480.00","103,480.00",사용,36891,1,4,-4,0,7,0,0.0,0.0,0.0,0,0,1,0.0,0.0,7615537857527,1
상품,신발(온),클라우드러너 3 맥스,3MG30200813,로드,신발,260,3MG30200813(260),,,남성,개,26FW,,2026-08-06,2026-08-06,"219,000.00","113,880.00","227,760.00",사용,36585,2,7,-7,0,11,0,0.0,0.0,0.0,0,0,2,0.0,0.0,7615537854236,2
상품,신발(온),클라우드러너 3 맥스,3MG30200813,로드,신발,265,3MG30200813(265),,,남성,개,26FW,,2026-08-06,2026-08-06,"219,000.00","113,880.00","227,760.00",사용,36586,2,13,-13,0,17,0,0.0,0.0,0.0,0,0,2,0.0,0.0,7615537854243,2
상품,신발(온),클라우드러너 3 맥스,3MG30200813,로드,신발,270,3MG30200813(270),,,남성,개,26FW,,2026-08-06,2026-08-06,"219,000.00","113,880.00","227,760.00",사용,36587,2,17,-17,0,21,0,0.0,0.0,0.0,0,0,2,0.0,0.0,7615537854250,2
상품,신발(온),클라우드러너 3 맥스,3MG30200813,로드,신발,275,3MG30200813(275),,,남성,개,26FW,,2026-08-06,2026-08-06,"219,000.00","113,880.00","113,880.00",사용,36588,1,10,-10,0,12,0,0.0,0.0,0.0,0,0,1,0.0,0.0,7615537854267,1
상품,신발(온),클라우드러너 3 맥스,3MG30200813,로드,신발,280,3MG30200813(280),,,남성,개,26FW,,2026-08-06,2026-08-06,"219,000.00","113,880.00","113,880.00",사용,36589,1,4,-4,0,6,0,0.0,0.0,0.0,0,0,1,0.0,0.0,7615537854281,1
상품,신발(온),클라우드러너 3 맥스,3MG30201043,로드,신발,255,3MG30201043(255),,,남성,개,26FW,,2026-08-06,2026-08-06,"219,000.00","113,880.00","113,880.00",사용,37272,1,5,-5,0,7,0,0.0,0.0,0.0,0,0,1,0.0,0.0,7615537937014,1
상품,신발(온),클라우드러너 3 맥스,3MG30201043,로드,신발,260,3MG30201043(260),,,남성,개,26FW,,2026-08-06,2026-08-06,"219,000.00","113,880.00","227,760.00",사용,37273,2,10,-10,0,14,0,0.0,0.0,0.0,0,0,2,0.0,0.0,7615537937021,2
상품,신발(온),클라우드러너 3 맥스,3MG30201043,로드,신발,265,3MG30201043(265),,,남성,개,26FW,,2026-08-06,2026-08-06,"219,000.00","113,880.00","227,760.00",사용,37274,2,17,-17,0,21,0,0.0,0.0,0.0,0,0,2,0.0,0.0,7615537937052,2
상품,신발(온),클라우드러너 3 맥스,3MG30201043,로드,신발,270,3MG30201043(270),,,남성,개,26FW,,2026-08-06,2026-08-06,"219,000.00","113,880.00","341,640.00",사용,37275,3,20,-20,0,26,1,3.8,5.1,1.2,0,0,3,5.1,1.2,7615537937069,3
상품,신발(온),클라우드러너 3 맥스,3MG30201043,로드,신발,275,3MG30201043(275),,,남성,개,26FW,,2026-08-06,2026-08-06,"219,000.00","113,880.00","227,760.00",사용,37276,2,11,-11,0,15,0,0.0,0.0,0.0,0,0,2,0.0,0.0,7615537937076,2
상품,신발(온),클라우드러너 3 맥스,3MG30201043,로드,신발,280,3MG30201043(280),,,남성,개,26FW,,2026-08-06,2026-08-06,"219,000.00","113,880.00","113,880.00",사용,37277,1,6,-6,0,8,0,0.0,0.0,0.0,0,0,1,0.0,0.0,7615537937083,1
상품,신발(온),클라우드러너 3 맥스,3MG30205363,로드,신발,260,3MG30205363(260),,,남성,개,26FW,,2026-08-06,2026-08-06,"219,000.00","113,880.00","113,880.00",사용,36563,1,5,-5,0,7,0,0.0,0.0,0.0,0,0,1,0.0,0.0,7615537859224,1
상품,신발(온),클라우드러너 3 맥스,3MG30205363,로드,신발,265,3MG30205363(265),,,남성,개,26FW,,2026-08-06,2026-08-06,"219,000.00","113,880.00","227,760.00",사용,36564,2,7,-7,0,11,0,0.0,0.0,0.0,0,0,2,0.0,0.0,7615537859231,2
상품,신발(온),클라우드러너 3 맥스,3MG30205363,로드,신발,270,3MG30205363(270),,,남성,개,26FW,,2026-08-06,2026-08-06,"219,000.00","113,880.00","227,760.00",사용,36565,2,9,-9,0,13,0,0.0,0.0,0.0,0,0,2,0.0,0.0,7615537859248,2
상품,신발(온),클라우드러너 3 맥스,3MG30205363,로드,신발,275,3MG30205363(275),,,남성,개,26FW,,2026-08-06,2026-08-06,"219,000.00","113,880.00","113,880.00",사용,36566,1,5,-5,0,7,0,0.0,0.0,0.0,0,0,1,0.0,0.0,7615537859262,1
상품,신발(온),클라우드러너 3 맥스,3MG30205363,로드,신발,280,3MG30205363(280),,,남성,개,26FW,,2026-08-06,2026-08-06,"219,000.00","113,880.00","113,880.00",사용,36567,1,2,-2,0,4,0,0.0,0.0,0.0,0,0,1,0.0,0.0,7615537859279,1
상품,신발(온),클라우드러너 3 맥스,3MG30205363,로드,신발,285,3MG30205363(285),,,남성,개,26FW,,2026-08-06,2026-08-06,"219,000.00","113,880.00","113,880.00",사용,36568,1,0,0,0,2,0,0.0,0.0,0.0,0,0,1,0.0,0.0,7615537859286,1
상품,신발(온),클라우드소마 모크,3MG30221043,트레일,신발,260,3MG30221043(260),,135922801,남성,개,26FW,,2026-07-20,2026-07-20,"179,000.00","93,080.00","93,080.00",사용,36783,1,0,0,1,10,9,90.0,0.1,0.0,0,1,0,0.0,0.0,7615537937687,1
상품,신발(온),클라우드소마 모크,3MG30221043,트레일,신발,265,3MG30221043(265),,135922801,남성,개,26FW,,2026-07-20,2026-07-20,"179,000.00","93,080.00","93,080.00",사용,36784,1,0,0,1,15,14,93.3,0.1,0.0,0,1,0,0.0,0.0,7615537937694,1
상품,신발(온),클라우드소마 모크,3MG30221043,트레일,신발,270,3MG30221043(270),,135922801,남성,개,26FW,,2026-07-20,2026-07-20,"179,000.00","93,080.00","186,160.00",사용,36785,2,0,0,1,22,19,86.3,0.1,0.0,0,2,0,0.0,0.0,7615537937700,2
상품,신발(온),클라우드소마 모크,3MG30221043,트레일,신발,275,3MG30221043(275),,135922801,남성,개,26FW,,2026-07-20,2026-07-20,"179,000.00","93,080.00","279,240.00",사용,36786,3,0,0,1,25,21,84.0,0.2,0.0,0,3,0,0.0,0.0,7615537937717,3
상품,신발(온),클라우드소마 모크,3MG30221043,트레일,신발,280,3MG30221043(280),,135922801,남성,개,26FW,,2026-07-20,2026-07-20,"179,000.00","93,080.00","186,160.00",사용,36787,2,3,-3,1,20,14,70.0,0.2,0.0,0,2,0,0.0,0.0,7615537937724,2
상품,신발(온),클라우드소마 모크,3MG30221043,트레일,신발,285,3MG30221043(285),,135922801,남성,개,26FW,,2026-07-20,2026-07-20,"179,000.00","93,080.00","93,080.00",사용,36788,1,0,0,1,10,6,60.0,0.2,0.0,0,1,0,0.0,0.0,7615537937731,1
상품,신발(온),클라우드소마 모크,3MG30221043,트레일,신발,290,3MG30221043(290),,135922801,남성,개,26FW,,2026-07-20,2026-07-20,"179,000.00","93,080.00","93,080.00",사용,36789,1,0,0,1,10,6,60.0,0.2,0.0,0,1,0,0.0,0.0,7615537937748,1
상품,신발(온),클라우드서퍼 2,3WF10101057,로드,신발,230,3WF10101057(230),,135922648,여성,개,26FW,,2026-07-20,2026-07-20,"199,000.00","103,480.00","103,480.00",사용,36711,1,4,-4,1,6,1,16.6,1.7,0.4,0,0,1,1.7,0.4,7615537609959,1
상품,신발(온),클라우드서퍼 2,3WF10101057,로드,신발,235,3WF10101057(235),,135922648,여성,개,26FW,,2026-07-20,2026-07-20,"199,000.00","103,480.00","103,480.00",사용,36712,1,5,-5,1,8,1,12.5,1.7,0.4,0,0,1,1.7,0.4,7615537609966,1
상품,신발(온),클라우드서퍼 2,3WF10101057,로드,신발,240,3WF10101057(240),,135922648,여성,개,26FW,,2026-07-20,2026-07-20,"199,000.00","103,480.00","103,480.00",사용,36713,1,7,-7,1,10,1,10.0,1.7,0.4,0,0,1,1.7,0.4,7615537609973,1
상품,신발(온),클라우드서퍼 2,3WF10101057,로드,신발,245,3WF10101057(245),,135922648,여성,개,26FW,,2026-07-20,2026-07-20,"199,000.00","103,480.00","103,480.00",사용,36714,1,6,-6,1,9,0,0.0,0.0,0.0,0,0,1,0.0,0.0,7615537609980,1
상품,신발(온),클라우드서퍼 2,3WF10101057,로드,신발,250,3WF10101057(250),,135922648,여성,개,26FW,,2026-07-20,2026-07-20,"199,000.00","103,480.00","103,480.00",사용,36715,1,3,-3,1,5,0,0.0,0.0,0.0,0,0,1,0.0,0.0,7615537610009,1
상품,신발(온),클라우드붐 맥스,3WF30180438,레이싱,신발,230,3WF30180438(230),,132803680,여성,개,26SS,,2026-02-05,2026-02-05,"279,000.00","153,450.00","153,450.00",사용,29184,1,2,-2,6,5,0,0.0,0.0,0.0,0,0,1,0.0,0.0,7615537615097,1
상품,신발(온),클라우드붐 맥스,3WF30180438,레이싱,신발,235,3WF30180438(235),,132803680,여성,개,26SS,,2026-02-05,2026-02-05,"279,000.00","153,450.00","153,450.00",사용,29185,1,2,-2,6,5,0,0.0,0.0,0.0,0,0,1,0.0,0.0,7615537615103,1
상품,신발(온),클라우드붐 맥스,3WF30180438,레이싱,신발,240,3WF30180438(240),,132803680,여성,개,26SS,,2026-02-05,2026-02-05,"279,000.00","153,450.00","306,900.00",사용,29186,2,4,-4,6,8,0,0.0,0.0,0.0,0,0,2,0.0,0.0,7615537615110,2
상품,신발(온),클라우드붐 맥스,3WF30180438,레이싱,신발,245,3WF30180438(245),,132803680,여성,개,26SS,,2026-02-05,2026-02-05,"279,000.00","153,450.00","153,450.00",사용,29187,1,2,-2,6,6,0,0.0,0.0,0.0,0,0,1,0.0,0.0,7615537615127,1
상품,신발(온),클라우드붐 맥스,3WF30180438,레이싱,신발,250,3WF30180438(250),,132803680,여성,개,26SS,,2026-02-05,2026-02-05,"279,000.00","153,450.00","153,450.00",사용,29188,1,0,0,6,4,0,0.0,0.0,0.0,0,0,1,0.0,0.0,7615537615134,1
상품,신발(온),클라우드붐 맥스,3WF30180438,레이싱,신발,255,3WF30180438(255),,132803680,여성,개,26SS,,2026-02-05,2026-02-05,"279,000.00","153,450.00","153,450.00",사용,29189,1,0,0,6,2,0,0.0,0.0,0.0,0,0,1,0.0,0.0,7615537615141,1
상품,신발(온),클라우드붐 맥스,3WF30184325,레이싱,신발,245,3WF30184325(245),(여)그린,131228046,여성,개,25FW,,2025-07-22,2025-08-21,"279,000.00","147,870.00","591,480.00",사용,23241,4,0,0,13,5,0,0.0,0.0,0.0,0,0,4,0.0,0.0,7615537545622,4
상품,신발(온),클라우드서퍼 맥스,3WF30220106,로드,신발,230,3WF30220106(230),,131962355,여성,개,26FW,,2026-07-20,2026-07-20,"219,000.00","113,880.00","113,880.00",사용,26074,1,1,-1,1,9,0,0.0,0.0,0.0,0,0,1,0.0,0.0,7615537404264,1
상품,신발(온),클라우드서퍼 맥스,3WF30220106,로드,신발,235,3WF30220106(235),,131962355,여성,개,26FW,,2026-07-20,2026-07-20,"219,000.00","113,880.00","113,880.00",사용,26075,1,2,-2,1,11,0,0.0,0.0,0.0,0,0,1,0.0,0.0,7615537403991,1
상품,신발(온),클라우드서퍼 맥스,3WF30220106,로드,신발,240,3WF30220106(240),,131962355,여성,개,26FW,,2026-07-20,2026-07-20,"219,000.00","113,880.00","227,760.00",사용,26076,2,3,-3,1,16,0,0.0,0.0,0.0,0,0,2,0.0,0.0,7615537404608,2
상품,신발(온),클라우드서퍼 맥스,3WF30220106,로드,신발,245,3WF30220106(245),,131962355,여성,개,26FW,,2026-07-20,2026-07-20,"219,000.00","113,880.00","113,880.00",사용,26077,1,2,-2,1,13,1,7.6,1.7,0.4,0,0,1,1.7,0.4,7615537420530,1
상품,신발(온),클라우드서퍼 맥스,3WF30220106,로드,신발,250,3WF30220106(250),,131962355,여성,개,26FW,,2026-07-20,2026-07-20,"219,000.00","113,880.00","113,880.00",사용,26078,1,1,-1,1,7,0,0.0,0.0,0.0,0,0,1,0.0,0.0,7615537404301,1
상품,신발(온),클라우드서퍼 맥스,3WF30221200,로드,신발,230,3WF30221200(230),,135922651,여성,개,26FW,,2026-07-20,2026-07-20,"219,000.00","113,880.00","113,880.00",사용,36755,1,2,-2,1,9,1,11.1,1.7,0.4,0,0,1,1.7,0.4,7615537352893,1
상품,신발(온),클라우드서퍼 맥스,3WF30221200,로드,신발,235,3WF30221200(235),,135922651,여성,개,26FW,,2026-07-20,2026-07-20,"219,000.00","113,880.00","113,880.00",사용,36756,1,4,-4,1,11,1,9.0,1.7,0.4,0,0,1,1.7,0.4,7615537439488,1
상품,신발(온),클라우드서퍼 맥스,3WF30221200,로드,신발,240,3WF30221200(240),,135922651,여성,개,26FW,,2026-07-20,2026-07-20,"219,000.00","113,880.00","113,880.00",사용,36757,1,4,-4,1,16,3,18.7,0.5,0.1,0,0,1,0.5,0.1,7615537492285,1
상품,신발(온),클라우드서퍼 맥스,3WF30221200,로드,신발,245,3WF30221200(245),,135922651,여성,개,26FW,,2026-07-20,2026-07-20,"219,000.00","113,880.00","113,880.00",사용,36758,1,4,-4,1,13,1,7.6,1.7,0.4,0,0,1,1.7,0.4,7615537352268,1
상품,신발(온),클라우드서퍼 맥스,3WF30221200,로드,신발,250,3WF30221200(250),,135922651,여성,개,26FW,,2026-07-20,2026-07-20,"219,000.00","113,880.00","113,880.00",사용,36759,1,2,-2,1,7,1,14.2,1.7,0.4,0,0,1,1.7,0.4,7615537353111,1
상품,신발(온),클라우드붐 볼트,3WF30744834,레이싱,신발,235,3WF30744834(235),,135922224,여성,개,26FW,,2026-07-20,2026-07-20,"259,000.00","134,680.00","134,680.00",사용,36470,1,3,-3,1,5,0,0.0,0.0,0.0,0,0,1,0.0,0.0,7615537619156,1
상품,신발(온),클라우드붐 볼트,3WF30744834,레이싱,신발,240,3WF30744834(240),,135922224,여성,개,26FW,,2026-07-20,2026-07-20,"259,000.00","134,680.00","134,680.00",사용,36471,1,5,-5,1,8,0,0.0,0.0,0.0,0,0,1,0.0,0.0,7615537619163,1
상품,신발(온),클라우드붐 볼트,3WF30744834,레이싱,신발,245,3WF30744834(245),,135922224,여성,개,26FW,,2026-07-20,2026-07-20,"259,000.00","134,680.00","134,680.00",사용,36472,1,4,-4,1,7,1,14.2,1.7,0.4,0,0,1,1.7,0.4,7615537619170,1
상품,신발(온),클라우드붐 볼트,3WF30745531,레이싱,신발,235,3WF30745531(235),,135085314,여성,개,26FW,,2026-07-06,2026-07-06,"259,000.00","134,680.00","134,680.00",사용,36448,1,3,-3,1,5,1,20.0,1.7,0.4,0,0,1,1.7,0.4,7615537897714,1
상품,신발(온),클라우드붐 볼트,3WF30745531,레이싱,신발,240,3WF30745531(240),,135085314,여성,개,26FW,,2026-07-06,2026-07-06,"259,000.00","134,680.00","269,360.00",사용,36449,2,1,-1,1,8,0,0.0,0.0,0.0,0,0,2,0.0,0.0,7615537897721,2
상품,신발(온),클라우드붐 볼트,3WF30745531,레이싱,신발,245,3WF30745531(245),,135085314,여성,개,26FW,,2026-07-06,2026-07-06,"259,000.00","134,680.00","269,360.00",사용,36450,2,3,-3,1,7,0,0.0,0.0,0.0,0,0,2,0.0,0.0,7615537897738,2
상품,신발(온),클라우드붐 볼트,3WF30745531,레이싱,신발,250,3WF30745531(250),,135085314,여성,개,26FW,,2026-07-06,2026-07-06,"259,000.00","134,680.00","134,680.00",사용,36451,1,2,-2,1,4,0,0.0,0.0,0.0,0,0,1,0.0,0.0,7615537897745,1
상품,신발(온),클라우드붐 볼트,3WF30745531,레이싱,신발,255,3WF30745531(255),,135085314,여성,개,26FW,,2026-07-06,2026-07-06,"259,000.00","134,680.00","134,680.00",사용,36452,1,0,0,1,2,0,0.0,0.0,0.0,0,0,1,0.0,0.0,7615537897752,1
상품,신발(온),클라우드몬스터 3,3WG10031043,로드,신발,225,3WG10031043(225),,132919095,여성,개,26FW,,2026-07-20,2026-07-20,"229,000.00","119,080.00","119,080.00",사용,29372,1,1,-1,1,4,1,25.0,1.7,0.4,0,0,1,1.7,0.4,7615537619613,1
상품,신발(온),클라우드몬스터 3,3WG10031043,로드,신발,230,3WG10031043(230),,132919095,여성,개,26FW,,2026-07-20,2026-07-20,"229,000.00","119,080.00","595,400.00",사용,29373,5,8,-8,1,23,0,0.0,0.0,0.0,0,0,5,0.0,0.0,7615537619620,5
상품,신발(온),클라우드몬스터 3,3WG10031043,로드,신발,235,3WG10031043(235),,132919095,여성,개,26FW,,2026-07-20,2026-07-20,"229,000.00","119,080.00","714,480.00",사용,29374,6,9,-9,1,27,1,3.7,10.2,2.4,0,0,6,10.2,2.4,7615537619637,6
상품,신발(온),클라우드몬스터 3,3WG10031043,로드,신발,240,3WG10031043(240),,132919095,여성,개,26FW,,2026-07-20,2026-07-20,"229,000.00","119,080.00","952,640.00",사용,29375,8,10,-10,1,39,1,2.5,13.7,3.2,0,0,8,13.7,3.2,7615537619644,8
상품,신발(온),클라우드몬스터 3,3WG10031043,로드,신발,245,3WG10031043(245),,132919095,여성,개,26FW,,2026-07-20,2026-07-20,"229,000.00","119,080.00","833,560.00",사용,29376,7,10,-10,1,33,3,9.0,4.0,0.9,0,1,6,3.4,0.8,7615537619651,7
상품,신발(온),클라우드몬스터 3,3WG10031043,로드,신발,250,3WG10031043(250),,132919095,여성,개,26FW,,2026-07-20,2026-07-20,"229,000.00","119,080.00","238,160.00",사용,29377,2,6,-6,1,18,1,5.5,3.4,0.8,0,0,2,3.4,0.8,7615537619668,2
상품,신발(온),클라우드몬스터 3,3WG10031043,로드,신발,255,3WG10031043(255),,132919095,여성,개,26FW,,2026-07-20,2026-07-20,"229,000.00","119,080.00","119,080.00",사용,29378,1,2,-2,1,6,0,0.0,0.0,0.0,0,0,1,0.0,0.0,7615537619675,1
상품,신발(온),클라우드몬스터 3,3WG10032852,로드,신발,225,3WG10032852(225),,132919088,여성,개,26FW,,2026-07-20,2026-07-20,"229,000.00","119,080.00","119,080.00",사용,29330,1,1,-1,1,4,0,0.0,0.0,0.0,0,0,1,0.0,0.0,7615537620862,1
상품,신발(온),클라우드몬스터 3,3WG10032852,로드,신발,230,3WG10032852(230),,132919088,여성,개,26FW,,2026-07-20,2026-07-20,"229,000.00","119,080.00","595,400.00",사용,29331,5,8,-8,1,23,1,4.3,8.5,2.0,0,0,5,8.5,2.0,7615537620879,5
상품,신발(온),클라우드몬스터 3,3WG10032852,로드,신발,235,3WG10032852(235),,132919088,여성,개,26FW,,2026-07-20,2026-07-20,"229,000.00","119,080.00","595,400.00",사용,29332,5,8,-8,1,27,0,0.0,0.0,0.0,0,0,5,0.0,0.0,7615537620886,5
상품,신발(온),클라우드몬스터 3,3WG10032852,로드,신발,240,3WG10032852(240),,132919088,여성,개,26SS,,2026-02-25,2026-02-25,"229,000.00","125,950.00","125,950.00",사용,29333,1,10,-10,6,8,0,0.0,0.0,0.0,0,0,9,0.0,0.0,7615537620893,1
상품,신발(온),클라우드몬스터 3,3WG10032852,로드,신발,240,3WG10032852(240),,132919088,여성,개,26FW,,2026-07-20,2026-07-20,"229,000.00","119,080.00","952,640.00",사용,29333,8,10,-10,1,39,5,12.8,2.7,0.6,0,0,9,3.0,0.7,7615537620893,8
상품,신발(온),클라우드몬스터 3,3WG10032852,로드,신발,245,3WG10032852(245),,132919088,여성,개,26FW,,2026-07-20,2026-07-20,"229,000.00","119,080.00","833,560.00",사용,29334,7,10,-10,1,33,2,6.0,6.0,1.4,0,0,7,6.0,1.4,7615537620909,7
상품,신발(온),클라우드몬스터 3,3WG10032852,로드,신발,250,3WG10032852(250),,132919088,여성,개,26FW,,2026-07-20,2026-07-20,"229,000.00","119,080.00","357,240.00",사용,29335,3,6,-6,1,18,1,5.5,5.1,1.2,0,0,3,5.1,1.2,7615537620916,3
상품,신발(온),클라우드몬스터 3,3WG10032852,로드,신발,255,3WG10032852(255),,132919088,여성,개,26FW,,2026-07-20,2026-07-20,"229,000.00","119,080.00","119,080.00",사용,29336,1,2,-2,1,6,0,0.0,0.0,0.0,0,0,1,0.0,0.0,7615537620923,1
상품,신발(온),클라우드몬스터 3,3WG10034861,로드,신발,240,3WG10034861(240),,132919087,여성,개,26SS,,2026-02-25,2026-02-25,"229,000.00","125,950.00","125,950.00",사용,29790,1,0,0,6,8,0,0.0,0.0,0.0,0,0,1,0.0,0.0,7615537619903,1
상품,신발(온),클라우드몬스터 3,3WG10035259,로드,신발,235,3WG10035259(235),,133879951,여성,개,26FW,,2026-06-11,2026-06-11,"229,000.00","119,080.00","238,160.00",사용,36536,2,0,0,2,11,0,0.0,0.0,0.0,0,0,2,0.0,0.0,7615537909042,2
상품,신발(온),클라우드몬스터 3,3WG10035259,로드,신발,245,3WG10035259(245),,133879951,여성,개,26FW,,2026-06-11,2026-06-11,"229,000.00","119,080.00","119,080.00",사용,36538,1,0,0,2,13,0,0.0,0.0,0.0,0,0,1,0.0,0.0,7615537909080,1
상품,신발(온),클라우드몬스터 3,3WG10035259,로드,신발,250,3WG10035259(250),,133879951,여성,개,26FW,,2026-06-11,2026-06-11,"229,000.00","119,080.00","238,160.00",사용,36539,2,0,0,2,7,0,0.0,0.0,0.0,0,0,2,0.0,0.0,7615537909097,2
상품,신발(온),클라우드몬스터 3,3WG10035261,로드,신발,225,3WG10035261(225),,,여성,개,26FW,,2026-08-06,2026-08-06,"229,000.00","119,080.00","119,080.00",사용,36512,1,0,0,0,2,0,0.0,0.0,0.0,0,0,1,0.0,0.0,7615537901633,1
상품,신발(온),클라우드몬스터 3,3WG10035261,로드,신발,230,3WG10035261(230),,,여성,개,26FW,,2026-08-06,2026-08-06,"229,000.00","119,080.00","357,240.00",사용,36513,3,3,-3,0,9,0,0.0,0.0,0.0,0,0,3,0.0,0.0,7615537901657,3
상품,신발(온),클라우드몬스터 3,3WG10035261,로드,신발,235,3WG10035261(235),,,여성,개,26FW,,2026-08-06,2026-08-06,"229,000.00","119,080.00","476,320.00",사용,36514,4,3,-3,0,11,0,0.0,0.0,0.0,0,0,4,0.0,0.0,7615537901664,4
상품,신발(온),클라우드몬스터 3,3WG10035261,로드,신발,240,3WG10035261(240),,,여성,개,26FW,,2026-08-06,2026-08-06,"229,000.00","119,080.00","714,480.00",사용,36515,6,4,-4,0,16,0,0.0,0.0,0.0,0,0,6,0.0,0.0,7615537901671,6
상품,신발(온),클라우드몬스터 3,3WG10035261,로드,신발,245,3WG10035261(245),,,여성,개,26FW,,2026-08-06,2026-08-06,"229,000.00","119,080.00","476,320.00",사용,36516,4,5,-5,0,13,0,0.0,0.0,0.0,0,0,4,0.0,0.0,7615537901688,4
상품,신발(온),클라우드몬스터 3,3WG10035261,로드,신발,250,3WG10035261(250),,,여성,개,26FW,,2026-08-06,2026-08-06,"229,000.00","119,080.00","357,240.00",사용,36517,3,1,-1,0,7,0,0.0,0.0,0.0,0,0,3,0.0,0.0,7615537901695,3
상품,신발(온),클라우드몬스터 3,3WG10035261,로드,신발,255,3WG10035261(255),,,여성,개,26FW,,2026-08-06,2026-08-06,"229,000.00","119,080.00","119,080.00",사용,36518,1,0,0,0,2,0,0.0,0.0,0.0,0,0,1,0.0,0.0,7615537901701,1
상품,신발(온),클라우드러너 3 맥스,3WG30160813,로드,신발,230,3WG30160813(230),,,여성,개,26FW,,2026-08-06,2026-08-06,"219,000.00","113,880.00","113,880.00",사용,36623,1,7,-7,0,9,0,0.0,0.0,0.0,0,0,1,0.0,0.0,7615537888668,1
상품,신발(온),클라우드러너 3 맥스,3WG30160813,로드,신발,235,3WG30160813(235),,,여성,개,26FW,,2026-08-06,2026-08-06,"219,000.00","113,880.00","227,760.00",사용,36624,2,7,-7,0,11,0,0.0,0.0,0.0,0,0,2,0.0,0.0,7615537888675,2
상품,신발(온),클라우드러너 3 맥스,3WG30160813,로드,신발,240,3WG30160813(240),,,여성,개,26FW,,2026-08-06,2026-08-06,"219,000.00","113,880.00","227,760.00",사용,36625,2,12,-12,0,16,0,0.0,0.0,0.0,0,0,2,0.0,0.0,7615537888682,2
상품,신발(온),클라우드러너 3 맥스,3WG30160813,로드,신발,245,3WG30160813(245),,,여성,개,26FW,,2026-08-06,2026-08-06,"219,000.00","113,880.00","227,760.00",사용,36626,2,9,-9,0,13,0,0.0,0.0,0.0,0,0,2,0.0,0.0,7615537888699,2
상품,신발(온),클라우드러너 3 맥스,3WG30160813,로드,신발,250,3WG30160813(250),,,여성,개,26FW,,2026-08-06,2026-08-06,"219,000.00","113,880.00","113,880.00",사용,36627,1,5,-5,0,7,0,0.0,0.0,0.0,0,0,1,0.0,0.0,7615537888705,1
상품,신발(온),클라우드러너 3 맥스,3WG30161043,로드,신발,230,3WG30161043(230),,,여성,개,26FW,,2026-08-06,2026-08-06,"219,000.00","113,880.00","113,880.00",사용,36645,1,7,-7,0,9,0,0.0,0.0,0.0,0,0,1,0.0,0.0,7615537938455,1
상품,신발(온),클라우드러너 3 맥스,3WG30161043,로드,신발,235,3WG30161043(235),,,여성,개,26FW,,2026-08-06,2026-08-06,"219,000.00","113,880.00","227,760.00",사용,36646,2,7,-7,0,11,0,0.0,0.0,0.0,0,0,2,0.0,0.0,7615537938462,2
상품,신발(온),클라우드러너 3 맥스,3WG30161043,로드,신발,240,3WG30161043(240),,,여성,개,26FW,,2026-08-06,2026-08-06,"219,000.00","113,880.00","227,760.00",사용,36647,2,12,-12,0,16,0,0.0,0.0,0.0,0,0,2,0.0,0.0,7615537938493,2
상품,신발(온),클라우드러너 3 맥스,3WG30161043,로드,신발,245,3WG30161043(245),,,여성,개,26FW,,2026-08-06,2026-08-06,"219,000.00","113,880.00","227,760.00",사용,36648,2,9,-9,0,13,0,0.0,0.0,0.0,0,0,2,0.0,0.0,7615537938509,2
상품,신발(온),클라우드러너 3 맥스,3WG30161043,로드,신발,250,3WG30161043(250),,,여성,개,26FW,,2026-08-06,2026-08-06,"219,000.00","113,880.00","113,880.00",사용,36649,1,5,-5,0,7,0,0.0,0.0,0.0,0,0,1,0.0,0.0,7615537938516,1
상품,신발(온),클라우드러너 3 맥스,3WG30165363,로드,신발,230,3WG30165363(230),,,여성,개,26FW,,2026-08-06,2026-08-06,"219,000.00","113,880.00","113,880.00",사용,36601,1,2,-2,0,4,0,0.0,0.0,0.0,0,0,1,0.0,0.0,7615537892214,1
상품,신발(온),클라우드러너 3 맥스,3WG30165363,로드,신발,235,3WG30165363(235),,,여성,개,26FW,,2026-08-06,2026-08-06,"219,000.00","113,880.00","113,880.00",사용,36602,1,4,-4,0,6,0,0.0,0.0,0.0,0,0,1,0.0,0.0,7615537892221,1
상품,신발(온),클라우드러너 3 맥스,3WG30165363,로드,신발,240,3WG30165363(240),,,여성,개,26FW,,2026-08-06,2026-08-06,"219,000.00","113,880.00","227,760.00",사용,36603,2,4,-4,0,8,0,0.0,0.0,0.0,0,0,2,0.0,0.0,7615537892245,2
상품,신발(온),클라우드러너 3 맥스,3WG30165363,로드,신발,245,3WG30165363(245),,,여성,개,26FW,,2026-08-06,2026-08-06,"219,000.00","113,880.00","113,880.00",사용,36604,1,5,-5,0,7,0,0.0,0.0,0.0,0,0,1,0.0,0.0,7615537892252,1
상품,신발(온),클라우드러너 3 맥스,3WG30165363,로드,신발,250,3WG30165363(250),,,여성,개,26FW,,2026-08-06,2026-08-06,"219,000.00","113,880.00","113,880.00",사용,36605,1,2,-2,0,4,0,0.0,0.0,0.0,0,0,1,0.0,0.0,7615537892269,1
상품,신발(온),클라우드비스타 3,3WG30195428,트레일,신발,230,3WG30195428(230),,,여성,개,26FW,,2026-08-06,2026-08-06,"199,000.00","103,480.00","103,480.00",사용,36861,1,4,-4,0,6,0,0.0,0.0,0.0,0,0,1,0.0,0.0,7615537889467,1
상품,신발(온),클라우드비스타 3,3WG30195428,트레일,신발,235,3WG30195428(235),,,여성,개,26FW,,2026-08-06,2026-08-06,"199,000.00","103,480.00","206,960.00",사용,36862,2,4,-4,0,8,0,0.0,0.0,0.0,0,1,1,0.0,0.0,7615537889474,2
상품,신발(온),클라우드비스타 3,3WG30195428,트레일,신발,240,3WG30195428(240),,,여성,개,26FW,,2026-08-06,2026-08-06,"199,000.00","103,480.00","206,960.00",사용,36863,2,5,-5,0,10,0,0.0,0.0,0.0,0,0,2,0.0,0.0,7615537889481,2
상품,신발(온),클라우드비스타 3,3WG30195428,트레일,신발,245,3WG30195428(245),,,여성,개,26FW,,2026-08-06,2026-08-06,"199,000.00","103,480.00","206,960.00",사용,36864,2,5,-5,0,9,0,0.0,0.0,0.0,0,0,2,0.0,0.0,7615537889498,2
상품,신발(온),클라우드비스타 3,3WG30195428,트레일,신발,250,3WG30195428(250),,,여성,개,26FW,,2026-08-06,2026-08-06,"199,000.00","103,480.00","103,480.00",사용,36865,1,3,-3,0,5,0,0.0,0.0,0.0,0,0,1,0.0,0.0,7615537889504,1
상품,신발(온),클라우드소마 모크,3WG30371043,트레일,신발,230,3WG30371043(230),,135922800,여성,개,26FW,,2026-07-20,2026-07-20,"179,000.00","93,080.00","93,080.00",사용,36798,1,1,-1,1,3,0,0.0,0.0,0.0,0,0,1,0.0,0.0,7615537939087,1
상품,신발(온),클라우드소마 모크,3WG30371043,트레일,신발,235,3WG30371043(235),,135922800,여성,개,26FW,,2026-07-20,2026-07-20,"179,000.00","93,080.00","186,160.00",사용,36799,2,5,-5,1,12,1,8.3,3.4,0.8,0,0,2,3.4,0.8,7615537939094,2
상품,신발(온),클라우드소마 모크,3WG30371043,트레일,신발,240,3WG30371043(240),,135922800,여성,개,26FW,,2026-07-20,2026-07-20,"179,000.00","93,080.00","186,160.00",사용,36800,2,3,-3,1,15,5,33.3,0.6,0.1,0,0,2,0.6,0.1,7615537939100,2
상품,신발(온),클라우드소마 모크,3WG30371043,트레일,신발,245,3WG30371043(245),,135922800,여성,개,26FW,,2026-07-20,2026-07-20,"179,000.00","93,080.00","93,080.00",사용,36801,1,0,0,1,15,10,66.6,0.1,0.0,0,0,1,0.1,0.0,7615537939117,1
상품,신발(온),클라우드소마 모크,3WG30371043,트레일,신발,250,3WG30371043(250),,135922800,여성,개,26FW,,2026-07-20,2026-07-20,"179,000.00","93,080.00","93,080.00",사용,36802,1,0,0,1,10,4,40.0,0.4,0.1,0,0,1,0.4,0.1,7615537939124,1
상품,의류(파타고니아),롱 슬리브 캡 쿨 메리노 블렌드 그래픽 셔츠,44585-HEBK,긴팔티셔츠,의류,L,44585-HEBK(L),,131702865,남성,개,25FW,,2025-09-18,2025-09-18,"159,000.00","87,450.00","174,900.00",사용,24758,2,0,0,11,6,0,0.0,0.0,0.0,0,0,2,0.0,0.0,44585Q7HEBKL,2
상품,의류(파타고니아),롱 슬리브 캡 쿨 메리노 블렌드 그래픽 셔츠,44585-HEBK,긴팔티셔츠,의류,M,44585-HEBK(M),,131702865,남성,개,25FW,,2025-09-18,2025-09-18,"159,000.00","87,450.00","87,450.00",사용,24757,1,0,0,11,6,1,16.6,1.7,0.4,0,0,1,1.7,0.4,44585Q7HEBKM,1
상품,의류(파타고니아),롱 슬리브 캡 쿨 메리노 블렌드 그래픽 셔츠,44585-HEBK,긴팔티셔츠,의류,S,44585-HEBK(S),,131702865,남성,개,25FW,,2025-09-18,2025-09-18,"159,000.00","87,450.00","87,450.00",사용,24756,1,3,-3,11,4,0,0.0,0.0,0.0,0,0,1,0.0,0.0,44585Q7HEBKS,1
상품,의류(파타고니아),캡 쿨 메리노 블렌드 그래픽 셔츠,44590-FZPN,반팔티셔츠,의류,L,44590-FZPN(L),,131702862,남성,개,25FW,,2025-09-18,2025-09-18,"119,000.00","65,450.00","130,900.00",사용,24742,2,0,0,11,3,0,0.0,0.0,0.0,0,1,1,0.0,0.0,44590Q7FZPNL,2
상품,의류(파타고니아),캡 쿨 메리노 블렌드 그래픽 셔츠,44590-FZPN,반팔티셔츠,의류,M,44590-FZPN(M),,131702862,남성,개,25FW,,2025-09-18,2025-09-18,"119,000.00","65,450.00","65,450.00",사용,24741,1,0,0,11,3,0,0.0,0.0,0.0,0,0,1,0.0,0.0,44590Q7FZPNM,1
상품,의류(파타고니아),캡 쿨 메리노 블렌드 그래픽 셔츠,44590-FZPN,반팔티셔츠,의류,S,44590-FZPN(S),,131702862,남성,개,25FW,,2025-09-18,2025-09-18,"119,000.00","65,450.00","65,450.00",사용,24740,1,0,0,11,2,0,0.0,0.0,0.0,0,0,1,0.0,0.0,44590Q7FZPNS,1
상품,의류(파타고니아),캡 쿨 메리노 블렌드 그래픽 셔츠,44590-FZPN,반팔티셔츠,의류,XL,44590-FZPN(XL),,131702862,남성,개,25FW,,2025-09-18,2025-09-18,"119,000.00","65,450.00","65,450.00",사용,24743,1,0,0,11,2,0,0.0,0.0,0.0,0,0,1,0.0,0.0,44590Q7FZPNXL,1
상품,의류(파타고니아),롱 슬리브 캡 쿨 메리노 블렌드 그래픽 셔츠,44600-FZTP,긴팔티셔츠,의류,M,44600-FZTP(M),,131702871,여성,개,25FW,,2025-09-18,2025-09-18,"159,000.00","87,450.00","87,450.00",사용,24765,1,0,0,11,1,0,0.0,0.0,0.0,0,0,1,0.0,0.0,44600Q7FZTPM,1
상품,의류(파타고니아),롱 슬리브 캡 쿨 메리노 블렌드 그래픽 셔츠,44600-FZTP,긴팔티셔츠,의류,XS,44600-FZTP(XS),,131702871,여성,개,25FW,,2025-09-18,2025-09-18,"159,000.00","87,450.00","87,450.00",사용,24763,1,0,0,11,2,1,50.0,1.7,0.4,0,0,1,1.7,0.4,44600Q7FZTPXS,1
상품,의류(파타고니아),M`S SLEEVELESS CAP COOL DAILY SHIRT트라이얼,45255Q5-FEA TRIAL,싱글렛,의류,M,45255Q5-FEA TRIAL(M),,,남성,개,25FW,,,,0.00,0.00,0.00,사용,24496,1,0,0,0,0,0,0.0,0.0,0.0,0,0,1,0.0,0.0,,1
상품,의류(파타고니아),M`S SLEEVELESS CAP COOL DAILY SHIRT트라이얼,45255Q5-FEA TRIAL,싱글렛,의류,S,45255Q5-FEA TRIAL(S),,,남성,개,25FW,,,,0.00,0.00,0.00,사용,24495,2,0,0,0,0,0,0.0,0.0,0.0,0,0,2,0.0,0.0,,2
상품,의류(파타고니아),M`S SLEEVELESS CAP COOL DAILY SHIRT트라이얼,45255Q5-FEA TRIAL,싱글렛,의류,XS,45255Q5-FEA TRIAL(XS),,,남성,개,25FW,,,,0.00,0.00,0.00,사용,24494,1,0,0,0,0,0,0.0,0.0,0.0,0,0,1,0.0,0.0,,1
상품,의류(파타고니아),M`S SLEEVELESS CAP COOL DAILY SHIRT트라이얼,45255Q5-FLKB TRIAL,싱글렛,의류,L,45255Q5-FLKB TRIAL(L),,,남성,개,25FW,,,,0.00,0.00,0.00,사용,24505,1,0,0,0,0,0,0.0,0.0,0.0,0,0,1,0.0,0.0,,1
상품,의류(파타고니아),M`S SLEEVELESS CAP COOL DAILY SHIRT트라이얼,45255Q5-FLKB TRIAL,싱글렛,의류,M,45255Q5-FLKB TRIAL(M),,,남성,개,25FW,,,,0.00,0.00,0.00,사용,24504,1,0,0,0,0,0,0.0,0.0,0.0,0,0,1,0.0,0.0,,1
상품,의류(파타고니아),M`S SLEEVELESS CAP COOL DAILY SHIRT트라이얼,45255Q5-FLKB TRIAL,싱글렛,의류,S,45255Q5-FLKB TRIAL(S),,,남성,개,25FW,,,,0.00,0.00,0.00,사용,24503,2,0,0,0,0,0,0.0,0.0,0.0,0,0,2,0.0,0.0,,2
상품,의류(파타고니아),M`S SLEEVELESS CAP COOL DAILY SHIRT트라이얼,45255Q5-FLKB TRIAL,싱글렛,의류,XS,45255Q5-FLKB TRIAL(XS),,,남성,개,25FW,,,,0.00,0.00,0.00,사용,24502,1,0,0,0,0,0,0.0,0.0,0.0,0,0,1,0.0,0.0,,1
상품,의류(파타고니아),W`S CAP COOL DAILY TANK트라이얼,45295Q5-FEA TRIAL,싱글렛,의류,M,45295Q5-FEA TRIAL(M),,,여성,개,25FW,,,,0.00,0.00,0.00,사용,24554,1,0,0,0,0,0,0.0,0.0,0.0,0,0,1,0.0,0.0,,1
상품,의류(파타고니아),W`S CAP COOL DAILY TANK트라이얼,45295Q5-FEA TRIAL,싱글렛,의류,S,45295Q5-FEA TRIAL(S),,,여성,개,25FW,,,,0.00,0.00,0.00,사용,24553,2,0,0,0,0,0,0.0,0.0,0.0,0,0,2,0.0,0.0,,2
상품,의류(파타고니아),W`S CAP COOL DAILY TANK트라이얼,45295Q5-FEA TRIAL,싱글렛,의류,XS,45295Q5-FEA TRIAL(XS),,,여성,개,25FW,,,,0.00,0.00,0.00,사용,24552,1,0,0,0,0,0,0.0,0.0,0.0,0,0,1,0.0,0.0,,1
상품,의류(파타고니아),W`S CAP COOL DAILY TANK트라이얼,45295Q5-LMPX TRIAL,싱글렛,의류,M,45295Q5-LMPX TRIAL(M),,,여성,개,25FW,,,,0.00,0.00,0.00,사용,24562,1,0,0,0,0,0,0.0,0.0,0.0,0,0,1,0.0,0.0,,1
상품,의류(파타고니아),W`S CAP COOL DAILY TANK트라이얼,45295Q5-LMPX TRIAL,싱글렛,의류,S,45295Q5-LMPX TRIAL(S),,,여성,개,25FW,,,,0.00,0.00,0.00,사용,24561,1,0,0,0,0,0,0.0,0.0,0.0,0,0,1,0.0,0.0,,1
상품,의류(파타고니아),W`S CAP COOL DAILY TANK트라이얼,45295Q5-LMPX TRIAL,싱글렛,의류,XS,45295Q5-LMPX TRIAL(XS),,,여성,개,25FW,,,,0.00,0.00,0.00,사용,24560,2,0,0,0,0,0,0.0,0.0,0.0,0,0,2,0.0,0.0,,2
상품,의류(파타고니아),M`S CAP COOL DAILY GRAPHIC SHIRT - LANDS트라이얼,45385Q5-CSBX TRIAL,반팔티셔츠,의류,L,45385Q5-CSBX TRIAL(L),,,남성,개,25FW,,,,0.00,0.00,0.00,사용,24449,1,0,0,0,0,0,0.0,0.0,0.0,0,0,1,0.0,0.0,,1
상품,의류(파타고니아),M`S CAP COOL DAILY GRAPHIC SHIRT - LANDS트라이얼,45385Q5-CSBX TRIAL,반팔티셔츠,의류,M,45385Q5-CSBX TRIAL(M),,,남성,개,25FW,,,,0.00,0.00,0.00,사용,24448,2,0,0,0,0,0,0.0,0.0,0.0,0,0,2,0.0,0.0,,2
상품,의류(파타고니아),M`S CAP COOL DAILY GRAPHIC SHIRT - LANDS트라이얼,45385Q5-CSBX TRIAL,반팔티셔츠,의류,S,45385Q5-CSBX TRIAL(S),,,남성,개,25FW,,,,0.00,0.00,0.00,사용,24447,2,0,0,0,0,0,0.0,0.0,0.0,0,0,2,0.0,0.0,,2
상품,의류(파타고니아),M`S CAP COOL DAILY GRAPHIC SHIRT - LANDS트라이얼,45385Q5-CSBX TRIAL,반팔티셔츠,의류,XS,45385Q5-CSBX TRIAL(XS),,,남성,개,25FW,,,,0.00,0.00,0.00,사용,24446,1,0,0,0,0,0,0.0,0.0,0.0,0,0,1,0.0,0.0,,1
상품,의류(파타고니아),M`S CAP COOL DAILY GRAPHIC SHIRT - LANDS트라이얼,45385Q5-HBFE TRIAL,반팔티셔츠,의류,L,45385Q5-HBFE TRIAL(L),,,남성,개,25FW,,,,0.00,0.00,0.00,사용,24457,1,0,0,0,0,0,0.0,0.0,0.0,0,0,1,0.0,0.0,,1
상품,의류(파타고니아),M`S CAP COOL DAILY GRAPHIC SHIRT - LANDS트라이얼,45385Q5-HBFE TRIAL,반팔티셔츠,의류,M,45385Q5-HBFE TRIAL(M),,,남성,개,25FW,,,,0.00,0.00,0.00,사용,24456,2,0,0,0,0,0,0.0,0.0,0.0,0,0,2,0.0,0.0,,2
상품,의류(파타고니아),M`S CAP COOL DAILY GRAPHIC SHIRT - LANDS트라이얼,45385Q5-HBFE TRIAL,반팔티셔츠,의류,S,45385Q5-HBFE TRIAL(S),,,남성,개,25FW,,,,0.00,0.00,0.00,사용,24455,2,0,0,0,0,0,0.0,0.0,0.0,0,0,2,0.0,0.0,,2
상품,의류(파타고니아),M`S CAP COOL DAILY GRAPHIC SHIRT - LANDS트라이얼,45385Q5-HBFE TRIAL,반팔티셔츠,의류,XS,45385Q5-HBFE TRIAL(XS),,,남성,개,25FW,,,,0.00,0.00,0.00,사용,24454,1,0,0,0,0,0,0.0,0.0,0.0,0,0,1,0.0,0.0,,1
상품,의류(파타고니아),W`S CAP COOL DAILY GRAPHIC SHIRT - LANDS트라이얼,45390Q5-CHFY TRIAL,반팔티셔츠,의류,S,45390Q5-CHFY TRIAL(S),,,여성,개,25FW,,,,0.00,0.00,0.00,사용,24537,2,0,0,0,0,0,0.0,0.0,0.0,0,0,2,0.0,0.0,,2
상품,의류(파타고니아),W`S CAP COOL DAILY GRAPHIC SHIRT - LANDS트라이얼,45390Q5-CHFY TRIAL,반팔티셔츠,의류,XS,45390Q5-CHFY TRIAL(XS),,,여성,개,25FW,,,,0.00,0.00,0.00,사용,24536,1,0,0,0,0,0,0.0,0.0,0.0,0,0,1,0.0,0.0,,1
상품,의류(파타고니아),W`S CAP COOL DAILY GRAPHIC SHIRT - LANDS트라이얼,45390Q5-TLPL TRIAL,반팔티셔츠,의류,M,45390Q5-TLPL TRIAL(M),,,여성,개,25FW,,,,0.00,0.00,0.00,사용,24546,1,0,0,0,0,0,0.0,0.0,0.0,0,0,1,0.0,0.0,,1
상품,의류(파타고니아),W`S CAP COOL DAILY GRAPHIC SHIRT - LANDS트라이얼,45390Q5-TLPL TRIAL,반팔티셔츠,의류,S,45390Q5-TLPL TRIAL(S),,,여성,개,25FW,,,,0.00,0.00,0.00,사용,24545,1,0,0,0,0,0,0.0,0.0,0.0,0,0,1,0.0,0.0,,1
상품,의류(파타고니아),W`S CAP COOL DAILY GRAPHIC SHIRT - LANDS트라이얼,45390Q5-TLPL TRIAL,반팔티셔츠,의류,XS,45390Q5-TLPL TRIAL(XS),,,여성,개,25FW,,,,0.00,0.00,0.00,사용,24544,2,0,0,0,0,0,0.0,0.0,0.0,0,0,2,0.0,0.0,,2
상품,의류(파타고니아),캐필린 쿨 라이트웨이트 셔츠,45690Q5-GRZX,긴팔티셔츠,의류,M,45690Q5-GRZX(M),,128865117,남성,개,25SS,,2025-03-12,2025-03-12,"99,000.00","54,450.00","54,450.00",사용,17810,1,0,0,17,8,0,0.0,0.0,0.0,0,0,1,0.0,0.0,45690Q5GRZXM,1
상품,의류(파타고니아),롱 슬리브 캡 쿨 라이트웨이트 셔츠,45695Q5-ABNB,긴팔티셔츠,의류,XS,45695Q5-ABNB(XS),,128865126,여성,개,25SS,,2025-03-12,2025-03-12,"99,000.00","54,450.00","54,450.00",사용,17882,1,2,-2,17,5,0,0.0,0.0,0.0,0,0,1,0.0,0.0,45695Q5ABNBXS,1
상품,의류(파타고니아),M`S CAP COOL LIGHTWEIGHT SHIRT트라이얼,45760Q5-PONX TRIAL,반팔티셔츠,의류,L,45760Q5-PONX TRIAL(L),,,남성,개,25FW,,,,0.00,0.00,0.00,사용,24465,1,0,0,0,0,0,0.0,0.0,0.0,0,0,1,0.0,0.0,,1
상품,의류(파타고니아),M`S CAP COOL LIGHTWEIGHT SHIRT트라이얼,45760Q5-PONX TRIAL,반팔티셔츠,의류,M,45760Q5-PONX TRIAL(M),,,남성,개,25FW,,,,0.00,0.00,0.00,사용,24464,2,0,0,0,0,0,0.0,0.0,0.0,0,0,2,0.0,0.0,,2
상품,의류(파타고니아),M`S CAP COOL LIGHTWEIGHT SHIRT트라이얼,45760Q5-PONX TRIAL,반팔티셔츠,의류,S,45760Q5-PONX TRIAL(S),,,남성,개,25FW,,,,0.00,0.00,0.00,사용,24463,2,0,0,0,0,0,0.0,0.0,0.0,0,0,2,0.0,0.0,,2
상품,의류(파타고니아),M`S CAP COOL LIGHTWEIGHT SHIRT트라이얼,45760Q5-PONX TRIAL,반팔티셔츠,의류,XS,45760Q5-PONX TRIAL(XS),,,남성,개,25FW,,,,0.00,0.00,0.00,사용,24462,1,0,0,0,0,0,0.0,0.0,0.0,0,0,1,0.0,0.0,,1
상품,의류(파타고니아),W`S CAP COOL LIGHTWEIGHT SHIRT트라이얼,45765Q5-ABNB TRIAL,반팔티셔츠,의류,M,45765Q5-ABNB TRIAL(M),,,여성,개,25FW,,,,0.00,0.00,0.00,사용,24570,1,0,0,0,0,0,0.0,0.0,0.0,0,0,1,0.0,0.0,,1
상품,의류(파타고니아),W`S CAP COOL LIGHTWEIGHT SHIRT트라이얼,45765Q5-ABNB TRIAL,반팔티셔츠,의류,S,45765Q5-ABNB TRIAL(S),,,여성,개,25FW,,,,0.00,0.00,0.00,사용,24569,1,0,0,0,0,0,0.0,0.0,0.0,0,0,1,0.0,0.0,,1
상품,의류(파타고니아),W`S CAP COOL LIGHTWEIGHT SHIRT트라이얼,45765Q5-ABNB TRIAL,반팔티셔츠,의류,XS,45765Q5-ABNB TRIAL(XS),,,여성,개,25FW,,,,0.00,0.00,0.00,사용,24568,1,0,0,0,0,0,0.0,0.0,0.0,0,0,1,0.0,0.0,,1
상품,의류(파타고니아),W`S CAP COOL LIGHTWEIGHT SHIRT트라이얼,45765Q5-FGLP TRIAL,반팔티셔츠,의류,M,45765Q5-FGLP TRIAL(M),,,여성,개,25FW,,,,0.00,0.00,0.00,사용,24578,1,0,0,0,0,0,0.0,0.0,0.0,0,0,1,0.0,0.0,,1
상품,의류(파타고니아),W`S CAP COOL LIGHTWEIGHT SHIRT트라이얼,45765Q5-FGLP TRIAL,반팔티셔츠,의류,S,45765Q5-FGLP TRIAL(S),,,여성,개,25FW,,,,0.00,0.00,0.00,사용,24577,1,0,0,0,0,0,0.0,0.0,0.0,0,0,1,0.0,0.0,,1
상품,의류(파타고니아),W`S CAP COOL LIGHTWEIGHT SHIRT트라이얼,45765Q5-FGLP TRIAL,반팔티셔츠,의류,XS,45765Q5-FGLP TRIAL(XS),,,여성,개,25FW,,,,0.00,0.00,0.00,사용,24576,1,0,0,0,0,0,0.0,0.0,0.0,0,0,1,0.0,0.0,,1
상품,의류(파타고니아),캡 쿨 라이트웨이트 셔츠,47560Q5-BLK,반팔티셔츠,의류,M,47560Q5-BLK(M),,,남성,개,25SS,,2025-04-15,2025-04-15,"83,000.00","45,650.00","45,650.00",사용,19308,1,3,-3,16,8,0,0.0,0.0,0.0,0,0,1,0.0,0.0,45760Q5BLKM,1
상품,의류(파타고니아),캡 쿨 라이트웨이트 셔츠,47560Q5-GRZX,반팔티셔츠,의류,S,47560Q5-GRZX(S),,,남성,개,25SS,,2025-04-15,2025-04-15,"83,000.00","45,650.00","45,650.00",사용,19315,1,0,0,16,3,0,0.0,0.0,0.0,0,0,1,0.0,0.0,45760Q5GRZXS,1
상품,용품(파타고니아),슬로프 러너 익스플로레이션 팩 18L,49495Q5-BLK,트레일베스트,용품,S,49495Q5-BLK(S),,128865122,공용,개,25SS,,2025-03-12,2025-03-12,"299,000.00","164,450.00","164,450.00",사용,17851,1,1,-1,17,10,0,0.0,0.0,0.0,0,0,1,0.0,0.0,49495Q5BLKS,1
상품,용품(파타고니아),슬로프 러너 익스플로레이션 팩 18L,49495Q5-BLK,트레일베스트,용품,XS,49495Q5-BLK(XS),,128865122,공용,개,25SS,,2025-03-12,2025-03-12,"299,000.00","164,450.00","164,450.00",사용,17850,1,0,0,17,5,0,0.0,0.0,0.0,0,0,1,0.0,0.0,49495Q5BLKXS,1
상품,용품(파타고니아),SLOPE RUNNER VEST트라이얼,49521Q5-SBDY TRIAL,트레일베스트,용품,M,49521Q5-SBDY TRIAL(M),,,공용,개,25FW,,,,0.00,0.00,0.00,사용,24530,2,0,0,0,0,0,0.0,0.0,0.0,0,0,2,0.0,0.0,,2
상품,용품(파타고니아),SLOPE RUNNER VEST트라이얼,49521Q5-SBDY TRIAL,트레일베스트,용품,S,49521Q5-SBDY TRIAL(S),,,공용,개,25FW,,,,0.00,0.00,0.00,사용,24529,1,0,0,0,0,0,0.0,0.0,0.0,0,0,1,0.0,0.0,,1
상품,용품(파타고니아),슬로프 러너 베스트,49521R5-WSTO,트레일베스트,용품,L,49521R5-WSTO(L),,133237318,공용,개,26SS,,2026-03-25,2026-03-25,"289,000.00","158,950.00","158,950.00",사용,32599,1,0,0,5,3,0,0.0,0.0,0.0,0,0,1,0.0,0.0,49521R5WSTOL,1
상품,용품(파타고니아),슬로프 러너 베스트,49521R5-WSTO,트레일베스트,용품,M,49521R5-WSTO(M),,133237318,공용,개,26SS,,2026-03-25,2026-03-25,"289,000.00","158,950.00","158,950.00",사용,32598,1,1,-1,5,5,0,0.0,0.0,0.0,0,0,1,0.0,0.0,49521R5WSTOM,1
상품,용품(파타고니아),슬로프 러너 베스트,49521R5-WSTO,트레일베스트,용품,S,49521R5-WSTO(S),,133237318,공용,개,26SS,,2026-03-25,2026-03-25,"289,000.00","158,950.00","158,950.00",사용,32597,1,1,-1,5,5,0,0.0,0.0,0.0,0,0,1,0.0,0.0,49521R5WSTOS,1
상품,의류(파타고니아),M`S MULTI TRAILS SHORTS - 6 IN.트라이얼,57595Q5-LMSP TRIAL,반바지,의류,M,57595Q5-LMSP TRIAL(M),,,남성,개,25FW,,,,0.00,0.00,0.00,사용,24480,1,0,0,0,0,0,0.0,0.0,0.0,0,0,1,0.0,0.0,,1
상품,의류(파타고니아),M`S MULTI TRAILS SHORTS - 6 IN.트라이얼,57595Q5-LMSP TRIAL,반바지,의류,S,57595Q5-LMSP TRIAL(S),,,남성,개,25FW,,,,0.00,0.00,0.00,사용,24479,1,0,0,0,0,0,0.0,0.0,0.0,0,0,1,0.0,0.0,,1
상품,의류(파타고니아),멀티 트레일 쇼츠 6 인치,57595R5-BLK,반바지,의류,L,57595R5-BLK(L),,133237198,남성,개,26SS,,2026-03-25,2026-03-25,"149,000.00","81,950.00","81,950.00",사용,32547,1,0,0,5,3,0,0.0,0.0,0.0,0,0,1,0.0,0.0,57595R5BLKL,1
상품,의류(파타고니아),멀티 트레일 쇼츠 6 인치,57595R5-BLK,반바지,의류,M,57595R5-BLK(M),,133237198,남성,개,26SS,,2026-03-25,2026-03-25,"149,000.00","81,950.00","81,950.00",사용,32546,1,0,0,5,4,0,0.0,0.0,0.0,0,0,1,0.0,0.0,57595R5BLKM,1
상품,의류(파타고니아),멀티 트레일 쇼츠 6 인치,57595R5-BLK,반바지,의류,S,57595R5-BLK(S),,133237198,남성,개,26SS,,2026-03-25,2026-03-25,"149,000.00","81,950.00","81,950.00",사용,32545,1,0,0,5,3,0,0.0,0.0,0.0,0,0,1,0.0,0.0,57595R5BLKS,1
상품,의류(파타고니아),멀티 트레일 쇼츠,57602-BLK,반바지,의류,L,57602-BLK(L),,131702869,남성,개,25FW,,2025-09-18,2025-09-18,"149,000.00","52,150.00","104,300.00",사용,24694,2,0,0,11,3,0,0.0,0.0,0.0,0,0,2,0.0,0.0,57602Q7BLKL,2
상품,의류(파타고니아),멀티 트레일 쇼츠,57602-BLK,반바지,의류,M,57602-BLK(M),,131702869,남성,개,25FW,,2025-09-18,2025-09-18,"149,000.00","52,150.00","52,150.00",사용,24693,1,0,0,11,3,0,0.0,0.0,0.0,0,0,1,0.0,0.0,57602Q7BLKM,1
상품,의류(파타고니아),멀티 트레일 쇼츠,57602-BLK,반바지,의류,S,57602-BLK(S),,131702869,남성,개,25FW,,2025-09-18,2025-09-18,"149,000.00","52,150.00","52,150.00",사용,24692,1,0,0,11,3,0,0.0,0.0,0.0,0,0,1,0.0,0.0,57602Q7BLKS,1
상품,의류(파타고니아),멀티 트레일 쇼츠,57602-BLK,반바지,의류,XL,57602-BLK(XL),,131702869,남성,개,25FW,,2025-09-18,2025-09-18,"149,000.00","52,150.00","52,150.00",사용,24695,1,0,0,11,1,0,0.0,0.0,0.0,0,0,1,0.0,0.0,57602Q7BLKXL,1
상품,의류(파타고니아),M`S MULTI TRAILS SHORTS - 8 IN.트라이얼,57602Q5-BLK TRIAL,반바지,의류,L,57602Q5-BLK TRIAL(L),,,남성,개,25FW,,,,0.00,0.00,0.00,사용,24489,1,0,0,0,0,0,0.0,0.0,0.0,0,0,1,0.0,0.0,,1
상품,의류(파타고니아),M`S MULTI TRAILS SHORTS - 8 IN.트라이얼,57602Q5-BLK TRIAL,반바지,의류,M,57602Q5-BLK TRIAL(M),,,남성,개,25FW,,,,0.00,0.00,0.00,사용,24488,2,0,0,0,0,0,0.0,0.0,0.0,0,0,2,0.0,0.0,,2
상품,의류(파타고니아),M`S MULTI TRAILS SHORTS - 8 IN.트라이얼,57602Q5-BLK TRIAL,반바지,의류,S,57602Q5-BLK TRIAL(S),,,남성,개,25FW,,,,0.00,0.00,0.00,사용,24487,2,0,0,0,0,0,0.0,0.0,0.0,0,0,2,0.0,0.0,,2
상품,의류(파타고니아),멀티 트레일 쇼츠,57631-BLK,반바지,의류,M,57631-BLK(M),,131702859,여성,개,25FW,,2025-09-18,2025-09-18,"119,000.00","65,450.00","65,450.00",사용,24733,1,0,0,11,1,0,0.0,0.0,0.0,0,0,1,0.0,0.0,57631Q7BLKM,1
상품,의류(파타고니아),멀티 트레일 쇼츠,57631-BLK,반바지,의류,S,57631-BLK(S),,131702859,여성,개,25FW,,2025-09-18,2025-09-18,"119,000.00","65,450.00","65,450.00",사용,24732,1,0,0,11,3,0,0.0,0.0,0.0,0,0,1,0.0,0.0,57631Q7BLKS,1
상품,의류(파타고니아),멀티 트레일 쇼츠,57631-BLK,반바지,의류,XS,57631-BLK(XS),,131702859,여성,개,25FW,,2025-09-18,2025-09-18,"119,000.00","65,450.00","65,450.00",사용,24731,1,0,0,11,1,0,0.0,0.0,0.0,0,0,1,0.0,0.0,57631Q7BLKXS,1
상품,용품(100%),하이퍼크래프트,60000-00004,선글라스,용품,1SIZE,60000-00004(1SIZE),(그레이),131517707,공용,개,25FW,,2025-08-21,2025-08-21,"260,000.00","136,500.00","136,500.00",사용,24269,1,0,0,12,10,0,0.0,0.0,0.0,0,0,1,0.0,0.0,841269192941,1
상품,용품(100%),하이퍼크래프트,60000-00011,선글라스,용품,1SIZE,60000-00011(1SIZE),(스톤그레이),131517712,공용,개,25FW,,2025-08-21,2025-08-21,"260,000.00","136,500.00","136,500.00",사용,24273,1,0,0,12,10,0,0.0,0.0,0.0,0,0,1,0.0,0.0,196261016314,1
상품,용품(100%),하이퍼크래프트,60000-00032,선글라스,용품,1SIZE,60000-00032(1SIZE),(핑크옐로),131517714,공용,개,25FW,,2025-08-21,2025-08-21,"260,000.00","136,500.00","136,500.00",사용,24275,1,0,0,12,3,0,0.0,0.0,0.0,0,0,1,0.0,0.0,196261055092,1
상품,용품(100%),레제르 라운드,60019-00016,선글라스,용품,1SIZE,60019-00016(1SIZE),,135951602,공용,개,26FW,,2026-07-15,2026-07-15,"180,000.00","99,000.00","198,000.00",사용,39914,2,17,-17,1,30,0,0.0,0.0,0.0,0,1,1,0.0,0.0,196261040388,2
상품,용품(100%),레제르 스퀘어,60020-00009,선글라스,용품,1SIZE,60020-00009(1SIZE),,135951600,공용,개,26FW,,2026-07-15,2026-07-15,"180,000.00","99,000.00","297,000.00",사용,39915,3,9,-9,1,20,1,5.0,5.1,1.2,0,0,3,5.1,1.2,196261040456,3
상품,용품(100%),레제르 스퀘어,60020-00019,선글라스,용품,1SIZE,60020-00019(1SIZE),,135951597,공용,개,26FW,,2026-07-15,2026-07-15,"200,000.00","110,000.00","220,000.00",사용,39916,2,3,-3,1,12,0,0.0,0.0,0.0,0,0,2,0.0,0.0,196261054439,2
상품,용품(100%),A2,60078-10001,선글라스,용품,1SIZE,60078-10001(1SIZE),,135951577,공용,개,26FW,,2026-07-15,2026-07-15,"250,000.00","137,500.00","275,000.00",사용,39911,2,5,-5,1,10,0,0.0,0.0,0.0,0,0,2,0.0,0.0,196261089509,2
상품,용품(100%),A2,60078-10003,선글라스,용품,1SIZE,60078-10003(1SIZE),,135951588,공용,개,26FW,,2026-07-15,2026-07-15,"230,000.00","126,500.00","379,500.00",사용,39912,3,11,-11,1,20,1,5.0,5.1,1.2,0,0,3,5.1,1.2,196261089929,3
상품,용품(100%),A2,60078-10005,선글라스,용품,1SIZE,60078-10005(1SIZE),,135951571,공용,개,26FW,,2026-07-15,2026-07-15,"250,000.00","137,500.00","275,000.00",사용,39913,2,5,-5,1,10,1,10.0,3.4,0.8,0,0,2,3.4,0.8,196261089943,2
상품,용품(레키),SL 울트라트레일 FX.ONE,65625841,트레일폴,용품,110,65625841(110),,133617821,공용,개,26SS,,2026-05-14,2026-05-14,"360,000.00","216,000.00","216,000.00",사용,34563,1,1,-1,3,5,0,0.0,0.0,0.0,0,0,1,0.0,0.0,4028173390465,1
상품,용품(레키),SL 울트라트레일 FX.ONE,65625841,트레일폴,용품,115,65625841(115),,133617821,공용,개,26SS,,2026-05-14,2026-05-14,"360,000.00","216,000.00","216,000.00",사용,34564,1,3,-3,3,15,0,0.0,0.0,0.0,0,0,1,0.0,0.0,4028173390519,1
상품,용품(레키),SL 울트라트레일 FX.ONE,65625841,트레일폴,용품,120,65625841(120),,133617821,공용,개,26SS,,2026-05-14,2026-05-14,"360,000.00","216,000.00","432,000.00",사용,34565,2,0,0,3,10,0,0.0,0.0,0.0,0,0,2,0.0,0.0,4028173390472,2
상품,용품(오클리),레이다락 패스 (아시안핏),92069438,선글라스,용품,1SIZE,92069438(1SIZE),,131979435,공용,개,25FW,,2025-10-13,2025-10-13,"324,000.00","157,997.00","631,988.00",사용,26094,4,0,0,10,15,0,0.0,0.0,0.0,0,0,4,0.0,0.0,888392615022,4
상품,용품(오클리),래터럴리스,94310360,선글라스,용품,1SIZE,94310360(1SIZE),,131860113,공용,개,25FW,,2025-10-13,2025-10-13,"334,000.00","163,139.00","326,278.00",사용,26092,2,0,0,10,6,0,0.0,0.0,0.0,0,0,2,0.0,0.0,888392641557,2
상품,용품(오클리),플란타리스,94370163,선글라스,용품,1SIZE,94370163(1SIZE),,131860116,공용,개,25FW,,2025-10-13,2025-10-13,"370,000.00","180,776.00","180,776.00",사용,26093,1,0,0,10,5,0,0.0,0.0,0.0,0,0,1,0.0,0.0,888392641366,1
상품,용품(오클리),아이자켓 리덕스,94380158,선글라스,용품,1SIZE,94380158(1SIZE),,131860109,공용,개,26SS,,2026-05-29,2026-05-29,"261,000.00","127,523.00","127,523.00",사용,26090,1,3,-3,3,20,0,0.0,0.0,0.0,0,0,1,0.0,0.0,888392408365,1
상품,용품(오클리),아이자켓 리덕스,94380558,선글라스,용품,1SIZE,94380558(1SIZE),,132964844,공용,개,25FW,,2025-10-14,2025-10-14,"334,000.00","163,139.00","163,139.00",사용,26095,1,0,0,10,9,0,0.0,0.0,0.0,0,0,1,0.0,0.0,888392408402,1
상품,용품(오클리),아이자켓 리덕스,94382558,선글라스,용품,1SIZE,94382558(1SIZE),,131860112,공용,개,25FW,,2025-10-13,2025-10-13,"259,000.00","126,391.00","379,173.00",사용,26091,3,0,0,10,15,0,0.0,0.0,0.0,0,0,3,0.0,0.0,888392666123,3
상품,용품(오클리),아이재킷 리덕스 프리즘 브론즈,94382658,선글라스,용품,1SIZE,94382658(1SIZE),,133710735,공용,개,26SS,,2026-05-29,2026-05-29,"261,000.00","127,523.00","892,661.00",사용,32486,7,10,-10,3,30,1,3.3,12.0,2.8,0,0,7,12.0,2.8,888392666130,7
상품,용품(오클리),레이다 플레이트 프리즘 슬레이트,94950936,선글라스,용품,1SIZE,94950936(1SIZE),,133710732,공용,개,26SS,,2026-05-29,2026-07-15,"329,000.00","153,914.50","153,914.50",사용,32490,1,6,-6,3,8,0,0.0,0.0,0.0,0,0,1,0.0,0.0,888392667120,1
상품,용품(오클리),스턴트 데빌 프리즘 블랙,95170139,선글라스,용품,1SIZE,95170139(1SIZE),,133710734,공용,개,26SS,,2026-05-29,2026-05-29,"345,000.00","168,444.00","168,444.00",사용,32488,1,0,0,3,8,1,12.5,1.7,0.4,0,0,1,1.7,0.4,888392677242,1
상품,용품(오클리),토니켓 프리즘 그레이,95210157,선글라스,용품,1SIZE,95210157(1SIZE),,133843158,공용,개,26SS,,2026-06-02,2026-06-02,"211,000.00","103,124.00","412,496.00",사용,32482,4,5,-5,2,15,0,0.0,0.0,0.0,0,0,4,0.0,0.0,888392674852,4
상품,용품(CEP),코어 런 미드컷 삭스 V5,코어 런 미드컷 삭스 V5 다크블루 남성용,양말,용품,3,코어 런 미드컷 삭스 V5 다크블루 남성용(3),,,남성,개,25FW,,2025-06-27,2025-06-27,"45,000.00","29,250.00","175,500.00",사용,21538,6,0,0,14,10,0,0.0,0.0,0.0,0,0,6,0.0,0.0,4068903469436,6
상품,용품(CEP),코어 런 미드컷 삭스 V5,코어 런 미드컷 삭스 V5 화이트 남성용,양말,용품,5,코어 런 미드컷 삭스 V5 화이트 남성용(5),,,남성,개,25FW,,2025-06-27,2025-06-27,"45,000.00","29,250.00","58,500.00",사용,21525,2,0,0,14,5,0,0.0,0.0,0.0,0,0,2,0.0,0.0,4068903469122,2
상품,용품(나이키ACC),리커버리 폼 롤러 13 인치,AC4077-027,기타,용품,1SIZE,AC4077-027(1SIZE),,123234079,공용,개,FA24,,2024-07-31,2024-07-31,"89,000.00","40,050.00","80,100.00",사용,5056,2,0,0,25,48,0,0.0,0.0,0.0,0,0,2,0.0,0.0,193656182296,2
상품,용품(나이키ACC),프로 엘리트 슬리브 2.0,AC4466-127,암슬리브,용품,S/M,AC4466-127(S/M),화이트,127483127,공용,개,FA24,,2024-09-06,2024-09-06,"69,000.00","30,150.00","30,150.00",사용,10278,1,12,-12,23,20,0,0.0,0.0,0.0,0,0,1,0.0,0.0,885176464838,1
상품,용품(증정품),ACG 나살밴드,ACG-BAND,기타,용품,1SIZE,ACG-BAND(1SIZE),,,,개,SP26,,2026-01-30,2026-01-30,0.00,0.00,0.00,사용,31726,900,0,0,7,"1,300",0,0.0,0.0,0.0,0,0,900,0.0,0.0,,900
상품,용품(증정품),ACG 반다나,ACG-BANDANA,기타,용품,1SIZE,ACG-BANDANA(1SIZE),,,,개,SP26,,2026-02-02,2026-02-02,0.00,0.00,0.00,사용,31753,50,0,0,6,50,0,0.0,0.0,0.0,0,0,50,0.0,0.0,,50
상품,용품(증정품),ACG 블랭킷,ACG-blanket,기타,용품,1SIZE,ACG-blanket(1SIZE),,,,개,SP26,,2026-01-30,2026-01-30,0.00,0.00,0.00,사용,31762,400,146,-146,7,600,0,0.0,0.0,0.0,0,0,400,0.0,0.0,,400
상품,용품(증정품),ACG 컵,ACG-CUP,기타,용품,1SIZE,ACG-CUP(1SIZE),,,,개,SP26,,2026-02-05,2026-02-11,0.00,0.00,0.00,사용,31744,160,75,-75,6,289,0,0.0,0.0,0.0,0,0,160,0.0,0.0,,160
상품,용품(증정품),ACG 테이프,ACG-TAPE,기타,용품,1SIZE,ACG-TAPE(1SIZE),,,,개,SP26,,2026-01-30,2026-01-30,0.00,0.00,0.00,사용,31735,800,0,0,7,"1,300",0,0.0,0.0,0.0,0,0,800,0.0,0.0,,800
상품,용품(아미노바이탈),프로 3800 14P,AMINO380014,서플리먼트,용품,1SIZE,AMINO380014(1SIZE),,132964894,공용,개,26SS,,2026-02-13,2026-02-13,"25,000.00","15,100.00","105,700.00",사용,17231,7,0,0,6,30,2,6.6,6.0,1.4,0,1,6,5.1,1.2,4901001510023,7
상품,용품(아미노바이탈),아미노바이탈 4000 14P,AMINO4000-14,서플리먼트,용품,1SIZE,AMINO4000-14(1SIZE),,126010859,공용,개,26SS,,2026-02-13,2026-02-13,"36,000.00","23,000.00","207,000.00",사용,10256,9,0,0,6,20,0,0.0,0.0,0.0,0,1,8,0.0,0.0,4901001200009,9
상품,용품(아미노바이탈),아미노 씨트릭 에이시드 차져 워터,AMINOCITRIC,서플리먼트,용품,1SIZE,AMINOCITRIC(1SIZE),,126010861,공용,개,26SS,,2026-02-13,2026-02-13,"22,500.00","15,000.00","240,000.00",사용,10258,16,0,0,6,72,5,6.9,5.4,1.2,0,1,15,5.1,1.2,4901001505890,16
상품,용품(아미노바이탈),아미노샷 퍼펙트 에너지,AMINOSHOT4,서플리먼트,용품,1SIZE,AMINOSHOT4(1SIZE),,126010862,공용,개,26SS,,2026-02-13,2026-02-13,"12,000.00","7,300.00","7,300.00",사용,10259,1,0,0,6,216,1,0.4,1.7,0.4,0,1,0,0.0,0.0,4901001629732,1
상품,용품(블랙다이아몬드),디스턴스 카본 Z 폴,BD112535-4031,트레일폴,용품,120,BD112535-4031(120),,123938212,공용,개,24FW,,2024-08-12,2024-08-12,"299,000.00","164,450.00","164,450.00",사용,4500,1,0,0,24,10,0,0.0,0.0,0.0,0,0,1,0.0,0.0,BD1125354031120,1
상품,용품(블랙다이아몬드),디스턴스 카본 FLZ 폴 (뽀꾸),BD1125554007125,트레일폴,용품,1SIZE,BD1125554007125(1SIZE),,,공용,개,25SS,,2025-06-13,2025-06-13,"340,000.00","170,000.00","170,000.00",사용,19941,1,0,0,14,2,0,0.0,0.0,0.0,0,0,1,0.0,0.0,BD1125554007125,1
상품,용품(블랙다이아몬드),디스턴스 카본 FLZ 폴 (뽀꾸),BD1125554007140,트레일폴,용품,130,BD1125554007140(130),,,공용,개,25SS,,,,0.00,0.00,0.00,사용,19952,1,0,0,0,0,0,0.0,0.0,0.0,0,0,1,0.0,0.0,BD1125554007140,1
상품,용품(블랙다이아몬드),디스턴스 카본 FKT 폴,BD112557,트레일폴,용품,120,BD112557(120),,133194738,남성,개,26SS,,2026-03-18,2026-03-18,"310,000.00","170,500.00","511,500.00",사용,32444,3,2,-2,5,6,0,0.0,0.0,0.0,0,0,3,0.0,0.0,BD1125570002120,3
상품,용품(블랙다이아몬드),디플로이 러닝 라이트,BD620693-Alloy,랜턴,용품,1SIZE,BD620693-Alloy(1SIZE),,133194702,남성,개,26SS,,2026-03-18,2026-03-18,"94,000.00","51,700.00","827,200.00",사용,32447,16,18,-18,5,80,0,0.0,0.0,0.0,0,0,16,0.0,0.0,BD6206931000ALL,16
상품,용품(블랙다이아몬드),디스턴스 4 하이드레이션 베스트 WOMENS (뽀꾸),BD6800314050LRG,트레일베스트,용품,1SIZE,BD6800314050LRG(1SIZE),,,공용,개,25SS,,2025-06-13,2025-06-13,"230,000.00","115,000.00","115,000.00",사용,19969,1,0,0,14,1,0,0.0,0.0,0.0,0,0,1,0.0,0.0,BD6800314050LRG,1
상품,용품(블랙다이아몬드),디스턴스 런 벨트,BD681350-Alloy,트레일베스트,용품,L,BD681350-Alloy(L),,133464155,남성,개,26SS,,2026-03-18,2026-04-09,"63,000.00","34,650.00","34,650.00",사용,32467,1,3,-3,5,5,0,0.0,0.0,0.0,0,0,1,0.0,0.0,BD6813501000LRG,1
상품,용품(블랙다이아몬드),디스턴스 런 벨트,BD681350-Alloy,트레일베스트,용품,M,BD681350-Alloy(M),,133464155,남성,개,26SS,,2026-03-18,2026-04-09,"63,000.00","34,650.00","34,650.00",사용,32466,1,0,0,5,5,0,0.0,0.0,0.0,0,0,1,0.0,0.0,BD6813501000MED,1
상품,용품(블랙다이아몬드),디스턴스 런 벨트,BD681350-Black,트레일베스트,용품,M,BD681350-Black(M),,133464156,남성,개,26SS,,2026-03-18,2026-04-09,"63,000.00","34,650.00","69,300.00",사용,32476,2,3,-3,5,10,0,0.0,0.0,0.0,0,0,2,0.0,0.0,BD6813500002MED,2
상품,의류(케일),라이트 에어 패커블 자켓,C24FW-J02-GRY,재킷,의류,S,C24FW-J02-GRY(S),,123251689,공용,개,24FW,,2024-08-26,2024-08-26,"228,000.00","136,800.00","136,800.00",사용,9306,1,0,0,24,2,0,0.0,0.0,0.0,0,0,1,0.0,0.0,9306,1
상품,의류(케일),칩펑크 숏 슬리브,C24FW-T01-BLK,반팔티셔츠,의류,L,C24FW-T01-BLK(L),,123231419,공용,개,24FW,,2024-08-26,2024-08-26,"45,000.00","27,000.00","27,000.00",사용,9380,1,0,0,24,5,0,0.0,0.0,0.0,0,0,1,0.0,0.0,9380,1
상품,용품(케일),쉴드 에어 커버 글러브,C25FW-G01-BLU,기타,용품,M,C25FW-G01-BLU(M),,131884427,공용,개,25FW,,2025-10-13,2025-10-13,"68,000.00","40,800.00","204,000.00",사용,24168,5,0,0,10,20,0,0.0,0.0,0.0,0,0,5,0.0,0.0,,5
상품,용품(케일),쉴드 에어 커버 글러브,C25FW-G01-BLU,기타,용품,S,C25FW-G01-BLU(S),,131884427,공용,개,25FW,,2025-10-13,2025-10-13,"68,000.00","40,800.00","40,800.00",사용,24167,1,0,0,10,10,0,0.0,0.0,0.0,0,0,1,0.0,0.0,,1
상품,용품(케일),쉴드 에어 커버 글러브,C25FW-G01-BLU,기타,용품,S,C25FW-G01-BLU(S),,131822248,공용,개,25FW,,2025-10-13,2025-10-13,"68,000.00","40,800.00","40,800.00",사용,24167,1,0,0,10,10,0,0.0,0.0,0.0,0,0,1,0.0,0.0,,1
상품,의류(케일),집 포켓 다운 자켓,C25FW-J03-BLK,점퍼,의류,L,C25FW-J03-BLK(L),,131962328,공용,개,25FW,,2025-10-14,2025-10-14,"458,000.00","274,800.00","1,099,200.00",사용,24080,4,0,0,10,6,0,0.0,0.0,0.0,0,0,4,0.0,0.0,,4
상품,의류(케일),집 포켓 다운 자켓,C25FW-J03-BLK,점퍼,의류,S,C25FW-J03-BLK(S),,131962328,공용,개,25FW,,2025-10-14,2025-10-14,"458,000.00","274,800.00","274,800.00",사용,24078,1,0,0,10,2,0,0.0,0.0,0.0,0,0,1,0.0,0.0,,1
상품,의류(케일),집 포켓 다운 자켓,C25FW-J03-BLK,점퍼,의류,XL,C25FW-J03-BLK(XL),,131962328,공용,개,25FW,,2025-10-14,2025-10-14,"458,000.00","274,800.00","274,800.00",사용,24081,1,0,0,10,3,0,0.0,0.0,0.0,0,0,1,0.0,0.0,,1
상품,용품(케일),패니 팩 비 그리드,C25SS-B02-BIE,가방,용품,1SIZE,C25SS-B02-BIE(1SIZE),,128971529,공용,개,25SS,,2025-03-12,2025-03-12,"125,000.00","75,000.00","75,000.00",사용,15851,1,9,-9,17,15,0,0.0,0.0,0.0,0,0,1,0.0,0.0,,1
상품,용품(케일),패니 팩 케일 그리드,C25SS-B02-GRY2,가방,용품,1SIZE,C25SS-B02-GRY2(1SIZE),,,공용,개,25SS,,2025-03-12,2025-03-12,"125,000.00","75,000.00","150,000.00",사용,15854,2,8,-8,17,15,0,0.0,0.0,0.0,0,0,2,0.0,0.0,,2
상품,용품(케일),소프트 플라스크 하이드라팩 500ml,C25SS-E01-BLK500,물통,용품,1SIZE,C25SS-E01-BLK500(1SIZE),,,공용,개,25SS,,2025-02-25,2025-02-25,"43,000.00","30,100.00","30,100.00",사용,15903,1,8,-8,18,30,0,0.0,0.0,0.0,0,0,1,0.0,0.0,HYE0AKW002ZB000,1
상품,의류(케일),라이트 트레일 3L 자켓,C25SS-J01-BLK,재킷,의류,M,C25SS-J01-BLK(M),,129419735,공용,개,25SS,,2025-03-18,2025-03-18,"315,000.00","189,000.00","189,000.00",사용,15677,1,0,0,17,5,0,0.0,0.0,0.0,0,0,1,0.0,0.0,,1
상품,의류(케일),라이트 트레일 3L 자켓,C25SS-J01-BLK,재킷,의류,S,C25SS-J01-BLK(S),,129419735,공용,개,25SS,,2025-03-18,2025-03-18,"315,000.00","189,000.00","189,000.00",사용,15676,1,0,0,17,2,0,0.0,0.0,0.0,0,0,1,0.0,0.0,,1
상품,의류(케일),윈드 자켓,C25SS-J02-BLK,재킷,의류,S,C25SS-J02-BLK(S),,128971514,공용,개,25SS,,2025-03-12,2025-03-12,"225,000.00","135,000.00","135,000.00",사용,15692,1,0,0,17,2,0,0.0,0.0,0.0,0,0,1,0.0,0.0,,1
상품,의류(케일),나일론 트레일 쇼츠,C25SS-S02-GRY,반바지,의류,S,C25SS-S02-GRY(S),,129419739,공용,개,25SS,,2025-04-02,2025-04-02,"132,000.00","79,200.00","79,200.00",사용,15732,1,0,0,16,3,0,0.0,0.0,0.0,0,0,1,0.0,0.0,,1
상품,용품(케일),로고 에어 숏 슬리브,C25SS-T04-FORREST,반팔티셔츠,용품,L,C25SS-T04-FORREST(L),,131364347,공용,개,25SS,,2025-03-18,2025-03-18,"45,000.00","27,000.00","27,000.00",사용,15838,1,0,0,17,5,0,0.0,0.0,0.0,0,0,1,0.0,0.0,,1
상품,용품(카멜백),트레일 런 베스트 34oz,camelbak B,트레일베스트,용품,1SIZE,camelbak B(1SIZE),,123261199,남성,개,24FW,,2024-08-28,2024-08-28,"126,000.00","88,200.00","264,600.00",사용,10189,3,0,0,24,6,0,0.0,0.0,0.0,0,0,3,0.0,0.0,886798041872,3
상품,용품(카멜백),에이펙스 프로 런 베스트,camelbak C,트레일베스트,용품,S,camelbak C(S),,123261200,남성,개,24FW,,2024-08-28,2024-08-28,"220,000.00","154,000.00","308,000.00",사용,10201,2,0,0,24,3,0,0.0,0.0,0.0,0,0,2,0.0,0.0,886798051710,2
상품,용품(카멜백),에이펙스 프로 런 베스트,camelbak C,트레일베스트,용품,XS,camelbak C(XS),,123261200,남성,개,24FW,,2024-08-28,2024-08-28,"220,000.00","154,000.00","154,000.00",사용,10200,1,0,0,24,1,0,0.0,0.0,0.0,0,0,1,0.0,0.0,886798045818,1
상품,용품(카멜백),울트라 벨트 17oz,camelbak D,트레일베스트,용품,M/L,camelbak D(M/L),,,공용,개,24FW,,2024-09-19,2024-11-04,"82,000.00","56,000.00","56,000.00",사용,10498,1,0,0,23,10,0,0.0,0.0,0.0,0,0,1,0.0,0.0,886798057002,1
상품,용품(나이키ACC),프로 드라이핏 슬리브 4.0,CW7206-010,암슬리브,용품,L/XL,CW7206-010(L/XL),,127483125,공용,개,HO25,,2025-12-10,2025-12-10,"49,000.00","19,350.00","212,850.00",사용,10274,11,0,0,8,12,0,0.0,0.0,0.0,0,0,11,0.0,0.0,,11
상품,용품(나이키ACC),프로 드라이핏 슬리브 4.0,CW7206-010,암슬리브,용품,S/M,CW7206-010(S/M),,127483125,공용,개,HO25,,2025-12-10,2025-12-10,"49,000.00","19,350.00","154,800.00",사용,10272,8,0,0,8,12,0,0.0,0.0,0.0,0,0,8,0.0,0.0,194274063202,8
상품,용품(나이키ACC),PRO DRI-FIT SLEEVES,CW7206-101,기타,용품,L/XL,CW7206-101(L/XL),,,공용,개,HO25,,2025-12-10,2025-12-10,"45,000.00","19,350.00","232,200.00",사용,27685,12,0,0,8,12,0,0.0,0.0,0.0,0,0,12,0.0,0.0,,12
상품,용품(나이키ACC),PRO DRI-FIT SLEEVES,CW7206-101,기타,용품,S/M,CW7206-101(S/M),,,공용,개,HO25,,2025-12-10,2025-12-10,"45,000.00","19,350.00","212,850.00",사용,27686,11,0,0,8,12,0,0.0,0.0,0.0,0,0,11,0.0,0.0,,11
상품,용품(나이키),스파크 라이트웨이트 크루,DA3584-010,양말,용품,L,DA3584-010(L),,123539088,공용,개,SU25,,,,"25,000.00",0.00,0.00,사용,2494,6,0,0,0,0,0,0.0,0.0,0.0,0,0,6,0.0,0.0,194958591359,6
상품,용품(나이키),스파크 라이트웨이트 크루,DA3584-010,양말,용품,M,DA3584-010(M),,123539088,공용,개,SU25,,2025-04-03,2025-04-09,"25,000.00","11,817.52","35,452.56",사용,2493,3,0,0,16,150,0,0.0,0.0,0.0,0,0,3,0.0,0.0,194958591342,3
상품,용품(나이키),스파크 라이트웨이트 크루,DA3584-100,양말,용품,M,DA3584-100(M),,123539087,공용,개,SU25,,2025-04-03,2025-06-13,"25,000.00","11,409.14","22,818.28",사용,2485,2,0,0,16,252,0,0.0,0.0,0.0,0,0,2,0.0,0.0,194958591403,2
상품,용품(나이키),스파크 라이트웨이트 러닝 앵클 삭스,DA3588-010,양말,용품,L,DA3588-010(L),,124467420,공용,개,SP25,,2025-01-22,2025-02-21,"25,000.00","11,330.00","11,330.00",사용,14568,1,0,0,19,48,0,0.0,0.0,0.0,0,0,1,0.0,0.0,194958591595,1
상품,용품(나이키),스파크 라이트웨이트 러닝 앵클 삭스,DA3588-010,양말,용품,M,DA3588-010(M),,124467420,공용,개,SP25,,2025-01-22,2025-02-21,"25,000.00","11,330.00","147,290.00",사용,14567,13,0,0,19,48,0,0.0,0.0,0.0,0,0,13,0.0,0.0,194958591588,13
상품,용품(나이키),스파크 라이트웨이트 러닝 앵클 삭스,DA3588-100,양말,용품,M,DA3588-100(M),,124467421,공용,개,SP25,,2025-01-23,2025-01-23,"25,000.00","11,330.00","101,970.00",사용,14577,9,0,0,19,90,0,0.0,0.0,0.0,0,0,9,0.0,0.0,194958591649,9
상품,용품(나이키ACC),프로 파텔라 밴드 3.0,DA6935-010,기타,용품,L/XL,DA6935-010(L/XL),,133426976,공용,개,SU26,,2026-04-14,2026-04-14,"33,000.00","15,510.00","124,080.00",사용,18071,8,9,-9,4,60,5,8.3,2.7,0.6,0,0,8,2.7,0.6,194496468489,8
상품,용품(나이키ACC),프로 파텔라 밴드 3.0,DA6935-010,기타,용품,S/M,DA6935-010(S/M),,133426976,공용,개,SU26,,2026-04-14,2026-04-14,"33,000.00","15,510.00","139,590.00",사용,18072,9,6,-6,4,60,2,3.3,7.7,1.8,0,0,9,7.7,1.8,194496468472,9
상품,용품(나이키ACC),프로 파텔라 밴드 3.0,DA6935-010,기타,용품,XL,DA6935-010(XL),,133426976,공용,개,HO25,,2025-12-10,2025-12-10,"30,000.00","12,900.00","12,900.00",사용,18070,1,0,0,8,2,0,0.0,0.0,0.0,0,0,1,0.0,0.0,,1
상품,용품(나이키ACC),PRO CLOSED PATELLA KNEE,DA7068-010,기타,용품,L,DA7068-010(L),,,공용,개,HO25,,2025-12-10,2025-12-10,"43,000.00","18,490.00","92,450.00",사용,27674,5,0,0,8,6,0,0.0,0.0,0.0,0,0,5,0.0,0.0,194496918595,5
상품,용품(나이키ACC),PRO CLOSED PATELLA KNEE,DA7068-010,기타,용품,M,DA7068-010(M),,,공용,개,HO25,,2025-12-10,2025-12-10,"43,000.00","18,490.00","110,940.00",사용,27673,6,0,0,8,6,0,0.0,0.0,0.0,0,0,6,0.0,0.0,194496473797,6
상품,용품(나이키ACC),PRO CLOSED PATELLA KNEE,DA7068-010,기타,용품,S,DA7068-010(S),,,공용,개,HO25,,2025-12-10,2025-12-10,"43,000.00","18,490.00","110,940.00",사용,27672,6,0,0,8,6,0,0.0,0.0,0.0,0,0,6,0.0,0.0,194496473780,6
상품,용품(나이키),스파크 라이트웨이트 오버더카프 컴프레션 러닝 삭스,DB5471-010,양말,용품,L,DB5471-010(L),,132601917,공용,개,SP26,,2026-01-12,2026-01-12,"65,000.00","29,458.00","824,824.00",사용,25665,28,89,-89,7,30,0,0.0,0.0,0.0,0,0,28,0.0,0.0,194954120164 ,28
상품,용품(나이키),스파크 라이트웨이트 오버더카프 컴프레션 러닝 삭스,DB5471-010,양말,용품,M,DB5471-010(M),,132601917,공용,개,SP26,,2026-01-12,2026-01-12,"65,000.00","29,458.00","648,076.00",사용,25664,22,13,-13,7,30,0,0.0,0.0,0.0,0,0,22,0.0,0.0,194954120157 ,22
상품,용품(나이키),스파크 라이트웨이트 오버더카프 컴프레션 러닝 삭스,DB5471-100,양말,용품,L,DB5471-100(L),,132601935,공용,개,SP26,,2026-01-12,2026-01-12,"65,000.00","29,458.00","883,740.00",사용,25649,30,100,-100,7,42,0,0.0,0.0,0.0,0,0,30,0.0,0.0,194954120225 ,30
상품,용품(나이키),스파크 라이트웨이트 오버더카프 컴프레션 러닝 삭스,DB5471-100,양말,용품,M,DB5471-100(M),,132601935,공용,개,SP26,,2026-01-12,2026-01-12,"65,000.00","29,458.00","294,580.00",사용,25648,10,34,-34,7,42,0,0.0,0.0,0.0,0,0,10,0.0,0.0,194954120218 ,10
상품,용품(금액반환),AS금액반환(매장),DC02,기타,용품,1SIZE,DC02(1SIZE),,,,개,25FW,,,,0.00,0.00,0.00,사용,25975,99,0,0,0,0,0,0.0,0.0,0.0,0,0,99,0.0,0.0,,99
상품,용품(나이키ACC),NIKE GATHERED HAIR TIES 2.0 2 PK LAPIS/LIGHT THISTLE,DC3666-918,기타,용품,1SIZE,DC3666-918(1SIZE),,,공용,개,SU25,,,,"19,000.00",0.00,0.00,사용,18022,3,0,0,0,0,0,0.0,0.0,0.0,0,0,3,0.0,0.0,196149910376,3
상품,신발(나이키),에어 줌 스트럭쳐 25,DJ7883-108,로드,신발,260,DJ7883-108(260),형광미드솔,123232059,남성,개,FA24,,2024-08-08,2024-08-08,"149,000.00","73,442.00","73,442.00",사용,3223,1,0,0,24,4,0,0.0,0.0,0.0,0,0,1,0.0,0.0,197597079530,1
상품,용품(나이키),브라질리아 더플백 41L,DM3976-010,가방,용품,1SIZE,DM3976-010(1SIZE),,123539085,공용,개,HO24,,2024-10-10,2024-10-10,"45,000.00","20,340.00","20,340.00",사용,2417,1,0,0,22,30,0,0.0,0.0,0.0,0,0,1,0.0,0.0,195244773824,1
상품,용품(나이키),브라질리아 드로우스트링 18L,DM3978-010,가방,용품,1SIZE,DM3978-010(1SIZE),,123232057,공용,개,FA24,,2024-07-10,2024-08-29,"29,000.00","13,143.00","13,143.00",사용,2419,1,0,0,25,81,0,0.0,0.0,0.0,0,0,1,0.0,0.0,195244773909,1
상품,의류(나이키),드라이 핏 스트라이드 7인치 브리프 라인드 쇼츠,DM4762-635,반바지,의류,M,DM4762-635(M),,131301026,남성,개,FA25,,2025-07-29,2025-07-29,"75,000.00","33,990.00","33,990.00",사용,20670,1,3,-3,13,4,0,0.0,0.0,0.0,0,1,0,0.0,0.0,196148049077,1
상품,신발(나이키),리액트X 인피니티런 4,DR2665-010,로드,신발,270,DR2665-010(270),그+오+블,123228655,남성,개,SU24,,2024-06-12,2024-06-12,"179,000.00","88,229.00","88,229.00",사용,759,1,0,0,26,11,0,0.0,0.0,0.0,0,0,1,0.0,0.0,197593761446 ,1
상품,용품(나이키),짐 클럽백,DR6974-010,가방,용품,1SIZE,DR6974-010(1SIZE),,123231313,여성,개,FA24,,2024-07-10,2024-08-26,"55,000.00","24,926.00","24,926.00",사용,4298,1,0,0,25,60,0,0.0,0.0,0.0,0,0,1,0.0,0.0,196154136402,1
상품,신발(나이키),리액트X 페가수스 트레일 5,DV3865-003,트레일,신발,235,DV3865-003(235),화이트오렌지,123229629,여성,개,FA24,,2024-08-08,2024-08-08,"169,000.00","83,300.00","83,300.00",사용,3617,1,0,0,24,3,0,0.0,0.0,0.0,0,0,1,0.0,0.0,197597068695,1
상품,신발(나이키),줌 X 베이퍼플라이 3,DV4129-001,레이싱,신발,250,DV4129-001(250),블랙,123228573,남성,개,SU24,,2024-04-11,2024-05-16,"299,000.00","147,377.00","147,377.00",사용,314,1,0,0,28,4,0,0.0,0.0,0.0,0,0,1,0.0,0.0,196969189358 ,1
상품,용품(나이키),ACG 아웃도어 쿠션 크루 1PR,DV5465-101,양말,용품,L,DV5465-101(L),,132644383,공용,개,SP26,,2026-01-21,2026-01-21,"33,000.00","14,956.00","702,932.00",사용,29080,47,66,-66,7,144,0,0.0,0.0,0.0,0,0,47,0.0,0.0,196608611714,47
상품,용품(나이키),ACG 아웃도어 쿠션 크루 1PR,DV5465-101,양말,용품,M,DV5465-101(M),,132644383,공용,개,SP26,,2026-01-21,2026-01-21,"33,000.00","14,956.00","403,812.00",사용,29079,27,0,0,7,90,0,0.0,0.0,0.0,0,0,27,0.0,0.0,196608611707,27
상품,의류(나이키),드라이핏 트레일 솔라체이스,DV9306-121,반팔티셔츠,의류,XXL,DV9306-121(XXL),,123231413,남성,개,FA24,,2024-07-08,2024-07-08,"75,000.00","33,990.00","33,990.00",사용,3927,1,5,-5,25,10,0,0.0,0.0,0.0,0,0,1,0.0,0.0,197594170230,1
상품,의류(나이키),드라이핏 티 RLGD 롱슬리브 리셋,DX0994-010,긴팔티셔츠,의류,L,DX0994-010(L),,123231305,남성,개,FA24,,2024-07-08,2024-07-08,"45,000.00","20,394.00","61,182.00",사용,3861,3,0,0,25,16,0,0.0,0.0,0.0,0,0,3,0.0,0.0,196151255427,3
상품,의류(나이키),드라이핏 티 RLGD 롱슬리브 리셋,DX0994-010,긴팔티셔츠,의류,XL,DX0994-010(XL),,123231305,남성,개,FA24,,2024-07-08,2024-07-08,"45,000.00","20,394.00","40,788.00",사용,3862,2,0,0,25,16,0,0.0,0.0,0.0,0,0,2,0.0,0.0,196151255434,2
상품,의류(나이키),드라이핏 티 RLGD 롱슬리브 리셋,DX0994-010,긴팔티셔츠,의류,XXL,DX0994-010(XXL),,123231305,남성,개,FA24,,2024-07-08,2024-07-08,"45,000.00","20,394.00","101,970.00",사용,3863,5,1,-1,25,9,0,0.0,0.0,0.0,0,0,5,0.0,0.0,196151255441,5
상품,의류(나이키),드라이핏 티 RLGD 롱슬리브 리셋,DX0994-100,긴팔티셔츠,의류,L,DX0994-100(L),,123229775,남성,개,FA24,,2024-07-08,2024-07-08,"45,000.00","20,394.00","20,394.00",사용,3869,1,0,0,25,9,0,0.0,0.0,0.0,0,0,1,0.0,0.0,196151255878,1
상품,의류(나이키),드라이핏 티 RLGD 롱슬리브 리셋,DX0994-100,긴팔티셔츠,의류,XL,DX0994-100(XL),,123229775,남성,개,FA24,,2024-07-08,2024-07-08,"45,000.00","20,394.00","81,576.00",사용,3870,4,0,0,25,9,0,0.0,0.0,0.0,0,0,4,0.0,0.0,196151255885,4
상품,의류(나이키),드라이핏 티 RLGD 롱슬리브 리셋,DX0994-100,긴팔티셔츠,의류,XXL,DX0994-100(XXL),,123229775,남성,개,FA24,,2024-07-08,2024-07-08,"45,000.00","20,394.00","61,182.00",사용,3871,3,0,0,25,5,0,0.0,0.0,0.0,0,0,3,0.0,0.0,196151255892,3
상품,용품(나이키ACC),써마핏 스피어 넥워머 4.0,DX7089-082,기타,용품,L/XL,DX7089-082(L/XL),,127483130,공용,개,HO24,,2024-11-29,2024-11-29,"45,000.00","18,000.00","54,000.00",사용,12186,3,1,-1,21,72,0,0.0,0.0,0.0,0,0,3,0.0,0.0,196149980157,3
상품,용품(나이키ACC),라이트웨이트 슬리브 2.0,DX7120-042,암슬리브,용품,S/M,DX7120-042(S/M),,,공용,개,FA24,,2024-09-06,2024-09-06,"33,000.00","11,550.00","11,550.00",사용,10266,1,0,0,23,20,0,0.0,0.0,0.0,0,0,1,0.0,0.0,196149980713,1
상품,용품(나이키ACC),써마 스피어 후드 4.0,DX7874-082,기타,용품,1SIZE,DX7874-082(1SIZE),,124219670,공용,개,HO24,2024-11-29,2024-11-29,2024-11-29,"47,000.00","21,150.00","21,150.00",사용,12617,1,0,0,21,71,0,0.0,0.0,0.0,0,0,1,0.0,0.0,196149981185,1
상품,용품(ARC),에어 쉐이드 페이스 마스크,FAG52AFMWHTO,기타,용품,1SIZE,FAG52AFMWHTO(1SIZE),,131277170,공용,개,25FW,,2025-07-28,2025-07-28,"45,000.00","24,750.00","24,750.00",사용,23644,1,0,0,13,15,0,0.0,0.0,0.0,0,0,1,0.0,0.0,8800302270567,1
상품,용품(ARC),에어 쉐이드 바라클라바,FAG52ASBWHTO,기타,용품,1SIZE,FAG52ASBWHTO(1SIZE),,131277168,공용,개,25FW,,2025-07-28,2025-07-28,"50,000.00","27,500.00","27,500.00",사용,23635,1,0,0,13,20,0,0.0,0.0,0.0,0,0,1,0.0,0.0,8800302270758,1
상품,용품(ARC),하이드라팩 소프트 플라스크 GX 250ml,FAG52SG2MNTO,물통,용품,1SIZE,FAG52SG2MNTO(1SIZE),,131277163,공용,개,25FW,,2025-07-28,2025-07-28,"32,000.00","22,400.00","67,200.00",사용,23610,3,0,0,13,50,0,0.0,0.0,0.0,0,0,3,0.0,0.0,8800302270468,3
상품,용품(나이키),드라이 핏 클럽 언스트럭쳐드 페더라이트 캡,FB5682-010,모자,용품,M/L,FB5682-010(M/L),,132602740,공용,개,HO25,,2025-12-02,2025-12-24,"39,000.00","17,675.00","141,400.00",사용,20702,8,124,-124,8,213,1,0.4,13.7,3.2,0,0,8,13.7,3.2,196606819709,8
상품,의류(나이키),패스트 리펠 자켓,FB7452-464,재킷,의류,L,FB7452-464(L),,123229794,여성,개,FA24,,2024-08-08,2024-08-08,"125,000.00","56,650.00","56,650.00",사용,4141,1,3,-3,24,7,0,0.0,0.0,0.0,0,0,1,0.0,0.0,197596492231,1
상품,의류(나이키),패스트 리펠 자켓,FB7452-464,재킷,의류,XL,FB7452-464(XL),,123229794,여성,개,FA24,,2024-08-08,2024-08-08,"125,000.00","56,650.00","56,650.00",사용,4142,1,0,0,24,1,0,0.0,0.0,0.0,0,0,1,0.0,0.0,197598566787,1
상품,의류(나이키),IMP 라이트 윈드러너 자켓,FB7541-629,재킷,의류,XL,FB7541-629(XL),,123229772,남성,개,FA24,,2024-07-08,2024-07-08,"149,000.00","67,527.00","67,527.00",사용,3830,1,0,0,25,17,0,0.0,0.0,0.0,0,0,1,0.0,0.0,197596927337,1
상품,의류(나이키),써마 핏 ADV 리펠 다운 러닝 베스트,FB7543-010,재킷,의류,L,FB7543-010(L),,123766260,남성,개,HO25,,2025-10-30,2025-11-25,"209,000.00","94,719.00","284,157.00",사용,11412,3,0,0,10,76,0,0.0,0.0,0.0,0,0,3,0.0,0.0,196608721765,3
상품,의류(나이키),써마 핏 ADV 리펠 다운 러닝 베스트,FB7543-010,재킷,의류,M,FB7543-010(M),,123766260,남성,개,HO25,,2025-10-30,2025-11-25,"209,000.00","94,719.00","189,438.00",사용,11411,2,0,0,10,30,0,0.0,0.0,0.0,0,0,2,0.0,0.0,196608721758,2
상품,의류(나이키),써마 핏 ADV 리펠 다운 러닝 베스트,FB7543-010,재킷,의류,S,FB7543-010(S),,123766260,남성,개,HO25,,2025-10-30,2025-11-25,"209,000.00","94,719.00","94,719.00",사용,11410,1,0,0,10,2,0,0.0,0.0,0.0,0,0,1,0.0,0.0,196608721741,1
상품,의류(나이키),써마 핏 ADV 리펠 다운 러닝 베스트,FB7543-010,재킷,의류,XL,FB7543-010(XL),,123766260,남성,개,HO25,,2025-10-30,2025-11-25,"209,000.00","94,719.00","284,157.00",사용,11413,3,0,0,10,76,0,0.0,0.0,0.0,0,0,3,0.0,0.0,196608721772,3
상품,의류(나이키),써마 핏 ADV 리펠 다운 러닝 베스트,FB7543-010,재킷,의류,XXL,FB7543-010(XXL),,123766260,남성,개,HO25,,2025-10-30,2025-11-25,"209,000.00","94,719.00","284,157.00",사용,11414,3,0,0,10,33,0,0.0,0.0,0.0,0,0,3,0.0,0.0,196608721789,3
상품,의류(나이키),써마 핏 ADV 에어로로프트 리펠 다운 러닝 재킷,FB7557-010,재킷,의류,L,FB7557-010(L),,123766246,남성,개,HO25,,2025-10-30,2025-11-25,"315,000.00","142,758.00","142,758.00",사용,11380,1,0,0,10,16,0,0.0,0.0,0.0,0,0,1,0.0,0.0,196608724285,1
상품,의류(나이키),써마 핏 ADV 에어로로프트 리펠 다운 러닝 재킷,FB7557-010,재킷,의류,M,FB7557-010(M),,123766246,남성,개,HO25,,2025-10-30,2025-11-25,"315,000.00","142,758.00","428,274.00",사용,11379,3,0,0,10,9,0,0.0,0.0,0.0,0,0,3,0.0,0.0,196608724278,3
상품,의류(나이키),써마 핏 ADV 에어로로프트 리펠 다운 러닝 재킷,FB7557-010,재킷,의류,S,FB7557-010(S),,123766246,남성,개,HO25,,2025-10-30,2025-11-25,"315,000.00","142,758.00","142,758.00",사용,11378,1,0,0,10,2,0,0.0,0.0,0.0,0,0,1,0.0,0.0,196608724261,1
상품,의류(나이키),드라이핏 타이즈,FB7953-010,하의타이츠,의류,S,FB7953-010(S),,124290134,남성,개,SP25,,2025-01-22,2025-01-22,"49,000.00","22,207.00","22,207.00",사용,1906,1,0,0,19,2,0,0.0,0.0,0.0,0,0,1,0.0,0.0,196608744030,1
상품,의류(나이키),드라이핏 타이즈,FB7953-010,하의타이츠,의류,XL,FB7953-010(XL),,124290134,남성,개,SP25,,2025-01-22,2025-01-22,"49,000.00","22,207.00","44,414.00",사용,1909,2,0,0,19,13,0,0.0,0.0,0.0,0,0,2,0.0,0.0,196608744061,2
상품,신발(나이키),페가수스 41,FD2722-006,로드,신발,270,FD2722-006(270),(남)블랙오렌지,123946279,남성,개,HO24,,2024-11-08,2024-11-08,"159,000.00","78,371.00","78,371.00",사용,10886,1,0,0,21,14,0,0.0,0.0,0.0,0,0,1,0.0,0.0,197602163124,1
상품,신발(나이키),페가수스 41,FD2722-113,로드,신발,275,FD2722-113(275),,129343310,남성,개,SU25,,2025-04-03,2025-04-03,"159,000.00","85,415.00","85,415.00",사용,19074,1,0,0,16,20,0,0.0,0.0,0.0,0,0,1,0.0,0.0,198480253853,1
상품,신발(나이키),알파플라이 3,FD8311-003,레이싱,신발,250,FD8311-003(250),,135510920,남성,개,FA26,,2026-07-07,2026-07-07,"339,000.00","167,093.00","167,093.00",사용,37853,1,3,-3,1,5,0,0.0,0.0,0.0,0,0,1,0.0,0.0,198959738539,1
상품,신발(나이키),알파플라이 3,FD8311-003,레이싱,신발,255,FD8311-003(255),,135510920,남성,개,FA26,,2026-07-07,2026-07-07,"339,000.00","167,093.00","334,186.00",사용,37854,2,3,-3,1,8,0,0.0,0.0,0.0,0,0,2,0.0,0.0,198959728202,2
상품,신발(나이키),알파플라이 3,FD8311-003,레이싱,신발,260,FD8311-003(260),,135510920,남성,개,FA26,,2026-07-07,2026-07-07,"339,000.00","167,093.00","501,279.00",사용,37855,3,11,-11,1,18,1,5.5,5.1,1.2,0,0,3,5.1,1.2,198959738980,3
상품,신발(나이키),알파플라이 3,FD8311-003,레이싱,신발,265,FD8311-003(265),,135510920,남성,개,FA26,,2026-07-07,2026-07-07,"339,000.00","167,093.00","668,372.00",사용,37856,4,13,-13,1,22,1,4.5,6.8,1.6,0,0,4,6.8,1.6,198959742017,4
상품,신발(나이키),알파플라이 3,FD8311-003,레이싱,신발,270,FD8311-003(270),,135510920,남성,개,FA26,,2026-07-07,2026-07-07,"339,000.00","167,093.00","668,372.00",사용,37857,4,17,-17,1,26,0,0.0,0.0,0.0,0,0,4,0.0,0.0,198959748606,4
상품,신발(나이키),알파플라이 3,FD8311-003,레이싱,신발,275,FD8311-003(275),,135510920,남성,개,FA26,,2026-07-07,2026-07-07,"339,000.00","167,093.00","501,279.00",사용,37858,3,11,-11,1,18,0,0.0,0.0,0.0,0,0,3,0.0,0.0,198959748446,3
상품,신발(나이키),알파플라이 3,FD8311-003,레이싱,신발,280,FD8311-003(280),,135510920,남성,개,FA26,,2026-07-07,2026-07-07,"339,000.00","167,093.00","334,186.00",사용,37859,2,10,-10,1,14,1,7.1,3.4,0.8,0,0,2,3.4,0.8,198959727694,2
상품,신발(나이키),알파플라이 3,FD8311-003,레이싱,신발,285,FD8311-003(285),,135510920,남성,개,FA26,,2026-07-07,2026-07-07,"339,000.00","167,093.00","167,093.00",사용,37860,1,4,-4,1,6,0,0.0,0.0,0.0,0,0,1,0.0,0.0,198959735798,1
상품,신발(나이키),알파플라이 3,FD8311-003,레이싱,신발,290,FD8311-003(290),,135510920,남성,개,FA26,,2026-07-07,2026-07-07,"339,000.00","167,093.00","167,093.00",사용,37861,1,0,0,1,3,0,0.0,0.0,0.0,0,0,1,0.0,0.0,198959743304,1
상품,신발(나이키),알파플라이 3,FD8311-104,레이싱,신발,265,FD8311-104(265),,131778988,남성,개,HO25,,2025-09-29,2025-09-30,"339,000.00","167,093.00","167,093.00",사용,24946,1,0,0,11,6,0,0.0,0.0,0.0,0,0,1,0.0,0.0,198486785754 ,1
상품,신발(나이키),알파플라이 3,FD8311-300,레이싱,신발,255,FD8311-300(255),,133564897,남성,개,SU26,,2026-05-12,2026-05-12,"339,000.00","167,093.00","167,093.00",사용,32904,1,1,-1,3,4,0,0.0,0.0,0.0,0,0,1,0.0,0.0,198729837653,1
상품,신발(나이키),알파플라이 3,FD8311-300,레이싱,신발,260,FD8311-300(260),,133564897,남성,개,SU26,,2026-05-12,2026-05-12,"339,000.00","167,093.00","167,093.00",사용,32905,1,1,-1,3,9,0,0.0,0.0,0.0,0,0,1,0.0,0.0,198729726513,1
상품,신발(나이키),알파플라이 3,FD8311-300,레이싱,신발,265,FD8311-300(265),,133564897,남성,개,SU26,,2026-05-12,2026-05-12,"339,000.00","167,093.00","334,186.00",사용,32906,2,5,-5,3,11,0,0.0,0.0,0.0,0,0,2,0.0,0.0,198729701329,2
상품,신발(나이키),알파플라이 3,FD8311-300,레이싱,신발,270,FD8311-300(270),,133564897,남성,개,SU26,,2026-05-12,2026-05-12,"339,000.00","167,093.00","334,186.00",사용,32907,2,0,0,3,13,0,0.0,0.0,0.0,0,0,2,0.0,0.0,198729793737,2
상품,신발(나이키),알파플라이 3,FD8311-300,레이싱,신발,275,FD8311-300(275),,133564897,남성,개,SU26,,2026-05-12,2026-05-12,"339,000.00","167,093.00","334,186.00",사용,32908,2,2,-2,3,9,0,0.0,0.0,0.0,0,0,2,0.0,0.0,198729860835,2
상품,신발(나이키),알파플라이 3,FD8311-300,레이싱,신발,280,FD8311-300(280),,133564897,남성,개,SU26,,2026-05-12,2026-05-12,"339,000.00","167,093.00","167,093.00",사용,32909,1,0,0,3,7,0,0.0,0.0,0.0,0,0,1,0.0,0.0,198729625090,1
상품,신발(나이키),알파플라이 3,FD8311-300,레이싱,신발,285,FD8311-300(285),,133564897,남성,개,SU26,,2026-05-12,2026-05-12,"339,000.00","167,093.00","167,093.00",사용,32910,1,0,0,3,3,0,0.0,0.0,0.0,0,0,1,0.0,0.0,198729834249,1
상품,신발(나이키),알파플라이 3,FD8311-800,레이싱,신발,260,FD8311-800(260),못난이주황,132642939,남성,개,SP26,,2026-01-27,2026-01-27,"339,000.00","167,093.00","167,093.00",사용,27958,1,1,-1,7,15,0,0.0,0.0,0.0,0,0,1,0.0,0.0,198726634651,1
상품,신발(나이키),알파플라이 3,FD8315-104,레이싱,신발,230,FD8315-104(230),,131778992,여성,개,HO25,,2025-09-29,2025-09-26,"339,000.00","167,093.00","167,093.00",사용,25065,1,0,0,11,5,0,0.0,0.0,0.0,0,0,1,0.0,0.0,198486774598 ,1
상품,신발(나이키),알파플라이 3,FD8315-105,레이싱,신발,230,FD8315-105(230),,135510793,여성,개,FA26,,2026-07-07,2026-07-07,"339,000.00","167,093.00","334,186.00",사용,37915,2,6,-6,1,10,0,0.0,0.0,0.0,0,0,2,0.0,0.0,198959726192,2
상품,신발(나이키),알파플라이 3,FD8315-105,레이싱,신발,235,FD8315-105(235),,135510793,여성,개,FA26,,2026-07-07,2026-07-07,"339,000.00","167,093.00","501,279.00",사용,37916,3,7,-7,1,14,0,0.0,0.0,0.0,0,0,3,0.0,0.0,198959730649,3
상품,신발(나이키),알파플라이 3,FD8315-105,레이싱,신발,240,FD8315-105(240),,135510793,여성,개,FA26,,2026-07-07,2026-07-07,"339,000.00","167,093.00","835,465.00",사용,37917,5,11,-11,1,20,0,0.0,0.0,0.0,0,0,5,0.0,0.0,198959730694,5
상품,신발(나이키),알파플라이 3,FD8315-105,레이싱,신발,245,FD8315-105(245),,135510793,여성,개,FA26,,2026-07-07,2026-07-07,"339,000.00","167,093.00","501,279.00",사용,37918,3,12,-12,1,18,0,0.0,0.0,0.0,0,0,3,0.0,0.0,198959743588,3
상품,신발(나이키),알파플라이 3,FD8315-105,레이싱,신발,250,FD8315-105(250),,135510793,여성,개,FA26,,2026-07-07,2026-07-07,"339,000.00","167,093.00","501,279.00",사용,37919,3,6,-6,1,12,0,0.0,0.0,0.0,0,0,3,0.0,0.0,198959743939,3
상품,신발(나이키),알파플라이 3,FD8315-105,레이싱,신발,255,FD8315-105(255),,135510793,여성,개,FA26,,2026-07-07,2026-07-07,"339,000.00","167,093.00","167,093.00",사용,37920,1,4,-4,1,6,0,0.0,0.0,0.0,0,0,1,0.0,0.0,198959739635,1
상품,신발(나이키),알파플라이 3,FD8315-500,레이싱,신발,235,FD8315-500(235),,133564891,여성,개,SU26,,2026-05-12,2026-05-12,"339,000.00","167,093.00","167,093.00",사용,28079,1,0,0,3,5,1,20.0,1.7,0.4,0,0,1,1.7,0.4,198726650903,1
상품,신발(나이키),알파플라이 3,FD8315-500,레이싱,신발,240,FD8315-500(240),,133564891,여성,개,SU26,,2026-05-12,2026-05-12,"339,000.00","167,093.00","334,186.00",사용,28080,2,0,0,3,8,0,0.0,0.0,0.0,0,0,2,0.0,0.0,198726639458,2
상품,신발(나이키),알파플라이 3,FD8315-500,레이싱,신발,245,FD8315-500(245),,133564891,여성,개,SU26,,2026-05-12,2026-05-12,"339,000.00","167,093.00","167,093.00",사용,28081,1,0,0,3,7,0,0.0,0.0,0.0,0,0,1,0.0,0.0,198726642267,1
상품,신발(나이키),알파플라이 3,FD8315-500,레이싱,신발,250,FD8315-500(250),,133564891,여성,개,SU26,,2026-05-12,2026-05-12,"339,000.00","167,093.00","167,093.00",사용,28082,1,0,0,3,4,1,25.0,1.7,0.4,0,0,1,1.7,0.4,198726649822,1
상품,신발(나이키),에어 줌 빅토리 2,FD8411-600,트랙&필드,신발,265,FD8411-600(265),빅토리/레드오렌지,124273649,남성,개,HO24,,2024-10-10,2024-10-10,"219,000.00","107,967.00","107,967.00",사용,11032,1,0,0,22,10,0,0.0,0.0,0.0,0,0,1,0.0,0.0,197600673267,1
상품,용품(나이키),드라이핏 ADV 플라이,FJ0736-010,모자,용품,M/L,FJ0736-010(M/L),,123229384,공용,개,HO25,,2025-10-29,2025-11-12,"55,000.00","24,926.00","697,928.00",사용,1598,28,20,-20,10,642,5,0.7,9.6,2.2,0,0,28,9.6,2.2,196975410163,28
상품,용품(나이키),드라이핏 ADV 플라이,FJ0736-100,모자,용품,L/XL,FJ0736-100(L/XL),,123229383,공용,개,SU26,,2026-04-03,2026-04-03,"59,000.00","26,739.00","106,956.00",사용,1594,4,27,-27,4,25,0,0.0,0.0,0.0,0,0,4,0.0,0.0,196975414963,4
상품,용품(나이키),드라이핏 ADV 플라이,FJ0736-100,모자,용품,M/L,FJ0736-100(M/L),,123229383,공용,개,FA25,,2025-07-11,2025-07-11,"59,000.00","24,926.00","124,630.00",사용,1593,5,14,-14,13,10,0,0.0,0.0,0.0,0,0,10,0.0,0.0,196975358304,5
상품,용품(나이키),드라이핏 ADV 플라이,FJ0736-100,모자,용품,M/L,FJ0736-100(M/L),,123229383,공용,개,SU26,,2026-04-03,2026-04-03,"59,000.00","26,739.00","133,695.00",사용,1593,5,14,-14,4,25,0,0.0,0.0,0.0,0,0,10,0.0,0.0,196975358304,5
상품,용품(나이키),드라이핏 ADV 플라이 캡,FJ0736-654,모자,용품,L/XL,FJ0736-654(L/XL),,,공용,개,FA26,,2026-07-07,2026-07-07,"59,000.00","26,739.00","106,956.00",사용,39478,4,7,-7,1,15,0,0.0,0.0,0.0,0,0,4,0.0,0.0,198960009307,4
상품,용품(나이키),드라이핏 ADV 플라이 캡,FJ0736-654,모자,용품,M/L,FJ0736-654(M/L),,,공용,개,FA26,,2026-07-07,2026-07-07,"59,000.00","26,739.00","133,695.00",사용,39477,5,10,-10,1,25,0,0.0,0.0,0.0,0,0,5,0.0,0.0,198960011751,5
상품,용품(나이키),드라이핏 ADV 플라이 캡,FJ0736-654,모자,용품,S/M,FJ0736-654(S/M),,,공용,개,FA26,,2026-07-07,2026-07-07,"59,000.00","26,739.00","80,217.00",사용,39476,3,4,-4,1,10,0,0.0,0.0,0.0,0,0,3,0.0,0.0,198960008966,3
상품,용품(나이키ACC),NIKE TOWEL ACG PICANTE RED,FJ2366-613,기타,용품,1SIZE,FJ2366-613(1SIZE),,,공용,개,SU25,,,,"99,000.00",0.00,0.00,사용,18094,5,0,0,0,0,0,0.0,0.0,0.0,0,0,5,0.0,0.0,197861873970,5
상품,의류(나이키),에어로스위프트 드라이핏 ADV 미드라이즈 3인치 쇼츠,FN2329-010,반바지,의류,L,FN2329-010(L),,123229745,여성,개,FA26,,2026-07-07,2026-07-07,"105,000.00","47,586.00","95,172.00",사용,2332,2,2,-2,1,6,0,0.0,0.0,0.0,0,0,2,0.0,0.0,196975048076,2
상품,의류(나이키),에어로스위프트 드라이핏 ADV 미드라이즈 3인치 쇼츠,FN2329-010,반바지,의류,M,FN2329-010(M),,123229745,여성,개,FA26,,2026-07-07,2026-07-07,"105,000.00","47,586.00","95,172.00",사용,2331,2,5,-5,1,12,0,0.0,0.0,0.0,0,0,2,0.0,0.0,196975085040,2
상품,의류(나이키),에어로스위프트 드라이핏 ADV 미드라이즈 3인치 쇼츠,FN2329-010,반바지,의류,S,FN2329-010(S),,123229745,여성,개,HO25,,2025-09-29,2025-09-26,"105,000.00","44,867.00","44,867.00",사용,2330,1,4,-4,11,10,0,0.0,0.0,0.0,0,0,5,0.0,0.0,196974981800,1
상품,의류(나이키),에어로스위프트 드라이핏 ADV 미드라이즈 3인치 쇼츠,FN2329-010,반바지,의류,S,FN2329-010(S),,123229745,여성,개,FA26,,2026-07-07,2026-07-07,"105,000.00","47,586.00","190,344.00",사용,2330,4,4,-4,1,12,0,0.0,0.0,0.0,0,0,5,0.0,0.0,196974981800,4
상품,의류(나이키),에어로스위프트 드라이핏 ADV 미드라이즈 3인치 쇼츠,FN2329-010,반바지,의류,XS,FN2329-010(XS),,123229745,여성,개,SP25,,2025-03-11,2025-03-11,"105,000.00","43,054.00","86,108.00",사용,2329,2,11,-11,17,22,0,0.0,0.0,0.0,0,0,2,0.0,0.0,196975070824,2
상품,의류(나이키),에어로스위프트 드라이핏 ADV 미드라이즈 3인치 쇼츠,FN2329-085,반바지,의류,L,FN2329-085(L),,123229744,여성,개,FA24,,2024-07-04,2024-07-04,"95,000.00","43,054.00","172,216.00",사용,2324,4,5,-5,25,11,0,0.0,0.0,0.0,0,0,4,0.0,0.0,197594713772 ,4
상품,의류(나이키),에어로스위프트 드라이핏 ADV 미드라이즈 3인치 쇼츠,FN2329-085,반바지,의류,M,FN2329-085(M),,123229744,여성,개,FA24,,2024-07-04,2024-07-04,"95,000.00","43,054.00","86,108.00",사용,2323,2,13,-13,25,22,0,0.0,0.0,0.0,0,0,2,0.0,0.0,197594706279 ,2
상품,의류(나이키),에어로스위프트 드라이핏 ADV 미드라이즈 3인치 쇼츠,FN2329-085,반바지,의류,S,FN2329-085(S),,123229744,여성,개,FA24,,2024-07-04,2024-07-04,"95,000.00","43,054.00","301,378.00",사용,2322,7,0,0,25,23,0,0.0,0.0,0.0,0,0,7,0.0,0.0,197594695443 ,7
상품,의류(나이키),드라이핏 ADV 에이로스위프트 미드라이즈 브리프 라인드 3인치 쇼츠,FN2329-468,반바지,의류,L,FN2329-468(L),,135522801,여성,개,FA26,,2026-07-07,2026-07-07,"105,000.00","47,586.00","47,586.00",사용,39426,1,2,-2,1,4,0,0.0,0.0,0.0,0,0,1,0.0,0.0,198959029477,1
상품,의류(나이키),드라이핏 ADV 에이로스위프트 미드라이즈 브리프 라인드 3인치 쇼츠,FN2329-468,반바지,의류,M,FN2329-468(M),,135522801,여성,개,FA26,,2026-07-07,2026-07-07,"105,000.00","47,586.00","95,172.00",사용,39425,2,1,-1,1,8,1,12.5,3.4,0.8,0,0,2,3.4,0.8,198959015555,2
상품,의류(나이키),드라이핏 ADV 에이로스위프트 미드라이즈 브리프 라인드 3인치 쇼츠,FN2329-468,반바지,의류,S,FN2329-468(S),,135522801,여성,개,FA26,,2026-07-07,2026-07-07,"105,000.00","47,586.00","95,172.00",사용,39424,2,1,-1,1,8,1,12.5,3.4,0.8,0,1,1,1.7,0.4,198959062290,2
상품,의류(나이키),에어로스위프트 드라이핏 ADV 싱글렛,FN2505-010,싱글렛,의류,S,FN2505-010(S),,123229740,여성,개,SP25,,2025-01-15,2025-01-15,"95,000.00","38,522.00","38,522.00",사용,2114,1,0,0,19,41,0,0.0,0.0,0.0,0,0,1,0.0,0.0,196975035120,1
상품,의류(나이키),에어로스위프트 드라이핏 ADV 싱글렛,FN2505-085,싱글렛,의류,M,FN2505-085(M),,123231279,여성,개,FA24,,2024-07-08,2024-07-08,"85,000.00","38,522.00","38,522.00",사용,2131,1,0,0,25,24,0,0.0,0.0,0.0,0,0,1,0.0,0.0,197594714823,1
상품,의류(나이키),에어로스위프트 드라이핏 ADV 크롭 탱크탑,FN2714-010,싱글렛,의류,L,FN2714-010(L),,123229737,여성,개,HO25,,2025-09-29,2025-09-26,"95,000.00","43,054.00","43,054.00",사용,2100,1,0,0,11,1,0,0.0,0.0,0.0,0,0,1,0.0,0.0,197593050700,1
상품,의류(나이키),드라이핏 원 하프라이즈 7/8 타이즈,FN3233-010,하의타이츠,의류,L,FN3233-010(L),,123229743,여성,개,FA24,,2024-08-29,2024-08-29,"55,000.00","24,926.00","74,778.00",사용,2308,3,0,0,24,8,0,0.0,0.0,0.0,0,0,3,0.0,0.0,197593071774,3
상품,의류(나이키),드라이핏 원 하프라이즈 7/8 타이즈,FN3233-010,하의타이츠,의류,M,FN3233-010(M),,123229743,여성,개,FA24,,2024-08-29,2024-08-29,"55,000.00","24,926.00","99,704.00",사용,2307,4,0,0,24,15,0,0.0,0.0,0.0,0,0,4,0.0,0.0,197593018021,4
상품,의류(나이키),드라이핏 원 하프라이즈 7/8 타이즈,FN3233-010,하의타이츠,의류,S,FN3233-010(S),,123229743,여성,개,FA24,,2024-08-29,2024-08-29,"55,000.00","24,926.00","49,852.00",사용,2306,2,0,0,24,12,0,0.0,0.0,0.0,0,0,2,0.0,0.0,197593030474,2
상품,의류(나이키),드라이핏 원 하프라이즈 7/8 타이즈,FN3233-010,하의타이츠,의류,XS,FN3233-010(XS),,123229743,여성,개,FA24,,2024-08-29,2024-08-29,"55,000.00","24,926.00","149,556.00",사용,2305,6,0,0,24,12,0,0.0,0.0,0.0,0,0,6,0.0,0.0,197593111098,6
상품,의류(나이키),드라이핏 ADV 에어로스위프트 2인치 브리프라인드 쇼츠,FN3350-085,반바지,의류,S,FN3350-085(S),,123229724,남성,개,SU24,,2024-06-12,2024-06-12,"105,000.00","47,586.00","47,586.00",사용,1914,1,0,0,26,5,0,0.0,0.0,0.0,0,0,1,0.0,0.0,197596567984,1
상품,의류(나이키),드라이핏 ADV 에어로스위프트 4인치 브리프라인드 쇼츠,FN3353-085,반바지,의류,S,FN3353-085(S),,123229727,남성,개,SU24,,2024-06-12,2024-06-12,"105,000.00","47,586.00","47,586.00",사용,1922,1,0,0,26,5,0,0.0,0.0,0.0,0,0,1,0.0,0.0,197596442106,1
상품,의류(나이키),드라이핏 ADV 에어로스위프트 4인치 브리프 라인드 쇼츠,FN3353-418,반바지,의류,L,FN3353-418(L),,136418807,남성,개,FA26,,2026-07-29,2026-07-29,"115,000.00","52,118.00","208,472.00",사용,39390,4,9,-9,1,18,0,0.0,0.0,0.0,0,0,4,0.0,0.0,198960746011,4
상품,의류(나이키),드라이핏 ADV 에어로스위프트 4인치 브리프 라인드 쇼츠,FN3353-418,반바지,의류,M,FN3353-418(M),,136418807,남성,개,FA26,,2026-07-29,2026-07-29,"115,000.00","52,118.00","156,354.00",사용,39389,3,7,-7,1,14,0,0.0,0.0,0.0,0,0,3,0.0,0.0,198960764381,3
상품,의류(나이키),드라이핏 ADV 에어로스위프트 4인치 브리프 라인드 쇼츠,FN3353-418,반바지,의류,S,FN3353-418(S),,136418807,남성,개,FA26,,2026-07-29,2026-07-29,"115,000.00","52,118.00","52,118.00",사용,39388,1,1,-1,1,3,0,0.0,0.0,0.0,0,0,1,0.0,0.0,198960877869,1
상품,의류(나이키),드라이핏 ADV 에어로스위프트 4인치 브리프 라인드 쇼츠,FN3353-418,반바지,의류,XL,FN3353-418(XL),,136418807,남성,개,FA26,,2026-07-29,2026-07-29,"115,000.00","52,118.00","156,354.00",사용,39391,3,6,-6,1,13,0,0.0,0.0,0.0,0,0,3,0.0,0.0,198960696637,3
상품,의류(나이키),드라이핏 ADV 에어로스위프트 팬츠,FN3362-010,긴바지,의류,L,FN3362-010(L),,123539084,남성,개,SP25,,2025-01-22,2025-03-11,"155,000.00","70,246.00","70,246.00",사용,1884,1,0,0,19,35,0,0.0,0.0,0.0,0,0,1,0.0,0.0,196976010454,1
상품,의류(나이키),드라이핏 ADV 에어로스위프트 팬츠,FN3362-010,긴바지,의류,M,FN3362-010(M),,123539084,남성,개,HO24,,2024-10-10,2024-10-10,"155,000.00","67,348.00","336,740.00",사용,1883,5,0,0,22,20,0,0.0,0.0,0.0,0,0,5,0.0,0.0,196976008048,5
상품,의류(나이키),드라이핏 ADV 에어로스위프트 브리프라인드 하프타이즈,FN3370-011,하의타이츠,의류,L,FN3370-011(L),,123229735,남성,개,HO25,,2025-11-11,2025-11-11,"95,000.00","43,054.00","172,216.00",사용,1964,4,28,-28,9,480,0,0.0,0.0,0.0,0,0,14,0.0,0.0,196976001285,4
상품,의류(나이키),드라이핏 ADV 에어로스위프트 브리프라인드 하프타이즈,FN3370-011,하의타이츠,의류,L,FN3370-011(L),,123229735,남성,개,SP26,,2026-01-12,2026-01-12,"95,000.00","43,054.00","215,270.00",사용,1964,5,28,-28,7,88,1,1.1,8.5,2.0,0,0,14,24.0,5.6,196976001285,5
상품,의류(나이키),드라이핏 ADV 에어로스위프트 브리프라인드 하프타이즈,FN3370-011,하의타이츠,의류,L,FN3370-011(L),,123229735,남성,개,SU26,,2026-04-03,2026-06-09,"95,000.00","43,054.00","215,270.00",사용,1964,5,28,-28,4,80,0,0.0,0.0,0.0,0,0,14,0.0,0.0,196976001285,5
상품,의류(나이키),드라이핏 ADV 에어로스위프트 브리프라인드 하프타이즈,FN3370-011,하의타이츠,의류,M,FN3370-011(M),,123229735,남성,개,SU26,,2026-04-03,2026-06-09,"95,000.00","43,054.00","215,270.00",사용,1963,5,18,-18,4,67,0,0.0,0.0,0.0,0,1,4,0.0,0.0,196976003159,5
상품,의류(나이키),드라이핏 ADV 에어로스위프트 브리프라인드 하프타이즈,FN3370-011,하의타이츠,의류,S,FN3370-011(S),,123229735,남성,개,SP26,,2026-01-12,2026-01-12,"95,000.00","43,054.00","129,162.00",사용,1962,3,1,-1,7,18,0,0.0,0.0,0.0,0,0,3,0.0,0.0,196976003463,3
상품,의류(나이키),드라이핏 ADV 에어로스위프트 브리프라인드 하프타이즈,FN3370-011,하의타이츠,의류,XL,FN3370-011(XL),,123229735,남성,개,HO25,,2025-11-11,2025-12-12,"95,000.00","43,054.00","172,216.00",사용,1965,4,44,-44,9,160,0,0.0,0.0,0.0,0,0,4,0.0,0.0,196976004644,4
상품,의류(나이키),드라이핏 페스트 하프 타이즈,FN3372-010,하의타이츠,의류,XL,FN3372-010(XL),,123229785,남성,개,HO25,,2025-09-29,2025-09-26,"55,000.00","24,926.00","24,926.00",사용,4006,1,0,0,11,12,0,0.0,0.0,0.0,0,0,1,0.0,0.0,196976004149,1
상품,의류(나이키),클럽 숏슬리브 탑,FN3903-010,반팔티셔츠,의류,L,FN3903-010(L),,123229810,남성,개,FA24,,2024-07-30,2024-07-30,"85,000.00","42,288.00","422,880.00",사용,5011,10,0,0,25,10,0,0.0,0.0,0.0,0,0,10,0.0,0.0,197593310316,10
상품,의류(나이키),클럽 숏슬리브 탑,FN3903-010,반팔티셔츠,의류,M,FN3903-010(M),,123229810,남성,개,FA24,,2024-07-30,2024-07-30,"85,000.00","42,288.00","126,864.00",사용,5010,3,0,0,25,3,0,0.0,0.0,0.0,0,0,3,0.0,0.0,197593327826,3
상품,의류(나이키),클럽 숏슬리브 탑,FN3903-010,반팔티셔츠,의류,XL,FN3903-010(XL),,123229810,남성,개,FA24,,2024-07-30,2024-07-30,"85,000.00","42,288.00","211,440.00",사용,5012,5,0,0,25,5,0,0.0,0.0,0.0,0,0,5,0.0,0.0,197593371638,5
상품,의류(나이키),클럽 숏슬리브 탑,FN3903-010,반팔티셔츠,의류,XXL,FN3903-010(XXL),,123229810,남성,개,FA24,,2024-07-30,2024-07-30,"85,000.00","42,288.00","84,576.00",사용,5013,2,0,0,25,2,0,0.0,0.0,0.0,0,0,2,0.0,0.0,197593318213,2
상품,의류(나이키),트레일 에어리즈 자켓,FN4003-846,재킷,의류,M,FN4003-846(M),,123229773,남성,개,FA24,,2024-08-29,2024-08-29,"149,000.00","67,527.00","67,527.00",사용,3836,1,2,-2,24,14,0,0.0,0.0,0.0,0,0,1,0.0,0.0,197596621716,1
상품,의류(나이키),트레일 에어리즈 자켓,FN4003-846,재킷,의류,XL,FN4003-846(XL),,123229773,남성,개,FA24,,2024-08-29,2024-08-29,"149,000.00","67,527.00","67,527.00",사용,3838,1,5,-5,24,25,0,0.0,0.0,0.0,0,0,1,0.0,0.0,197596882612,1
상품,의류(나이키),에어로스위프트 드라이핏 ADV 싱글렛,FN4232-010,싱글렛,의류,L,FN4232-010(L),,123229776,남성,개,HO25,,2025-10-30,2025-12-12,"115,000.00","52,118.00","104,236.00",사용,3877,2,2,-2,10,90,0,0.0,0.0,0.0,0,0,7,0.0,0.0,196976003586,2
상품,의류(나이키),에어로스위프트 드라이핏 ADV 싱글렛,FN4232-010,싱글렛,의류,L,FN4232-010(L),,123229776,남성,개,SP26,,2026-01-12,2026-01-12,"115,000.00","52,118.00","260,590.00",사용,3877,5,2,-2,7,88,0,0.0,0.0,0.0,0,0,7,0.0,0.0,196976003586,5
상품,의류(나이키),에어로스위프트 드라이핏 ADV 싱글렛,FN4232-010,싱글렛,의류,M,FN4232-010(M),,123229776,남성,개,HO25,,2025-10-30,2025-10-30,"115,000.00","52,118.00","208,472.00",사용,3876,4,2,-2,10,25,0,0.0,0.0,0.0,0,0,7,0.0,0.0,196975997756,4
상품,의류(나이키),에어로스위프트 드라이핏 ADV 싱글렛,FN4232-010,싱글렛,의류,M,FN4232-010(M),,123229776,남성,개,SP26,,2026-01-12,2026-01-12,"115,000.00","52,118.00","156,354.00",사용,3876,3,2,-2,7,34,0,0.0,0.0,0.0,0,0,7,0.0,0.0,196975997756,3
상품,의류(나이키),에어로스위프트 드라이핏 ADV 싱글렛,FN4232-010,싱글렛,의류,XL,FN4232-010(XL),,123229776,남성,개,SP26,,2026-01-12,2026-01-12,"115,000.00","52,118.00","208,472.00",사용,3878,4,0,0,7,62,0,0.0,0.0,0.0,0,0,4,0.0,0.0,196976009953,4
상품,의류(나이키),에어로스위프트 드라이핏 ADV 싱글렛,FN4232-085,싱글렛,의류,M,FN4232-085(M),,123229723,남성,개,FA24,,2024-08-12,2024-08-12,"109,000.00","49,399.00","49,399.00",사용,1859,1,0,0,24,31,0,0.0,0.0,0.0,0,0,1,0.0,0.0,197596687125,1
상품,의류(나이키),에어로스위프트 드라이핏 ADV 싱글렛,FN4232-085,싱글렛,의류,XL,FN4232-085(XL),,123229723,남성,개,FA24,,2024-08-12,2024-08-12,"109,000.00","49,399.00","98,798.00",사용,1861,2,0,0,24,56,0,0.0,0.0,0.0,0,0,2,0.0,0.0,197596175127,2
상품,의류(나이키),에어로스위프트 드라이핏 ADV 싱글렛,FN4232-085,싱글렛,의류,XXL,FN4232-085(XXL),,123229723,남성,개,SU24,,2024-06-12,2024-06-12,"109,000.00","49,399.00","49,399.00",사용,1862,1,0,0,26,12,0,0.0,0.0,0.0,0,0,1,0.0,0.0,197596173260,1
상품,의류(나이키),드라이핏 ADV 에어로스위프트 싱글렛,FN4232-418,싱글렛,의류,L,FN4232-418(L),,136418813,남성,개,FA26,,2026-07-29,2026-07-29,"115,000.00","53,931.00","485,379.00",사용,39322,9,22,-22,1,46,2,4.3,7.7,1.8,0,0,9,7.7,1.8,198960896419,9
상품,의류(나이키),드라이핏 ADV 에어로스위프트 싱글렛,FN4232-418,싱글렛,의류,M,FN4232-418(M),,136418813,남성,개,FA26,,2026-07-29,2026-07-29,"115,000.00","53,931.00","323,586.00",사용,39321,6,13,-13,1,28,1,3.5,10.2,2.4,0,0,6,10.2,2.4,198960882528,6
상품,의류(나이키),드라이핏 ADV 에어로스위프트 싱글렛,FN4232-418,싱글렛,의류,S,FN4232-418(S),,136418813,남성,개,FA26,,2026-07-29,2026-07-29,"115,000.00","53,931.00","53,931.00",사용,39320,1,2,-2,1,4,0,0.0,0.0,0.0,0,0,1,0.0,0.0,198960489178,1
상품,의류(나이키),드라이핏 ADV 에어로스위프트 싱글렛,FN4232-418,싱글렛,의류,XL,FN4232-418(XL),,136418813,남성,개,FA26,,2026-07-29,2026-07-29,"115,000.00","53,931.00","377,517.00",사용,39323,7,16,-16,1,36,2,5.5,6.0,1.4,0,0,7,6.0,1.4,198960748442,7
상품,의류(나이키),드라이핏 ADV 에어로스위프트 싱글렛,FN4232-418,싱글렛,의류,XXL,FN4232-418(XXL),,136418813,남성,개,FA26,,2026-07-29,2026-07-29,"115,000.00","53,931.00","53,931.00",사용,39324,1,2,-2,1,6,1,16.6,1.7,0.4,0,0,1,1.7,0.4,198960438626,1
상품,의류(나이키),에어로스위프트 드라이 핏 ADV 러닝 싱글렛,FN4232-845,싱글렛,의류,L,FN4232-845(L),,132642926,남성,개,SP26,,2026-01-27,2026-01-27,"115,000.00","52,118.00","156,354.00",사용,28795,3,0,0,7,22,0,0.0,0.0,0.0,0,0,3,0.0,0.0,198488528106,3
상품,의류(나이키),에어로스위프트 드라이 핏 ADV 러닝 싱글렛,FN4232-845,싱글렛,의류,M,FN4232-845(M),,132642926,남성,개,SP26,,2026-01-27,2026-01-27,"115,000.00","52,118.00","104,236.00",사용,28794,2,0,0,7,9,0,0.0,0.0,0.0,0,1,1,0.0,0.0,198488522654,2
상품,의류(나이키),에어로스위프트 드라이 핏 ADV 러닝 싱글렛,FN4232-845,싱글렛,의류,XL,FN4232-845(XL),,132642926,남성,개,SP26,,2026-01-27,2026-01-27,"115,000.00","52,118.00","104,236.00",사용,28796,2,0,0,7,16,0,0.0,0.0,0.0,0,1,1,0.0,0.0,198488532516,2
상품,신발(나이키),줌 플라이 6,FN8454-003,로드,신발,255,FN8454-003(255),,131779012,남성,개,HO25,,2025-09-29,2025-09-26,"209,000.00","103,016.00","103,016.00",사용,25385,1,0,0,11,3,0,0.0,0.0,0.0,0,0,1,0.0,0.0,198481561421 ,1
상품,신발(나이키),줌 플라이 6,FN8454-003,로드,신발,260,FN8454-003(260),,131779012,남성,개,HO25,,2025-09-29,2025-09-26,"209,000.00","103,016.00","103,016.00",사용,25386,1,0,0,11,3,0,0.0,0.0,0.0,0,0,1,0.0,0.0,198481381531 ,1
상품,신발(나이키),줌 플라이 6,FN8454-003,로드,신발,270,FN8454-003(270),,131779012,남성,개,HO25,,2025-09-29,2025-09-26,"209,000.00","103,016.00","103,016.00",사용,25388,1,0,0,11,6,0,0.0,0.0,0.0,0,0,1,0.0,0.0,198481416592 ,1
상품,신발(나이키),줌 플라이 6,FN8454-003,로드,신발,275,FN8454-003(275),,131779012,남성,개,HO25,,2025-09-29,2025-09-26,"209,000.00","103,016.00","103,016.00",사용,25389,1,0,0,11,5,0,0.0,0.0,0.0,0,0,1,0.0,0.0,198481251506 ,1
상품,신발(나이키),줌 플라이 6,FN8454-003,로드,신발,280,FN8454-003(280),,131779012,남성,개,HO25,,2025-09-29,2025-09-26,"209,000.00","103,016.00","103,016.00",사용,25390,1,0,0,11,3,0,0.0,0.0,0.0,0,0,1,0.0,0.0,198481567928 ,1
상품,신발(나이키),줌 플라이 6,FN8454-003,로드,신발,290,FN8454-003(290),,131779012,남성,개,HO25,,2025-09-29,2025-09-26,"209,000.00","103,016.00","103,016.00",사용,25392,1,0,0,11,1,0,0.0,0.0,0.0,0,0,1,0.0,0.0,198481343652 ,1
상품,신발(나이키),줌 플라이 6,FN8455-102,레이싱,신발,230,FN8455-102(230),아이보리,124028995,여성,개,SP25,,2025-01-16,2025-01-16,"209,000.00","103,016.00","103,016.00",사용,11235,1,0,0,19,7,0,0.0,0.0,0.0,0,0,1,0.0,0.0,197601203968,1
상품,신발(나이키),줌 플라이 6,FN8455-107,레이싱,신발,235,FN8455-107(235),,135510673,여성,개,FA26,,2026-07-07,2026-07-07,"209,000.00","103,016.00","103,016.00",사용,37938,1,1,-1,1,3,0,0.0,0.0,0.0,0,0,1,0.0,0.0,198959729292,1
상품,신발(나이키),줌 플라이 6,FN8455-107,레이싱,신발,240,FN8455-107(240),,135510673,여성,개,FA26,,2026-07-07,2026-07-07,"209,000.00","103,016.00","103,016.00",사용,37939,1,3,-3,1,5,0,0.0,0.0,0.0,0,0,1,0.0,0.0,198959744431,1
상품,신발(나이키),줌 플라이 6,FN8455-107,레이싱,신발,245,FN8455-107(245),,135510673,여성,개,FA26,,2026-07-07,2026-07-07,"209,000.00","103,016.00","103,016.00",사용,37940,1,3,-3,1,5,0,0.0,0.0,0.0,0,0,1,0.0,0.0,198959746640,1
상품,신발(나이키),줌 플라이 6,FN8455-107,레이싱,신발,250,FN8455-107(250),,135510673,여성,개,FA26,,2026-07-07,2026-07-07,"209,000.00","103,016.00","103,016.00",사용,37941,1,1,-1,1,3,0,0.0,0.0,0.0,0,0,1,0.0,0.0,198959734760,1
상품,신발(나이키),리액트X 페가수스 트레일 5 GTX,FQ0908-300,트레일,신발,275,FQ0908-300(275),,123229753,남성,개,FA24,,2024-08-18,2024-08-18,"209,000.00","103,016.00","103,016.00",사용,2974,1,0,0,24,4,0,0.0,0.0,0.0,0,0,1,0.0,0.0,197597094342,1
상품,신발(나이키),페가수스 플러스,FQ7262-001,로드,신발,265,FQ7262-001(265),그레이핑크,123229749,남성,개,FA24,,2024-08-08,2024-08-08,"219,000.00","107,945.00","107,945.00",사용,2867,1,0,0,24,15,0,0.0,0.0,0.0,0,0,1,0.0,0.0,197597079295,1
상품,신발(나이키),페가수스 플러스,FQ7262-103,로드,신발,265,FQ7262-103(265),,133315641,남성,개,SP26,,2026-03-18,2026-03-18,"219,000.00","117,647.00","117,647.00",사용,32433,1,0,0,5,20,0,0.0,0.0,0.0,0,0,1,0.0,0.0,198488000022,1
상품,신발(나이키),페가수스 플러스,FQ7262-103,로드,신발,280,FQ7262-103(280),,133315641,남성,개,SP26,,2026-03-18,2026-03-18,"219,000.00","117,647.00","117,647.00",사용,32436,1,0,0,5,31,0,0.0,0.0,0.0,0,0,1,0.0,0.0,198488000329,1
상품,용품(나이키ACC),드리프트 UV 심리스 랩,FV0356-045,기타,용품,1SIZE,FV0356-045(1SIZE),,124219856,공용,개,HO24,,2024-11-29,2024-11-29,"35,000.00","12,250.00","61,250.00",사용,12624,5,0,0,21,72,0,0.0,0.0,0.0,0,0,5,0.0,0.0,196968941933,5
상품,의류(나이키),드라이핏 트레일 스트라이드 MB 쇼츠 7인치 브리프라인드 쇼츠,FV9950-247,반바지,의류,S,FV9950-247(S),,123229788,남성,개,FA24,,2024-08-05,2024-08-05,"79,000.00","35,803.00","35,803.00",사용,4059,1,10,-10,24,18,0,0.0,0.0,0.0,0,0,1,0.0,0.0,197596335668,1
상품,의류(나이키),드라이핏 트레일 미드레이어 하프집업,FV9995-247,긴팔티셔츠,의류,L,FV9995-247(L),,123229774,남성,개,FA24,,2024-08-12,2024-08-12,"99,000.00","44,867.00","179,468.00",사용,3853,4,0,0,24,21,0,0.0,0.0,0.0,0,0,4,0.0,0.0,197599054412,4
상품,의류(나이키),드라이핏 트레일 미드레이어 하프집업,FV9995-247,긴팔티셔츠,의류,M,FV9995-247(M),,123229774,남성,개,FA24,,2024-08-12,2024-08-12,"99,000.00","44,867.00","134,601.00",사용,3852,3,0,0,24,13,0,0.0,0.0,0.0,0,0,3,0.0,0.0,197599049708,3
상품,의류(나이키),드라이핏 트레일 미드레이어 하프집업,FV9995-247,긴팔티셔츠,의류,XL,FV9995-247(XL),,123229774,남성,개,FA24,,2024-08-12,2024-08-12,"99,000.00","44,867.00","314,069.00",사용,3854,7,0,0,24,19,0,0.0,0.0,0.0,0,0,7,0.0,0.0,197599053750,7
상품,의류(나이키),고 하이라이즈 7/8 타이즈,FZ0006-010,하의타이츠,의류,L,FZ0006-010(L),,123997175,여성,개,HO24,,2024-11-08,2024-11-08,"139,000.00","62,995.00","125,990.00",사용,11660,2,1,-1,21,8,0,0.0,0.0,0.0,0,0,2,0.0,0.0,197600273856,2
상품,의류(나이키),고 하이라이즈 7/8 타이즈,FZ0006-010,하의타이츠,의류,M,FZ0006-010(M),,123997175,여성,개,HO24,,2024-11-08,2024-11-08,"139,000.00","62,995.00","62,995.00",사용,11659,1,1,-1,21,20,0,0.0,0.0,0.0,0,0,1,0.0,0.0,197600395763,1
상품,의류(나이키),고 하이라이즈 7/8 타이즈,FZ0006-010,하의타이츠,의류,S,FZ0006-010(S),,123997175,여성,개,HO24,,2024-11-08,2024-11-08,"139,000.00","62,995.00","125,990.00",사용,11658,2,6,-6,21,21,0,0.0,0.0,0.0,0,0,2,0.0,0.0,197600369443,2
상품,의류(나이키),드라이핏 러닝 디비젼 4인치 2in1 쇼츠,FZ1124-035,반바지,의류,L,FZ1124-035(L),,123766134,남성,개,HO24,,2024-11-08,2024-11-08,"119,000.00","53,931.00","53,931.00",사용,11548,1,0,0,21,11,0,0.0,0.0,0.0,0,0,1,0.0,0.0,197601026529,1
상품,용품(나이키ACC),드라이 핏 경량 글로브,FZ5763-157,기타,용품,M,FZ5763-157(M),,127483131,공용,개,HO24,,2024-11-29,2024-12-12,"59,000.00","26,550.00","26,550.00",사용,12648,1,0,0,21,57,0,0.0,0.0,0.0,0,0,1,0.0,0.0,197601541510,1
상품,용품(나이키ACC),ACG DF LW GLOVE SAFETY,FZ5763-871,기타,용품,L,FZ5763-871(L),,,공용,개,HO25,,2025-12-10,2025-12-10,"59,000.00","25,370.00","532,770.00",사용,27657,21,0,0,8,21,0,0.0,0.0,0.0,0,0,21,0.0,0.0,198485518223,21
상품,용품(나이키ACC),ACG DF LW GLOVE SAFETY,FZ5763-871,기타,용품,M,FZ5763-871(M),,,공용,개,HO25,,2025-12-10,2025-12-10,"59,000.00","25,370.00","659,620.00",사용,27656,26,0,0,8,30,0,0.0,0.0,0.0,0,0,26,0.0,0.0,198485539846,26
상품,용품(나이키ACC),ACG DF LW GLOVE SAFETY,FZ5763-871,기타,용품,S,FZ5763-871(S),,,공용,개,HO25,,2025-12-10,2025-12-10,"59,000.00","25,370.00","482,030.00",사용,27655,19,0,0,8,21,0,0.0,0.0,0.0,0,0,19,0.0,0.0,198485521964,19
상품,용품(골드윈),도프 다이드 립스탑 윈드 캡,GL95383-SLEET GRAY,모자,용품,1SIZE,GL95383-SLEET GRAY(1SIZE),,133217528,공용,개,26SS,,2026-03-17,2026-02-25,"122,000.00","67,100.00","67,100.00",사용,32097,1,0,0,5,10,1,10.0,1.7,0.4,0,0,1,1.7,0.4,4571657957789,1
상품,의류(골드윈),에어리 셸 패커블 윈드 자켓,GM16124,재킷,의류,3,GM16124(3),,133092102,남성,개,26SS,,2026-03-09,2026-03-09,"390,000.00","214,500.00","214,500.00",사용,31949,1,1,-1,5,2,0,0.0,0.0,0.0,0,0,1,0.0,0.0,4571657942020,1
상품,의류(골드윈),에어리 셸 패커블 윈드 자켓,GM16124,재킷,의류,4,GM16124(4),,133092102,남성,개,26SS,,2026-03-09,2026-03-09,"390,000.00","214,500.00","214,500.00",사용,31950,1,0,0,5,2,0,0.0,0.0,0.0,0,0,1,0.0,0.0,4571657942037,1
상품,의류(골드윈),듀얼 레이어드 롱슬리브 후디,GM35323,재킷,의류,3,GM35323(3),,133092100,남성,개,26SS,,2026-03-09,2026-03-09,"264,000.00","145,200.00","145,200.00",사용,31962,1,0,0,5,2,0,0.0,0.0,0.0,0,0,1,0.0,0.0,4571657465352,1
상품,의류(골드윈),듀얼 레이어드 롱슬리브 후디,GM35323,재킷,의류,4,GM35323(4),,133092100,남성,개,26SS,,2026-03-09,2026-03-09,"264,000.00","145,200.00","145,200.00",사용,31963,1,0,0,5,2,0,0.0,0.0,0.0,0,0,1,0.0,0.0,4571657465369,1
상품,의류(골드윈),와플 드라이 티셔츠,GM66119,반팔티셔츠,의류,2,GM66119(2),,133094122,남성,개,26SS,,2026-03-09,2026-03-09,"120,000.00","66,000.00","66,000.00",사용,31974,1,0,0,5,3,0,0.0,0.0,0.0,0,0,1,0.0,0.0,4571657945021,1
상품,의류(골드윈),와플 드라이 티셔츠,GM66119,반팔티셔츠,의류,3,GM66119(3),,133094122,남성,개,26SS,,2026-03-09,2026-03-09,"120,000.00","66,000.00","66,000.00",사용,31975,1,0,0,5,3,0,0.0,0.0,0.0,0,0,1,0.0,0.0,4571657945038,1
상품,의류(골드윈),와플 드라이 티셔츠,GM66119,반팔티셔츠,의류,4,GM66119(4),,133094122,남성,개,26SS,,2026-03-09,2026-03-09,"120,000.00","66,000.00","66,000.00",사용,31976,1,0,0,5,2,0,0.0,0.0,0.0,0,0,1,0.0,0.0,4571657945045,1
상품,용품(골드윈),콤팩트 런 메쉬 캡,GM96182-MID GRAY,모자,용품,1SIZE,GM96182-MID GRAY(1SIZE),,133217360,공용,개,26SS,,2026-03-17,2026-02-25,"98,000.00","53,900.00","53,900.00",사용,32105,1,0,0,5,10,0,0.0,0.0,0.0,0,0,1,0.0,0.0,4571657946783,1
상품,용품(골드윈),유틸리티 젯 메쉬 캡,GM96183-BLACK,모자,용품,1SIZE,GM96183-BLACK(1SIZE),,133217223,공용,개,26SS,,2026-03-17,2026-02-25,"98,000.00","53,900.00","53,900.00",사용,32113,1,0,0,5,10,0,0.0,0.0,0.0,0,0,1,0.0,0.0,4571657946820,1
상품,용품(곤텍스),곤텍스 1 (무지외반),GONTEX 1-Beige,기타,용품,1SIZE,GONTEX 1-Beige(1SIZE),,,공용,개,25SS,,2025-02-03,2025-02-03,"9,800.00","6,860.00","20,580.00",사용,16911,3,0,0,18,5,0,0.0,0.0,0.0,0,0,3,0.0,0.0,4582329043914,3
상품,용품(곤텍스),곤텍스 1 (무지외반),GONTEX 1-Black,기타,용품,1SIZE,GONTEX 1-Black(1SIZE),,,공용,개,25SS,,2025-02-03,2025-02-03,"9,800.00","6,860.00","6,860.00",사용,16904,1,0,0,18,5,0,0.0,0.0,0.0,0,0,1,0.0,0.0,4582329043945,1
상품,용품(곤텍스),곤텍스 2 (무릎),GONTEX ２-Beige,기타,용품,1SIZE,GONTEX ２-Beige(1SIZE),,,공용,개,25SS,,2025-02-03,2025-02-03,"12,000.00","8,400.00","8,400.00",사용,16932,1,0,0,18,5,0,0.0,0.0,0.0,0,0,1,0.0,0.0,4582329043013,1
상품,용품(곤텍스),곤텍스 2 (무릎),GONTEX ２-Blue,기타,용품,1SIZE,GONTEX ２-Blue(1SIZE),,,공용,개,25SS,,2025-02-03,2025-02-03,"12,000.00","8,400.00","16,800.00",사용,16946,2,0,0,18,5,0,0.0,0.0,0.0,0,0,2,0.0,0.0,4582329043051,2
상품,용품(곤텍스),곤텍스 2 (무릎),GONTEX ２-Leopard,기타,용품,1SIZE,GONTEX ２-Leopard(1SIZE),,,공용,개,25SS,,2025-02-03,2025-02-03,"12,000.00","8,400.00","16,800.00",사용,16925,2,0,0,18,5,0,0.0,0.0,0.0,0,0,2,0.0,0.0,4582329043891,2
상품,용품(곤텍스),곤텍스 2 (무릎),GONTEX ２-Military,기타,용품,1SIZE,GONTEX ２-Military(1SIZE),,,공용,개,25SS,,2025-02-03,2025-02-03,"12,000.00","8,400.00","25,200.00",사용,16918,3,0,0,18,5,0,0.0,0.0,0.0,0,0,3,0.0,0.0,4582329043990,3
상품,용품(곤텍스),곤텍스 2 (무릎),GONTEX ２-Zebra,기타,용품,1SIZE,GONTEX ２-Zebra(1SIZE),,,공용,개,25SS,,2025-02-03,2025-02-03,"12,000.00","8,400.00","16,800.00",사용,16939,2,0,0,18,5,0,0.0,0.0,0.0,0,0,2,0.0,0.0,4582329048063,2
상품,용품(곤텍스),곤텍스 3 (발목),GONTEX 3-Beige,기타,용품,1SIZE,GONTEX 3-Beige(1SIZE),,,공용,개,25SS,,2025-02-03,2025-02-03,"13,500.00","9,450.00","9,450.00",사용,16953,1,0,0,18,10,0,0.0,0.0,0.0,0,0,1,0.0,0.0,4582329043938,1
상품,용품(곤텍스),곤텍스 3 (발목),GONTEX 3-Blue,기타,용품,1SIZE,GONTEX 3-Blue(1SIZE),,,공용,개,25SS,,2025-02-03,2025-02-03,"13,500.00","9,450.00","9,450.00",사용,16960,1,0,0,18,10,0,0.0,0.0,0.0,0,0,1,0.0,0.0,4582329043976,1
상품,용품(곤텍스),곤텍스 4 (발바닥),GONTEX ４-Blue,기타,용품,1SIZE,GONTEX ４-Blue(1SIZE),,,공용,개,25SS,,2025-02-03,2025-02-03,"11,000.00","7,700.00","15,400.00",사용,16974,2,0,0,18,5,0,0.0,0.0,0.0,0,0,2,0.0,0.0,4582329046939,2
상품,용품(곤텍스),곤텍스 4 (발바닥),GONTEX ４-Leopard,기타,용품,1SIZE,GONTEX ４-Leopard(1SIZE),,,공용,개,25SS,,2025-02-03,2025-02-03,"11,000.00","7,700.00","23,100.00",사용,16967,3,0,0,18,5,0,0.0,0.0,0.0,0,0,3,0.0,0.0,4582329043853,3
상품,용품(곤텍스),곤텍스 5 (하산전용 무릎),GONTEX ５-Beige,기타,용품,1SIZE,GONTEX ５-Beige(1SIZE),,,공용,개,25SS,,2025-02-03,2025-02-03,"12,000.00","8,400.00","25,200.00",사용,16988,3,0,0,18,10,0,0.0,0.0,0.0,0,0,3,0.0,0.0,4582329046311,3
상품,용품(곤텍스),곤텍스 5 (하산전용 무릎),GONTEX ５-Blue,기타,용품,1SIZE,GONTEX ５-Blue(1SIZE),,,공용,개,25SS,,2025-02-03,2025-02-03,"12,000.00","8,400.00","33,600.00",사용,16981,4,0,0,18,10,0,0.0,0.0,0.0,0,0,4,0.0,0.0,4582329046335,4
상품,용품(곤텍스),곤텍스 5 (하산전용 무릎),GONTEX ５-Leopard,기타,용품,1SIZE,GONTEX ５-Leopard(1SIZE),,,공용,개,25SS,,2025-02-03,2025-02-03,"12,000.00","8,400.00","67,200.00",사용,17072,8,0,0,18,10,0,0.0,0.0,0.0,0,0,8,0.0,0.0,4582329046359,8
상품,용품(곤텍스),곤텍스 5 (하산전용 무릎),GONTEX ５-Military,기타,용품,1SIZE,GONTEX ５-Military(1SIZE),,,공용,개,25SS,,2025-02-03,2025-02-03,"12,000.00","8,400.00","58,800.00",사용,16995,7,0,0,18,10,0,0.0,0.0,0.0,0,0,7,0.0,0.0,4582329046397,7
상품,용품(곤텍스),곤텍스 5 (하산전용 무릎),GONTEX ５-Zebra,기타,용품,1SIZE,GONTEX ５-Zebra(1SIZE),,,공용,개,25SS,,2025-02-03,2025-02-03,"12,000.00","8,400.00","33,600.00",사용,17002,4,0,0,18,10,0,0.0,0.0,0.0,0,0,4,0.0,0.0,4582329048070,4
상품,용품(곤텍스),곤텍스 멀티컬러 테이프 5cm,GONTEX Multicolor Tape 5cm-Beige,기타,용품,1SIZE,GONTEX Multicolor Tape 5cm-Beige(1SIZE),,,공용,개,25SS,,2025-02-03,2025-02-03,"13,500.00","9,450.00","18,900.00",사용,17009,2,3,-3,18,5,0,0.0,0.0,0.0,0,0,2,0.0,0.0,4582329042115,2
상품,용품(곤텍스),곤텍스 멀티컬러 테이프 5cm,GONTEX Multicolor Tape 5cm-Blue,기타,용품,1SIZE,GONTEX Multicolor Tape 5cm-Blue(1SIZE),,,공용,개,25SS,,2025-02-03,2025-02-03,"13,500.00","9,450.00","18,900.00",사용,17016,2,3,-3,18,5,0,0.0,0.0,0.0,0,0,2,0.0,0.0,4582329042139,2
상품,용품(나이키),트레일 러닝 크루 삭스,HF0854-010,양말,용품,M,HF0854-010(M),,126731926,공용,개,SU25,,2025-04-23,2025-04-23,"29,000.00","13,143.00","13,143.00",사용,14587,1,0,0,16,6,0,0.0,0.0,0.0,0,0,1,0.0,0.0,197600410558,1
상품,신발(나이키),울트라플라이 2,HF5668-101,트레일,신발,270,HF5668-101(270),,133315662,남성,개,SU26,,2026-04-03,2026-04-03,"319,000.00","157,235.00","157,235.00",사용,33459,1,0,0,4,13,0,0.0,0.0,0.0,0,0,1,0.0,0.0,198961618447,1
상품,신발(나이키),ACG 울트라플라이,HF5668-300,트레일,신발,250,HF5668-300(250),,136419189,남성,개,FA26,,2026-07-30,2026-07-30,"319,000.00","157,235.00","157,235.00",사용,38754,1,1,-1,1,3,0,0.0,0.0,0.0,0,0,1,0.0,0.0,198959929487,1
상품,신발(나이키),ACG 울트라플라이,HF5668-300,트레일,신발,255,HF5668-300(255),,136419189,남성,개,FA26,,2026-07-30,2026-07-30,"319,000.00","157,235.00","157,235.00",사용,38755,1,4,-4,1,7,0,0.0,0.0,0.0,0,0,1,0.0,0.0,198959900899,1
상품,신발(나이키),ACG 울트라플라이,HF5668-300,트레일,신발,260,HF5668-300(260),,136419189,남성,개,FA26,,2026-07-30,2026-07-30,"319,000.00","157,235.00","314,470.00",사용,38756,2,4,-4,1,9,0,0.0,0.0,0.0,0,0,2,0.0,0.0,198959763982,2
상품,신발(나이키),ACG 울트라플라이,HF5668-300,트레일,신발,265,HF5668-300(265),,136419189,남성,개,FA26,,2026-07-30,2026-07-30,"319,000.00","157,235.00","471,705.00",사용,38757,3,7,-7,1,15,0,0.0,0.0,0.0,0,0,3,0.0,0.0,198959760608,3
상품,신발(나이키),ACG 울트라플라이,HF5668-300,트레일,신발,270,HF5668-300(270),,136419189,남성,개,FA26,,2026-07-30,2026-07-30,"319,000.00","157,235.00","628,940.00",사용,38758,4,9,-9,1,18,0,0.0,0.0,0.0,0,0,4,0.0,0.0,198959991224,4
상품,신발(나이키),ACG 울트라플라이,HF5668-300,트레일,신발,275,HF5668-300(275),,136419189,남성,개,FA26,,2026-07-30,2026-07-30,"319,000.00","157,235.00","314,470.00",사용,38759,2,5,-5,1,10,0,0.0,0.0,0.0,0,0,2,0.0,0.0,198959943742,2
상품,신발(나이키),ACG 울트라플라이,HF5668-300,트레일,신발,280,HF5668-300(280),,136419189,남성,개,FA26,,2026-07-30,2026-07-30,"319,000.00","157,235.00","314,470.00",사용,38760,2,4,-4,1,9,0,0.0,0.0,0.0,0,0,2,0.0,0.0,198959929302,2
상품,신발(나이키),ACG 울트라플라이,HF5668-300,트레일,신발,285,HF5668-300(285),,136419189,남성,개,FA26,,2026-07-30,2026-07-30,"319,000.00","157,235.00","157,235.00",사용,38761,1,3,-3,1,6,0,0.0,0.0,0.0,0,0,1,0.0,0.0,198959996434,1
상품,신발(나이키),ACG 울트라플라이,HF5668-600,트레일,신발,250,HF5668-600(250),,135510536,남성,개,FA26,,2026-07-07,2026-07-07,"319,000.00","157,235.00","157,235.00",사용,38733,1,1,-1,1,3,0,0.0,0.0,0.0,0,0,1,0.0,0.0,198959982024,1
상품,신발(나이키),ACG 울트라플라이,HF5668-600,트레일,신발,255,HF5668-600(255),,135510536,남성,개,FA26,,2026-07-07,2026-07-07,"319,000.00","157,235.00","157,235.00",사용,38734,1,5,-5,1,7,0,0.0,0.0,0.0,0,0,1,0.0,0.0,198959937277,1
상품,신발(나이키),ACG 울트라플라이,HF5668-600,트레일,신발,260,HF5668-600(260),,135510536,남성,개,FA26,,2026-07-07,2026-07-07,"319,000.00","157,235.00","314,470.00",사용,38735,2,5,-5,1,9,0,0.0,0.0,0.0,0,0,2,0.0,0.0,198959965218,2
상품,신발(나이키),ACG 울트라플라이,HF5668-600,트레일,신발,265,HF5668-600(265),,135510536,남성,개,FA26,,2026-07-07,2026-07-07,"319,000.00","157,235.00","471,705.00",사용,38736,3,9,-9,1,15,0,0.0,0.0,0.0,0,0,3,0.0,0.0,198959961166,3
상품,신발(나이키),ACG 울트라플라이,HF5668-600,트레일,신발,270,HF5668-600(270),,135510536,남성,개,FA26,,2026-07-07,2026-07-07,"319,000.00","157,235.00","628,940.00",사용,38737,4,10,-10,1,18,0,0.0,0.0,0.0,0,0,4,0.0,0.0,198959919525,4
상품,신발(나이키),ACG 울트라플라이,HF5668-600,트레일,신발,275,HF5668-600(275),,135510536,남성,개,FA26,,2026-07-07,2026-07-07,"319,000.00","157,235.00","314,470.00",사용,38738,2,5,-5,1,10,0,0.0,0.0,0.0,0,0,2,0.0,0.0,198959965225,2
상품,신발(나이키),ACG 울트라플라이,HF5668-600,트레일,신발,280,HF5668-600(280),,135510536,남성,개,FA26,,2026-07-07,2026-07-07,"319,000.00","157,235.00","157,235.00",사용,38739,1,7,-7,1,9,0,0.0,0.0,0.0,0,0,1,0.0,0.0,198959932111,1
상품,신발(나이키),ACG 울트라플라이,HF5668-600,트레일,신발,285,HF5668-600(285),,135510536,남성,개,FA26,,2026-07-07,2026-07-07,"319,000.00","157,235.00","157,235.00",사용,38740,1,4,-4,1,6,0,0.0,0.0,0.0,0,0,1,0.0,0.0,198959704046,1
상품,신발(나이키),ACG 울트라플라이,HF5668-600,트레일,신발,290,HF5668-600(290),,135510536,남성,개,FA26,,2026-07-07,2026-07-07,"319,000.00","157,235.00","157,235.00",사용,38741,1,0,0,1,2,0,0.0,0.0,0.0,0,0,1,0.0,0.0,198959775473,1
상품,신발(나이키),울트라플라이 2,HF5668-801,트레일,신발,250,HF5668-801(250),,132644501,남성,개,SP26,,2026-01-22,2026-01-22,"319,000.00","157,235.00","157,235.00",사용,28971,1,0,0,7,3,0,0.0,0.0,0.0,0,0,1,0.0,0.0,198487999075,1
상품,신발(나이키),울트라플라이 2,HF5668-801,트레일,신발,255,HF5668-801(255),,132644501,남성,개,SP26,,2026-01-22,2026-01-22,"319,000.00","157,235.00","314,470.00",사용,28972,2,0,0,7,6,0,0.0,0.0,0.0,0,0,2,0.0,0.0,198487995688,2
상품,신발(나이키),울트라플라이 2,HF5668-801,트레일,신발,260,HF5668-801(260),,132644501,남성,개,SP26,,2026-01-22,2026-01-22,"319,000.00","157,235.00","943,410.00",사용,28973,6,2,-2,7,14,1,7.1,10.2,2.4,0,0,6,10.2,2.4,198487995374,6
상품,신발(나이키),울트라플라이 2,HF5668-801,트레일,신발,265,HF5668-801(265),,132644501,남성,개,SP26,,2026-01-22,2026-01-22,"319,000.00","157,235.00","786,175.00",사용,28974,5,0,0,7,17,0,0.0,0.0,0.0,0,0,5,0.0,0.0,198488000923,5
상품,신발(나이키),울트라플라이 2,HF5668-801,트레일,신발,270,HF5668-801(270),,132644501,남성,개,SP26,,2026-01-22,2026-01-22,"319,000.00","157,235.00","1,257,880.00",사용,28975,8,0,0,7,21,0,0.0,0.0,0.0,0,0,8,0.0,0.0,198487990980,8
상품,신발(나이키),울트라플라이 2,HF5668-801,트레일,신발,275,HF5668-801(275),,132644501,남성,개,SP26,,2026-01-22,2026-01-22,"319,000.00","157,235.00","471,705.00",사용,28976,3,0,0,7,13,0,0.0,0.0,0.0,0,0,3,0.0,0.0,198487993356,3
상품,신발(나이키),울트라플라이 2,HF5668-801,트레일,신발,280,HF5668-801(280),,132644501,남성,개,SP26,,2026-01-22,2026-01-22,"319,000.00","157,235.00","314,470.00",사용,28977,2,0,0,7,10,0,0.0,0.0,0.0,0,0,2,0.0,0.0,198487990584,2
상품,신발(나이키),베이퍼플라이 4 프로토,HF6411-100,레이싱,신발,230,HF6411-100(230),,128609822,여성,개,SP25,,2025-02-26,2025-02-26,"309,000.00","152,306.00","152,306.00",사용,14363,1,0,0,18,2,0,0.0,0.0,0.0,0,0,1,0.0,0.0,197862161281,1
상품,신발(나이키),베이퍼플라이 4,HF6412-001,레이싱,신발,240,HF6412-001(240),,129346613,여성,개,SU25,,2025-04-04,2025-04-04,"309,000.00","152,306.00","152,306.00",사용,18690,1,0,0,16,19,0,0.0,0.0,0.0,0,0,1,0.0,0.0,197863018300,1
상품,신발(나이키),줌 X 베이퍼플라이 4,HF6412-800,레이싱,신발,230,HF6412-800(230),못난이주황(여),132642934,여성,개,SP26,,2026-01-27,2026-01-27,"309,000.00","152,306.00","152,306.00",사용,28141,1,0,0,7,3,0,0.0,0.0,0.0,0,0,1,0.0,0.0,198726643233,1
상품,신발(나이키),줌 X 베이퍼플라이 4,HF6412-800,레이싱,신발,235,HF6412-800(235),못난이주황(여),132642934,여성,개,SP26,,2026-01-27,2026-01-27,"309,000.00","152,306.00","152,306.00",사용,28142,1,0,0,7,3,0,0.0,0.0,0.0,0,0,1,0.0,0.0,198726648726,1
상품,신발(나이키),줌 X 베이퍼플라이 4,HF6412-800,레이싱,신발,240,HF6412-800(240),못난이주황(여),132642934,여성,개,SP26,,2026-01-27,2026-01-27,"309,000.00","152,306.00","152,306.00",사용,28143,1,0,0,7,4,0,0.0,0.0,0.0,0,0,1,0.0,0.0,198726653362,1
상품,신발(나이키),줌 X 베이퍼플라이 4,HF6412-800,레이싱,신발,245,HF6412-800(245),못난이주황(여),132642934,여성,개,SP26,,2026-01-27,2026-01-27,"309,000.00","152,306.00","152,306.00",사용,28144,1,0,0,7,2,0,0.0,0.0,0.0,0,0,1,0.0,0.0,198726655687,1
상품,신발(나이키),베이퍼플라이 4,HF6414-600,레이싱,신발,270,HF6414-600(270),,129668882,남성,개,SU25,,2025-04-16,2025-04-16,"309,000.00","152,306.00","152,306.00",사용,18360,1,1,-1,16,46,0,0.0,0.0,0.0,0,0,1,0.0,0.0,197863039671,1
상품,신발(나이키),줌 X 베이퍼플라이 4,HF6414-800,레이싱,신발,255,HF6414-800(255),못난이주황,132642937,남성,개,SP26,,2026-01-27,2026-01-27,"309,000.00","152,306.00","152,306.00",사용,28020,1,0,0,7,6,0,0.0,0.0,0.0,0,0,1,0.0,0.0,198726646685,1
상품,신발(나이키),줌 X 베이퍼플라이 4,HF6414-800,레이싱,신발,260,HF6414-800(260),못난이주황,132642937,남성,개,SP26,,2026-01-27,2026-01-27,"309,000.00","152,306.00","152,306.00",사용,28021,1,1,-1,7,10,0,0.0,0.0,0.0,0,0,1,0.0,0.0,198726647378,1
상품,신발(나이키),줌 X 베이퍼플라이 4,HF6414-800,레이싱,신발,265,HF6414-800(265),못난이주황,132642937,남성,개,SP26,,2026-01-27,2026-01-27,"309,000.00","152,306.00","152,306.00",사용,28022,1,1,-1,7,11,0,0.0,0.0,0.0,0,0,1,0.0,0.0,198726653744,1
상품,신발(나이키),줌 X 베이퍼플라이 4,HF6414-800,레이싱,신발,270,HF6414-800(270),못난이주황,132642937,남성,개,SP26,,2026-01-27,2026-01-27,"309,000.00","152,306.00","152,306.00",사용,28023,1,3,-3,7,12,0,0.0,0.0,0.0,0,0,1,0.0,0.0,198726648061,1
상품,신발(나이키),줌 X 베이퍼플라이 4,HF6414-800,레이싱,신발,275,HF6414-800(275),못난이주황,132642937,남성,개,SP26,,2026-01-27,2026-01-27,"309,000.00","152,306.00","152,306.00",사용,28024,1,1,-1,7,11,1,9.0,1.7,0.4,0,0,1,1.7,0.4,198726648498,1
상품,신발(나이키),줌 X 베이퍼플라이 4,HF6414-800,레이싱,신발,280,HF6414-800(280),못난이주황,132642937,남성,개,SP26,,2026-01-27,2026-01-27,"309,000.00","152,306.00","152,306.00",사용,28025,1,1,-1,7,9,0,0.0,0.0,0.0,0,0,1,0.0,0.0,198726651115,1
상품,용품(나이키ACC),NIKE ZONED KNIT CALF SLEEVES SUMMIT WHITE/PHOTON DUST/BLACK,HF9391-123,기타,용품,S/M,HF9391-123(S/M),,,공용,개,SU25,2025-03-12,,,"69,000.00",0.00,0.00,사용,18138,2,2,-2,0,0,0,0.0,0.0,0.0,0,0,2,0.0,0.0,197594728431,2
상품,용품(나이키ACC),트랙백팩,HF9418-080,가방,용품,1SIZE,HF9418-080(1SIZE),,123708923,공용,개,SU24,,2024-04-25,2024-06-24,"139,000.00","62,550.00","62,550.00",사용,2516,1,0,0,28,"1,176",0,0.0,0.0,0.0,0,0,13,0.0,0.0,197594741508,1
상품,용품(나이키ACC),트랙백팩,HF9418-080,가방,용품,1SIZE,HF9418-080(1SIZE),,123708923,공용,개,HO25,,2025-12-10,2025-12-10,"139,000.00","59,770.00","717,240.00",사용,2516,12,0,0,8,12,0,0.0,0.0,0.0,0,0,13,0.0,0.0,197594741508,12
상품,의류(나이키),러닝 디비전 리플렉티브 자켓,HJ2194-010,재킷,의류,M,HJ2194-010(M),,124467431,여성,개,SP25,,2025-01-23,2025-01-23,"185,000.00","83,842.00","83,842.00",사용,14836,1,2,-2,19,7,0,0.0,0.0,0.0,0,0,1,0.0,0.0,197859693610,1
상품,의류(나이키),러닝 디비전 리플렉티브 자켓,HJ2194-010,재킷,의류,XS,HJ2194-010(XS),,124467431,여성,개,SP25,,2025-01-23,2025-01-23,"185,000.00","83,842.00","83,842.00",사용,14834,1,6,-6,19,12,0,0.0,0.0,0.0,0,0,1,0.0,0.0,197859668304,1
상품,의류(나이키),트레일 드라이 핏 집업 러닝 탑,HJ2249-856,긴팔티셔츠,의류,M,HJ2249-856(M),,124467434,여성,개,SP25,,2025-01-22,2025-01-22,"115,000.00","52,118.00","52,118.00",사용,14868,1,3,-3,19,7,0,0.0,0.0,0.0,0,0,1,0.0,0.0,197859672882,1
상품,의류(나이키),트레일 리펠 자켓,HJ2251-010,재킷,의류,M,HJ2251-010(M),,124467432,여성,개,SP25,,2025-01-22,2025-01-22,"155,000.00","70,246.00","70,246.00",사용,14844,1,0,0,19,7,0,0.0,0.0,0.0,0,0,1,0.0,0.0,197859701988,1
상품,의류(나이키),트레일 리펠 자켓,HJ2251-010,재킷,의류,S,HJ2251-010(S),,124467432,여성,개,SP25,,2025-01-22,2025-01-22,"155,000.00","70,246.00","70,246.00",사용,14843,1,0,0,19,10,0,0.0,0.0,0.0,0,0,1,0.0,0.0,197859673940,1
상품,의류(나이키),트레일 리펠 자켓,HJ2251-010,재킷,의류,XS,HJ2251-010(XS),,124467432,여성,개,SP25,,2025-01-22,2025-01-22,"155,000.00","70,246.00","140,492.00",사용,14842,2,9,-9,19,12,0,0.0,0.0,0.0,0,0,2,0.0,0.0,197859699803,2
상품,의류(나이키),트레일 리펠 자켓,HJ2251-030,재킷,의류,S,HJ2251-030(S),,124467433,여성,개,SP25,,2025-01-22,2025-01-22,"155,000.00","70,246.00","70,246.00",사용,14851,1,0,0,19,8,0,0.0,0.0,0.0,0,0,1,0.0,0.0,197859688692,1
상품,의류(나이키),트레일 리펠 자켓,HJ2251-030,재킷,의류,XS,HJ2251-030(XS),,124467433,여성,개,SP25,,2025-01-22,2025-01-22,"155,000.00","70,246.00","70,246.00",사용,14850,1,0,0,19,10,0,0.0,0.0,0.0,0,0,1,0.0,0.0,197859703753,1
상품,의류(나이키),스위프트 하이웨이스트 7/8 포켓 러닝 레깅스,HJ2253-010,하의타이츠,의류,L,HJ2253-010(L),,124348611,여성,개,HO25,,2025-10-29,2025-10-29,"95,000.00","43,054.00","43,054.00",사용,14773,1,0,0,10,2,0,0.0,0.0,0.0,0,0,1,0.0,0.0,197860189942,1
상품,의류(나이키),스위프트 하이웨이스트 7/8 포켓 러닝 레깅스,HJ2253-010,하의타이츠,의류,M,HJ2253-010(M),,124348611,여성,개,HO25,,2025-10-29,2025-10-29,"95,000.00","43,054.00","43,054.00",사용,14772,1,0,0,10,6,0,0.0,0.0,0.0,0,0,1,0.0,0.0,197860190511,1
상품,의류(나이키),스위프트 하이웨이스트 4인치 타이트 포켓 러닝 쇼츠,HJ2259-010,반바지,의류,L,HJ2259-010(L),,124348610,여성,개,FA26,,2026-07-07,2026-07-07,"89,000.00","40,335.00","40,335.00",사용,14805,1,5,-5,1,8,0,0.0,0.0,0.0,0,0,1,0.0,0.0,197860186828,1
상품,의류(나이키),스위프트 하이웨이스트 4인치 타이트 포켓 러닝 쇼츠,HJ2259-010,반바지,의류,M,HJ2259-010(M),,124348610,여성,개,FA26,,2026-07-07,2026-07-07,"89,000.00","40,335.00","121,005.00",사용,14804,3,13,-13,1,19,0,0.0,0.0,0.0,0,0,3,0.0,0.0,197860176706,3
상품,의류(나이키),스위프트 하이웨이스트 4인치 타이트 포켓 러닝 쇼츠,HJ2259-010,반바지,의류,S,HJ2259-010(S),,124348610,여성,개,FA26,,2026-07-07,2026-07-07,"89,000.00","40,335.00","121,005.00",사용,14803,3,14,-14,1,20,0,0.0,0.0,0.0,0,0,3,0.0,0.0,197860171473,3
상품,의류(나이키),트레일 드라이 핏 탱크 탑,HJ2313-533,싱글렛,의류,L,HJ2313-533(L),,130885523,여성,개,SU25,,2025-06-13,2025-06-13,"75,000.00","33,990.00","33,990.00",사용,19033,1,0,0,14,4,0,0.0,0.0,0.0,0,0,1,0.0,0.0,197862498462,1
상품,의류(나이키),에어로스위프트 드라이 핏 ADV 숏 슬리브 탑,HJ3378-010,반팔티셔츠,의류,L,HJ3378-010(L),,127482517,남성,개,HO25,,2025-09-29,2025-09-26,"115,000.00","52,118.00","52,118.00",사용,14600,1,3,-3,11,20,0,0.0,0.0,0.0,0,0,1,0.0,0.0,197860503229,1
상품,의류(나이키),에어로스위프트 드라이 핏 ADV 숏 슬리브 탑,HJ3378-010,반팔티셔츠,의류,M,HJ3378-010(M),,127482517,남성,개,SU25,,2025-04-04,2025-04-04,"115,000.00","52,118.00","208,472.00",사용,14599,4,0,0,16,9,0,0.0,0.0,0.0,0,0,5,0.0,0.0,197860506206,4
상품,의류(나이키),에어로스위프트 드라이 핏 ADV 숏 슬리브 탑,HJ3378-010,반팔티셔츠,의류,M,HJ3378-010(M),,127482517,남성,개,HO25,,2025-09-29,2025-09-26,"115,000.00","52,118.00","52,118.00",사용,14599,1,0,0,11,10,0,0.0,0.0,0.0,0,0,5,0.0,0.0,197860506206,1
상품,의류(나이키),에어로스위프트 드라이 핏 ADV 숏 슬리브 탑,HJ3378-010,반팔티셔츠,의류,S,HJ3378-010(S),,127482517,남성,개,HO25,,2025-09-29,2025-09-26,"115,000.00","52,118.00","52,118.00",사용,14598,1,0,0,11,1,0,0.0,0.0,0.0,0,0,1,0.0,0.0,197860498877,1
상품,의류(나이키),에어로스위프트 드라이 핏 ADV 숏 슬리브 탑,HJ3378-010,반팔티셔츠,의류,XXL,HJ3378-010(XXL),,127482517,남성,개,SP25,,2025-02-11,2025-03-07,"115,000.00","52,118.00","156,354.00",사용,14602,3,0,0,18,60,0,0.0,0.0,0.0,0,0,9,0.0,0.0,197860508897,3
상품,의류(나이키),에어로스위프트 드라이 핏 ADV 숏 슬리브 탑,HJ3378-010,반팔티셔츠,의류,XXL,HJ3378-010(XXL),,127482517,남성,개,SU25,,2025-04-04,2025-04-04,"115,000.00","52,118.00","260,590.00",사용,14602,5,0,0,16,9,0,0.0,0.0,0.0,0,0,9,0.0,0.0,197860508897,5
상품,의류(나이키),에어로스위프트 드라이 핏 ADV 숏 슬리브 탑,HJ3378-010,반팔티셔츠,의류,XXL,HJ3378-010(XXL),,127482517,남성,개,HO25,,2025-09-29,2025-09-26,"115,000.00","52,118.00","52,118.00",사용,14602,1,0,0,11,4,0,0.0,0.0,0.0,0,0,9,0.0,0.0,197860508897,1
상품,의류(나이키),에어로스위프트 드라이 핏 ADV 숏 슬리브 탑,HJ3378-057,반팔티셔츠,의류,L,HJ3378-057(L),,131383155,남성,개,FA25,,2025-07-30,2025-07-30,"115,000.00","57,213.00","457,704.00",사용,23824,8,10,-10,13,70,0,0.0,0.0,0.0,0,0,8,0.0,0.0,198482241506,8
상품,의류(나이키),에어로스위프트 드라이 핏 ADV 숏 슬리브 탑,HJ3378-057,반팔티셔츠,의류,M,HJ3378-057(M),,131383155,남성,개,FA25,,2025-07-30,2025-07-30,"115,000.00","57,213.00","57,213.00",사용,23823,1,2,-2,13,60,0,0.0,0.0,0.0,0,0,1,0.0,0.0,198482248208,1
상품,의류(나이키),에어로스위프트 드라이 핏 ADV 숏 슬리브 탑,HJ3378-736,반팔티셔츠,의류,L,HJ3378-736(L),,130346201,남성,개,SU25,,2025-04-23,2025-07-08,"115,000.00","57,212.17","57,212.17",사용,18857,1,0,0,16,23,0,0.0,0.0,0.0,0,0,1,0.0,0.0,197862652666,1
상품,의류(나이키),에어로스위프트 드라이 핏 ADV 엘리트 엔트리 싱글렛,HJ3381-736,싱글렛,의류,L,HJ3381-736(L),,127482522,남성,개,SP25,,2025-02-11,2025-02-11,"125,000.00","56,650.00","56,650.00",사용,14624,1,0,0,18,47,0,0.0,0.0,0.0,0,0,1,0.0,0.0,197860502611,1
상품,의류(나이키),에어로스위프트 드라이 핏 ADV 엘리트 엔트리 쇼츠,HJ3385-736,반바지,의류,L,HJ3385-736(L),,124467425,남성,개,SP25,,2025-01-22,2025-01-22,"125,000.00","56,650.00","56,650.00",사용,14656,1,1,-1,19,22,1,4.5,1.7,0.4,0,0,1,1.7,0.4,197860501287,1
상품,의류(나이키),에어로스위프트 드라이 핏 ADV 엘리트 엔트리 쇼츠,HJ3385-736,반바지,의류,XL,HJ3385-736(XL),,124467425,남성,개,SP25,,2025-01-22,2025-01-22,"125,000.00","56,650.00","56,650.00",사용,14657,1,9,-9,19,16,0,0.0,0.0,0.0,0,0,1,0.0,0.0,197860504455,1
상품,용품(나이키),에이스 드라이 핏 바이저,HJ3689-010,모자,용품,L/XL,HJ3689-010(L/XL),,130974342,공용,개,SU25,,2025-04-04,2025-06-13,"29,000.00","13,143.00","65,715.00",사용,18841,5,0,0,16,571,0,0.0,0.0,0.0,0,0,5,0.0,0.0,197601316477,5
상품,용품(나이키),에이스 드라이 핏 바이저,HJ3689-010,모자,용품,M/L,HJ3689-010(M/L),,130974342,공용,개,SU25,,2025-04-04,2025-06-13,"29,000.00","13,143.00","118,287.00",사용,18840,9,0,0,16,"1,472",0,0.0,0.0,0.0,0,0,9,0.0,0.0,197601320078,9
상품,용품(나이키),에이스 드라이 핏 바이저,HJ3689-100,모자,용품,M/L,HJ3689-100(M/L),,130974343,공용,개,SU25,,2025-04-04,2025-06-13,"29,000.00","13,143.00","52,572.00",사용,18848,4,0,0,16,"1,082",0,0.0,0.0,0.0,0,0,4,0.0,0.0,197601318242,4
상품,용품(나이키),에이스 드라이 핏 바이저,HJ3689-100,모자,용품,S/M,HJ3689-100(S/M),,130974343,공용,개,SU25,,2025-04-04,2025-06-13,"29,000.00","13,143.00","13,143.00",사용,18847,1,0,0,16,507,0,0.0,0.0,0.0,0,0,1,0.0,0.0,197601315838,1
상품,의류(나이키),러닝 디비전 UV 러닝 자켓,HJ4143-010,재킷,의류,M,HJ4143-010(M),,129346592,남성,개,SU25,,2025-04-04,2025-04-04,"209,000.00","94,719.00","94,719.00",사용,19146,1,0,0,16,7,0,0.0,0.0,0.0,0,0,1,0.0,0.0,197862671445,1
상품,의류(나이키),러닝 디비전 UV 러닝 자켓,HJ4143-010,재킷,의류,XL,HJ4143-010(XL),,129346592,남성,개,SU25,,2025-04-04,2025-04-04,"209,000.00","94,719.00","94,719.00",사용,19148,1,0,0,16,4,0,0.0,0.0,0.0,0,0,1,0.0,0.0,197862686111,1
상품,의류(나이키),드라이 핏 런 에너지 마일러 탱크 탑,HJ4165-010,싱글렛,의류,M,HJ4165-010(M),,130346210,남성,개,SU25,,2025-05-14,2025-05-14,"49,000.00","22,207.00","22,207.00",사용,18960,1,0,0,15,6,0,0.0,0.0,0.0,0,0,1,0.0,0.0,197862930238,1
상품,용품(나이키),아펙스 버킷,HJ4395-475,모자,용품,L,HJ4395-475(L),,123477817,공용,개,FA24,,2024-08-26,2024-08-26,"49,000.00","22,207.00","22,207.00",사용,4463,1,14,-14,24,20,0,0.0,0.0,0.0,0,0,1,0.0,0.0,197601221429,1
상품,용품(나이키),아펙스 버킷,HJ4395-475,모자,용품,M,HJ4395-475(M),,123477817,공용,개,FA24,,2024-08-26,2024-08-26,"49,000.00","22,207.00","22,207.00",사용,4462,1,14,-14,24,20,0,0.0,0.0,0.0,0,0,1,0.0,0.0,197601221450,1
상품,용품(나이키),아펙스 버킷,HJ4395-475,모자,용품,S,HJ4395-475(S),,123477817,공용,개,FA24,,2024-08-26,2024-08-26,"49,000.00","22,207.00","22,207.00",사용,4461,1,4,-4,24,6,0,0.0,0.0,0.0,0,0,1,0.0,0.0,197601221498,1
상품,의류(나이키),스위프트 드라이 핏 미드라이즈 투인원 러닝 쇼츠,HJ5377-010,반바지,의류,L,HJ5377-010(L),,124348602,여성,개,FA25,,2025-07-08,2025-07-08,"75,000.00","33,990.00","33,990.00",사용,14821,1,1,-1,13,3,0,0.0,0.0,0.0,0,0,1,0.0,0.0,197859673032,1
상품,의류(나이키),스위프트 드라이 핏 미드라이즈 투인원 러닝 쇼츠,HJ5377-010,반바지,의류,M,HJ5377-010(M),,124348602,여성,개,FA25,,2025-07-08,2025-07-08,"75,000.00","33,990.00","33,990.00",사용,14820,1,1,-1,13,7,0,0.0,0.0,0.0,0,0,1,0.0,0.0,197859681471,1
상품,의류(나이키),스위프트 드라이 핏 미드라이즈 투인원 러닝 쇼츠,HJ5377-499,반바지,의류,M,HJ5377-499(M),,132021722,여성,개,HO25,,2025-10-29,2025-10-29,"75,000.00","33,990.00","33,990.00",사용,25930,1,0,0,10,6,0,0.0,0.0,0.0,0,1,0,0.0,0.0,198482974954 ,1
상품,용품(나이키),NSW 카고 토드백,HJ9025-902,가방,용품,1SIZE,HJ9025-902(1SIZE),,123231319,공용,개,FA24,,2024-07-24,2024-08-12,"95,000.00","43,054.00","43,054.00",사용,4469,1,6,-6,25,18,0,0.0,0.0,0.0,0,0,1,0.0,0.0,197598533406,1
상품,신발(나이키),보메로 프리미엄,HM5973-005,로드,신발,230,HM5973-005(230),,135511358,여성,개,FA26,,2026-07-07,2026-07-07,"299,000.00","147,377.00","147,377.00",사용,38377,1,1,-1,1,4,0,0.0,0.0,0.0,0,0,1,0.0,0.0,198961433088,1
상품,신발(나이키),보메로 프리미엄,HM5973-005,로드,신발,235,HM5973-005(235),,135511358,여성,개,FA26,,2026-07-07,2026-07-07,"299,000.00","147,377.00","147,377.00",사용,38378,1,3,-3,1,5,0,0.0,0.0,0.0,0,0,1,0.0,0.0,198961665083,1
상품,신발(나이키),보메로 프리미엄,HM5973-005,로드,신발,240,HM5973-005(240),,135511358,여성,개,FA26,,2026-07-07,2026-07-07,"299,000.00","147,377.00","294,754.00",사용,38379,2,1,-1,1,7,1,14.2,3.4,0.8,0,1,1,1.7,0.4,198961447931,2
상품,신발(나이키),보메로 프리미엄,HM5973-005,로드,신발,245,HM5973-005(245),,135511358,여성,개,FA26,,2026-07-07,2026-07-07,"299,000.00","147,377.00","294,754.00",사용,38380,2,2,-2,1,8,1,12.5,3.4,0.8,0,0,2,3.4,0.8,198961671596,2
상품,신발(나이키),보메로 프리미엄,HM5973-005,로드,신발,250,HM5973-005(250),,135511358,여성,개,FA26,,2026-07-07,2026-07-07,"299,000.00","147,377.00","147,377.00",사용,38381,1,1,-1,1,4,1,25.0,1.7,0.4,0,0,1,1.7,0.4,198961430162,1
상품,신발(나이키),보메로 프리미엄,HM5973-606,로드,신발,230,HM5973-606(230),,133564918,여성,개,SU26,,2026-05-12,2026-05-12,"299,000.00","147,377.00","147,377.00",사용,33073,1,0,0,3,3,0,0.0,0.0,0.0,0,0,1,0.0,0.0,198729774958,1
상품,신발(나이키),보메로 프리미엄,HM5973-606,로드,신발,240,HM5973-606(240),,133564918,여성,개,SU26,,2026-05-12,2026-05-12,"299,000.00","147,377.00","147,377.00",사용,33075,1,0,0,3,8,1,12.5,1.7,0.4,0,0,1,1.7,0.4,198729845313,1
상품,신발(나이키),보메로 프리미엄,HM5973-606,로드,신발,250,HM5973-606(250),,133564918,여성,개,SU26,,2026-05-12,2026-05-12,"299,000.00","147,377.00","147,377.00",사용,33077,1,0,0,3,4,0,0.0,0.0,0.0,0,0,1,0.0,0.0,198729798640,1
상품,신발(나이키),보메로 18,HM6803-007,로드,신발,260,HM6803-007(260),,135700519,남성,개,FA26,,2026-07-07,2026-07-07,"189,000.00","93,158.00","93,158.00",사용,19220,1,1,-1,1,4,2,50.0,0.8,0.2,0,0,1,0.8,0.2,197863392417,1
상품,신발(나이키),보메로 18,HM6803-007,로드,신발,265,HM6803-007(265),,135700519,남성,개,FA26,,2026-07-07,2026-07-07,"189,000.00","93,158.00","93,158.00",사용,19221,1,3,-3,1,5,0,0.0,0.0,0.0,0,0,1,0.0,0.0,197863393483,1
상품,신발(나이키),보메로 18,HM6803-007,로드,신발,270,HM6803-007(270),,135700519,남성,개,FA26,,2026-07-07,2026-07-07,"189,000.00","93,158.00","93,158.00",사용,19222,1,4,-4,1,7,0,0.0,0.0,0.0,0,0,1,0.0,0.0,197863392608,1
상품,신발(나이키),보메로 18,HM6803-007,로드,신발,275,HM6803-007(275),,135700519,남성,개,FA26,,2026-07-07,2026-07-07,"189,000.00","93,158.00","93,158.00",사용,19223,1,2,-2,1,4,0,0.0,0.0,0.0,0,0,1,0.0,0.0,197863393674,1
상품,신발(나이키),보메로 18,HM6803-007,로드,신발,280,HM6803-007(280),,135700519,남성,개,FA26,,2026-07-07,2026-07-07,"189,000.00","93,158.00","93,158.00",사용,19224,1,1,-1,1,3,0,0.0,0.0,0.0,0,0,1,0.0,0.0,197863392073,1
상품,신발(나이키),보메로 18,HM6803-007,로드,신발,285,HM6803-007(285),,135700519,남성,개,FA26,,2026-07-07,2026-07-07,"189,000.00","93,158.00","93,158.00",사용,19225,1,0,0,1,2,0,0.0,0.0,0.0,0,0,1,0.0,0.0,197863391977,1
상품,신발(나이키),보메로 18,HM6803-019,로드,신발,265,HM6803-019(265),,136418957,남성,개,FA26,,2026-07-29,2026-07-29,"189,000.00","93,158.00","93,158.00",사용,38186,1,3,-3,1,5,0,0.0,0.0,0.0,0,0,1,0.0,0.0,198959597570,1
상품,신발(나이키),보메로 18,HM6803-019,로드,신발,270,HM6803-019(270),,136418957,남성,개,FA26,,2026-07-29,2026-07-29,"189,000.00","93,158.00","93,158.00",사용,38187,1,5,-5,1,7,0,0.0,0.0,0.0,0,0,1,0.0,0.0,198959532175,1
상품,신발(나이키),보메로 18,HM6804-102,로드,신발,250,HM6804-102(250),,128562828,여성,개,SP25,,2025-02-19,2025-03-19,"179,000.00","88,229.00","88,229.00",사용,14472,1,0,0,18,7,0,0.0,0.0,0.0,0,0,1,0.0,0.0,197860774100,1
상품,용품(나이키ACC),W PACER LIGHTWEIGHT RG,HM6831-082,기타,용품,L,HM6831-082(L),,,여성,개,HO25,,2025-12-10,2025-12-10,"29,000.00","12,470.00","74,820.00",사용,27705,6,0,0,8,6,0,0.0,0.0,0.0,0,0,6,0.0,0.0,197599059561,6
상품,용품(나이키ACC),W PACER LIGHTWEIGHT RG,HM6831-082,기타,용품,M,HM6831-082(M),,,여성,개,HO25,,2025-12-10,2025-12-10,"29,000.00","12,470.00","124,700.00",사용,27704,10,0,0,8,12,0,0.0,0.0,0.0,0,0,10,0.0,0.0,197599054665,10
상품,용품(나이키ACC),W PACER LIGHTWEIGHT RG,HM6831-082,기타,용품,S,HM6831-082(S),,,여성,개,HO25,,2025-12-10,2025-12-10,"29,000.00","12,470.00","112,230.00",사용,27703,9,0,0,8,12,0,0.0,0.0,0.0,0,0,9,0.0,0.0,197599059479,9
상품,용품(나이키ACC),페이서 미드웨이트 러닝 글러브,HM6832-018,기타,용품,L,HM6832-018(L),,127483129,공용,개,HO24,,2024-10-30,2024-10-30,"35,000.00","15,750.00","897,750.00",사용,12170,57,0,0,22,72,0,0.0,0.0,0.0,0,0,68,0.0,0.0,197599058403,57
상품,용품(나이키ACC),페이서 미드웨이트 러닝 글러브,HM6832-018,기타,용품,L,HM6832-018(L),,127483129,공용,개,HO25,,2025-12-10,2025-12-10,"35,000.00","15,050.00","165,550.00",사용,12170,11,0,0,8,11,0,0.0,0.0,0.0,0,0,68,0.0,0.0,197599058403,11
상품,용품(나이키ACC),페이서 미드웨이트 러닝 글러브,HM6832-018,기타,용품,M,HM6832-018(M),,127483129,공용,개,HO24,,2024-10-30,2024-10-30,"35,000.00","15,750.00","551,250.00",사용,12169,35,0,0,22,72,0,0.0,0.0,0.0,0,0,47,0.0,0.0,197599058199,35
상품,용품(나이키ACC),페이서 미드웨이트 러닝 글러브,HM6832-018,기타,용품,M,HM6832-018(M),,127483129,공용,개,HO25,,2025-12-10,2025-12-10,"35,000.00","15,050.00","180,600.00",사용,12169,12,0,0,8,12,0,0.0,0.0,0.0,0,0,47,0.0,0.0,197599058199,12
상품,용품(나이키ACC),페이서 미드웨이트 러닝 글러브,HM6832-018,기타,용품,S,HM6832-018(S),,127483129,공용,개,HO24,,2024-10-30,2024-10-30,"35,000.00","15,750.00","504,000.00",사용,12168,32,0,0,22,72,0,0.0,0.0,0.0,0,0,32,0.0,0.0,197599056355,32
상품,용품(나이키ACC),페이서 미드웨이트 여성 러닝 글러브,HM6833-018,기타,용품,L,HM6833-018(L),,,공용,개,HO25,,2025-12-10,2025-12-10,"35,000.00","15,050.00","90,300.00",사용,12177,6,0,0,8,6,0,0.0,0.0,0.0,0,0,6,0.0,0.0,197599054788,6
상품,용품(나이키ACC),페이서 미드웨이트 여성 러닝 글러브,HM6833-018,기타,용품,M,HM6833-018(M),,,공용,개,HO25,,2025-12-10,2025-12-10,"35,000.00","15,050.00","165,550.00",사용,12176,11,0,0,8,12,0,0.0,0.0,0.0,0,0,11,0.0,0.0,197599059349,11
상품,의류(나이키),스위프트 드라이핏 숏슬리브,HM9699-503,반팔티셔츠,의류,L,HM9699-503(L),,133315609,여성,개,SU26,,2026-04-03,2026-04-03,"69,000.00","31,271.00","31,271.00",사용,33786,1,1,-1,4,4,0,0.0,0.0,0.0,0,0,1,0.0,0.0,198727080822,1
상품,의류(나이키),스위프트 드라이핏 숏슬리브,HM9699-503,반팔티셔츠,의류,M,HM9699-503(M),,133315609,여성,개,SU26,,2026-04-03,2026-04-03,"69,000.00","31,271.00","31,271.00",사용,33785,1,2,-2,4,5,0,0.0,0.0,0.0,0,0,1,0.0,0.0,198727091927,1
상품,의류(나이키),스위프트 드라이핏 숏슬리브,HM9699-503,반팔티셔츠,의류,S,HM9699-503(S),,133315609,여성,개,SU26,,2026-04-03,2026-04-03,"69,000.00","31,271.00","31,271.00",사용,33784,1,4,-4,4,6,0,0.0,0.0,0.0,0,0,1,0.0,0.0,198727099329,1
상품,신발(아디다스),테렉스 아그라빅 TT,HP7011,트레일,신발,255,HP7011(255),,133835641,남성,개,26FW,,2026-06-22,2026-06-22,"209,000.00","104,500.00","104,500.00",사용,35217,1,2,-2,2,4,0,0.0,0.0,0.0,0,0,1,0.0,0.0,4068806894755,1
상품,신발(아디다스),테렉스 아그라빅 TT,HP7011,트레일,신발,260,HP7011(260),,133835641,남성,개,26FW,,2026-06-22,2026-06-22,"209,000.00","104,500.00","104,500.00",사용,35218,1,4,-4,2,8,0,0.0,0.0,0.0,0,0,1,0.0,0.0,4068806894779,1
상품,신발(아디다스),테렉스 아그라빅 TT,HP7011,트레일,신발,265,HP7011(265),,133835641,남성,개,26FW,,2026-06-22,2026-06-22,"209,000.00","104,500.00","104,500.00",사용,35219,1,4,-4,2,10,0,0.0,0.0,0.0,0,0,1,0.0,0.0,4068806898432,1
상품,신발(아디다스),테렉스 아그라빅 TT,HP7011,트레일,신발,270,HP7011(270),,133835641,남성,개,26FW,,2026-06-22,2026-06-22,"209,000.00","104,500.00","104,500.00",사용,35220,1,5,-5,2,9,0,0.0,0.0,0.0,0,0,1,0.0,0.0,4068806894717,1
상품,신발(아디다스),테렉스 아그라빅 TT,HP7011,트레일,신발,275,HP7011(275),,133835641,남성,개,26FW,,2026-06-22,2026-06-22,"209,000.00","104,500.00","104,500.00",사용,35221,1,2,-2,2,4,0,0.0,0.0,0.0,0,0,1,0.0,0.0,4068806894748,1
상품,신발(아디다스),테렉스 아그라빅 TT,HP7011,트레일,신발,280,HP7011(280),,133835641,남성,개,26FW,,2026-06-22,2026-06-22,"209,000.00","104,500.00","104,500.00",사용,35222,1,0,0,2,3,0,0.0,0.0,0.0,0,0,1,0.0,0.0,4068806894663,1
상품,신발(아디다스),테렉스 아그라빅 TT,HP7013,트레일,신발,230,HP7013(230),,133835640,여성,개,26FW,,2026-06-22,2026-06-22,"209,000.00","104,500.00","104,500.00",사용,35254,1,2,-2,2,4,0,0.0,0.0,0.0,0,0,1,0.0,0.0,4068806910059,1
상품,신발(아디다스),테렉스 아그라빅 TT,HP7013,트레일,신발,235,HP7013(235),,133835640,여성,개,26FW,,2026-06-22,2026-06-22,"209,000.00","104,500.00","104,500.00",사용,35255,1,2,-2,2,4,0,0.0,0.0,0.0,0,0,1,0.0,0.0,4068806909985,1
상품,신발(아디다스),테렉스 아그라빅 TT,HP7013,트레일,신발,240,HP7013(240),,133835640,여성,개,26FW,,2026-06-22,2026-06-22,"209,000.00","104,500.00","104,500.00",사용,35256,1,3,-3,2,5,0,0.0,0.0,0.0,0,0,1,0.0,0.0,4068806910066,1
상품,신발(아디다스),테렉스 아그라빅 TT,HP7013,트레일,신발,245,HP7013(245),,133835640,여성,개,26FW,,2026-06-22,2026-06-22,"209,000.00","104,500.00","104,500.00",사용,35257,1,3,-3,2,5,0,0.0,0.0,0.0,0,0,1,0.0,0.0,4068806910004,1
상품,의류(나이키),스위프트 드라이 핏 UV 쿼터집 탑,HQ0500-233,긴팔티셔츠,의류,M,HQ0500-233(M),,124348606,여성,개,SP25,,2025-01-09,2025-01-09,"99,000.00","44,867.00","44,867.00",사용,14876,1,0,0,19,7,0,0.0,0.0,0.0,0,0,1,0.0,0.0,197859689910,1
상품,의류(나이키),스위프트 드라이 핏 UV 쿼터집 탑,HQ0500-233,긴팔티셔츠,의류,S,HQ0500-233(S),,124348606,여성,개,SP25,,2025-01-09,2025-01-09,"99,000.00","44,867.00","89,734.00",사용,14875,2,0,0,19,10,0,0.0,0.0,0.0,0,0,2,0.0,0.0,197859694594,2
상품,의류(나이키),스위프트 드라이 핏 UV 쿼터집 탑,HQ0500-233,긴팔티셔츠,의류,XS,HQ0500-233(XS),,124348606,여성,개,SP25,,2025-01-09,2025-01-09,"99,000.00","44,867.00","134,601.00",사용,14874,3,0,0,19,12,0,0.0,0.0,0.0,0,0,3,0.0,0.0,197859672318,3
상품,의류(나이키),스위프트 드라이 핏 UV 쿼터집 탑,HQ0500-696,긴팔티셔츠,의류,L,HQ0500-696(L),,124467436,여성,개,SP25,,2025-01-09,2025-01-09,"99,000.00","44,867.00","44,867.00",사용,15459,1,0,0,19,4,0,0.0,0.0,0.0,0,0,1,0.0,0.0,197860487109,1
상품,의류(나이키),스위프트 드라이 핏 UV 쿼터집 탑,HQ0500-696,긴팔티셔츠,의류,M,HQ0500-696(M),,124467436,여성,개,SP25,,2025-01-09,2025-01-09,"99,000.00","44,867.00","89,734.00",사용,15458,2,0,0,19,6,0,0.0,0.0,0.0,0,0,2,0.0,0.0,197860487772,2
상품,의류(나이키),스위프트 드라이 핏 UV 쿼터집 탑,HQ0500-696,긴팔티셔츠,의류,S,HQ0500-696(S),,124467436,여성,개,SP25,,2025-01-09,2025-01-09,"99,000.00","44,867.00","44,867.00",사용,15457,1,0,0,19,6,0,0.0,0.0,0.0,0,0,1,0.0,0.0,197860465176,1
상품,의류(나이키),스위프트 리펠 패커블 러닝 자켓,HQ0651-133,재킷,의류,L,HQ0651-133(L),,129346595,여성,개,FA26,,2026-07-07,2026-07-07,"155,000.00","70,246.00","70,246.00",사용,19187,1,4,-4,1,6,1,16.6,1.7,0.4,0,0,1,1.7,0.4,197859704101,1
상품,의류(나이키),스위프트 리펠 패커블 러닝 자켓,HQ0651-133,재킷,의류,M,HQ0651-133(M),,129346595,여성,개,FA26,,2026-07-07,2026-07-07,"155,000.00","70,246.00","140,492.00",사용,19186,2,3,-3,1,7,0,0.0,0.0,0.0,0,0,2,0.0,0.0,197859694341,2
상품,의류(나이키),스위프트 리펠 패커블 러닝 자켓,HQ0651-133,재킷,의류,S,HQ0651-133(S),,129346595,여성,개,SU25,,2025-04-04,2025-04-04,"155,000.00","70,246.00","70,246.00",사용,19185,1,3,-3,16,7,0,0.0,0.0,0.0,0,0,3,0.0,0.0,197859687060,1
상품,의류(나이키),스위프트 리펠 패커블 러닝 자켓,HQ0651-133,재킷,의류,S,HQ0651-133(S),,129346595,여성,개,FA26,,2026-07-07,2026-07-07,"155,000.00","70,246.00","140,492.00",사용,19185,2,3,-3,1,7,0,0.0,0.0,0.0,0,0,3,0.0,0.0,197859687060,2
상품,의류(나이키),스위프트 리펠 패커블 러닝 자켓,HQ0651-701,재킷,의류,M,HQ0651-701(M),,129346594,여성,개,SU25,,2025-04-04,2025-04-04,"155,000.00","70,246.00","70,246.00",사용,19178,1,0,0,16,5,0,0.0,0.0,0.0,0,0,1,0.0,0.0,197862369892,1
상품,의류(나이키),스위프트 리펠 패커블 러닝 자켓,HQ0651-701,재킷,의류,S,HQ0651-701(S),,129346594,여성,개,SU25,,2025-04-04,2025-04-04,"155,000.00","70,246.00","140,492.00",사용,19177,2,0,0,16,3,0,0.0,0.0,0.0,0,0,2,0.0,0.0,197862382532,2
상품,의류(나이키),스위프트 리펠 패커블 러닝 자켓,HQ0651-701,재킷,의류,XL,HQ0651-701(XL),,129346594,여성,개,SU25,,2025-04-04,2025-04-04,"155,000.00","70,246.00","70,246.00",사용,19180,1,0,0,16,1,0,0.0,0.0,0.0,0,0,1,0.0,0.0,197862405781,1
상품,신발(나이키),페가수스 41,HQ1720-600,로드,신발,230,HQ1720-600(230),페가수스 PRM 폴라포,129343023,여성,개,SP25,,2025-02-13,2025-02-13,"169,000.00","83,300.00","83,300.00",사용,14489,1,0,0,18,4,0,0.0,0.0,0.0,0,0,1,0.0,0.0,197859121762,1
상품,신발(나이키),보메로 프리미엄,HQ2050-002,로드,신발,260,HQ2050-002(260),,136418974,남성,개,FA26,,2026-07-29,2026-07-29,"299,000.00","147,377.00","147,377.00",사용,37965,1,3,-3,1,7,2,28.5,0.8,0.2,0,0,1,0.8,0.2,198959717435,1
상품,신발(나이키),보메로 프리미엄,HQ2050-002,로드,신발,265,HQ2050-002(265),,136418974,남성,개,FA26,,2026-07-29,2026-07-29,"299,000.00","147,377.00","147,377.00",사용,37966,1,4,-4,1,9,2,22.2,0.8,0.2,0,0,1,0.8,0.2,198959600836,1
상품,신발(나이키),보메로 프리미엄,HQ2050-002,로드,신발,270,HQ2050-002(270),,136418974,남성,개,FA26,,2026-07-29,2026-07-29,"299,000.00","147,377.00","294,754.00",사용,37967,2,4,-4,1,11,3,27.2,1.1,0.2,0,0,2,1.1,0.2,198959363526,2
상품,신발(나이키),보메로 프리미엄,HQ2050-002,로드,신발,275,HQ2050-002(275),,136418974,남성,개,FA26,,2026-07-29,2026-07-29,"299,000.00","147,377.00","147,377.00",사용,37968,1,4,-4,1,9,2,22.2,0.8,0.2,0,0,1,0.8,0.2,198959580336,1
상품,신발(나이키),보메로 프리미엄,HQ2050-106,로드,신발,255,HQ2050-106(255),,133564920,남성,개,SU26,,2026-05-12,2026-05-12,"299,000.00","147,377.00","147,377.00",사용,33057,1,0,0,3,5,0,0.0,0.0,0.0,0,0,1,0.0,0.0,198729846884,1
상품,용품(나이키ACC),드라이 핏 트레일 랩,HQ2350-012,기타,용품,1SIZE,HQ2350-012(1SIZE),,124219719,공용,개,HO24,,2024-11-29,2024-11-29,"49,000.00","13,050.00","78,300.00",사용,12652,6,7,-7,21,72,0,0.0,0.0,0.0,0,0,6,0.0,0.0,197599883791,6
상품,신발(나이키),페가수스 프리미엄,HQ2592-005,로드,신발,250,HQ2592-005(250),,131589585,남성,개,FA26,,2026-06-26,2026-07-07,"289,000.00","146,696.33","146,696.33",사용,21269,1,2,-2,2,6,0,0.0,0.0,0.0,0,0,1,0.0,0.0,198481487639,1
상품,신발(나이키),페가수스 프리미엄,HQ2592-005,로드,신발,255,HQ2592-005(255),,131589585,남성,개,FA26,,2026-07-07,2026-07-07,"289,000.00","142,448.00","284,896.00",사용,21270,2,4,-4,1,8,0,0.0,0.0,0.0,0,0,2,0.0,0.0,198481522064,2
상품,신발(나이키),페가수스 프리미엄,HQ2592-005,로드,신발,260,HQ2592-005(260),,131589585,남성,개,FA26,,2026-07-07,2026-07-07,"289,000.00","142,448.00","427,344.00",사용,21271,3,9,-9,1,15,0,0.0,0.0,0.0,0,0,3,0.0,0.0,198481418626,3
상품,신발(나이키),페가수스 프리미엄,HQ2592-005,로드,신발,265,HQ2592-005(265),,131589585,남성,개,FA26,,2026-07-07,2026-07-07,"289,000.00","142,448.00","427,344.00",사용,21272,3,10,-10,1,18,0,0.0,0.0,0.0,0,0,3,0.0,0.0,198481444168,3
상품,신발(나이키),페가수스 프리미엄,HQ2592-005,로드,신발,270,HQ2592-005(270),,131589585,남성,개,FA26,,2026-07-07,2026-07-07,"289,000.00","142,448.00","569,792.00",사용,21273,4,15,-15,1,23,0,0.0,0.0,0.0,0,0,4,0.0,0.0,198481435951,4
상품,신발(나이키),페가수스 프리미엄,HQ2592-005,로드,신발,275,HQ2592-005(275),,131589585,남성,개,FA26,,2026-07-07,2026-07-07,"289,000.00","142,448.00","427,344.00",사용,21274,3,9,-9,1,15,0,0.0,0.0,0.0,0,0,3,0.0,0.0,198481391288,3
상품,신발(나이키),페가수스 프리미엄,HQ2592-005,로드,신발,280,HQ2592-005(280),,131589585,남성,개,FA26,,2026-07-07,2026-07-07,"289,000.00","142,448.00","284,896.00",사용,21275,2,6,-6,1,10,0,0.0,0.0,0.0,0,0,2,0.0,0.0,198481508730,2
상품,신발(나이키),페가수스 프리미엄,HQ2592-005,로드,신발,285,HQ2592-005(285),,131589585,남성,개,FA26,,2026-07-07,2026-07-07,"289,000.00","142,448.00","142,448.00",사용,21276,1,3,-3,1,5,0,0.0,0.0,0.0,0,0,1,0.0,0.0,198481325436,1
상품,신발(나이키),페가수스 프리미엄,HQ2592-017,로드,신발,255,HQ2592-017(255),,135700526,남성,개,FA26,,2026-07-07,2026-07-07,"289,000.00","142,448.00","142,448.00",사용,38030,1,1,-1,1,4,1,25.0,1.7,0.4,0,0,1,1.7,0.4,198959749238,1
상품,신발(나이키),페가수스 프리미엄,HQ2592-017,로드,신발,260,HQ2592-017(260),,135700526,남성,개,FA26,,2026-07-07,2026-07-07,"289,000.00","142,448.00","142,448.00",사용,38031,1,4,-4,1,7,0,0.0,0.0,0.0,0,0,1,0.0,0.0,198959740099,1
상품,신발(나이키),페가수스 프리미엄,HQ2592-017,로드,신발,265,HQ2592-017(265),,135700526,남성,개,FA26,,2026-07-07,2026-07-07,"289,000.00","142,448.00","142,448.00",사용,38032,1,5,-5,1,9,1,11.1,1.7,0.4,0,0,1,1.7,0.4,198959726093,1
상품,신발(나이키),페가수스 프리미엄,HQ2592-017,로드,신발,270,HQ2592-017(270),,135700526,남성,개,FA26,,2026-07-07,2026-07-07,"289,000.00","142,448.00","142,448.00",사용,38033,1,10,-10,1,12,0,0.0,0.0,0.0,0,0,1,0.0,0.0,198959742673,1
상품,신발(나이키),페가수스 프리미엄,HQ2592-017,로드,신발,275,HQ2592-017(275),,135700526,남성,개,FA26,,2026-07-07,2026-07-07,"289,000.00","142,448.00","142,448.00",사용,38034,1,6,-6,1,8,0,0.0,0.0,0.0,0,0,1,0.0,0.0,198959731684,1
상품,신발(나이키),페가수스 프리미엄,HQ2592-017,로드,신발,280,HQ2592-017(280),,135700526,남성,개,FA26,,2026-07-07,2026-07-07,"289,000.00","142,448.00","142,448.00",사용,38035,1,3,-3,1,5,0,0.0,0.0,0.0,0,0,1,0.0,0.0,198959732643,1
상품,신발(나이키),페가수스 프리미엄,HQ2592-017,로드,신발,285,HQ2592-017(285),,135700526,남성,개,FA26,,2026-07-07,2026-07-07,"289,000.00","142,448.00","142,448.00",사용,38036,1,0,0,1,2,0,0.0,0.0,0.0,0,0,1,0.0,0.0,198959745469,1
상품,신발(나이키),스트럭처 플러스,HQ3048-001,로드,신발,260,HQ3048-001(260),,132465352,남성,개,SP26,,2025-12-24,2025-12-24,"209,000.00","98,087.00","98,087.00",사용,30782,1,3,-3,8,5,0,0.0,0.0,0.0,0,0,1,0.0,0.0,198726354191,1
상품,신발(나이키),스트럭처 플러스,HQ3048-001,로드,신발,265,HQ3048-001(265),,132465352,남성,개,SP26,,2025-12-24,2025-12-24,"209,000.00","98,087.00","196,174.00",사용,30783,2,8,-8,8,6,0,0.0,0.0,0.0,0,0,2,0.0,0.0,198726358465,2
상품,신발(나이키),스트럭처 플러스,HQ3048-001,로드,신발,270,HQ3048-001(270),,132465352,남성,개,SP26,,2025-12-24,2025-12-24,"209,000.00","98,087.00","98,087.00",사용,30784,1,7,-7,8,7,0,0.0,0.0,0.0,0,0,1,0.0,0.0,198726360260,1
상품,신발(나이키),스트럭처 플러스,HQ3048-001,로드,신발,280,HQ3048-001(280),,132465352,남성,개,SP26,,2025-12-24,2025-12-24,"209,000.00","98,087.00","98,087.00",사용,30786,1,3,-3,8,3,0,0.0,0.0,0.0,0,0,1,0.0,0.0,198726351053,1
상품,신발(나이키),스트럭처 플러스,HQ3048-004,로드,신발,260,HQ3048-004(260),,135511248,남성,개,FA26,,2026-07-07,2026-07-07,"209,000.00","103,016.00","103,016.00",사용,38141,1,5,-5,1,7,0,0.0,0.0,0.0,0,0,1,0.0,0.0,198959373181,1
상품,신발(나이키),스트럭처 플러스,HQ3048-004,로드,신발,265,HQ3048-004(265),,135511248,남성,개,FA26,,2026-07-07,2026-07-07,"209,000.00","103,016.00","206,032.00",사용,38142,2,5,-5,1,10,0,0.0,0.0,0.0,0,0,2,0.0,0.0,198959393714,2
상품,신발(나이키),스트럭처 플러스,HQ3048-004,로드,신발,270,HQ3048-004(270),,135511248,남성,개,FA26,,2026-07-07,2026-07-07,"209,000.00","103,016.00","206,032.00",사용,38143,2,5,-5,1,11,0,0.0,0.0,0.0,0,0,2,0.0,0.0,198959516793,2
상품,신발(나이키),스트럭처 플러스,HQ3048-004,로드,신발,275,HQ3048-004(275),,135511248,남성,개,FA26,,2026-07-07,2026-07-07,"209,000.00","103,016.00","206,032.00",사용,38144,2,4,-4,1,8,1,12.5,3.4,0.8,0,0,2,3.4,0.8,198959502703,2
상품,신발(나이키),스트럭처 플러스,HQ3048-004,로드,신발,280,HQ3048-004(280),,135511248,남성,개,FA26,,2026-07-07,2026-07-07,"209,000.00","103,016.00","103,016.00",사용,38145,1,3,-3,1,5,0,0.0,0.0,0.0,0,0,1,0.0,0.0,198959405226,1
상품,신발(나이키),스트럭처 플러스,HQ3048-101,로드,신발,250,HQ3048-101(250),,132803504,남성,개,SP26,,2026-02-04,2026-02-04,"199,000.00","98,087.00","98,087.00",사용,27759,1,0,0,6,2,0,0.0,0.0,0.0,0,0,1,0.0,0.0,198726365432,1
상품,신발(나이키),스트럭처 플러스,HQ3048-101,로드,신발,255,HQ3048-101(255),,132803504,남성,개,SP26,,2026-02-04,2026-02-04,"199,000.00","98,087.00","98,087.00",사용,27760,1,0,0,6,3,0,0.0,0.0,0.0,0,0,1,0.0,0.0,198726365609,1
상품,신발(나이키),스트럭처 플러스,HQ3048-501,로드,신발,260,HQ3048-501(260),,132465351,남성,개,SP26,,2025-12-30,2025-12-30,"199,000.00","98,087.00","98,087.00",사용,30824,1,0,0,8,3,0,0.0,0.0,0.0,0,0,1,0.0,0.0,198726365913,1
상품,신발(나이키),스트럭처 플러스,HQ3048-501,로드,신발,265,HQ3048-501(265),,132465351,남성,개,SP26,,2025-12-30,2025-12-30,"199,000.00","98,087.00","294,261.00",사용,30825,3,0,0,8,4,0,0.0,0.0,0.0,0,0,3,0.0,0.0,198726364114,3
상품,신발(나이키),스트럭처 플러스,HQ3048-501,로드,신발,270,HQ3048-501(270),,132465351,남성,개,SP26,,2025-12-30,2025-12-30,"199,000.00","98,087.00","196,174.00",사용,30826,2,0,0,8,5,0,0.0,0.0,0.0,0,0,2,0.0,0.0,198726365210,2
상품,신발(나이키),스트럭처 플러스,HQ3048-501,로드,신발,275,HQ3048-501(275),,132465351,남성,개,SP26,,2025-12-30,2025-12-30,"199,000.00","98,087.00","98,087.00",사용,30827,1,2,-2,8,3,0,0.0,0.0,0.0,0,0,1,0.0,0.0,198726365456,1
상품,신발(나이키),스트럭처 플러스,HQ3049-001,로드,신발,230,HQ3049-001(230),,132462944,여성,개,SP26,,2025-12-24,2025-12-24,"199,000.00","98,087.00","98,087.00",사용,30797,1,0,0,8,1,0,0.0,0.0,0.0,0,0,1,0.0,0.0,198726353705,1
상품,신발(나이키),스트럭처 플러스,HQ3049-001,로드,신발,240,HQ3049-001(240),,132462944,여성,개,SP26,,2025-12-24,2025-12-24,"199,000.00","98,087.00","98,087.00",사용,30799,1,3,-3,8,6,0,0.0,0.0,0.0,0,0,1,0.0,0.0,198726361205,1
상품,신발(나이키),스트럭처 플러스,HQ3049-001,로드,신발,245,HQ3049-001(245),,132462944,여성,개,SP26,,2025-12-24,2025-12-24,"199,000.00","98,087.00","98,087.00",사용,30800,1,1,-1,8,3,0,0.0,0.0,0.0,0,0,1,0.0,0.0,198726353491,1
상품,신발(나이키),스트럭처 플러스,HQ3049-001,로드,신발,250,HQ3049-001(250),,132462944,여성,개,SP26,,2025-12-24,2025-12-24,"199,000.00","98,087.00","98,087.00",사용,30801,1,1,-1,8,2,0,0.0,0.0,0.0,0,0,1,0.0,0.0,198726356867,1
상품,신발(나이키),스트럭처 플러스,HQ3049-100,로드,신발,235,HQ3049-100(235),,135511059,여성,개,FA26,,2026-07-07,2026-07-07,"209,000.00","103,016.00","103,016.00",사용,38554,1,2,-2,1,6,1,16.6,1.7,0.4,0,0,1,1.7,0.4,198726365944,1
상품,신발(나이키),스트럭처 플러스,HQ3049-100,로드,신발,240,HQ3049-100(240),,135511059,여성,개,FA26,,2026-07-07,2026-07-07,"209,000.00","103,016.00","206,032.00",사용,38555,2,5,-5,1,9,0,0.0,0.0,0.0,0,0,2,0.0,0.0,198726364558,2
상품,신발(나이키),스트럭처 플러스,HQ3049-100,로드,신발,245,HQ3049-100(245),,135511059,여성,개,FA26,,2026-07-07,2026-07-07,"209,000.00","103,016.00","103,016.00",사용,38556,1,4,-4,1,6,0,0.0,0.0,0.0,0,0,1,0.0,0.0,198726363650,1
상품,신발(나이키),스트럭처 플러스,HQ3049-100,로드,신발,250,HQ3049-100(250),,135511059,여성,개,FA26,,2026-07-07,2026-07-07,"209,000.00","103,016.00","103,016.00",사용,38557,1,1,-1,1,4,0,0.0,0.0,0.0,0,0,1,0.0,0.0,198726364169,1
상품,신발(나이키),마인드 001,HQ4307-003,슬라이드,신발,290,HQ4307-003(290),실버,132448248,남성,개,SU26,,2026-06-12,2026-06-12,"119,000.00","58,655.00","58,655.00",사용,29863,1,0,0,2,17,0,0.0,0.0,0.0,0,0,1,0.0,0.0,198727210854,1
상품,용품(나이키),마인드 001,HQ4307-200,슬라이드,용품,250,HQ4307-200(250),,134159891,남성,개,FA26,,2026-07-07,2026-07-30,"119,000.00","58,655.00","117,310.00",사용,39531,2,13,-13,1,20,2,10.0,1.7,0.4,0,0,2,1.7,0.4,198959736542,2
상품,용품(나이키),마인드 001,HQ4307-200,슬라이드,용품,260,HQ4307-200(260),,134159891,남성,개,FA26,,2026-07-07,2026-07-30,"119,000.00","58,655.00","351,930.00",사용,39533,6,42,-42,1,62,2,3.2,5.1,1.2,0,0,6,5.1,1.2,198959736481,6
상품,용품(나이키),마인드 001,HQ4307-200,슬라이드,용품,270,HQ4307-200(270),,134159891,남성,개,FA26,,2026-07-07,2026-07-30,"119,000.00","58,655.00","117,310.00",사용,39535,2,72,-72,1,101,0,0.0,0.0,0.0,0,0,2,0.0,0.0,198959735286,2
상품,용품(나이키),마인드 001,HQ4307-200,슬라이드,용품,280,HQ4307-200(280),,134159891,남성,개,FA26,,2026-07-07,2026-07-30,"119,000.00","58,655.00","586,550.00",사용,39537,10,25,-25,1,65,0,0.0,0.0,0.0,0,0,10,0.0,0.0,198959740129,10
상품,용품(나이키),마인드 001,HQ4307-200,슬라이드,용품,290,HQ4307-200(290),,134159891,남성,개,FA26,,2026-07-07,2026-07-30,"119,000.00","58,655.00","234,620.00",사용,39539,4,11,-11,1,28,3,10.7,2.2,0.5,0,0,4,2.2,0.5,198959746541,4
상품,신발(아디다스),테렉스 아그라빅 TT,HQ5070,트레일,신발,230,HQ5070(230),,133710637,남성,개,26FW,,2026-05-29,2026-05-29,"209,000.00","104,500.00","104,500.00",사용,35233,1,1,-1,3,3,0,0.0,0.0,0.0,0,0,1,0.0,0.0,4068818591178,1
상품,신발(아디다스),테렉스 아그라빅 TT,HQ5070,트레일,신발,235,HQ5070(235),,133710637,남성,개,26FW,,2026-05-29,2026-05-29,"209,000.00","104,500.00","104,500.00",사용,35234,1,2,-2,3,4,0,0.0,0.0,0.0,0,0,1,0.0,0.0,4068818591185,1
상품,신발(아디다스),테렉스 아그라빅 TT,HQ5070,트레일,신발,240,HQ5070(240),,133710637,남성,개,26FW,,2026-05-29,2026-05-29,"209,000.00","104,500.00","104,500.00",사용,35235,1,2,-2,3,5,0,0.0,0.0,0.0,0,0,1,0.0,0.0,4068819129875,1
상품,신발(아디다스),테렉스 아그라빅 TT,HQ5070,트레일,신발,245,HQ5070(245),,133710637,남성,개,26FW,,2026-05-29,2026-05-29,"209,000.00","104,500.00","104,500.00",사용,35236,1,0,0,3,3,0,0.0,0.0,0.0,0,0,1,0.0,0.0,4068819126232,1
상품,신발(아디다스),테렉스 아그라빅 TT,HQ5070,트레일,신발,250,HQ5070(250),,133710637,남성,개,26FW,,2026-05-29,2026-05-29,"209,000.00","104,500.00","104,500.00",사용,35237,1,0,0,3,2,0,0.0,0.0,0.0,0,0,1,0.0,0.0,4068819129868,1
상품,신발(아디다스),테렉스 아그라빅 TT,HQ5070,트레일,신발,255,HQ5070(255),,133710637,남성,개,26FW,,2026-05-29,2026-05-29,"209,000.00","104,500.00","104,500.00",사용,35238,1,1,-1,3,4,0,0.0,0.0,0.0,0,0,1,0.0,0.0,4068819126140,1
상품,신발(아디다스),테렉스 아그라빅 TT,HQ5070,트레일,신발,260,HQ5070(260),,133710637,남성,개,26FW,,2026-05-29,2026-05-29,"209,000.00","104,500.00","104,500.00",사용,35239,1,4,-4,3,6,0,0.0,0.0,0.0,0,0,1,0.0,0.0,4068819126201,1
상품,신발(아디다스),테렉스 아그라빅 TT,HQ5070,트레일,신발,265,HQ5070(265),,133710637,남성,개,26FW,,2026-05-29,2026-05-29,"209,000.00","104,500.00","104,500.00",사용,35240,1,6,-6,3,8,0,0.0,0.0,0.0,0,0,1,0.0,0.0,4068819126171,1
상품,신발(아디다스),테렉스 아그라빅 TT,HQ5070,트레일,신발,270,HQ5070(270),,133710637,남성,개,26FW,,2026-05-29,2026-05-29,"209,000.00","104,500.00","104,500.00",사용,35241,1,4,-4,3,6,0,0.0,0.0,0.0,0,0,1,0.0,0.0,4068819129851,1
상품,신발(아디다스),테렉스 아그라빅 TT,HQ5070,트레일,신발,275,HQ5070(275),,133710637,남성,개,26FW,,2026-05-29,2026-05-29,"209,000.00","104,500.00","104,500.00",사용,35242,1,2,-2,3,4,0,0.0,0.0,0.0,0,0,1,0.0,0.0,4068819126126,1
상품,신발(아디다스),테렉스 아그라빅 TT,HQ5070,트레일,신발,280,HQ5070(280),,133710637,남성,개,26FW,,2026-05-29,2026-05-29,"209,000.00","104,500.00","104,500.00",사용,35243,1,1,-1,3,3,0,0.0,0.0,0.0,0,0,1,0.0,0.0,4068819126225,1
상품,신발(아디다스),하이퍼부스트 RUN,HQ7711,로드,신발,235,HQ7711(235),,135922091,여성,개,26FW,,2026-07-20,2026-07-20,"219,000.00","109,500.00","109,500.00",사용,34883,1,1,-1,1,3,0,0.0,0.0,0.0,0,0,1,0.0,0.0,4069999457956,1
상품,신발(아디다스),하이퍼부스트 RUN,HQ7711,로드,신발,245,HQ7711(245),,135922091,여성,개,26FW,,2026-07-20,2026-07-20,"219,000.00","109,500.00","109,500.00",사용,34885,1,1,-1,1,5,0,0.0,0.0,0.0,0,0,1,0.0,0.0,4069999457932,1
상품,의류(나이키),트레일 드라이 핏 6인치 브리프 라인드 러닝 쇼츠,HV2163-133,반바지,의류,M,HV2163-133(M),,131118933,남성,개,FA25,,2025-07-08,2025-07-08,"79,000.00","35,803.00","35,803.00",사용,20646,1,3,-3,13,4,0,0.0,0.0,0.0,0,0,1,0.0,0.0,198482312480,1
상품,의류(나이키),스트라이드 드라이 핏 쿼터집 러닝 탑,HV2181-010,긴팔티셔츠,의류,L,HV2181-010(L),,124347610,남성,개,SP25,,2025-01-09,2025-01-09,"89,000.00","40,335.00","40,335.00",사용,14741,1,0,0,19,9,0,0.0,0.0,0.0,0,0,1,0.0,0.0,197860499904,1
상품,의류(나이키),스트라이드 드라이 핏 쿼터집 러닝 탑,HV2181-010,긴팔티셔츠,의류,M,HV2181-010(M),,124347610,남성,개,SP25,,2025-01-09,2025-01-09,"89,000.00","40,335.00","40,335.00",사용,14740,1,0,0,19,5,0,0.0,0.0,0.0,0,0,1,0.0,0.0,197860501751,1
상품,의류(나이키),스트라이드 드라이 핏 쿼터집 러닝 탑,HV2181-010,긴팔티셔츠,의류,XL,HV2181-010(XL),,124347610,남성,개,SP25,,2025-01-09,2025-01-09,"89,000.00","40,335.00","80,670.00",사용,14742,2,0,0,19,9,0,0.0,0.0,0.0,0,0,2,0.0,0.0,197860507500,2
상품,의류(나이키),하이웨이스트 리플렉티브 액센트 7/8 러닝 레깅스,HV2288-010,하의타이츠,의류,M,HV2288-010(M),,132021719,여성,개,HO25,,2025-10-29,2025-10-29,"125,000.00","56,650.00","56,650.00",사용,25858,1,0,0,10,7,0,0.0,0.0,0.0,0,0,1,0.0,0.0,198483260889 ,1
상품,의류(나이키),하이웨이스트 리플렉티브 액센트 7/8 러닝 레깅스,HV2288-010,하의타이츠,의류,S,HV2288-010(S),,132021719,여성,개,HO25,,2025-10-29,2025-10-29,"125,000.00","56,650.00","113,300.00",사용,25857,2,0,0,10,5,0,0.0,0.0,0.0,0,0,2,0.0,0.0,198483251511 ,2
상품,의류(나이키),써마 핏 리펠 윈터라이즈드 하프집 러닝 탑,HV2708-017,긴팔티셔츠,의류,XL,HV2708-017(XL),,132021716,남성,개,HO25,,2025-10-29,2025-10-29,"115,000.00","52,118.00","52,118.00",사용,25748,1,0,0,10,5,0,0.0,0.0,0.0,0,0,1,0.0,0.0,198486876674 ,1
상품,의류(나이키),피나클 런 타이츠,HV2717-010,긴바지,의류,L,HV2717-010(L),,132602954,남성,개,HO25,,2025-12-02,2025-12-02,"125,000.00","56,650.00","56,650.00",사용,25875,1,0,0,8,5,0,0.0,0.0,0.0,0,0,1,0.0,0.0,198486814218 ,1
상품,의류(나이키),피나클 런 타이츠,HV2717-010,긴바지,의류,M,HV2717-010(M),,132602954,남성,개,HO25,,2025-12-02,2025-12-02,"125,000.00","56,650.00","56,650.00",사용,25874,1,0,0,8,3,0,0.0,0.0,0.0,0,0,1,0.0,0.0,198486866606 ,1
상품,의류(나이키),피나클 런 타이츠,HV2717-010,긴바지,의류,XL,HV2717-010(XL),,132602954,남성,개,HO25,,2025-12-02,2025-12-02,"125,000.00","56,650.00","113,300.00",사용,25876,2,0,0,8,2,0,0.0,0.0,0.0,0,0,2,0.0,0.0,198486798105 ,2
상품,의류(나이키),드라이 핏 ADV 울 롱 슬리브 탑,HV2719-010,긴팔티셔츠,의류,XL,HV2719-010(XL),,131589584,남성,개,FA25,,2025-09-04,2025-09-04,"145,000.00","65,714.00","65,714.00",사용,21097,1,0,0,11,6,0,0.0,0.0,0.0,0,0,1,0.0,0.0,198482317683,1
상품,의류(나이키),드라이 핏 ADV 울 롱 슬리브 탑,HV2719-010,긴팔티셔츠,의류,XXL,HV2719-010(XXL),,131589584,남성,개,FA25,,2025-09-04,2025-09-04,"145,000.00","65,714.00","65,714.00",사용,21098,1,0,0,11,3,0,0.0,0.0,0.0,0,0,1,0.0,0.0,198482315146,1
상품,의류(나이키),스위프트 써마 핏 러닝 자켓,HV2745-010,재킷,의류,L,HV2745-010(L),,131779017,여성,개,HO25,,2025-09-29,2025-09-26,"175,000.00","79,310.00","79,310.00",사용,25739,1,0,0,11,3,0,0.0,0.0,0.0,0,0,1,0.0,0.0,198481492497 ,1
상품,의류(나이키),스위프트 써마핏 ADV 리플렉티브  러닝 베스트,HV2763-078,재킷,의류,M,HV2763-078(M),,132021749,여성,개,HO25,,2025-10-29,2025-10-29,"199,000.00","90,187.00","90,187.00",사용,25730,1,0,0,10,10,0,0.0,0.0,0.0,0,0,1,0.0,0.0,198481532926 ,1
상품,의류(나이키),스위프트 써마핏 ADV 리플렉티브  러닝 베스트,HV2763-078,재킷,의류,S,HV2763-078(S),,132021749,여성,개,HO25,,2025-10-29,2025-10-29,"199,000.00","90,187.00","90,187.00",사용,25729,1,0,0,10,11,0,0.0,0.0,0.0,0,0,1,0.0,0.0,198481328710 ,1
상품,의류(나이키),써마 핏 ADV 리플렉티브 액센트 쿼터집 러닝 탑,HV2945-389,긴팔티셔츠,의류,L,HV2945-389(L),,132021717,여성,개,HO25,,2025-10-29,2025-10-29,"115,000.00","52,118.00","52,118.00",사용,25779,1,0,0,10,4,0,0.0,0.0,0.0,0,0,1,0.0,0.0,198483415517 ,1
상품,의류(나이키),써마 핏 ADV 리플렉티브 액센트 쿼터집 러닝 탑,HV2945-389,긴팔티셔츠,의류,M,HV2945-389(M),,132021717,여성,개,HO25,,2025-10-29,2025-10-29,"115,000.00","52,118.00","52,118.00",사용,25778,1,0,0,10,5,0,0.0,0.0,0.0,0,0,1,0.0,0.0,198483419225 ,1
상품,의류(나이키),써마 핏 ADV 리플렉티브 액센트 쿼터집 러닝 탑,HV2945-389,긴팔티셔츠,의류,XL,HV2945-389(XL),,132021717,여성,개,HO25,,2025-10-29,2025-10-29,"115,000.00","52,118.00","52,118.00",사용,25780,1,0,0,10,1,0,0.0,0.0,0.0,0,0,1,0.0,0.0,198483415739 ,1
상품,의류(나이키),스트라이드 리펠 UV 러닝 자켓,HV4549-010,재킷,의류,L,HV4549-010(L),,126731927,남성,개,SP25,,2025-01-15,2025-01-15,"155,000.00","70,246.00","70,246.00",사용,14664,1,0,0,19,19,0,0.0,0.0,0.0,0,0,1,0.0,0.0,197860507814,1
상품,의류(나이키),스트라이드 리펠 UV 러닝 자켓,HV4549-010,재킷,의류,M,HV4549-010(M),,126731927,남성,개,SP25,,2025-01-15,2025-01-15,"155,000.00","70,246.00","70,246.00",사용,14663,1,1,-1,19,10,0,0.0,0.0,0.0,0,0,1,0.0,0.0,197860508903,1
상품,의류(나이키),스트라이드 리펠 UV 러닝 자켓,HV4549-014,재킷,의류,L,HV4549-014(L),,132021715,남성,개,HO25,,2025-10-29,2025-10-29,"155,000.00","70,246.00","140,492.00",사용,25723,2,0,0,10,5,0,0.0,0.0,0.0,0,0,2,0.0,0.0,198482570002 ,2
상품,의류(나이키),스트라이드 리펠 UV 러닝 자켓,HV4549-014,재킷,의류,XL,HV4549-014(XL),,132021715,남성,개,HO25,,2025-10-29,2025-10-29,"155,000.00","70,246.00","70,246.00",사용,25724,1,0,0,10,3,0,0.0,0.0,0.0,0,0,1,0.0,0.0,198482461508 ,1
상품,의류(나이키),스트라이드 드라이 핏 ADV 숏 슬리브 탑,HV5204-010,반팔티셔츠,의류,XL,HV5204-010(XL),,124467422,남성,개,SP25,,2025-01-15,2025-01-15,"69,000.00","31,271.00","31,271.00",사용,14609,1,0,0,19,9,0,0.0,0.0,0.0,0,0,1,0.0,0.0,197860499621,1
상품,의류(나이키),스트라이드 드라이 핏 ADV 숏 슬리브 탑,HV5204-084,반팔티셔츠,의류,L,HV5204-084(L),,124348598,남성,개,FA26,,2026-07-07,2026-07-07,"69,000.00","31,271.00","93,813.00",사용,14616,3,2,-2,1,7,2,28.5,2.5,0.6,0,0,3,2.5,0.6,197860500471,3
상품,의류(나이키),스트라이드 드라이 핏 ADV 숏 슬리브 탑,HV5204-084,반팔티셔츠,의류,M,HV5204-084(M),,124348598,남성,개,SP25,,2025-01-09,2025-01-09,"69,000.00","31,271.00","31,271.00",사용,14615,1,0,0,19,4,0,0.0,0.0,0.0,0,0,5,0.0,0.0,197860501423,1
상품,의류(나이키),스트라이드 드라이 핏 ADV 숏 슬리브 탑,HV5204-084,반팔티셔츠,의류,M,HV5204-084(M),,124348598,남성,개,FA25,,2025-07-08,2025-07-08,"69,000.00","31,271.00","31,271.00",사용,14615,1,0,0,13,3,0,0.0,0.0,0.0,0,0,5,0.0,0.0,197860501423,1
상품,의류(나이키),스트라이드 드라이 핏 ADV 숏 슬리브 탑,HV5204-084,반팔티셔츠,의류,M,HV5204-084(M),,124348598,남성,개,HO25,,2025-09-29,2025-09-26,"69,000.00","31,271.00","31,271.00",사용,14615,1,0,0,11,1,0,0.0,0.0,0.0,0,0,5,0.0,0.0,197860501423,1
상품,의류(나이키),스트라이드 드라이 핏 ADV 숏 슬리브 탑,HV5204-084,반팔티셔츠,의류,M,HV5204-084(M),,124348598,남성,개,FA26,,2026-07-07,2026-07-07,"69,000.00","31,271.00","62,542.00",사용,14615,2,0,0,1,4,0,0.0,0.0,0.0,0,0,5,0.0,0.0,197860501423,2
상품,의류(나이키),스트라이드 드라이 핏 ADV 숏 슬리브 탑,HV5204-084,반팔티셔츠,의류,XL,HV5204-084(XL),,124348598,남성,개,SP25,,2025-01-09,2025-01-09,"69,000.00","31,271.00","31,271.00",사용,14617,1,1,-1,19,7,0,0.0,0.0,0.0,0,0,5,0.0,0.0,197860508583,1
상품,의류(나이키),스트라이드 드라이 핏 ADV 숏 슬리브 탑,HV5204-084,반팔티셔츠,의류,XL,HV5204-084(XL),,124348598,남성,개,FA25,,2025-07-08,2025-07-08,"69,000.00","31,271.00","31,271.00",사용,14617,1,1,-1,13,5,0,0.0,0.0,0.0,0,0,5,0.0,0.0,197860508583,1
상품,의류(나이키),스트라이드 드라이 핏 ADV 숏 슬리브 탑,HV5204-084,반팔티셔츠,의류,XL,HV5204-084(XL),,124348598,남성,개,HO25,,2025-09-29,2025-09-26,"69,000.00","31,271.00","31,271.00",사용,14617,1,1,-1,11,2,0,0.0,0.0,0.0,0,0,5,0.0,0.0,197860508583,1
상품,의류(나이키),스트라이드 드라이 핏 ADV 숏 슬리브 탑,HV5204-084,반팔티셔츠,의류,XL,HV5204-084(XL),,124348598,남성,개,FA26,,2026-07-07,2026-07-07,"69,000.00","31,271.00","62,542.00",사용,14617,2,1,-1,1,6,0,0.0,0.0,0.0,0,0,5,0.0,0.0,197860508583,2
상품,의류(나이키),스트라이드 드라이 핏 ADV 숏 슬리브 탑,HV5204-084,반팔티셔츠,의류,XXL,HV5204-084(XXL),,124348598,남성,개,FA26,,2026-07-07,2026-07-07,"69,000.00","31,271.00","31,271.00",사용,14618,1,2,-2,1,3,0,0.0,0.0,0.0,0,0,1,0.0,0.0,197860504752,1
상품,의류(나이키),스트라이드 드라이 핏 ADV 숏 슬리브 탑,HV5204-100,반팔티셔츠,의류,XL,HV5204-100(XL),,131779005,남성,개,HO25,,2025-09-29,2025-09-26,"69,000.00","31,271.00","31,271.00",사용,25828,1,0,0,11,3,0,0.0,0.0,0.0,0,0,1,0.0,0.0,197860508200 ,1
상품,의류(나이키),스트라이드 드라이 핏 ADV 숏 슬리브 탑,HV5204-635,반팔티셔츠,의류,XL,HV5204-635(XL),,131118969,남성,개,FA25,,2025-07-08,2025-07-08,"69,000.00","31,271.00","31,271.00",사용,20680,1,0,0,13,5,0,0.0,0.0,0.0,0,0,1,0.0,0.0,197863936222,1
상품,의류(나이키),드라이핏 ADV 스트라이드 탱크,HV5211-100,싱글렛,의류,L,HV5211-100(L),,133315604,남성,개,SU26,,2026-04-03,2026-04-03,"65,000.00","29,458.00","29,458.00",사용,33847,1,5,-5,4,11,0,0.0,0.0,0.0,0,0,1,0.0,0.0,197860601314,1
상품,의류(나이키),드라이핏 ADV 스트라이드 탱크,HV5211-100,싱글렛,의류,M,HV5211-100(M),,133315604,남성,개,SU26,,2026-04-03,2026-04-03,"65,000.00","29,458.00","29,458.00",사용,33846,1,2,-2,4,8,0,0.0,0.0,0.0,0,0,1,0.0,0.0,197860505384,1
상품,의류(나이키),드라이핏 ADV 스트라이드 탱크,HV5211-100,싱글렛,의류,XL,HV5211-100(XL),,133315604,남성,개,SU26,,2026-04-03,2026-04-03,"65,000.00","29,458.00","29,458.00",사용,33848,1,5,-5,4,9,0,0.0,0.0,0.0,0,0,1,0.0,0.0,197860504127,1
상품,의류(나이키),드라이핏 ADV 스트라이드 탱크,HV5211-100,싱글렛,의류,XXL,HV5211-100(XXL),,133315604,남성,개,SU26,,2026-04-03,2026-04-03,"65,000.00","29,458.00","29,458.00",사용,33849,1,0,0,4,2,0,0.0,0.0,0.0,0,0,1,0.0,0.0,197860500143,1
상품,의류(나이키),스위프트 드라이 핏 미드라이즈 팬츠,HV6089-010,긴바지,의류,L,HV6089-010(L),,132602979,여성,개,SP26,,2026-01-12,2026-01-12,"115,000.00","52,118.00","52,118.00",사용,28848,1,1,-1,7,2,0,0.0,0.0,0.0,0,0,1,0.0,0.0,198482125479,1
상품,의류(나이키),스위프트 드라이 핏 미드라이즈 팬츠,HV6089-010,긴바지,의류,M,HV6089-010(M),,132602979,여성,개,SP26,,2026-01-12,2026-01-12,"115,000.00","52,118.00","52,118.00",사용,28847,1,4,-4,7,6,0,0.0,0.0,0.0,0,0,1,0.0,0.0,198482141523,1
상품,의류(나이키),스위프트 드라이 핏 미드라이즈 팬츠,HV6089-010,긴바지,의류,S,HV6089-010(S),,132602979,여성,개,SP26,,2026-01-12,2026-01-12,"115,000.00","52,118.00","104,236.00",사용,28846,2,4,-4,7,6,0,0.0,0.0,0.0,0,0,2,0.0,0.0,198482151867,2
상품,의류(나이키),스위프트 드라이 핏 미드라이즈 팬츠,HV6089-502,긴바지,의류,L,HV6089-502(L),,132641996,여성,개,SP26,,2026-01-27,2026-01-27,"115,000.00","52,118.00","52,118.00",사용,28856,1,1,-1,7,2,0,0.0,0.0,0.0,0,0,1,0.0,0.0,198726442270,1
상품,의류(나이키),스위프트 드라이 핏 미드라이즈 팬츠,HV6089-502,긴바지,의류,M,HV6089-502(M),,132641996,여성,개,SP26,,2026-01-27,2026-01-27,"115,000.00","52,118.00","104,236.00",사용,28855,2,3,-3,7,6,1,16.6,3.4,0.8,0,0,2,3.4,0.8,198726439256,2
상품,의류(나이키),스위프트 드라이 핏 미드라이즈 팬츠,HV6089-502,긴바지,의류,S,HV6089-502(S),,132641996,여성,개,SP26,,2026-01-27,2026-01-27,"115,000.00","52,118.00","104,236.00",사용,28854,2,4,-4,7,6,0,0.0,0.0,0.0,0,0,2,0.0,0.0,198726474110,2
상품,용품(나이키),라이트웨이트 크루 삭스 1팩,HV6919-100,양말,용품,L,HV6919-100(L),,131401358,공용,개,SP26,,2026-01-12,2026-01-12,"22,000.00","9,970.00","468,590.00",사용,20709,47,93,-93,7,90,9,10.0,8.9,2.0,0,0,47,8.9,2.0,198481603268,47
상품,용품(나이키),라이트웨이트 크루 삭스 1팩,HV6919-100,양말,용품,M,HV6919-100(M),,131401358,공용,개,SP26,,2026-01-12,2026-01-27,"22,000.00","9,970.00","9,970.00",사용,20708,1,38,-38,7,168,12,7.1,0.1,0.0,0,0,6,0.8,0.2,198481609819,1
상품,용품(나이키),라이트웨이트 크루 삭스 1팩,HV6919-100,양말,용품,M,HV6919-100(M),,131401358,공용,개,SU26,,2026-05-12,2026-06-09,"22,000.00","11,330.00","56,650.00",사용,20708,5,38,-38,3,48,0,0.0,0.0,0.0,0,0,6,0.0,0.0,198481609819,5
상품,신발(나이키),ACG 제가마 트레일,HV8113-002,트레일,신발,280,HV8113-002(280),(남)제가마트레일,133697449,남성,개,SU26,,2026-05-22,2026-05-22,"219,000.00","107,945.00","107,945.00",사용,33503,1,0,0,3,3,0,0.0,0.0,0.0,0,0,1,0.0,0.0,198729417688,1
상품,신발(나이키),ACG 제가마 트레일,HV8115-103,트레일,신발,245,HV8115-103(245),,133469075,여성,개,SU26,,2026-04-21,2026-04-21,"219,000.00","107,945.00","107,945.00",사용,33517,1,0,0,4,6,0,0.0,0.0,0.0,0,0,1,0.0,0.0,198729213952,1
상품,신발(나이키),ACG 제가마 트레일,HV8115-103,트레일,신발,250,HV8115-103(250),,133469075,여성,개,SU26,,2026-04-21,2026-04-21,"219,000.00","107,945.00","107,945.00",사용,33518,1,0,0,4,3,0,0.0,0.0,0.0,0,0,1,0.0,0.0,198729208545,1
상품,신발(나이키),ACG 제가마 트레일,HV8115-200,트레일,신발,230,HV8115-200(230),,136419186,여성,개,FA26,,2026-07-29,2026-07-29,"219,000.00","107,945.00","107,945.00",사용,38897,1,1,-1,1,3,0,0.0,0.0,0.0,0,0,1,0.0,0.0,198729325181,1
상품,신발(나이키),ACG 제가마 트레일,HV8115-200,트레일,신발,235,HV8115-200(235),,136419186,여성,개,FA26,,2026-07-29,2026-07-29,"219,000.00","107,945.00","107,945.00",사용,38898,1,3,-3,1,6,0,0.0,0.0,0.0,0,0,1,0.0,0.0,198729406873,1
상품,신발(나이키),ACG 제가마 트레일,HV8115-200,트레일,신발,240,HV8115-200(240),,136419186,여성,개,FA26,,2026-07-29,2026-07-29,"219,000.00","107,945.00","215,890.00",사용,38899,2,4,-4,1,8,0,0.0,0.0,0.0,0,0,2,0.0,0.0,198729324023,2
상품,신발(나이키),ACG 제가마 트레일,HV8115-200,트레일,신발,245,HV8115-200(245),,136419186,여성,개,FA26,,2026-07-29,2026-07-29,"219,000.00","107,945.00","107,945.00",사용,38900,1,3,-3,1,6,0,0.0,0.0,0.0,0,0,1,0.0,0.0,198729292940,1
상품,신발(나이키),ACG 제가마 트레일,HV8115-200,트레일,신발,250,HV8115-200(250),,136419186,여성,개,FA26,,2026-07-29,2026-07-29,"219,000.00","107,945.00","107,945.00",사용,38901,1,2,-2,1,5,0,0.0,0.0,0.0,0,0,1,0.0,0.0,198729453341,1
상품,신발(나이키),ACG 제가마 트레일,HV8115-300,트레일,신발,230,HV8115-300(230),,136419182,여성,개,FA26,,2026-07-29,2026-07-29,"219,000.00","107,945.00","107,945.00",사용,38918,1,1,-1,1,3,0,0.0,0.0,0.0,0,0,1,0.0,0.0,198959807730,1
상품,신발(나이키),ACG 제가마 트레일,HV8115-300,트레일,신발,235,HV8115-300(235),,136419182,여성,개,FA26,,2026-07-29,2026-07-29,"219,000.00","107,945.00","107,945.00",사용,38919,1,3,-3,1,6,0,0.0,0.0,0.0,0,0,1,0.0,0.0,198959974999,1
상품,신발(나이키),ACG 제가마 트레일,HV8115-300,트레일,신발,240,HV8115-300(240),,136419182,여성,개,FA26,,2026-07-29,2026-07-29,"219,000.00","107,945.00","215,890.00",사용,38920,2,4,-4,1,8,0,0.0,0.0,0.0,0,0,2,0.0,0.0,198959835597,2
상품,신발(나이키),ACG 제가마 트레일,HV8115-300,트레일,신발,245,HV8115-300(245),,136419182,여성,개,FA26,,2026-07-29,2026-07-29,"219,000.00","107,945.00","107,945.00",사용,38921,1,3,-3,1,6,0,0.0,0.0,0.0,0,0,1,0.0,0.0,198959937505,1
상품,신발(나이키),ACG 제가마 트레일,HV8115-300,트레일,신발,250,HV8115-300(250),,136419182,여성,개,FA26,,2026-07-29,2026-07-29,"219,000.00","107,945.00","107,945.00",사용,38922,1,2,-2,1,5,0,0.0,0.0,0.0,0,0,1,0.0,0.0,198959931091,1
상품,신발(나이키),ACG 페가수스 트레일,HV8116-002,트레일,신발,250,HV8116-002(250),(남)페가수스트레일,133697448,남성,개,SU26,,2026-04-10,2026-05-22,"179,000.00","88,229.00","88,229.00",사용,33329,1,2,-2,4,4,0,0.0,0.0,0.0,0,0,2,0.0,0.0,198729184511,1
상품,신발(나이키),ACG 페가수스 트레일,HV8116-002,트레일,신발,250,HV8116-002(250),(남)페가수스트레일,133697448,남성,개,FA26,,2026-07-29,2026-07-29,"179,000.00","88,229.00","88,229.00",사용,33329,1,2,-2,1,2,0,0.0,0.0,0.0,0,0,2,0.0,0.0,198729184511,1
상품,신발(나이키),ACG 페가수스 트레일,HV8116-002,트레일,신발,255,HV8116-002(255),(남)페가수스트레일,133697448,남성,개,SU26,,2026-04-10,2026-05-22,"179,000.00","88,229.00","88,229.00",사용,33330,1,6,-6,4,7,0,0.0,0.0,0.0,0,0,2,0.0,0.0,198729228673,1
상품,신발(나이키),ACG 페가수스 트레일,HV8116-002,트레일,신발,255,HV8116-002(255),(남)페가수스트레일,133697448,남성,개,FA26,,2026-07-29,2026-07-29,"179,000.00","88,229.00","88,229.00",사용,33330,1,6,-6,1,4,0,0.0,0.0,0.0,0,0,2,0.0,0.0,198729228673,1
상품,신발(나이키),ACG 페가수스 트레일,HV8116-002,트레일,신발,260,HV8116-002(260),(남)페가수스트레일,133697448,남성,개,SU26,,2026-04-10,2026-05-22,"179,000.00","88,229.00","176,458.00",사용,33331,2,9,-9,4,10,0,0.0,0.0,0.0,0,0,4,0.0,0.0,198729083012,2
상품,신발(나이키),ACG 페가수스 트레일,HV8116-002,트레일,신발,260,HV8116-002(260),(남)페가수스트레일,133697448,남성,개,FA26,,2026-07-29,2026-07-29,"179,000.00","88,229.00","176,458.00",사용,33331,2,9,-9,1,9,0,0.0,0.0,0.0,0,0,4,0.0,0.0,198729083012,2
상품,신발(나이키),ACG 페가수스 트레일,HV8116-002,트레일,신발,265,HV8116-002(265),(남)페가수스트레일,133697448,남성,개,SU26,,2026-04-10,2026-05-22,"179,000.00","88,229.00","176,458.00",사용,33332,2,15,-15,4,15,0,0.0,0.0,0.0,0,0,5,0.0,0.0,198729191717,2
상품,신발(나이키),ACG 페가수스 트레일,HV8116-002,트레일,신발,265,HV8116-002(265),(남)페가수스트레일,133697448,남성,개,FA26,,2026-07-29,2026-07-29,"179,000.00","88,229.00","264,687.00",사용,33332,3,15,-15,1,11,0,0.0,0.0,0.0,0,0,5,0.0,0.0,198729191717,3
상품,신발(나이키),ACG 페가수스 트레일,HV8116-002,트레일,신발,270,HV8116-002(270),(남)페가수스트레일,133697448,남성,개,SU26,,2026-04-10,2026-05-22,"179,000.00","88,229.00","176,458.00",사용,33333,2,17,-17,4,17,0,0.0,0.0,0.0,0,0,3,0.0,0.0,198729208125,2
상품,신발(나이키),ACG 페가수스 트레일,HV8116-002,트레일,신발,270,HV8116-002(270),(남)페가수스트레일,133697448,남성,개,FA26,,2026-07-29,2026-07-29,"179,000.00","88,229.00","88,229.00",사용,33333,1,17,-17,1,14,0,0.0,0.0,0.0,0,0,3,0.0,0.0,198729208125,1
상품,신발(나이키),ACG 페가수스 트레일,HV8116-002,트레일,신발,275,HV8116-002(275),(남)페가수스트레일,133697448,남성,개,SU26,,2026-04-10,2026-05-22,"179,000.00","88,229.00","176,458.00",사용,33334,2,13,-13,4,14,0,0.0,0.0,0.0,0,0,5,0.0,0.0,198729170781,2
상품,신발(나이키),ACG 페가수스 트레일,HV8116-002,트레일,신발,275,HV8116-002(275),(남)페가수스트레일,133697448,남성,개,FA26,,2026-07-29,2026-07-29,"179,000.00","88,229.00","264,687.00",사용,33334,3,13,-13,1,9,1,11.1,5.1,1.2,0,0,5,8.5,2.0,198729170781,3
상품,신발(나이키),ACG 페가수스 트레일,HV8116-002,트레일,신발,280,HV8116-002(280),(남)페가수스트레일,133697448,남성,개,SU26,,2026-04-10,2026-05-22,"179,000.00","88,229.00","88,229.00",사용,33335,1,6,-6,4,7,0,0.0,0.0,0.0,0,0,2,0.0,0.0,198729229687,1
상품,신발(나이키),ACG 페가수스 트레일,HV8116-002,트레일,신발,280,HV8116-002(280),(남)페가수스트레일,133697448,남성,개,FA26,,2026-07-29,2026-07-29,"179,000.00","88,229.00","88,229.00",사용,33335,1,6,-6,1,5,0,0.0,0.0,0.0,0,0,2,0.0,0.0,198729229687,1
상품,신발(나이키),ACG 페가수스 트레일,HV8116-002,트레일,신발,285,HV8116-002(285),(남)페가수스트레일,133697448,남성,개,SU26,,2026-04-10,2026-05-22,"179,000.00","88,229.00","88,229.00",사용,33336,1,3,-3,4,4,0,0.0,0.0,0.0,0,0,2,0.0,0.0,198729189509,1
상품,신발(나이키),ACG 페가수스 트레일,HV8116-002,트레일,신발,285,HV8116-002(285),(남)페가수스트레일,133697448,남성,개,FA26,,2026-07-29,2026-07-29,"179,000.00","88,229.00","88,229.00",사용,33336,1,3,-3,1,4,0,0.0,0.0,0.0,0,0,2,0.0,0.0,198729189509,1
상품,신발(나이키),ACG 페가수스 트레일,HV8116-301,트레일,신발,255,HV8116-301(255),,136419179,남성,개,FA26,,2026-07-29,2026-07-29,"179,000.00","88,229.00","88,229.00",사용,38839,1,2,-2,1,4,0,0.0,0.0,0.0,0,0,1,0.0,0.0,198959941670,1
상품,신발(나이키),ACG 페가수스 트레일,HV8116-301,트레일,신발,260,HV8116-301(260),,136419179,남성,개,FA26,,2026-07-29,2026-07-29,"179,000.00","88,229.00","176,458.00",사용,38840,2,4,-4,1,9,0,0.0,0.0,0.0,0,0,2,0.0,0.0,198959900813,2
상품,신발(나이키),ACG 페가수스 트레일,HV8116-301,트레일,신발,265,HV8116-301(265),,136419179,남성,개,FA26,,2026-07-29,2026-07-29,"179,000.00","88,229.00","176,458.00",사용,38841,2,6,-6,1,11,0,0.0,0.0,0.0,0,0,2,0.0,0.0,198959906358,2
상품,신발(나이키),ACG 페가수스 트레일,HV8116-301,트레일,신발,270,HV8116-301(270),,136419179,남성,개,FA26,,2026-07-29,2026-07-29,"179,000.00","88,229.00","264,687.00",사용,38842,3,7,-7,1,14,0,0.0,0.0,0.0,0,0,3,0.0,0.0,198959934337,3
상품,신발(나이키),ACG 페가수스 트레일,HV8116-301,트레일,신발,275,HV8116-301(275),,136419179,남성,개,FA26,,2026-07-29,2026-07-29,"179,000.00","88,229.00","176,458.00",사용,38843,2,4,-4,1,9,0,0.0,0.0,0.0,0,0,2,0.0,0.0,198959853232,2
상품,신발(나이키),ACG 페가수스 트레일,HV8116-301,트레일,신발,280,HV8116-301(280),,136419179,남성,개,FA26,,2026-07-29,2026-07-29,"179,000.00","88,229.00","88,229.00",사용,38844,1,2,-2,1,5,0,0.0,0.0,0.0,0,0,1,0.0,0.0,198959939578,1
상품,신발(나이키),ACG 페가수스 트레일,HV8116-301,트레일,신발,285,HV8116-301(285),,136419179,남성,개,FA26,,2026-07-29,2026-07-29,"179,000.00","88,229.00","88,229.00",사용,38845,1,2,-2,1,4,0,0.0,0.0,0.0,0,0,1,0.0,0.0,198959860117,1
상품,신발(나이키),ACG 페가수스 트레일,HV8121-200,트레일,신발,230,HV8121-200(230),,136419176,여성,개,FA26,,2026-07-29,2026-07-29,"179,000.00","88,229.00","88,229.00",사용,38939,1,1,-1,1,3,0,0.0,0.0,0.0,0,0,1,0.0,0.0,198729187772,1
상품,신발(나이키),ACG 페가수스 트레일,HV8121-200,트레일,신발,235,HV8121-200(235),,136419176,여성,개,FA26,,2026-07-29,2026-07-29,"179,000.00","88,229.00","88,229.00",사용,38940,1,2,-2,1,6,1,16.6,1.7,0.4,0,0,1,1.7,0.4,198729230324,1
상품,신발(나이키),ACG 페가수스 트레일,HV8121-200,트레일,신발,240,HV8121-200(240),,136419176,여성,개,FA26,,2026-07-29,2026-07-29,"179,000.00","88,229.00","176,458.00",사용,38941,2,4,-4,1,8,0,0.0,0.0,0.0,0,0,2,0.0,0.0,198729192820,2
상품,신발(나이키),ACG 페가수스 트레일,HV8121-200,트레일,신발,245,HV8121-200(245),,136419176,여성,개,FA26,,2026-07-29,2026-07-29,"179,000.00","88,229.00","88,229.00",사용,38942,1,3,-3,1,6,0,0.0,0.0,0.0,0,0,1,0.0,0.0,198729215024,1
상품,신발(나이키),ACG 페가수스 트레일,HV8121-200,트레일,신발,250,HV8121-200(250),,136419176,여성,개,FA26,,2026-07-29,2026-07-29,"179,000.00","88,229.00","88,229.00",사용,38943,1,2,-2,1,5,0,0.0,0.0,0.0,0,0,1,0.0,0.0,198729193131,1
상품,신발(나이키),ACG 페가수스 트레일,HV8121-310,트레일,신발,230,HV8121-310(230),(여)페가수스 트레일,133410108,여성,개,SU26,,2026-04-10,2026-04-10,"179,000.00","88,229.00","88,229.00",사용,33556,1,3,-3,4,6,0,0.0,0.0,0.0,0,0,1,0.0,0.0,198958711182,1
상품,신발(나이키),ACG 페가수스 트레일,HV8121-310,트레일,신발,235,HV8121-310(235),(여)페가수스 트레일,133410108,여성,개,SU26,,2026-04-10,2026-04-10,"179,000.00","88,229.00","88,229.00",사용,33557,1,5,-5,4,9,0,0.0,0.0,0.0,0,0,1,0.0,0.0,198958710444,1
상품,신발(나이키),ACG 페가수스 트레일,HV8121-310,트레일,신발,240,HV8121-310(240),(여)페가수스 트레일,133410108,여성,개,SU26,,2026-04-10,2026-04-10,"179,000.00","88,229.00","176,458.00",사용,33558,2,9,-9,4,13,0,0.0,0.0,0.0,0,0,2,0.0,0.0,198958712745,2
상품,신발(나이키),ACG 페가수스 트레일,HV8121-310,트레일,신발,245,HV8121-310(245),(여)페가수스 트레일,133410108,여성,개,SU26,,2026-04-10,2026-04-10,"179,000.00","88,229.00","176,458.00",사용,33559,2,7,-7,4,13,0,0.0,0.0,0.0,0,0,2,0.0,0.0,198958713629,2
상품,신발(나이키),ACG 페가수스 트레일,HV8121-310,트레일,신발,250,HV8121-310(250),(여)페가수스 트레일,133410108,여성,개,SU26,,2026-04-10,2026-04-10,"179,000.00","88,229.00","88,229.00",사용,33560,1,4,-4,4,7,0,0.0,0.0,0.0,0,0,1,0.0,0.0,198958710208,1
상품,신발(나이키),보메로 플러스,HV8150-002,로드,신발,280,HV8150-002(280),,,남성,개,FA25,,2025-08-08,2025-08-08,"219,000.00","103,016.00","103,016.00",사용,21380,1,0,0,12,2,0,0.0,0.0,0.0,0,0,1,0.0,0.0,198481441471,1
상품,신발(나이키),보메로 플러스,HV8150-002,로드,신발,285,HV8150-002(285),,,남성,개,FA25,,2025-08-08,2025-08-08,"219,000.00","103,016.00","103,016.00",사용,21381,1,0,0,12,1,0,0.0,0.0,0.0,0,0,1,0.0,0.0,198481398607,1
상품,신발(나이키),보메로 플러스,HV8150-003,로드,신발,250,HV8150-003(250),,135511526,남성,개,FA26,,2026-07-07,2026-07-07,"219,000.00","107,945.00","107,945.00",사용,21416,1,1,-1,1,7,1,14.2,1.7,0.4,0,0,1,1.7,0.4,198481245703,1
상품,신발(나이키),보메로 플러스,HV8150-003,로드,신발,255,HV8150-003(255),,135511526,남성,개,SP26,,2026-01-12,2026-01-12,"219,000.00","103,016.00","103,016.00",사용,21417,1,0,0,7,7,0,0.0,0.0,0.0,0,0,3,0.0,0.0,198481434640,1
상품,신발(나이키),보메로 플러스,HV8150-003,로드,신발,255,HV8150-003(255),,135511526,남성,개,FA26,,2026-07-07,2026-07-07,"219,000.00","107,945.00","215,890.00",사용,21417,2,0,0,1,10,2,20.0,1.7,0.4,0,0,3,2.5,0.6,198481434640,2
상품,신발(나이키),보메로 플러스,HV8150-003,로드,신발,260,HV8150-003(260),,135511526,남성,개,FA26,,2026-07-07,2026-07-07,"219,000.00","107,945.00","323,835.00",사용,21418,3,0,0,1,21,4,19.0,1.2,0.3,0,0,3,1.2,0.3,198481397341,3
상품,신발(나이키),보메로 플러스,HV8150-003,로드,신발,265,HV8150-003(265),,135511526,남성,개,FA26,,2026-07-07,2026-07-07,"219,000.00","107,945.00","431,780.00",사용,21419,4,5,-5,1,28,9,32.1,0.7,0.1,0,0,4,0.7,0.1,198481417438,4
상품,신발(나이키),보메로 플러스,HV8150-003,로드,신발,270,HV8150-003(270),,135511526,남성,개,FA26,,2026-07-07,2026-07-07,"219,000.00","107,945.00","539,725.00",사용,21420,5,6,-6,1,33,1,3.0,8.5,2.0,0,0,5,8.5,2.0,198481414314,5
상품,신발(나이키),보메로 플러스,HV8150-003,로드,신발,275,HV8150-003(275),,135511526,남성,개,FA26,,2026-07-07,2026-07-07,"219,000.00","107,945.00","431,780.00",사용,21421,4,2,-2,1,24,3,12.5,2.2,0.5,0,0,4,2.2,0.5,198481142200,4
상품,신발(나이키),보메로 플러스,HV8150-003,로드,신발,280,HV8150-003(280),,135511526,남성,개,FA26,,2026-07-07,2026-07-07,"219,000.00","107,945.00","323,835.00",사용,21422,3,1,-1,1,14,2,14.2,2.5,0.6,0,0,3,2.5,0.6,198481469871,3
상품,신발(나이키),보메로 플러스,HV8150-003,로드,신발,285,HV8150-003(285),,135511526,남성,개,FA26,,2026-07-07,2026-07-07,"219,000.00","107,945.00","107,945.00",사용,21423,1,2,-2,1,8,2,25.0,0.8,0.2,0,0,1,0.8,0.2,198481353538,1
상품,신발(나이키),보메로 플러스,HV8150-003,로드,신발,290,HV8150-003(290),,135511526,남성,개,FA26,,2026-07-07,2026-07-07,"219,000.00","107,945.00","107,945.00",사용,21424,1,0,0,1,3,0,0.0,0.0,0.0,0,0,1,0.0,0.0,198481501816,1
상품,신발(나이키),보메로 플러스,HV8150-004,로드,신발,280,HV8150-004(280),,,남성,개,FA25,,2025-07-25,2025-07-25,"219,000.00","103,016.00","103,016.00",사용,21170,1,0,0,13,7,0,0.0,0.0,0.0,0,0,1,0.0,0.0,198483483288,1
상품,신발(나이키),보메로 플러스,HV8150-009,로드,신발,285,HV8150-009(285),,,남성,개,SP26,,2026-01-12,2026-01-12,"219,000.00","103,016.00","103,016.00",사용,28372,1,0,0,7,2,0,0.0,0.0,0.0,0,0,1,0.0,0.0,198487988031,1
상품,신발(나이키),보메로 플러스,HV8150-017,로드,신발,260,HV8150-017(260),,136418969,남성,개,FA26,,2026-07-29,2026-07-29,"219,000.00","107,945.00","107,945.00",사용,38097,1,1,-1,1,3,1,33.3,1.7,0.4,0,0,1,1.7,0.4,198959605565,1
상품,신발(나이키),보메로 플러스,HV8150-017,로드,신발,265,HV8150-017(265),,136418969,남성,개,FA26,,2026-07-29,2026-07-29,"219,000.00","107,945.00","107,945.00",사용,38098,1,2,-2,1,6,2,33.3,0.8,0.2,0,0,1,0.8,0.2,198959404014,1
상품,신발(나이키),보메로 플러스,HV8150-017,로드,신발,270,HV8150-017(270),,136418969,남성,개,FA26,,2026-07-29,2026-07-29,"219,000.00","107,945.00","107,945.00",사용,38099,1,3,-3,1,7,2,28.5,0.8,0.2,0,0,1,0.8,0.2,198959714830,1
상품,신발(나이키),보메로 플러스,HV8150-017,로드,신발,275,HV8150-017(275),,136418969,남성,개,FA26,,2026-07-29,2026-07-29,"219,000.00","107,945.00","107,945.00",사용,38100,1,2,-2,1,5,1,20.0,1.7,0.4,0,0,1,1.7,0.4,198959520028,1
상품,신발(나이키),보메로 플러스,HV8150-017,로드,신발,280,HV8150-017(280),,136418969,남성,개,FA26,,2026-07-29,2026-07-29,"219,000.00","107,945.00","107,945.00",사용,38101,1,1,-1,1,3,0,0.0,0.0,0.0,0,0,1,0.0,0.0,198959712577,1
상품,신발(나이키),보메로 플러스,HV8150-102,로드,신발,250,HV8150-102(250),,133833694,남성,개,SU26,,2026-04-03,2026-06-09,"219,000.00","107,945.00","107,945.00",사용,21395,1,2,-2,4,6,0,0.0,0.0,0.0,0,0,2,0.0,0.0,198481359868,1
상품,신발(나이키),보메로 플러스,HV8150-102,로드,신발,250,HV8150-102(250),,133833694,남성,개,FA26,,2026-07-07,2026-07-07,"219,000.00","107,945.00","107,945.00",사용,21395,1,2,-2,1,6,0,0.0,0.0,0.0,0,0,2,0.0,0.0,198481359868,1
상품,신발(나이키),보메로 플러스,HV8150-102,로드,신발,255,HV8150-102(255),,133833694,남성,개,SU26,,2026-04-03,2026-06-09,"219,000.00","107,945.00","107,945.00",사용,21396,1,3,-3,4,8,0,0.0,0.0,0.0,0,0,3,0.0,0.0,198481421497,1
상품,신발(나이키),보메로 플러스,HV8150-102,로드,신발,255,HV8150-102(255),,133833694,남성,개,FA26,,2026-07-07,2026-07-07,"219,000.00","107,945.00","215,890.00",사용,21396,2,3,-3,1,8,0,0.0,0.0,0.0,0,0,3,0.0,0.0,198481421497,2
상품,신발(나이키),보메로 플러스,HV8150-102,로드,신발,260,HV8150-102(260),,133833694,남성,개,SU26,,2026-04-03,2026-06-09,"219,000.00","107,945.00","215,890.00",사용,21397,2,9,-9,4,17,0,0.0,0.0,0.0,0,0,5,0.0,0.0,198481469147,2
상품,신발(나이키),보메로 플러스,HV8150-102,로드,신발,260,HV8150-102(260),,133833694,남성,개,FA26,,2026-07-07,2026-07-07,"219,000.00","107,945.00","323,835.00",사용,21397,3,9,-9,1,16,0,0.0,0.0,0.0,0,0,5,0.0,0.0,198481469147,3
상품,신발(나이키),보메로 플러스,HV8150-102,로드,신발,265,HV8150-102(265),,133833694,남성,개,SU26,,2026-04-03,2026-06-09,"219,000.00","107,945.00","431,780.00",사용,21398,4,13,-13,4,23,0,0.0,0.0,0.0,0,0,8,0.0,0.0,198481429691,4
상품,신발(나이키),보메로 플러스,HV8150-102,로드,신발,265,HV8150-102(265),,133833694,남성,개,FA26,,2026-07-07,2026-07-07,"219,000.00","107,945.00","431,780.00",사용,21398,4,13,-13,1,23,0,0.0,0.0,0.0,0,0,8,0.0,0.0,198481429691,4
상품,신발(나이키),보메로 플러스,HV8150-102,로드,신발,270,HV8150-102(270),,133833694,남성,개,SU26,,2026-04-03,2026-06-09,"219,000.00","107,945.00","431,780.00",사용,21399,4,15,-15,4,26,0,0.0,0.0,0.0,0,0,8,0.0,0.0,198481340880,4
상품,신발(나이키),보메로 플러스,HV8150-102,로드,신발,270,HV8150-102(270),,133833694,남성,개,FA26,,2026-07-07,2026-07-07,"219,000.00","107,945.00","431,780.00",사용,21399,4,15,-15,1,25,2,8.0,3.4,0.8,0,0,8,6.8,1.6,198481340880,4
상품,신발(나이키),보메로 플러스,HV8150-102,로드,신발,275,HV8150-102(275),,133833694,남성,개,SU26,,2026-04-03,2026-06-09,"219,000.00","107,945.00","431,780.00",사용,21400,4,13,-13,4,20,0,0.0,0.0,0.0,0,0,7,0.0,0.0,198481456338,4
상품,신발(나이키),보메로 플러스,HV8150-102,로드,신발,275,HV8150-102(275),,133833694,남성,개,FA26,,2026-07-07,2026-07-07,"219,000.00","107,945.00","323,835.00",사용,21400,3,13,-13,1,19,0,0.0,0.0,0.0,0,0,7,0.0,0.0,198481456338,3
상품,신발(나이키),보메로 플러스,HV8150-102,로드,신발,280,HV8150-102(280),,133833694,남성,개,SU26,,2026-04-03,2026-06-09,"219,000.00","107,945.00","323,835.00",사용,21401,3,7,-7,4,11,0,0.0,0.0,0.0,0,0,5,0.0,0.0,198481567904,3
상품,신발(나이키),보메로 플러스,HV8150-102,로드,신발,280,HV8150-102(280),,133833694,남성,개,FA26,,2026-07-07,2026-07-07,"219,000.00","107,945.00","215,890.00",사용,21401,2,7,-7,1,12,0,0.0,0.0,0.0,0,0,5,0.0,0.0,198481567904,2
상품,신발(나이키),보메로 플러스,HV8150-102,로드,신발,285,HV8150-102(285),,133833694,남성,개,SU26,,2026-04-03,2026-06-09,"219,000.00","107,945.00","107,945.00",사용,21402,1,5,-5,4,6,0,0.0,0.0,0.0,0,0,2,0.0,0.0,198481422326,1
상품,신발(나이키),보메로 플러스,HV8150-102,로드,신발,285,HV8150-102(285),,133833694,남성,개,FA26,,2026-07-07,2026-07-07,"219,000.00","107,945.00","107,945.00",사용,21402,1,5,-5,1,6,0,0.0,0.0,0.0,0,0,2,0.0,0.0,198481422326,1
상품,신발(나이키),보메로 플러스,HV8150-102,로드,신발,290,HV8150-102(290),,133833694,남성,개,FA26,,2026-07-07,2026-07-07,"219,000.00","107,945.00","107,945.00",사용,21403,1,0,0,1,3,0,0.0,0.0,0.0,0,0,1,0.0,0.0,198481269341,1
상품,신발(나이키),보메로 플러스,HV8150-120,로드,신발,260,HV8150-120(260),,,남성,개,SP26,,2026-01-27,2026-01-27,"219,000.00","103,016.00","103,016.00",사용,28388,1,0,0,7,3,0,0.0,0.0,0.0,0,0,1,0.0,0.0,198488001227,1
상품,신발(나이키),보메로 플러스,HV8150-120,로드,신발,265,HV8150-120(265),,,남성,개,SP26,,2026-01-27,2026-01-27,"219,000.00","103,016.00","103,016.00",사용,28389,1,0,0,7,4,0,0.0,0.0,0.0,0,0,1,0.0,0.0,198487997132,1
상품,신발(나이키),보메로 플러스,HV8150-120,로드,신발,270,HV8150-120(270),,,남성,개,SP26,,2026-01-27,2026-01-27,"219,000.00","103,016.00","103,016.00",사용,28390,1,0,0,7,5,0,0.0,0.0,0.0,0,0,1,0.0,0.0,198487994902,1
상품,신발(나이키),보메로 플러스,HV8150-120,로드,신발,275,HV8150-120(275),,,남성,개,SP26,,2026-01-27,2026-01-27,"219,000.00","103,016.00","103,016.00",사용,28391,1,0,0,7,3,0,0.0,0.0,0.0,0,0,1,0.0,0.0,198487999624,1
상품,신발(나이키),보메로 플러스,HV8150-300,로드,신발,255,HV8150-300(255),,,남성,개,HO25,,2025-09-29,2025-09-26,"219,000.00","103,016.00","103,016.00",사용,25343,1,0,0,11,2,0,0.0,0.0,0.0,0,0,1,0.0,0.0,198483527814 ,1
상품,신발(나이키),보메로 플러스,HV8150-300,로드,신발,260,HV8150-300(260),,,남성,개,HO25,,2025-09-29,2025-09-26,"219,000.00","103,016.00","103,016.00",사용,25344,1,0,0,11,3,0,0.0,0.0,0.0,0,0,1,0.0,0.0,198483530791 ,1
상품,신발(나이키),보메로 플러스,HV8154-001,로드,신발,230,HV8154-001(230),,135700510,"남,여",개,SU26,,2026-04-03,2026-04-03,"219,000.00","107,945.00","215,890.00",사용,21027,2,2,-2,4,10,0,0.0,0.0,0.0,0,0,4,0.0,0.0,198481460700,2
상품,신발(나이키),보메로 플러스,HV8154-001,로드,신발,230,HV8154-001(230),,135700510,"남,여",개,FA26,,2026-07-07,2026-07-07,"219,000.00","107,945.00","215,890.00",사용,21027,2,2,-2,1,9,0,0.0,0.0,0.0,0,0,4,0.0,0.0,198481460700,2
상품,신발(나이키),보메로 플러스,HV8154-001,로드,신발,235,HV8154-001(235),,135700510,"남,여",개,SP26,,2026-01-12,2026-01-12,"219,000.00","103,016.00","103,016.00",사용,21028,1,8,-8,7,7,0,0.0,0.0,0.0,0,0,5,0.0,0.0,198481530793,1
상품,신발(나이키),보메로 플러스,HV8154-001,로드,신발,235,HV8154-001(235),,135700510,"남,여",개,SU26,,2026-04-03,2026-04-03,"219,000.00","107,945.00","107,945.00",사용,21028,1,8,-8,4,20,0,0.0,0.0,0.0,0,0,5,0.0,0.0,198481530793,1
상품,신발(나이키),보메로 플러스,HV8154-001,로드,신발,235,HV8154-001(235),,135700510,"남,여",개,FA26,,2026-07-07,2026-07-07,"219,000.00","107,945.00","323,835.00",사용,21028,3,8,-8,1,16,1,6.2,5.1,1.2,0,0,5,8.5,2.0,198481530793,3
상품,신발(나이키),보메로 플러스,HV8154-001,로드,신발,240,HV8154-001(240),,135700510,"남,여",개,SU26,,2026-04-03,2026-04-03,"219,000.00","107,945.00","215,890.00",사용,21029,2,13,-13,4,28,0,0.0,0.0,0.0,0,0,6,0.0,0.0,198481334834,2
상품,신발(나이키),보메로 플러스,HV8154-001,로드,신발,240,HV8154-001(240),,135700510,"남,여",개,FA26,,2026-07-07,2026-07-07,"219,000.00","107,945.00","431,780.00",사용,21029,4,13,-13,1,23,3,13.0,2.2,0.5,0,0,6,3.4,0.8,198481334834,4
상품,신발(나이키),보메로 플러스,HV8154-001,로드,신발,245,HV8154-001(245),,135700510,"남,여",개,SP26,,2026-01-12,2026-01-12,"219,000.00","103,016.00","103,016.00",사용,21030,1,4,-4,7,9,0,0.0,0.0,0.0,0,0,5,0.0,0.0,198481444892,1
상품,신발(나이키),보메로 플러스,HV8154-001,로드,신발,245,HV8154-001(245),,135700510,"남,여",개,SU26,,2026-04-03,2026-04-03,"219,000.00","107,945.00","107,945.00",사용,21030,1,4,-4,4,22,0,0.0,0.0,0.0,0,0,5,0.0,0.0,198481444892,1
상품,신발(나이키),보메로 플러스,HV8154-001,로드,신발,245,HV8154-001(245),,135700510,"남,여",개,FA26,,2026-07-07,2026-07-07,"219,000.00","107,945.00","323,835.00",사용,21030,3,4,-4,1,16,2,12.5,2.5,0.6,0,0,5,4.2,1.0,198481444892,3
상품,신발(나이키),보메로 플러스,HV8154-001,로드,신발,250,HV8154-001(250),,135700510,"남,여",개,SP26,,2026-01-12,2026-01-12,"219,000.00","103,016.00","206,032.00",사용,21031,2,3,-3,7,5,0,0.0,0.0,0.0,0,0,6,0.0,0.0,198481416448,2
상품,신발(나이키),보메로 플러스,HV8154-001,로드,신발,250,HV8154-001(250),,135700510,"남,여",개,SU26,,2026-04-03,2026-04-03,"219,000.00","107,945.00","215,890.00",사용,21031,2,3,-3,4,15,1,6.6,3.4,0.8,0,0,6,10.2,2.4,198481416448,2
상품,신발(나이키),보메로 플러스,HV8154-001,로드,신발,250,HV8154-001(250),,135700510,"남,여",개,FA26,,2026-07-07,2026-07-07,"219,000.00","107,945.00","215,890.00",사용,21031,2,3,-3,1,11,2,18.1,1.7,0.4,0,0,6,5.1,1.2,198481416448,2
상품,신발(나이키),보메로 플러스,HV8154-001,로드,신발,255,HV8154-001(255),,135700510,"남,여",개,SU26,,2026-04-03,2026-04-03,"219,000.00","107,945.00","107,945.00",사용,21032,1,3,-3,4,5,0,0.0,0.0,0.0,0,0,2,0.0,0.0,198481318650,1
상품,신발(나이키),보메로 플러스,HV8154-001,로드,신발,255,HV8154-001(255),,135700510,"남,여",개,FA26,,2026-07-07,2026-07-07,"219,000.00","107,945.00","107,945.00",사용,21032,1,3,-3,1,5,0,0.0,0.0,0.0,0,0,2,0.0,0.0,198481318650,1
상품,신발(나이키),보메로 플러스,HV8154-102,로드,신발,230,HV8154-102(230),,133833709,여성,개,SU26,,2026-04-03,2026-04-03,"219,000.00","107,945.00","107,945.00",사용,21006,1,0,0,4,10,0,0.0,0.0,0.0,0,0,1,0.0,0.0,198481563135,1
상품,신발(나이키),보메로 플러스,HV8154-102,로드,신발,235,HV8154-102(235),,133833709,여성,개,SU26,,2026-04-03,2026-04-03,"219,000.00","107,945.00","215,890.00",사용,21007,2,0,0,4,20,0,0.0,0.0,0.0,0,0,2,0.0,0.0,198481389285,2
상품,신발(나이키),보메로 플러스,HV8154-102,로드,신발,240,HV8154-102(240),,133833709,여성,개,SU26,,2026-04-03,2026-04-03,"219,000.00","107,945.00","215,890.00",사용,21008,2,0,0,4,28,3,10.7,1.1,0.2,0,0,2,1.1,0.2,198481496617,2
상품,신발(나이키),보메로 플러스,HV8154-102,로드,신발,245,HV8154-102(245),,133833709,여성,개,SU26,,2026-04-03,2026-04-03,"219,000.00","107,945.00","215,890.00",사용,21009,2,0,0,4,22,0,0.0,0.0,0.0,0,0,2,0.0,0.0,198481525782,2
상품,신발(나이키),보메로 플러스,HV8154-102,로드,신발,250,HV8154-102(250),,133833709,여성,개,SU26,,2026-04-03,2026-04-03,"219,000.00","107,945.00","215,890.00",사용,21010,2,0,0,4,15,0,0.0,0.0,0.0,0,0,2,0.0,0.0,198481570317,2
상품,신발(나이키),보메로 플러스,HV8154-109,로드,신발,230,HV8154-109(230),,136418966,여성,개,FA26,,2026-07-29,2026-07-29,"219,000.00","107,945.00","215,890.00",사용,38531,2,4,-4,1,9,0,0.0,0.0,0.0,0,0,2,0.0,0.0,198959402096,2
상품,신발(나이키),보메로 플러스,HV8154-109,로드,신발,235,HV8154-109(235),,136418966,여성,개,FA26,,2026-07-29,2026-07-29,"219,000.00","107,945.00","323,835.00",사용,38532,3,7,-7,1,16,1,6.2,5.1,1.2,0,0,3,5.1,1.2,198959395244,3
상품,신발(나이키),보메로 플러스,HV8154-109,로드,신발,240,HV8154-109(240),,136418966,여성,개,FA26,,2026-07-29,2026-07-29,"219,000.00","107,945.00","539,725.00",사용,38533,5,11,-11,1,23,1,4.3,8.5,2.0,0,0,5,8.5,2.0,198959533592,5
상품,신발(나이키),보메로 플러스,HV8154-109,로드,신발,245,HV8154-109(245),,136418966,여성,개,FA26,,2026-07-29,2026-07-29,"219,000.00","107,945.00","323,835.00",사용,38534,3,7,-7,1,16,2,12.5,2.5,0.6,0,0,3,2.5,0.6,198959369054,3
상품,신발(나이키),보메로 플러스,HV8154-109,로드,신발,250,HV8154-109(250),,136418966,여성,개,FA26,,2026-07-29,2026-07-29,"219,000.00","107,945.00","215,890.00",사용,38535,2,6,-6,1,11,0,0.0,0.0,0.0,0,0,2,0.0,0.0,198959718630,2
상품,신발(나이키),보메로 플러스,HV8154-109,로드,신발,255,HV8154-109(255),,136418966,여성,개,FA26,,2026-07-29,2026-07-29,"219,000.00","107,945.00","107,945.00",사용,38536,1,2,-2,1,5,0,0.0,0.0,0.0,0,0,1,0.0,0.0,198959502192,1
상품,신발(나이키),보메로 플러스,HV8154-504,로드,신발,230,HV8154-504(230),,136418963,여성,개,FA26,,2026-07-29,2026-07-29,"219,000.00","107,945.00","107,945.00",사용,38509,1,2,-2,1,4,1,25.0,1.7,0.4,0,0,1,1.7,0.4,198959393783,1
상품,신발(나이키),보메로 플러스,HV8154-504,로드,신발,235,HV8154-504(235),,136418963,여성,개,FA26,,2026-07-29,2026-07-29,"219,000.00","107,945.00","215,890.00",사용,38510,2,4,-4,1,8,0,0.0,0.0,0.0,0,0,2,0.0,0.0,198959372740,2
상품,신발(나이키),보메로 플러스,HV8154-504,로드,신발,240,HV8154-504(240),,136418963,여성,개,FA26,,2026-07-29,2026-07-29,"219,000.00","107,945.00","215,890.00",사용,38511,2,6,-6,1,12,0,0.0,0.0,0.0,0,0,2,0.0,0.0,198959719927,2
상품,신발(나이키),보메로 플러스,HV8154-504,로드,신발,245,HV8154-504(245),,136418963,여성,개,FA26,,2026-07-29,2026-07-29,"219,000.00","107,945.00","215,890.00",사용,38512,2,4,-4,1,9,0,0.0,0.0,0.0,0,0,2,0.0,0.0,198959502086,2
상품,신발(나이키),보메로 플러스,HV8154-504,로드,신발,250,HV8154-504(250),,136418963,여성,개,FA26,,2026-07-29,2026-07-29,"219,000.00","107,945.00","107,945.00",사용,38513,1,2,-2,1,5,0,0.0,0.0,0.0,0,0,1,0.0,0.0,198959381841,1
상품,신발(나이키),보메로 플러스,HV8154-601,로드,신발,230,HV8154-601(230),,,여성,개,FA25,,2025-07-30,2025-07-30,"219,000.00","103,016.00","103,016.00",사용,20985,1,0,0,13,4,0,0.0,0.0,0.0,0,0,1,0.0,0.0,198481532728,1
상품,의류(나이키),스위프트 드라이 핏 UV 쿼터집 탑,HV8922-499,긴팔티셔츠,의류,L,HV8922-499(L),,131779002,여성,개,HO25,,2025-09-29,2025-09-26,"105,000.00","47,586.00","47,586.00",사용,25795,1,0,0,11,4,0,0.0,0.0,0.0,0,0,1,0.0,0.0,198484534347 ,1
상품,의류(나이키),스위프트 드라이 핏 UV 쿼터집 탑,HV8922-499,긴팔티셔츠,의류,M,HV8922-499(M),,131779002,여성,개,HO25,,2025-09-29,2025-09-26,"105,000.00","47,586.00","47,586.00",사용,25794,1,0,0,11,6,0,0.0,0.0,0.0,0,0,1,0.0,0.0,198484532664 ,1
상품,의류(아디다스),아디제로 아카이브 러닝 재킷,HZ3692,재킷,의류,L,HZ3692(L),,132875757,남성,개,26SS,,2026-02-20,2026-02-20,"159,000.00","79,500.00","159,000.00",사용,27095,2,4,-4,6,10,0,0.0,0.0,0.0,0,0,2,0.0,0.0,4068808390910,2
상품,의류(아디다스),아디제로 아카이브 러닝 재킷,HZ3692,재킷,의류,M,HZ3692(M),,132875757,남성,개,26SS,,2026-02-20,2026-02-20,"159,000.00","79,500.00","79,500.00",사용,27094,1,0,0,6,5,1,20.0,1.7,0.4,0,0,1,1.7,0.4,4068808390934,1
상품,의류(아디다스),아디제로 아카이브 러닝 재킷,HZ3692,재킷,의류,XL,HZ3692(XL),,132875757,남성,개,26SS,,2026-02-20,2026-02-20,"159,000.00","79,500.00","159,000.00",사용,27096,2,3,-3,6,9,0,0.0,0.0,0.0,0,0,2,0.0,0.0,4068808390958,2
상품,의류(아디다스),아디제로 아카이브 러닝 재킷,HZ3692,재킷,의류,XXL,HZ3692(XXL),,132875757,남성,개,26SS,,2026-02-20,2026-02-20,"159,000.00","79,500.00","79,500.00",사용,27097,1,1,-1,6,5,0,0.0,0.0,0.0,0,0,1,0.0,0.0,4068808390927,1
상품,의류(아디다스),아디제로 아카이브 러닝 재킷,HZ3696,재킷,의류,L,HZ3696(L),,132875756,여성,개,26SS,,2026-02-20,2026-02-20,"159,000.00","79,500.00","79,500.00",사용,27143,1,1,-1,6,3,0,0.0,0.0,0.0,0,0,1,0.0,0.0,4068808390743,1
상품,의류(아디다스),아디제로 아카이브 러닝 재킷,HZ3696,재킷,의류,M,HZ3696(M),,132875756,여성,개,26SS,,2026-02-20,2026-02-20,"159,000.00","79,500.00","79,500.00",사용,27142,1,0,0,6,5,0,0.0,0.0,0.0,0,0,1,0.0,0.0,4068808387095,1
상품,의류(아디다스),아디제로 아카이브 러닝 재킷,HZ3696,재킷,의류,S,HZ3696(S),,132875756,여성,개,26SS,,2026-02-20,2026-02-20,"159,000.00","79,500.00","79,500.00",사용,27141,1,1,-1,6,6,0,0.0,0.0,0.0,0,0,1,0.0,0.0,4068808387088,1
상품,용품(나이키ACC),NIKE DRI-FIT FURY CLASSIC HEADBAND UNIVERSITY RED/WHITE,IB0351-681,기타,용품,1SIZE,IB0351-681(1SIZE),,,공용,개,SU25,,,,"21,000.00",0.00,0.00,사용,17959,1,0,0,0,0,0,0.0,0.0,0.0,0,0,1,0.0,0.0,197860464384,1
상품,용품(나이키ACC),드라이핏 퓨리 엘레베이트 헤드밴드,IB0355-001,기타,용품,1SIZE,IB0355-001(1SIZE),,135951180,공용,개,FA26,,2026-07-20,2026-07-20,"23,000.00","10,810.00","183,770.00",사용,34211,17,30,-30,1,78,16,20.5,1.8,0.4,0,2,15,1.6,0.3,197860464391,17
상품,신발(나이키),페가수스 42,IB1873-003,로드,신발,250,IB1873-003(250),,133489193,남성,개,SU26,,2026-04-30,2026-04-30,"169,000.00","83,300.00","166,600.00",사용,33287,2,0,0,4,13,1,7.6,3.4,0.8,0,0,2,3.4,0.8,198730398198,2
상품,신발(나이키),페가수스 42,IB1873-003,로드,신발,255,IB1873-003(255),,133489193,남성,개,SU26,,2026-04-30,2026-04-30,"169,000.00","83,300.00","166,600.00",사용,33288,2,3,-3,4,23,0,0.0,0.0,0.0,0,0,2,0.0,0.0,198730383088,2
상품,신발(나이키),페가수스 42,IB1873-003,로드,신발,260,IB1873-003(260),,133489193,남성,개,SU26,,2026-04-30,2026-04-30,"169,000.00","83,300.00","249,900.00",사용,33289,3,0,0,4,34,0,0.0,0.0,0.0,0,0,3,0.0,0.0,198730405896,3
상품,신발(나이키),페가수스 42,IB1873-003,로드,신발,265,IB1873-003(265),,133489193,남성,개,SU26,,2026-04-30,2026-04-30,"169,000.00","83,300.00","666,400.00",사용,33290,8,6,-6,4,50,1,2.0,13.7,3.2,0,0,8,13.7,3.2,198730400983,8
상품,신발(나이키),페가수스 42,IB1873-003,로드,신발,270,IB1873-003(270),,133489193,남성,개,SU26,,2026-04-30,2026-04-30,"169,000.00","83,300.00","749,700.00",사용,33291,9,9,-9,4,55,0,0.0,0.0,0.0,0,0,9,0.0,0.0,198730397184,9
상품,신발(나이키),페가수스 42,IB1873-003,로드,신발,275,IB1873-003(275),,133489193,남성,개,SU26,,2026-04-30,2026-04-30,"169,000.00","83,300.00","499,800.00",사용,33292,6,0,0,4,44,0,0.0,0.0,0.0,0,0,6,0.0,0.0,198730383019,6
상품,신발(나이키),페가수스 42,IB1873-003,로드,신발,280,IB1873-003(280),,133489193,남성,개,SU26,,2026-04-30,2026-04-30,"169,000.00","83,300.00","333,200.00",사용,33293,4,3,-3,4,23,0,0.0,0.0,0.0,0,0,4,0.0,0.0,198730392011,4
상품,신발(나이키),페가수스 42,IB1873-003,로드,신발,285,IB1873-003(285),,133489193,남성,개,SU26,,2026-04-30,2026-04-30,"169,000.00","83,300.00","166,600.00",사용,33294,2,0,0,4,13,0,0.0,0.0,0.0,0,0,2,0.0,0.0,198730405346,2
상품,신발(나이키),페가수스 42,IB1873-101,로드,신발,250,IB1873-101(250),,135700542,남성,개,FA26,,2026-07-07,2026-07-07,"169,000.00","83,300.00","83,300.00",사용,38293,1,1,-1,1,5,0,0.0,0.0,0.0,0,0,1,0.0,0.0,198729721365,1
상품,신발(나이키),페가수스 42,IB1873-101,로드,신발,255,IB1873-101(255),,135700542,남성,개,FA26,,2026-07-07,2026-07-07,"169,000.00","83,300.00","166,600.00",사용,38294,2,6,-6,1,10,0,0.0,0.0,0.0,0,0,2,0.0,0.0,198729792211,2
상품,신발(나이키),페가수스 42,IB1873-101,로드,신발,260,IB1873-101(260),,135700542,남성,개,FA26,,2026-07-07,2026-07-07,"169,000.00","83,300.00","249,900.00",사용,38295,3,5,-5,1,14,3,21.4,1.7,0.4,0,0,3,1.7,0.4,198729884497,3
상품,신발(나이키),페가수스 42,IB1873-101,로드,신발,265,IB1873-101(265),,135700542,남성,개,FA26,,2026-07-07,2026-07-07,"169,000.00","83,300.00","333,200.00",사용,38296,4,13,-13,1,24,3,12.5,2.2,0.5,0,0,4,2.2,0.5,198729795618,4
상품,신발(나이키),페가수스 42,IB1873-101,로드,신발,270,IB1873-101(270),,135700542,남성,개,FA26,,2026-07-07,2026-07-07,"169,000.00","83,300.00","333,200.00",사용,38297,4,14,-14,1,25,2,8.0,3.4,0.8,0,0,4,3.4,0.8,198729778642,4
상품,신발(나이키),페가수스 42,IB1873-101,로드,신발,275,IB1873-101(275),,135700542,남성,개,FA26,,2026-07-07,2026-07-07,"169,000.00","83,300.00","333,200.00",사용,38298,4,11,-11,1,19,0,0.0,0.0,0.0,0,0,4,0.0,0.0,198729833365,4
상품,신발(나이키),페가수스 42,IB1873-101,로드,신발,280,IB1873-101(280),,135700542,남성,개,FA26,,2026-07-07,2026-07-07,"169,000.00","83,300.00","166,600.00",사용,38299,2,8,-8,1,12,1,8.3,3.4,0.8,0,0,2,3.4,0.8,198729839121,2
상품,신발(나이키),페가수스 42,IB1873-101,로드,신발,285,IB1873-101(285),,135700542,남성,개,FA26,,2026-07-07,2026-07-07,"169,000.00","83,300.00","83,300.00",사용,38300,1,3,-3,1,7,2,28.5,0.8,0.2,0,0,1,0.8,0.2,198729719515,1
상품,신발(나이키),페가수스 42,IB1873-101,로드,신발,290,IB1873-101(290),,135700542,남성,개,FA26,,2026-07-07,2026-07-07,"169,000.00","83,300.00","83,300.00",사용,38301,1,2,-2,1,4,0,0.0,0.0,0.0,0,0,1,0.0,0.0,198729793591,1
상품,신발(나이키),페가수스 42,IB1873-107,로드,신발,260,IB1873-107(260),,136418946,남성,개,FA26,,2026-07-29,2026-07-29,"169,000.00","83,300.00","83,300.00",사용,38317,1,2,-2,1,4,1,25.0,1.7,0.4,0,0,1,1.7,0.4,198960933206,1
상품,신발(나이키),페가수스 42,IB1873-107,로드,신발,265,IB1873-107(265),,136418946,남성,개,FA26,,2026-07-29,2026-07-29,"169,000.00","83,300.00","83,300.00",사용,38318,1,3,-3,1,6,0,0.0,0.0,0.0,0,0,1,0.0,0.0,198960883723,1
상품,신발(나이키),페가수스 42,IB1873-107,로드,신발,270,IB1873-107(270),,136418946,남성,개,FA26,,2026-07-29,2026-07-29,"169,000.00","83,300.00","83,300.00",사용,38319,1,2,-2,1,6,1,16.6,1.7,0.4,0,0,1,1.7,0.4,198960424445,1
상품,신발(나이키),페가수스 42,IB1873-107,로드,신발,275,IB1873-107(275),,136418946,남성,개,FA26,,2026-07-29,2026-07-29,"169,000.00","83,300.00","83,300.00",사용,38320,1,2,-2,1,5,0,0.0,0.0,0.0,0,0,1,0.0,0.0,198960705094,1
상품,신발(나이키),페가수스 42,IB1873-107,로드,신발,280,IB1873-107(280),,136418946,남성,개,FA26,,2026-07-29,2026-07-29,"169,000.00","83,300.00","83,300.00",사용,38321,1,1,-1,1,3,0,0.0,0.0,0.0,0,0,1,0.0,0.0,198960822487,1
상품,신발(나이키),페가수스 42,IB1873-110,로드,신발,250,IB1873-110(250),,133334271,남성,개,SU26,,2026-04-09,2026-04-09,"169,000.00","83,300.00","83,300.00",사용,33308,1,0,0,4,5,0,0.0,0.0,0.0,0,0,1,0.0,0.0,198729830920,1
상품,신발(나이키),페가수스 42,IB1873-110,로드,신발,255,IB1873-110(255),,133334271,남성,개,SU26,,2026-04-09,2026-04-09,"169,000.00","83,300.00","83,300.00",사용,33309,1,0,0,4,9,0,0.0,0.0,0.0,0,0,1,0.0,0.0,198729691743,1
상품,신발(나이키),페가수스 42,IB1873-110,로드,신발,260,IB1873-110(260),,133334271,남성,개,SU26,,2026-04-09,2026-04-09,"169,000.00","83,300.00","83,300.00",사용,33310,1,0,0,4,13,0,0.0,0.0,0.0,0,0,1,0.0,0.0,198729835901,1
상품,신발(나이키),페가수스 42,IB1873-110,로드,신발,270,IB1873-110(270),,133334271,남성,개,SU26,,2026-04-09,2026-04-09,"169,000.00","83,300.00","83,300.00",사용,33312,1,0,0,4,21,0,0.0,0.0,0.0,0,0,1,0.0,0.0,198729781277,1
상품,신발(나이키),페가수스 42,IB1873-110,로드,신발,275,IB1873-110(275),,133334271,남성,개,SU26,,2026-04-09,2026-04-09,"169,000.00","83,300.00","83,300.00",사용,33313,1,2,-2,4,17,0,0.0,0.0,0.0,0,0,1,0.0,0.0,198729714718,1
상품,신발(나이키),페가수스 42,IB1873-110,로드,신발,285,IB1873-110(285),,133334271,남성,개,SU26,,2026-04-09,2026-04-09,"169,000.00","83,300.00","83,300.00",사용,33315,1,0,0,4,5,0,0.0,0.0,0.0,0,0,1,0.0,0.0,198729809629,1
상품,신발(나이키),페가수스 42,IB1873-702,로드,신발,250,IB1873-702(250),,133327071,남성,개,SU26,,2026-04-07,2026-04-07,"169,000.00","83,300.00","83,300.00",사용,33350,1,0,0,4,2,0,0.0,0.0,0.0,0,0,1,0.0,0.0,198729728654,1
상품,신발(나이키),페가수스 42,IB1873-702,로드,신발,255,IB1873-702(255),,133327071,남성,개,SU26,,2026-04-07,2026-04-07,"169,000.00","83,300.00","83,300.00",사용,33351,1,0,0,4,2,0,0.0,0.0,0.0,0,0,1,0.0,0.0,198729853943,1
상품,신발(나이키),페가수스 42,IB1873-702,로드,신발,265,IB1873-702(265),,133327071,남성,개,SU26,,2026-04-07,2026-04-07,"169,000.00","83,300.00","83,300.00",사용,33353,1,0,0,4,6,0,0.0,0.0,0.0,0,0,1,0.0,0.0,198729875136,1
상품,신발(나이키),페가수스 42,IB1873-702,로드,신발,270,IB1873-702(270),,133327071,남성,개,SU26,,2026-04-07,2026-04-07,"169,000.00","83,300.00","83,300.00",사용,33354,1,0,0,4,6,0,0.0,0.0,0.0,0,0,1,0.0,0.0,198729872258,1
상품,신발(나이키),페가수스 42,IB1873-702,로드,신발,280,IB1873-702(280),,133327071,남성,개,SU26,,2026-04-07,2026-04-07,"169,000.00","83,300.00","83,300.00",사용,33356,1,0,0,4,3,0,0.0,0.0,0.0,0,0,1,0.0,0.0,198729855862,1
상품,신발(나이키),페가수스 42,IB1881-002,로드,신발,230,IB1881-002(230),,133327043,여성,개,SU26,,2026-04-03,2026-04-03,"169,000.00","83,300.00","83,300.00",사용,33409,1,4,-4,4,7,0,0.0,0.0,0.0,0,0,1,0.0,0.0,198730395104,1
상품,신발(나이키),페가수스 42,IB1881-002,로드,신발,235,IB1881-002(235),,133327043,여성,개,SU26,,2026-04-03,2026-04-03,"169,000.00","83,300.00","166,600.00",사용,33410,2,1,-1,4,12,0,0.0,0.0,0.0,0,0,2,0.0,0.0,198730389691,2
상품,신발(나이키),페가수스 42,IB1881-002,로드,신발,240,IB1881-002(240),,133327043,여성,개,SU26,,2026-04-03,2026-04-03,"169,000.00","83,300.00","83,300.00",사용,33411,1,4,-4,4,15,0,0.0,0.0,0.0,0,0,1,0.0,0.0,198730383958,1
상품,신발(나이키),페가수스 42,IB1881-002,로드,신발,245,IB1881-002(245),,133327043,여성,개,SU26,,2026-04-03,2026-04-03,"169,000.00","83,300.00","166,600.00",사용,33412,2,8,-8,4,15,0,0.0,0.0,0.0,0,0,2,0.0,0.0,198730391267,2
상품,신발(나이키),페가수스 42,IB1881-002,로드,신발,250,IB1881-002(250),,133327043,여성,개,SU26,,2026-04-03,2026-04-03,"169,000.00","83,300.00","83,300.00",사용,33413,1,3,-3,4,8,0,0.0,0.0,0.0,0,0,1,0.0,0.0,198730387055,1
상품,신발(나이키),페가수스 42,IB1881-002,로드,신발,255,IB1881-002(255),,133327043,여성,개,SU26,,2026-04-03,2026-04-03,"169,000.00","83,300.00","83,300.00",사용,33414,1,0,0,4,3,0,0.0,0.0,0.0,0,0,1,0.0,0.0,198730400280,1
상품,신발(나이키),페가수스 42,IB1881-003,로드,신발,230,IB1881-003(230),,133564916,여성,개,SU26,,2026-05-12,2026-05-12,"169,000.00","83,300.00","166,600.00",사용,33430,2,2,-2,3,10,0,0.0,0.0,0.0,0,0,2,0.0,0.0,198958778451,2
상품,신발(나이키),페가수스 42,IB1881-003,로드,신발,235,IB1881-003(235),,133564916,여성,개,SU26,,2026-05-12,2026-05-12,"169,000.00","83,300.00","249,900.00",사용,33431,3,6,-6,3,15,0,0.0,0.0,0.0,0,0,3,0.0,0.0,198958778390,3
상품,신발(나이키),페가수스 42,IB1881-003,로드,신발,240,IB1881-003(240),,133564916,여성,개,SU26,,2026-05-12,2026-05-12,"169,000.00","83,300.00","249,900.00",사용,33432,3,5,-5,3,20,0,0.0,0.0,0.0,0,0,3,0.0,0.0,198958777621,3
상품,신발(나이키),페가수스 42,IB1881-003,로드,신발,245,IB1881-003(245),,133564916,여성,개,SU26,,2026-05-12,2026-05-12,"169,000.00","83,300.00","249,900.00",사용,33433,3,8,-8,3,20,1,5.0,5.1,1.2,0,0,3,5.1,1.2,198958776976,3
상품,신발(나이키),페가수스 42,IB1881-003,로드,신발,250,IB1881-003(250),,133564916,여성,개,SU26,,2026-05-12,2026-05-12,"169,000.00","83,300.00","83,300.00",사용,33434,1,1,-1,3,11,0,0.0,0.0,0.0,0,0,1,0.0,0.0,198958778239,1
상품,신발(나이키),페가수스 42,IB1881-003,로드,신발,255,IB1881-003(255),,133564916,여성,개,SU26,,2026-05-12,2026-05-12,"169,000.00","83,300.00","83,300.00",사용,33435,1,0,0,3,4,1,25.0,1.7,0.4,0,0,1,1.7,0.4,198958778420,1
상품,신발(나이키),페가수스 42,IB1881-004,로드,신발,230,IB1881-004(230),,136418945,여성,개,FA26,,2026-07-29,2026-07-29,"169,000.00","83,300.00","166,600.00",사용,38663,2,4,-4,1,8,0,0.0,0.0,0.0,0,0,2,0.0,0.0,198960930250,2
상품,신발(나이키),페가수스 42,IB1881-004,로드,신발,235,IB1881-004(235),,136418945,여성,개,FA26,,2026-07-29,2026-07-29,"169,000.00","83,300.00","166,600.00",사용,38664,2,6,-6,1,11,0,0.0,0.0,0.0,0,0,2,0.0,0.0,198960927915,2
상품,신발(나이키),페가수스 42,IB1881-004,로드,신발,240,IB1881-004(240),,136418945,여성,개,FA26,,2026-07-29,2026-07-29,"169,000.00","83,300.00","249,900.00",사용,38665,3,7,-7,1,14,0,0.0,0.0,0.0,0,0,3,0.0,0.0,198960930953,3
상품,신발(나이키),페가수스 42,IB1881-004,로드,신발,245,IB1881-004(245),,136418945,여성,개,FA26,,2026-07-29,2026-07-29,"169,000.00","83,300.00","249,900.00",사용,38666,3,7,-7,1,15,0,0.0,0.0,0.0,0,0,3,0.0,0.0,198960936214,3
상품,신발(나이키),페가수스 42,IB1881-004,로드,신발,250,IB1881-004(250),,136418945,여성,개,FA26,,2026-07-29,2026-07-29,"169,000.00","83,300.00","166,600.00",사용,38667,2,4,-4,1,9,0,0.0,0.0,0.0,0,0,2,0.0,0.0,198960929988,2
상품,신발(나이키),페가수스 42,IB1881-004,로드,신발,255,IB1881-004(255),,136418945,여성,개,FA26,,2026-07-29,2026-07-29,"169,000.00","83,300.00","83,300.00",사용,38668,1,1,-1,1,3,0,0.0,0.0,0.0,0,0,1,0.0,0.0,198960936009,1
상품,신발(나이키),페가수스 42,IB1881-602,로드,신발,230,IB1881-602(230),,133327057,여성,개,SU26,,2026-04-07,2026-04-07,"169,000.00","83,317.00","83,317.00",사용,34167,1,1,-1,4,7,0,0.0,0.0,0.0,0,0,1,0.0,0.0,198959025141,1
상품,신발(나이키),페가수스 42,IB1881-602,로드,신발,235,IB1881-602(235),,133327057,여성,개,SU26,,2026-04-07,2026-04-07,"169,000.00","83,317.00","83,317.00",사용,34168,1,4,-4,4,15,0,0.0,0.0,0.0,0,1,0,0.0,0.0,198958993885,1
상품,신발(나이키),페가수스 42,IB1881-602,로드,신발,240,IB1881-602(240),,133327057,여성,개,SU26,,2026-04-07,2026-04-07,"169,000.00","83,317.00","166,634.00",사용,34169,2,12,-12,4,22,0,0.0,0.0,0.0,0,0,2,0.0,0.0,198958988188,2
상품,신발(나이키),페가수스 42,IB1881-602,로드,신발,245,IB1881-602(245),,133327057,여성,개,SU26,,2026-04-07,2026-04-07,"169,000.00","83,317.00","333,268.00",사용,34170,4,2,-2,4,16,0,0.0,0.0,0.0,0,0,4,0.0,0.0,198958889843,4
상품,신발(나이키),페가수스 42,IB1881-602,로드,신발,250,IB1881-602(250),,133327057,여성,개,SU26,,2026-04-07,2026-04-07,"169,000.00","83,317.00","249,951.00",사용,34171,3,1,-1,4,8,0,0.0,0.0,0.0,0,0,3,0.0,0.0,198958993311,3
상품,신발(나이키),페가수스 42,IB1881-602,로드,신발,255,IB1881-602(255),,133327057,여성,개,SU26,,2026-04-07,2026-04-07,"169,000.00","83,317.00","83,317.00",사용,34172,1,2,-2,4,3,0,0.0,0.0,0.0,0,0,1,0.0,0.0,198959059092,1
상품,의류(나이키),스위프트 드라이 핏 풀집 미드 레이어 러닝 탑,IB1999-010,긴팔티셔츠,의류,L,IB1999-010(L),,131589013,여성,개,HO25,,2025-09-29,2025-09-26,"115,000.00","52,118.00","52,118.00",사용,20607,1,0,0,11,3,0,0.0,0.0,0.0,0,0,1,0.0,0.0,198482960902,1
상품,의류(나이키),스위프트 드라이 핏 풀집 미드 레이어 러닝 탑,IB1999-010,긴팔티셔츠,의류,S,IB1999-010(S),,131589013,여성,개,FA25,,2025-08-28,2025-08-28,"115,000.00","52,118.00","104,236.00",사용,20605,2,0,0,12,7,0,0.0,0.0,0.0,0,0,2,0.0,0.0,198482912017,2
상품,의류(나이키),스위프트 드라이 핏 풀집 미드 레이어 러닝 탑,IB1999-010,긴팔티셔츠,의류,XL,IB1999-010(XL),,131589013,여성,개,FA25,,2025-08-28,2025-08-28,"115,000.00","52,118.00","52,118.00",사용,20608,1,0,0,12,1,0,0.0,0.0,0.0,0,0,1,0.0,0.0,198482997847,1
상품,의류(나이키),스위프트 드라이 핏 풀집 미드 레이어 러닝 탑,IB1999-133,긴팔티셔츠,의류,L,IB1999-133(L),,131589685,여성,개,FA25,,2025-09-04,2025-09-04,"115,000.00","52,118.00","104,236.00",사용,20615,2,0,0,11,4,0,0.0,0.0,0.0,0,0,2,0.0,0.0,198482926021,2
상품,의류(나이키),스위프트 드라이 핏 풀집 미드 레이어 러닝 탑,IB1999-133,긴팔티셔츠,의류,XL,IB1999-133(XL),,131589685,여성,개,FA25,,2025-09-04,2025-09-04,"115,000.00","52,118.00","52,118.00",사용,20616,1,0,0,11,1,0,0.0,0.0,0.0,0,0,1,0.0,0.0,198482911706,1
상품,의류(나이키),스위프트 드라이 핏 풀집 미드 레이어 러닝 탑,IB1999-675,긴팔티셔츠,의류,S,IB1999-675(S),,131589687,여성,개,FA25,,2025-09-04,2025-09-04,"115,000.00","52,118.00","52,118.00",사용,20621,1,2,-2,11,7,0,0.0,0.0,0.0,0,0,1,0.0,0.0,198482939731,1
상품,용품(나이키),라이트웨이트 마이크로 크루 삭스 1팩,IB6114-100,양말,용품,L,IB6114-100(L),,132602296,공용,개,HO25,,2025-12-09,2025-12-12,"22,000.00","9,970.00","29,910.00",사용,25681,3,430,-430,8,240,0,0.0,0.0,0.0,0,2,1,0.0,0.0,198481577422 ,3
상품,용품(나이키),라이트웨이트 마이크로 크루 삭스 1팩,IB6114-100,양말,용품,M,IB6114-100(M),,132602296,공용,개,SU26,,2026-04-03,2026-04-03,"25,000.00","11,330.00","67,980.00",사용,25680,6,96,-96,4,120,3,2.5,3.4,0.8,0,3,3,1.7,0.4,198481636280 ,6
상품,용품(나이키),라이트웨이트 마이크로 크루 삭스 1팩,IB6114-100,양말,용품,XL,IB6114-100(XL),,132602296,공용,개,HO25,,2025-12-12,2025-12-12,"22,000.00","9,970.00","59,820.00",사용,25682,6,29,-29,8,36,2,5.5,5.1,1.2,0,0,6,5.1,1.2,198481596591 ,6
상품,용품(나이키),라이트웨이트 런 크루,IB6114-407,양말,용품,L,IB6114-407(L),,133564861,남성,개,SU26,,,,"22,000.00",0.00,0.00,사용,34023,1,2,-2,0,0,1,0.0,1.7,0.4,0,0,1,1.7,0.4,198730271019,1
상품,용품(나이키),라이트웨이트 마이크로 크루 삭스 1팩,IB6114-702,양말,용품,L,IB6114-702(L),,132602051,공용,개,HO25,,2025-11-24,2025-12-12,"22,000.00","9,970.00","49,850.00",사용,25697,5,38,-38,9,24,0,0.0,0.0,0.0,0,0,5,0.0,0.0,198481632770 ,5
상품,용품(나이키),라이트웨이트 마이크로 크루 삭스 1팩,IB6114-702,양말,용품,M,IB6114-702(M),,132602051,공용,개,SU26,,2026-04-03,2026-05-12,"25,000.00","11,330.00","11,330.00",사용,25696,1,12,-12,4,30,0,0.0,0.0,0.0,0,0,1,0.0,0.0,198481637256 ,1
상품,의류(나이키),ACG ADV 판타즈마 재킷,IF0102-698,재킷,의류,L,IF0102-698(L),,135912052,여성,개,FA26,,2026-07-07,2026-07-07,"219,000.00","99,251.00","99,251.00",사용,39049,1,4,-4,1,6,0,0.0,0.0,0.0,0,0,1,0.0,0.0,198959947443,1
상품,의류(나이키),ACG ADV 판타즈마 재킷,IF0102-698,재킷,의류,M,IF0102-698(M),,135912052,여성,개,FA26,,2026-07-07,2026-07-07,"219,000.00","99,251.00","198,502.00",사용,39048,2,3,-3,1,7,0,0.0,0.0,0.0,0,0,2,0.0,0.0,198959810303,2
상품,의류(나이키),ACG ADV 판타즈마 재킷,IF0102-698,재킷,의류,S,IF0102-698(S),,135912052,여성,개,FA26,,2026-07-07,2026-07-15,"219,000.00","99,251.00","99,251.00",사용,39047,1,5,-5,1,7,0,0.0,0.0,0.0,0,0,1,0.0,0.0,198959963917,1
상품,신발(나이키),보메로 18 와이드,IF0514-101,로드,신발,260,IF0514-101(260),,135700516,남성,개,FA26,,2026-07-07,2026-07-07,"189,000.00","93,158.00","93,158.00",사용,38229,1,2,-2,1,4,1,25.0,1.7,0.4,0,0,1,1.7,0.4,198959778801,1
상품,신발(나이키),보메로 18 와이드,IF0514-101,로드,신발,265,IF0514-101(265),,135700516,남성,개,FA26,,2026-07-07,2026-07-07,"189,000.00","93,158.00","93,158.00",사용,38230,1,2,-2,1,5,0,0.0,0.0,0.0,0,0,1,0.0,0.0,198959759213,1
상품,신발(나이키),보메로 18 와이드,IF0514-101,로드,신발,270,IF0514-101(270),,135700516,남성,개,FA26,,2026-07-07,2026-07-07,"189,000.00","93,158.00","186,316.00",사용,38231,2,2,-2,1,7,2,28.5,1.7,0.4,0,0,2,1.7,0.4,198959762510,2
상품,신발(나이키),보메로 18 와이드,IF0514-101,로드,신발,275,IF0514-101(275),,135700516,남성,개,FA26,,2026-07-07,2026-07-07,"189,000.00","93,158.00","93,158.00",사용,38232,1,2,-2,1,4,0,0.0,0.0,0.0,0,0,1,0.0,0.0,198959771253,1
상품,신발(나이키),보메로 18 와이드,IF0514-101,로드,신발,280,IF0514-101(280),,135700516,남성,개,FA26,,2026-07-07,2026-07-07,"189,000.00","93,158.00","93,158.00",사용,38233,1,0,0,1,3,0,0.0,0.0,0.0,0,0,1,0.0,0.0,198959777231,1
상품,신발(나이키),보메로 18 와이드,IF0515-105,로드,신발,230,IF0515-105(230),,136418950,여성,개,FA26,,2026-07-29,2026-07-29,"189,000.00","93,158.00","93,158.00",사용,38619,1,2,-2,1,4,0,0.0,0.0,0.0,0,0,1,0.0,0.0,198959794658,1
상품,신발(나이키),보메로 18 와이드,IF0515-105,로드,신발,235,IF0515-105(235),,136418950,여성,개,FA26,,2026-07-29,2026-07-29,"189,000.00","93,158.00","93,158.00",사용,38620,1,3,-3,1,6,0,0.0,0.0,0.0,0,0,1,0.0,0.0,198959813120,1
상품,신발(나이키),보메로 18 와이드,IF0515-105,로드,신발,240,IF0515-105(240),,136418950,여성,개,FA26,,2026-07-29,2026-07-29,"189,000.00","93,158.00","186,316.00",사용,38621,2,4,-4,1,8,0,0.0,0.0,0.0,0,0,2,0.0,0.0,198959796003,2
상품,신발(나이키),보메로 18 와이드,IF0515-105,로드,신발,245,IF0515-105(245),,136418950,여성,개,FA26,,2026-07-29,2026-07-29,"189,000.00","93,158.00","93,158.00",사용,38622,1,3,-3,1,6,0,0.0,0.0,0.0,0,0,1,0.0,0.0,198959808669,1
상품,신발(나이키),보메로 18 와이드,IF0515-105,로드,신발,250,IF0515-105(250),,136418950,여성,개,FA26,,2026-07-29,2026-07-29,"189,000.00","93,158.00","93,158.00",사용,38623,1,2,-2,1,4,0,0.0,0.0,0.0,0,0,1,0.0,0.0,198959799165,1
상품,용품(나이키ACC),NIKE JACQUARD TOWEL MEDIUM GRAPHIC SAFETY ORANGE,IF0600-836,기타,용품,1SIZE,IF0600-836(1SIZE),,,공용,개,SU25,,,,"39,000.00",0.00,0.00,사용,18040,1,2,-2,0,0,0,0.0,0.0,0.0,0,0,1,0.0,0.0,197863531199,1
상품,의류(나이키),ACG 판타즈마 재킷,IF1144-236,재킷,의류,L,IF1144-236(L),,135912055,남성,개,FA26,,2026-07-07,2026-07-07,"219,000.00","99,251.00","297,753.00",사용,38958,3,7,-7,1,13,0,0.0,0.0,0.0,0,0,3,0.0,0.0,198959935365,3
상품,의류(나이키),ACG 판타즈마 재킷,IF1144-236,재킷,의류,M,IF1144-236(M),,135912055,남성,개,FA26,,2026-07-07,2026-07-07,"219,000.00","99,251.00","198,502.00",사용,38957,2,3,-3,1,7,0,0.0,0.0,0.0,0,0,2,0.0,0.0,198959944411,2
상품,의류(나이키),ACG 판타즈마 재킷,IF1144-236,재킷,의류,XL,IF1144-236(XL),,135912055,남성,개,FA26,,2026-07-07,2026-07-07,"219,000.00","99,251.00","297,753.00",사용,38959,3,7,-7,1,13,0,0.0,0.0,0.0,0,0,3,0.0,0.0,198959980853,3
상품,의류(나이키),ACG 판타즈마 재킷,IF1144-236,재킷,의류,XXL,IF1144-236(XXL),,135912055,남성,개,FA26,,2026-07-07,2026-07-07,"219,000.00","99,251.00","99,251.00",사용,38960,1,3,-3,1,5,0,0.0,0.0,0.0,0,0,1,0.0,0.0,198959959552,1
상품,의류(나이키),드라이핏 ADV 에어로스위프트 싱글렛,IF1253-010,싱글렛,의류,M,IF1253-010(M),,133319691,여성,개,SU26,,2026-04-07,2026-04-07,"119,000.00","52,118.00","104,236.00",사용,33822,2,0,0,4,30,0,0.0,0.0,0.0,0,1,1,0.0,0.0,198726765454,2
상품,의류(나이키),드라이핏 ADV 에어로스위프트 싱글렛,IF1253-010,싱글렛,의류,S,IF1253-010(S),,133319691,여성,개,SU26,,2026-04-07,2026-04-07,"119,000.00","52,118.00","260,590.00",사용,33821,5,0,0,4,28,0,0.0,0.0,0.0,0,1,4,0.0,0.0,198726763290,5
상품,의류(나이키),드라이핏 ADV 에어로스위프트 싱글렛,IF1253-010,싱글렛,의류,XS,IF1253-010(XS),,133319691,여성,개,SU26,,2026-04-07,2026-04-07,"115,000.00","52,118.00","104,236.00",사용,33820,2,0,0,4,5,0,0.0,0.0,0.0,0,0,2,0.0,0.0,198726749157,2
상품,의류(나이키),드라이핏 스트라이드 5인치 브리프 라인드 러닝 쇼츠,IF2017-010,반바지,의류,L,IF2017-010(L),,133319642,남성,개,SU26,,2026-04-07,2026-04-07,"95,000.00","43,054.00","129,162.00",사용,33919,3,0,0,4,8,0,0.0,0.0,0.0,0,0,3,0.0,0.0,198488518251,3
상품,의류(나이키),드라이핏 스트라이드 5인치 브리프 라인드 러닝 쇼츠,IF2017-010,반바지,의류,M,IF2017-010(M),,133319642,남성,개,SU26,,2026-04-07,2026-04-07,"95,000.00","43,054.00","43,054.00",사용,33918,1,0,0,4,5,0,0.0,0.0,0.0,0,1,0,0.0,0.0,198488529707,1
상품,의류(나이키),드라이핏 ADV 스트라이드 노벨티 숏슬리브,IF2089-494,반팔티셔츠,의류,XL,IF2089-494(XL),,133315616,남성,개,SU26,,2026-04-03,2026-04-03,"85,000.00","38,522.00","38,522.00",사용,33709,1,2,-2,4,5,0,0.0,0.0,0.0,0,0,1,0.0,0.0,198728798917,1
상품,의류(나이키),ACG UV 에어리즈 재킷,IF2105-010,재킷,의류,L,IF2105-010(L),,133564883,남성,개,SU26,,2026-05-12,2026-05-12,"155,000.00","70,246.00","280,984.00",사용,33609,4,11,-11,3,16,1,6.2,6.8,1.6,0,0,8,13.7,3.2,198729176325,4
상품,의류(나이키),ACG UV 에어리즈 재킷,IF2105-010,재킷,의류,L,IF2105-010(L),,133564883,남성,개,FA26,,2026-07-07,2026-07-07,"155,000.00","70,246.00","280,984.00",사용,33609,4,11,-11,1,16,0,0.0,0.0,0.0,0,0,8,0.0,0.0,198729176325,4
상품,의류(나이키),ACG UV 에어리즈 재킷,IF2105-010,재킷,의류,M,IF2105-010(M),,133564883,남성,개,SU26,,2026-05-12,2026-05-12,"155,000.00","70,246.00","70,246.00",사용,33608,1,8,-8,3,9,0,0.0,0.0,0.0,0,0,3,0.0,0.0,198729062383,1
상품,의류(나이키),ACG UV 에어리즈 재킷,IF2105-010,재킷,의류,M,IF2105-010(M),,133564883,남성,개,FA26,,2026-07-07,2026-07-07,"155,000.00","70,246.00","140,492.00",사용,33608,2,8,-8,1,9,0,0.0,0.0,0.0,0,0,3,0.0,0.0,198729062383,2
상품,의류(나이키),ACG UV 에어리즈 재킷,IF2105-010,재킷,의류,S,IF2105-010(S),,133564883,남성,개,FA26,,2026-07-07,2026-07-07,"155,000.00","70,246.00","70,246.00",사용,33607,1,0,0,1,2,0,0.0,0.0,0.0,0,0,1,0.0,0.0,198729180322,1
상품,의류(나이키),ACG UV 에어리즈 재킷,IF2105-010,재킷,의류,XL,IF2105-010(XL),,133564883,남성,개,SU26,,2026-05-12,2026-05-12,"155,000.00","70,246.00","210,738.00",사용,33610,3,15,-15,3,16,0,0.0,0.0,0.0,0,0,7,0.0,0.0,198729048707,3
상품,의류(나이키),ACG UV 에어리즈 재킷,IF2105-010,재킷,의류,XL,IF2105-010(XL),,133564883,남성,개,FA26,,2026-07-07,2026-07-07,"155,000.00","70,246.00","280,984.00",사용,33610,4,15,-15,1,16,0,0.0,0.0,0.0,0,0,7,0.0,0.0,198729048707,4
상품,의류(나이키),ACG UV 에어리즈 재킷,IF2105-010,재킷,의류,XXL,IF2105-010(XXL),,133564883,남성,개,SU26,,2026-05-12,2026-05-12,"155,000.00","70,246.00","70,246.00",사용,33611,1,8,-8,3,7,0,0.0,0.0,0.0,0,0,2,0.0,0.0,198729059222,1
상품,의류(나이키),ACG UV 에어리즈 재킷,IF2105-010,재킷,의류,XXL,IF2105-010(XXL),,133564883,남성,개,FA26,,2026-07-07,2026-07-07,"155,000.00","70,246.00","70,246.00",사용,33611,1,8,-8,1,7,0,0.0,0.0,0.0,0,0,2,0.0,0.0,198729059222,1
상품,의류(나이키),ACG UV 에어리즈 재킷,IF2105-020,재킷,의류,L,IF2105-020(L),,133564880,남성,개,SU26,,2026-05-12,2026-05-12,"155,000.00","70,246.00","70,246.00",사용,33635,1,1,-1,3,7,1,14.2,1.7,0.4,0,0,1,1.7,0.4,198729201669,1
상품,의류(나이키),ACG UV 에어리즈 재킷,IF2105-020,재킷,의류,M,IF2105-020(M),,133564880,남성,개,SU26,,2026-05-12,2026-05-12,"155,000.00","70,246.00","70,246.00",사용,33634,1,0,0,3,4,0,0.0,0.0,0.0,0,0,1,0.0,0.0,198729221933,1
상품,의류(나이키),ACG UV 에어리즈 재킷,IF2105-020,재킷,의류,XL,IF2105-020(XL),,133564880,남성,개,SU26,,2026-05-12,2026-05-12,"155,000.00","70,246.00","70,246.00",사용,33636,1,3,-3,3,6,1,16.6,1.7,0.4,0,0,1,1.7,0.4,198729037466,1
상품,의류(나이키),ACG UV 에어리즈 재킷,IF2105-020,재킷,의류,XXL,IF2105-020(XXL),,133564880,남성,개,SU26,,2026-05-12,2026-05-12,"155,000.00","70,246.00","70,246.00",사용,33637,1,0,0,3,3,0,0.0,0.0,0.0,0,0,1,0.0,0.0,198729073198,1
상품,의류(나이키),UV 리펠 마일러 재킷,IF2370-010,재킷,의류,L,IF2370-010(L),,135700486,남성,개,FA26,,2026-07-07,2026-07-07,"119,000.00","53,931.00","161,793.00",사용,39023,3,7,-7,1,13,2,15.3,2.5,0.6,0,0,3,2.5,0.6,198728694820,3
상품,의류(나이키),UV 리펠 마일러 재킷,IF2370-010,재킷,의류,M,IF2370-010(M),,135700486,남성,개,FA26,,2026-07-07,2026-07-07,"119,000.00","53,931.00","107,862.00",사용,39022,2,3,-3,1,7,0,0.0,0.0,0.0,0,0,2,0.0,0.0,198728694493,2
상품,의류(나이키),UV 리펠 마일러 재킷,IF2370-010,재킷,의류,XL,IF2370-010(XL),,135700486,남성,개,FA26,,2026-07-07,2026-07-07,"119,000.00","53,931.00","161,793.00",사용,39024,3,7,-7,1,13,0,0.0,0.0,0.0,0,0,3,0.0,0.0,198728718953,3
상품,의류(나이키),UV 리펠 마일러 재킷,IF2370-010,재킷,의류,XXL,IF2370-010(XXL),,135700486,남성,개,FA26,,2026-07-07,2026-07-07,"119,000.00","53,931.00","53,931.00",사용,39025,1,1,-1,1,5,0,0.0,0.0,0.0,0,0,1,0.0,0.0,198728698071,1
상품,의류(나이키),드라이핏 ADV 에어로스위프트 크롭 탱크,IF3650-100,싱글렛,의류,L,IF3650-100(L),,133710642,여성,개,SU26,,2026-05-29,2026-05-29,"119,000.00","53,931.00","53,931.00",사용,33799,1,1,-1,3,5,0,0.0,0.0,0.0,0,0,1,0.0,0.0,198729788894,1
상품,의류(나이키),드라이핏 ADV 에어로스위프트 크롭 탱크,IF3650-100,싱글렛,의류,M,IF3650-100(M),,133710642,여성,개,SU26,,2026-05-29,2026-05-29,"119,000.00","53,931.00","107,862.00",사용,33798,2,0,0,3,8,0,0.0,0.0,0.0,0,0,2,0.0,0.0,198729854049,2
상품,의류(나이키),드라이핏 ADV 에어로스위프트 크롭 탱크,IF3650-100,싱글렛,의류,S,IF3650-100(S),,133710642,여성,개,SU26,,2026-05-29,2026-05-29,"119,000.00","53,931.00","107,862.00",사용,33797,2,0,0,3,7,0,0.0,0.0,0.0,0,1,1,0.0,0.0,198729645135,2
상품,신발(나이키),보메로 18,IF4456-001,로드,신발,250,IF4456-001(250),,132642942,남성,개,SP26,,2026-01-27,2026-01-27,"189,000.00","93,158.00","93,158.00",사용,28407,1,0,0,7,3,0,0.0,0.0,0.0,0,0,1,0.0,0.0,198726348930,1
상품,신발(나이키),보메로 18,IF4456-001,로드,신발,255,IF4456-001(255),,132642942,남성,개,SP26,,2026-01-27,2026-01-27,"189,000.00","93,158.00","186,316.00",사용,28408,2,0,0,7,7,0,0.0,0.0,0.0,0,0,2,0.0,0.0,198726360833,2
상품,신발(나이키),보메로 18,IF4456-001,로드,신발,260,IF4456-001(260),,132642942,남성,개,SP26,,2026-01-27,2026-01-27,"189,000.00","93,158.00","279,474.00",사용,28409,3,0,0,7,14,0,0.0,0.0,0.0,0,0,3,0.0,0.0,198726348268,3
상품,신발(나이키),보메로 18,IF4456-001,로드,신발,265,IF4456-001(265),,132642942,남성,개,SP26,,2026-01-27,2026-01-27,"189,000.00","93,158.00","279,474.00",사용,28410,3,0,0,7,18,0,0.0,0.0,0.0,0,0,3,0.0,0.0,198726344796,3
상품,신발(나이키),보메로 18,IF4456-001,로드,신발,270,IF4456-001(270),,132642942,남성,개,SP26,,2026-01-27,2026-01-27,"189,000.00","93,158.00","279,474.00",사용,28411,3,0,0,7,18,0,0.0,0.0,0.0,0,0,3,0.0,0.0,198726358199,3
상품,신발(나이키),보메로 18,IF4456-001,로드,신발,275,IF4456-001(275),,132642942,남성,개,SP26,,2026-01-27,2026-01-27,"189,000.00","93,158.00","186,316.00",사용,28412,2,0,0,7,14,0,0.0,0.0,0.0,0,0,2,0.0,0.0,198726346240,2
상품,신발(나이키),보메로 18,IF4456-001,로드,신발,280,IF4456-001(280),,132642942,남성,개,SP26,,2026-01-27,2026-01-27,"189,000.00","93,158.00","186,316.00",사용,28413,2,0,0,7,12,0,0.0,0.0,0.0,0,0,2,0.0,0.0,198726345267,2
상품,신발(나이키),보메로 18,IF4456-001,로드,신발,285,IF4456-001(285),,132642942,남성,개,SP26,,2026-01-27,2026-01-27,"189,000.00","93,158.00","93,158.00",사용,28414,1,0,0,7,4,0,0.0,0.0,0.0,0,0,1,0.0,0.0,198726349180,1
상품,신발(나이키),베이퍼플라이 4,IH0869-605,레이싱,신발,265,IH0869-605(265),킵초게,131953168,남성,개,HO25,,2025-10-17,2025-10-17,"319,000.00","157,235.00","157,235.00",사용,25009,1,11,-11,10,15,0,0.0,0.0,0.0,0,0,1,0.0,0.0,198486778817 ,1
상품,신발(나이키),페가수스 42 와이드,IH1847-100,로드,신발,230,IH1847-100(230),,136418942,여성,개,FA26,,2026-07-29,2026-07-29,"169,000.00","83,300.00","83,300.00",사용,38685,1,2,-2,1,4,0,0.0,0.0,0.0,0,0,1,0.0,0.0,198959727038,1
상품,신발(나이키),페가수스 42 와이드,IH1847-100,로드,신발,235,IH1847-100(235),,136418942,여성,개,FA26,,2026-07-29,2026-07-29,"169,000.00","83,300.00","83,300.00",사용,38686,1,2,-2,1,6,1,16.6,1.7,0.4,0,0,1,1.7,0.4,198959728080,1
상품,신발(나이키),페가수스 42 와이드,IH1847-100,로드,신발,240,IH1847-100(240),,136418942,여성,개,FA26,,2026-07-29,2026-07-29,"169,000.00","83,300.00","83,300.00",사용,38687,1,4,-4,1,7,0,0.0,0.0,0.0,0,0,1,0.0,0.0,198959730595,1
상품,신발(나이키),페가수스 42 와이드,IH1847-100,로드,신발,245,IH1847-100(245),,136418942,여성,개,FA26,,2026-07-29,2026-07-29,"169,000.00","83,300.00","166,600.00",사용,38688,2,4,-4,1,8,0,0.0,0.0,0.0,0,0,2,0.0,0.0,198959748866,2
상품,신발(나이키),페가수스 42 와이드,IH1847-100,로드,신발,250,IH1847-100(250),,136418942,여성,개,FA26,,2026-07-29,2026-07-29,"169,000.00","83,300.00","83,300.00",사용,38689,1,2,-2,1,4,0,0.0,0.0,0.0,0,0,1,0.0,0.0,198959739987,1
상품,의류(나이키),드라이 핏 플리스 러닝 크루,IH2823-084,긴팔티셔츠,의류,L,IH2823-084(L),,131779000,남성,개,HO25,,2025-09-29,2025-09-26,"99,000.00","44,867.00","44,867.00",사용,25755,1,0,0,11,5,0,0.0,0.0,0.0,0,0,1,0.0,0.0,198482563790 ,1
상품,의류(나이키),드라이 핏 플리스 러닝 크루,IH2823-084,긴팔티셔츠,의류,M,IH2823-084(M),,131779000,남성,개,HO25,,2025-09-29,2025-09-26,"99,000.00","44,867.00","44,867.00",사용,25754,1,0,0,11,3,0,0.0,0.0,0.0,0,0,1,0.0,0.0,198482479237 ,1
상품,의류(나이키),드라이 핏 플리스 러닝 크루,IH2823-084,긴팔티셔츠,의류,XL,IH2823-084(XL),,131779000,남성,개,HO25,,2025-09-29,2025-09-26,"99,000.00","44,867.00","44,867.00",사용,25756,1,0,0,11,5,0,0.0,0.0,0.0,0,0,1,0.0,0.0,198482524791 ,1
상품,신발(나이키),보메로 플러스,IH3251-001,로드,신발,265,IH3251-001(265),,,남성,개,HO25,,2025-09-29,2025-09-26,"219,000.00","103,016.00","103,016.00",사용,25366,1,0,0,11,11,0,0.0,0.0,0.0,0,0,1,0.0,0.0,198481458912 ,1
상품,신발(나이키),보메로 플러스,IH3251-001,로드,신발,270,IH3251-001(270),,,남성,개,HO25,,2025-09-29,2025-09-26,"219,000.00","103,016.00","103,016.00",사용,25367,1,0,0,11,14,0,0.0,0.0,0.0,0,0,1,0.0,0.0,198481521692 ,1
상품,신발(나이키),베이퍼플라이 4,IH4453-220,레이싱,신발,275,IH4453-220(275),,131401361,남성,개,FA25,,2025-08-08,2025-08-08,"329,000.00","162,164.00","162,164.00",사용,20805,1,0,0,12,12,0,0.0,0.0,0.0,0,0,1,0.0,0.0,198485946125,1
상품,의류(나이키),드라이핏 ADV 에어로스위프트 싱글렛,IH6940-394,싱글렛,의류,L,IH6940-394(L),,133316432,남성,개,SU26,,2026-04-03,2026-04-03,"115,000.00","52,118.00","104,236.00",사용,33815,2,0,0,4,19,0,0.0,0.0,0.0,0,0,2,0.0,0.0,198731396667,2
상품,의류(나이키),드라이핏 ADV 에어로스위프트 싱글렛,IH6940-394,싱글렛,의류,M,IH6940-394(M),,133316432,남성,개,SU26,,2026-04-03,2026-04-03,"115,000.00","52,118.00","104,236.00",사용,33814,2,0,0,4,12,0,0.0,0.0,0.0,0,1,1,0.0,0.0,198731396797,2
상품,의류(나이키),드라이핏 ADV 에어로스위프트 싱글렛,IH6940-394,싱글렛,의류,S,IH6940-394(S),,133316432,남성,개,SU26,,2026-04-03,2026-04-03,"115,000.00","52,118.00","52,118.00",사용,33813,1,0,0,4,2,0,0.0,0.0,0.0,0,0,1,0.0,0.0,198731393543,1
상품,의류(나이키),드라이핏 ADV 에어로스위프트 싱글렛,IH6940-394,싱글렛,의류,XXL,IH6940-394(XXL),,133316432,남성,개,SU26,,2026-04-03,2026-04-03,"115,000.00","52,118.00","52,118.00",사용,33817,1,0,0,4,2,0,0.0,0.0,0.0,0,0,1,0.0,0.0,198731396179,1
상품,의류(나이키),에어로핏 스위프트 탱크,IH8112-336,싱글렛,의류,L,IH8112-336(L),,135922782,여성,개,FA26,,2026-07-14,2026-07-14,"89,000.00","40,335.00","40,335.00",사용,39362,1,2,-2,1,5,0,0.0,0.0,0.0,0,0,1,0.0,0.0,198961874867,1
상품,의류(나이키),에어로핏 스위프트 탱크,IH8112-468,싱글렛,의류,L,IH8112-468(L),,135922679,여성,개,FA26,,2026-07-14,2026-07-14,"89,000.00","40,335.00","40,335.00",사용,39370,1,3,-3,1,5,0,0.0,0.0,0.0,0,0,1,0.0,0.0,198961895596,1
상품,의류(나이키),에어로핏 스위프트 탱크,IH8112-468,싱글렛,의류,M,IH8112-468(M),,135922679,여성,개,FA26,,2026-07-14,2026-07-14,"89,000.00","40,335.00","80,670.00",사용,39369,2,4,-4,1,8,0,0.0,0.0,0.0,0,1,1,0.0,0.0,198961895886,2
상품,의류(나이키),에어로핏 스위프트 숏슬리브 탑,IH8115-014,반팔티셔츠,의류,L,IH8115-014(L),,135922793,여성,개,FA26,,2026-07-14,2026-07-14,"95,000.00","43,054.00","86,108.00",사용,39267,2,0,0,1,10,3,30.0,1.1,0.2,0,1,1,0.5,0.1,198961893240,2
상품,의류(나이키),에어로핏 스위프트 숏슬리브 탑,IH8115-014,반팔티셔츠,의류,M,IH8115-014(M),,135922793,여성,개,FA26,,2026-07-14,2026-07-14,"95,000.00","43,054.00","172,216.00",사용,39266,4,3,-3,1,15,3,20.0,2.2,0.5,0,0,4,2.2,0.5,198961881520,4
상품,의류(나이키),에어로핏 스위프트 숏슬리브 탑,IH8115-014,반팔티셔츠,의류,S,IH8115-014(S),,135922793,여성,개,FA26,,2026-07-14,2026-07-14,"95,000.00","43,054.00","43,054.00",사용,39265,1,0,0,1,15,2,13.3,0.8,0.2,0,1,0,0.0,0.0,198961897569,1
상품,용품(나이키),ACG 에브리데이 엘리베이티드 크루,IH8647-010,양말,용품,L,IH8647-010(L),,135505641,남성,개,SU26,,2026-07-08,2026-07-20,0.00,"11,330.00","226,600.00",사용,34006,20,49,-49,1,90,1,1.1,34.2,8.0,0,0,20,34.2,8.0,198729026439,20
상품,용품(나이키),ACG 에브리데이 엘리베이티드 크루,IH8647-010,양말,용품,M,IH8647-010(M),,135505641,남성,개,SU26,,2026-07-08,2026-07-08,"25,000.00","11,330.00","169,950.00",사용,34005,15,28,-28,1,60,0,0.0,0.0,0.0,0,0,15,0.0,0.0,198729009371,15
상품,용품(나이키),ACG 플라이 언스트럭처드 캡,IH8673-010,모자,용품,M/L,IH8673-010(M/L),,132875777,공용,개,SP26,,2026-02-20,2026-02-20,"49,000.00","20,394.00","1,529,550.00",사용,28956,75,316,-316,6,500,1,0.2,128.5,30.0,0,0,75,128.5,30.0,198487795028,75
상품,용품(나이키),ACG 플라이 언스트럭쳐드 캡,IH8673-025,모자,용품,L/XL,IH8673-025(L/XL),,133315349,남성,개,SU26,,2026-04-03,2026-04-03,"45,000.00","22,207.00","133,242.00",사용,33975,6,40,-40,4,70,0,0.0,0.0,0.0,0,0,6,0.0,0.0,198487844115,6
상품,용품(나이키),ACG 플라이 언스트럭쳐드 캡,IH8673-025,모자,용품,M/L,IH8673-025(M/L),,133315349,남성,개,SU26,,2026-04-03,2026-04-03,"45,000.00","22,207.00","22,207.00",사용,33974,1,28,-28,4,80,0,0.0,0.0,0.0,0,0,1,0.0,0.0,198487813067,1
상품,용품(나이키ACC),SLIM WAISTPACK,II5121-082,가방,용품,1SIZE,II5121-082(1SIZE),,,공용,개,HO25,,2025-12-10,2025-12-10,"39,000.00","16,770.00","234,780.00",사용,27688,14,0,0,8,30,1,3.3,24.0,5.6,0,0,14,24.0,5.6,198485554634,14
상품,신발(나이키),알파플라이 3 CM,II7290-100,레이싱,신발,250,II7290-100(250),,134097574,남성,개,SU26,,2026-06-30,2026-06-30,"359,000.00","176,951.00","176,951.00",사용,32837,1,1,-1,2,3,0,0.0,0.0,0.0,0,0,1,0.0,0.0,198729821850,1
상품,신발(나이키),알파플라이 3 CM,II7290-100,레이싱,신발,255,II7290-100(255),,134097574,남성,개,SU26,,2026-06-30,2026-06-30,"359,000.00","176,951.00","176,951.00",사용,32838,1,3,-3,2,6,0,0.0,0.0,0.0,0,0,1,0.0,0.0,198729833990,1
상품,신발(나이키),알파플라이 3 CM,II7290-100,레이싱,신발,260,II7290-100(260),,134097574,남성,개,SU26,,2026-06-30,2026-06-30,"359,000.00","176,951.00","353,902.00",사용,32839,2,5,-5,2,12,2,16.6,1.7,0.4,0,0,2,1.7,0.4,198729760999,2
상품,신발(나이키),알파플라이 3 CM,II7290-100,레이싱,신발,265,II7290-100(265),,134097574,남성,개,SU26,,2026-06-30,2026-06-30,"359,000.00","176,951.00","176,951.00",사용,32840,1,9,-9,2,15,1,6.6,1.7,0.4,0,0,1,1.7,0.4,198729822581,1
상품,신발(나이키),알파플라이 3 CM,II7290-100,레이싱,신발,270,II7290-100(270),,134097574,남성,개,SU26,,2026-06-30,2026-06-30,"359,000.00","176,951.00","353,902.00",사용,32841,2,15,-15,2,18,0,0.0,0.0,0.0,0,1,1,0.0,0.0,198729727749,2
상품,신발(나이키),알파플라이 3 CM,II7290-100,레이싱,신발,275,II7290-100(275),,134097574,남성,개,SU26,,2026-06-30,2026-06-30,"359,000.00","176,951.00","353,902.00",사용,32842,2,8,-8,2,11,0,0.0,0.0,0.0,0,0,2,0.0,0.0,198729732767,2
상품,신발(나이키),알파플라이 3 CM,II7290-100,레이싱,신발,280,II7290-100(280),,134097574,남성,개,SU26,,2026-06-30,2026-06-30,"359,000.00","176,951.00","176,951.00",사용,32843,1,5,-5,2,9,2,22.2,0.8,0.2,0,0,1,0.8,0.2,198729644930,1
상품,신발(나이키),알파플라이 3 CM,II7290-100,레이싱,신발,285,II7290-100(285),,134097574,남성,개,SU26,,2026-06-30,2026-06-30,"359,000.00","176,951.00","176,951.00",사용,32844,1,1,-1,2,4,0,0.0,0.0,0.0,0,0,1,0.0,0.0,198729882752,1
상품,용품(나이키ACC),THERMA-FIT GORE-TEX,II9801-042,기타,용품,L,II9801-042(L),,,공용,개,HO25,,2025-12-10,2025-12-10,"79,000.00","33,970.00","135,880.00",사용,27696,4,0,0,8,6,0,0.0,0.0,0.0,0,0,4,0.0,0.0,198486321945,4
상품,용품(나이키ACC),THERMA-FIT GORE-TEX,II9801-042,기타,용품,M,II9801-042(M),,,공용,개,HO25,,2025-12-10,2025-12-10,"79,000.00","33,970.00","271,760.00",사용,27695,8,0,0,8,12,0,0.0,0.0,0.0,0,0,8,0.0,0.0,198486320825,8
상품,용품(나이키ACC),THERMA-FIT GORE-TEX,II9801-042,기타,용품,S,II9801-042(S),,,공용,개,HO25,,2025-12-10,2025-12-10,"79,000.00","33,970.00","135,880.00",사용,27694,4,0,0,8,6,0,0.0,0.0,0.0,0,0,4,0.0,0.0,198486321891,4
상품,신발(나이키),보메로 플러스,IM3985-001,로드,신발,260,IM3985-001(260),,,남성,개,SP26,,2026-01-27,2026-01-27,"219,000.00","107,945.00","215,890.00",사용,28346,2,0,0,7,12,0,0.0,0.0,0.0,0,0,2,0.0,0.0,198726362738,2
상품,신발(나이키),보메로 플러스,IM3985-001,로드,신발,265,IM3985-001(265),,,남성,개,SP26,,2026-01-27,2026-01-27,"219,000.00","107,945.00","107,945.00",사용,28347,1,0,0,7,15,0,0.0,0.0,0.0,0,0,1,0.0,0.0,198726362585,1
상품,신발(나이키),보메로 플러스,IM3985-001,로드,신발,270,IM3985-001(270),,,남성,개,SP26,,2026-01-27,2026-01-27,"219,000.00","107,945.00","107,945.00",사용,28348,1,0,0,7,18,0,0.0,0.0,0.0,0,0,1,0.0,0.0,198726362219,1
상품,신발(나이키),보메로 플러스,IM3985-001,로드,신발,275,IM3985-001(275),,,남성,개,SP26,,2026-01-27,2026-01-27,"219,000.00","107,945.00","215,890.00",사용,28349,2,0,0,7,12,0,0.0,0.0,0.0,0,0,2,0.0,0.0,198726362493,2
상품,의류(나이키),ACG 드라이핏 와일드씨 쿼터집 롱슬리브 탑,IM4224-010,긴팔티셔츠,의류,L,IM4224-010(L),,136418819,남성,개,FA26,,2026-07-30,2026-07-30,"95,000.00","43,054.00","86,108.00",사용,39130,2,3,-3,1,10,2,20.0,1.7,0.4,0,0,2,1.7,0.4,198959920538,2
상품,의류(나이키),ACG 드라이핏 와일드씨 쿼터집 롱슬리브 탑,IM4224-010,긴팔티셔츠,의류,M,IM4224-010(M),,136418819,남성,개,FA26,,2026-07-30,2026-07-30,"95,000.00","43,054.00","43,054.00",사용,39129,1,3,-3,1,6,0,0.0,0.0,0.0,0,0,1,0.0,0.0,198959874329,1
상품,의류(나이키),ACG 드라이핏 와일드씨 쿼터집 롱슬리브 탑,IM4224-010,긴팔티셔츠,의류,XL,IM4224-010(XL),,136418819,남성,개,FA26,,2026-07-30,2026-07-30,"95,000.00","43,054.00","86,108.00",사용,39131,2,5,-5,1,10,0,0.0,0.0,0.0,0,0,2,0.0,0.0,198959887237,2
상품,의류(나이키),ACG 드라이핏 와일드씨 쿼터집 롱슬리브 탑,IM4224-010,긴팔티셔츠,의류,XXL,IM4224-010(XXL),,136418819,남성,개,FA26,,2026-07-30,2026-07-30,"95,000.00","43,054.00","43,054.00",사용,39132,1,2,-2,1,4,0,0.0,0.0,0.0,0,0,1,0.0,0.0,198959954854,1
상품,의류(나이키),ACG 울프 그리드 하프집 탑,IM4234-010,재킷,의류,L,IM4234-010(L),,136418831,남성,개,FA26,,2026-07-29,2026-07-29,"129,000.00","58,463.00","350,778.00",사용,38997,6,14,-14,1,28,0,0.0,0.0,0.0,0,0,6,0.0,0.0,198959895133,6
상품,의류(나이키),ACG 울프 그리드 하프집 탑,IM4234-010,재킷,의류,M,IM4234-010(M),,136418831,남성,개,FA26,,2026-07-29,2026-07-29,"129,000.00","58,463.00","175,389.00",사용,38996,3,7,-7,1,15,0,0.0,0.0,0.0,0,0,3,0.0,0.0,198959903142,3
상품,의류(나이키),ACG 울프 그리드 하프집 탑,IM4234-010,재킷,의류,XL,IM4234-010(XL),,136418831,남성,개,FA26,,2026-07-29,2026-07-29,"129,000.00","58,463.00","292,315.00",사용,38998,5,14,-14,1,27,0,0.0,0.0,0.0,0,0,5,0.0,0.0,198959898219,5
상품,의류(나이키),ACG 울프 그리드 하프집 탑,IM4234-010,재킷,의류,XXL,IM4234-010(XXL),,136418831,남성,개,FA26,,2026-07-29,2026-07-29,"129,000.00","58,463.00","116,926.00",사용,38999,2,4,-4,1,10,1,10.0,3.4,0.8,0,0,2,3.4,0.8,198959922457,2
상품,의류(나이키),ACG 울프 그리드 하프집 탑,IM4234-698,재킷,의류,L,IM4234-698(L),,136418826,남성,개,FA26,,2026-07-29,2026-07-29,"129,000.00","58,463.00","116,926.00",사용,39010,2,3,-3,1,10,2,20.0,1.7,0.4,0,0,2,1.7,0.4,198959967366,2
상품,의류(나이키),ACG 울프 그리드 하프집 탑,IM4234-698,재킷,의류,M,IM4234-698(M),,136418826,남성,개,FA26,,2026-07-29,2026-07-29,"129,000.00","58,463.00","58,463.00",사용,39009,1,3,-3,1,6,0,0.0,0.0,0.0,0,0,1,0.0,0.0,198959991200,1
상품,의류(나이키),ACG 울프 그리드 하프집 탑,IM4234-698,재킷,의류,XL,IM4234-698(XL),,136418826,남성,개,FA26,,2026-07-29,2026-07-29,"129,000.00","58,463.00","116,926.00",사용,39011,2,5,-5,1,10,0,0.0,0.0,0.0,0,0,2,0.0,0.0,198959852662,2
상품,의류(나이키),ACG 울프 그리드 하프집 탑,IM4234-698,재킷,의류,XXL,IM4234-698(XXL),,136418826,남성,개,FA26,,2026-07-29,2026-07-29,"129,000.00","58,463.00","58,463.00",사용,39012,1,1,-1,1,4,1,25.0,1.7,0.4,0,0,1,1.7,0.4,198959996694,1
상품,의류(나이키),ACG 하이 스테이크 스코트,IM4297-010,반바지,의류,L,IM4297-010(L),,136418803,여성,개,FA26,,2026-07-29,2026-07-29,"119,000.00","53,931.00","53,931.00",사용,39414,1,1,-1,1,3,0,0.0,0.0,0.0,0,0,1,0.0,0.0,198959953222,1
상품,의류(나이키),ACG 하이 스테이크 스코트,IM4297-010,반바지,의류,M,IM4297-010(M),,136418803,여성,개,FA26,,2026-07-29,2026-07-29,"119,000.00","53,931.00","53,931.00",사용,39413,1,3,-3,1,6,0,0.0,0.0,0.0,0,0,1,0.0,0.0,198959939899,1
상품,의류(나이키),ACG 하이 스테이크 스코트,IM4297-010,반바지,의류,S,IM4297-010(S),,136418803,여성,개,FA26,,2026-07-29,2026-07-29,"119,000.00","53,931.00","53,931.00",사용,39412,1,3,-3,1,6,1,16.6,1.7,0.4,0,0,1,1.7,0.4,198959861312,1
상품,의류(나이키),에어로핏 스트라이드 5인치 브리프 라인드 쇼츠,IM5133-010,반바지,의류,L,IM5133-010(L),,135922653,남성,개,FA26,,2026-07-14,2026-07-14,"99,000.00","44,867.00","89,734.00",사용,39402,2,0,0,1,23,3,13.0,1.1,0.2,0,0,2,1.1,0.2,198960591253,2
상품,의류(나이키),에어로핏 스트라이드 5인치 브리프 라인드 쇼츠,IM5133-010,반바지,의류,M,IM5133-010(M),,135922653,남성,개,FA26,,2026-07-14,2026-07-14,"99,000.00","44,867.00","89,734.00",사용,39401,2,0,0,1,15,1,6.6,3.4,0.8,0,1,1,1.7,0.4,198960612644,2
상품,의류(나이키),에어로핏 스트라이드 5인치 브리프 라인드 쇼츠,IM5133-010,반바지,의류,S,IM5133-010(S),,135922653,남성,개,FA26,,2026-07-14,2026-07-14,"99,000.00","44,867.00","44,867.00",사용,39400,1,0,0,1,4,1,25.0,1.7,0.4,0,0,1,1.7,0.4,198960609996,1
상품,의류(나이키),에어로핏 스트라이드 5인치 브리프 라인드 쇼츠,IM5133-010,반바지,의류,XL,IM5133-010(XL),,135922653,남성,개,FA26,,2026-07-14,2026-07-14,"99,000.00","44,867.00","134,601.00",사용,39403,3,2,-2,1,15,2,13.3,2.5,0.6,0,0,3,2.5,0.6,198960638330,3
상품,의류(나이키),에어로핏 스트라이드 5인치 브리프 라인드 쇼츠,IM5133-010,반바지,의류,XXL,IM5133-010(XXL),,135922653,남성,개,FA26,,2026-07-14,2026-07-14,"99,000.00","44,867.00","44,867.00",사용,39404,1,0,0,1,3,1,33.3,1.7,0.4,0,0,1,1.7,0.4,198960598740,1
상품,의류(나이키),에어로핏 스위프트 탱크,IM5149-011,싱글렛,의류,L,IM5149-011(L),,135922784,남성,개,FA26,,2026-07-14,2026-07-14,"89,000.00","40,335.00","80,670.00",사용,39330,2,0,0,1,53,6,11.3,0.5,0.1,0,2,0,0.0,0.0,198960597217,2
상품,의류(나이키),에어로핏 스위프트 탱크,IM5149-011,싱글렛,의류,M,IM5149-011(M),,135922784,남성,개,FA26,,2026-07-14,2026-07-14,"89,000.00","40,335.00","121,005.00",사용,39329,3,0,0,1,33,3,9.0,1.7,0.4,0,1,2,1.1,0.2,198960601167,3
상품,의류(나이키),에어로핏 스위프트 탱크,IM5149-011,싱글렛,의류,S,IM5149-011(S),,135922784,남성,개,FA26,,2026-07-14,2026-07-14,"89,000.00","40,335.00","40,335.00",사용,39328,1,0,0,1,4,0,0.0,0.0,0.0,0,0,1,0.0,0.0,198960606179,1
상품,의류(나이키),에어로핏 스위프트 탱크,IM5149-011,싱글렛,의류,XL,IM5149-011(XL),,135922784,남성,개,FA26,,2026-07-14,2026-07-14,"89,000.00","40,335.00","161,340.00",사용,39331,4,0,0,1,41,6,14.6,1.1,0.2,0,0,4,1.1,0.2,198960638521,4
상품,의류(나이키),에어로핏 스위프트 탱크,IM5149-011,싱글렛,의류,XXL,IM5149-011(XXL),,135922784,남성,개,FA26,,2026-07-14,2026-07-14,"89,000.00","40,335.00","40,335.00",사용,39332,1,0,0,1,6,0,0.0,0.0,0.0,0,1,0,0.0,0.0,198960636114,1
상품,의류(나이키),에어로핏 스위프트 탱크,IM5149-236,싱글렛,의류,L,IM5149-236(L),,135951269,남성,개,FA26,,2026-07-22,2026-07-22,"89,000.00","40,335.00","121,005.00",사용,39338,3,12,-12,1,30,7,23.3,0.7,0.1,0,0,3,0.7,0.1,198967179430,3
상품,의류(나이키),에어로핏 스위프트 탱크,IM5149-236,싱글렛,의류,M,IM5149-236(M),,135951269,남성,개,FA26,,2026-07-22,2026-07-22,"89,000.00","40,335.00","40,335.00",사용,39337,1,8,-8,1,20,2,10.0,0.8,0.2,0,0,1,0.8,0.2,198967182997,1
상품,의류(나이키),에어로핏 스위프트 탱크,IM5149-236,싱글렛,의류,S,IM5149-236(S),,135951269,남성,개,FA26,,2026-07-22,2026-07-22,"89,000.00","40,335.00","40,335.00",사용,39336,1,0,0,1,3,0,0.0,0.0,0.0,0,0,1,0.0,0.0,198967183963,1
상품,의류(나이키),에어로핏 스위프트 탱크,IM5149-236,싱글렛,의류,XL,IM5149-236(XL),,135951269,남성,개,FA26,,2026-07-22,2026-07-22,"89,000.00","40,335.00","80,670.00",사용,39339,2,5,-5,1,23,12,52.1,0.2,0.0,0,0,2,0.2,0.0,198967182423,2
상품,의류(나이키),에어로핏 스위프트 탱크,IM5149-236,싱글렛,의류,XXL,IM5149-236(XXL),,135951269,남성,개,FA26,,2026-07-22,2026-07-22,"89,000.00","40,335.00","40,335.00",사용,39340,1,0,0,1,4,2,50.0,0.8,0.2,0,0,1,0.8,0.2,198967184274,1
상품,의류(나이키),리플렉티브 써마핏 ADV 베스트,IM6279-027,재킷,의류,L,IM6279-027(L),,132421484,남성,개,HO25,,2025-12-02,2025-12-02,"185,000.00","83,842.00","167,684.00",사용,25715,2,0,0,8,7,0,0.0,0.0,0.0,0,0,2,0.0,0.0,198486970150 ,2
상품,의류(나이키),리플렉티브 써마핏 ADV 베스트,IM6279-027,재킷,의류,M,IM6279-027(M),,132421484,남성,개,HO25,,2025-12-02,2025-12-02,"185,000.00","83,842.00","83,842.00",사용,25714,1,0,0,8,4,0,0.0,0.0,0.0,0,0,1,0.0,0.0,198486962643 ,1
상품,의류(나이키),리플렉티브 써마핏 ADV 베스트,IM6279-027,재킷,의류,XXL,IM6279-027(XXL),,132421484,남성,개,HO25,,2025-12-02,2025-12-02,"185,000.00","83,842.00","83,842.00",사용,25717,1,0,0,8,1,0,0.0,0.0,0.0,0,0,1,0.0,0.0,198482383442 ,1
상품,신발(나이키),보메로 플러스,IM6776-060,로드,신발,260,IM6776-060(260),,,남성,개,HO25,,2025-09-29,2025-09-26,"219,000.00","107,945.00","107,945.00",사용,25218,1,0,0,11,5,0,0.0,0.0,0.0,0,0,1,0.0,0.0,198487148862 ,1
상품,의류(나이키),스위프트 저지 탑 롱슬리브,IM7543-010,긴팔티셔츠,의류,L,IM7543-010(L),,136418817,여성,개,FA26,,2026-07-29,2026-07-29,"155,000.00","70,246.00","210,738.00",사용,39154,3,7,-7,1,15,0,0.0,0.0,0.0,0,0,3,0.0,0.0,198961882916,3
상품,의류(나이키),스위프트 저지 탑 롱슬리브,IM7543-010,긴팔티셔츠,의류,M,IM7543-010(M),,136418817,여성,개,FA26,,2026-07-29,2026-07-29,"155,000.00","70,246.00","210,738.00",사용,39153,3,8,-8,1,16,0,0.0,0.0,0.0,0,0,3,0.0,0.0,198961874645,3
상품,의류(나이키),스위프트 저지 탑 롱슬리브,IM7543-010,긴팔티셔츠,의류,S,IM7543-010(S),,136418817,여성,개,FA26,,2026-07-29,2026-07-29,"155,000.00","70,246.00","280,984.00",사용,39152,4,9,-9,1,19,0,0.0,0.0,0.0,0,0,4,0.0,0.0,198961880073,4
상품,의류(나이키),스위프트 저지 탑 롱슬리브,IM7543-621,긴팔티셔츠,의류,L,IM7543-621(L),,136418814,여성,개,FA26,,2026-07-29,2026-07-29,"155,000.00","70,246.00","70,246.00",사용,39146,1,4,-4,1,7,0,0.0,0.0,0.0,0,0,1,0.0,0.0,198961883647,1
상품,의류(나이키),스위프트 저지 탑 롱슬리브,IM7543-621,긴팔티셔츠,의류,M,IM7543-621(M),,136418814,여성,개,FA26,,2026-07-29,2026-07-29,"155,000.00","70,246.00","140,492.00",사용,39145,2,5,-5,1,11,1,9.0,3.4,0.8,0,0,2,3.4,0.8,198961897132,2
상품,의류(나이키),스위프트 저지 탑 롱슬리브,IM7543-621,긴팔티셔츠,의류,S,IM7543-621(S),,136418814,여성,개,FA26,,2026-07-29,2026-07-29,"155,000.00","70,246.00","140,492.00",사용,39144,2,6,-6,1,12,0,0.0,0.0,0.0,0,0,2,0.0,0.0,198961886600,2
상품,용품(나이키),에어로스위프트 드라이핏 ADV 크롭 탑,IM7562-010,브라,용품,L,IM7562-010(L),,135504765,여성,개,FA26,,2026-07-07,2026-07-07,"89,000.00","40,335.00","40,335.00",사용,39470,1,2,-2,1,5,1,20.0,1.7,0.4,0,0,1,1.7,0.4,198961884866,1
상품,용품(나이키),에어로스위프트 드라이핏 ADV 크롭 탑,IM7562-010,브라,용품,M,IM7562-010(M),,135504765,여성,개,FA26,,2026-07-07,2026-07-07,"89,000.00","40,335.00","40,335.00",사용,39469,1,4,-4,1,8,0,0.0,0.0,0.0,0,0,1,0.0,0.0,198961889502,1
상품,용품(나이키),에어로스위프트 드라이핏 ADV 크롭 탑,IM7562-010,브라,용품,S,IM7562-010(S),,135504765,여성,개,FA26,,2026-07-07,2026-07-07,"89,000.00","40,335.00","80,670.00",사용,39468,2,3,-3,1,7,0,0.0,0.0,0.0,0,0,2,0.0,0.0,198961877622,2
상품,신발(나이키),알파플라이 3 에키덴,IM8066-999,레이싱,신발,265,IM8066-999(265),에키덴,132175197,남성,개,HO25,,2025-11-25,2025-11-25,"349,000.00","172,022.00","172,022.00",사용,24904,1,0,0,9,9,0,0.0,0.0,0.0,0,0,1,0.0,0.0,198487254952 ,1
상품,신발(나이키),베이퍼플라이 FK,IM8203-001,레이싱,신발,250,IM8203-001(250),,135700491,남성,개,FA26,,2026-07-07,2026-07-07,"319,000.00","157,235.00","157,235.00",사용,37897,1,3,-3,1,6,0,0.0,0.0,0.0,0,0,1,0.0,0.0,198959747661,1
상품,신발(나이키),베이퍼플라이 FK,IM8203-001,레이싱,신발,255,IM8203-001(255),,135700491,남성,개,FA26,,2026-07-07,2026-07-07,"319,000.00","157,235.00","314,470.00",사용,37898,2,6,-6,1,10,0,0.0,0.0,0.0,0,0,2,0.0,0.0,198959726468,2
상품,신발(나이키),베이퍼플라이 FK,IM8203-001,레이싱,신발,260,IM8203-001(260),,135700491,남성,개,FA26,,2026-07-07,2026-07-07,"319,000.00","157,235.00","471,705.00",사용,37899,3,14,-14,1,20,0,0.0,0.0,0.0,0,0,3,0.0,0.0,198959736450,3
상품,신발(나이키),베이퍼플라이 FK,IM8203-001,레이싱,신발,265,IM8203-001(265),,135700491,남성,개,FA26,,2026-07-07,2026-07-07,"319,000.00","157,235.00","471,705.00",사용,37900,3,20,-20,1,26,0,0.0,0.0,0.0,0,0,3,0.0,0.0,198959747296,3
상품,신발(나이키),베이퍼플라이 FK,IM8203-001,레이싱,신발,270,IM8203-001(270),,135700491,남성,개,FA26,,2026-07-07,2026-07-07,"319,000.00","157,235.00","628,940.00",사용,37901,4,24,-24,1,32,0,0.0,0.0,0.0,0,0,4,0.0,0.0,198959735262,4
상품,신발(나이키),베이퍼플라이 FK,IM8203-001,레이싱,신발,275,IM8203-001(275),,135700491,남성,개,FA26,,2026-07-07,2026-07-07,"319,000.00","157,235.00","628,940.00",사용,37902,4,16,-16,1,24,0,0.0,0.0,0.0,0,0,4,0.0,0.0,198959726574,4
상품,신발(나이키),베이퍼플라이 FK,IM8203-001,레이싱,신발,280,IM8203-001(280),,135700491,남성,개,FA26,,2026-07-07,2026-07-07,"319,000.00","157,235.00","314,470.00",사용,37903,2,7,-7,1,11,0,0.0,0.0,0.0,0,0,2,0.0,0.0,198959745209,2
상품,신발(나이키),베이퍼플라이 FK,IM8203-001,레이싱,신발,285,IM8203-001(285),,135700491,남성,개,FA26,,2026-07-07,2026-07-07,"319,000.00","157,235.00","157,235.00",사용,37904,1,6,-6,1,8,0,0.0,0.0,0.0,0,0,1,0.0,0.0,198959741126,1
상품,신발(나이키),베이퍼플라이 FK,IM8203-400,레이싱,신발,255,IM8203-400(255),,136418935,남성,개,FA26,,2026-07-29,2026-07-29,"319,000.00","157,235.00","157,235.00",사용,37876,1,2,-2,1,4,0,0.0,0.0,0.0,0,0,1,0.0,0.0,198959738782,1
상품,신발(나이키),베이퍼플라이 FK,IM8203-400,레이싱,신발,260,IM8203-400(260),,136418935,남성,개,FA26,,2026-07-29,2026-07-29,"319,000.00","157,235.00","314,470.00",사용,37877,2,4,-4,1,8,0,0.0,0.0,0.0,0,0,2,0.0,0.0,198959749269,2
상품,신발(나이키),베이퍼플라이 FK,IM8203-400,레이싱,신발,265,IM8203-400(265),,136418935,남성,개,FA26,,2026-07-29,2026-07-29,"319,000.00","157,235.00","314,470.00",사용,37878,2,6,-6,1,11,0,0.0,0.0,0.0,0,0,2,0.0,0.0,198959730076,2
상품,신발(나이키),베이퍼플라이 FK,IM8203-400,레이싱,신발,270,IM8203-400(270),,136418935,남성,개,FA26,,2026-07-29,2026-07-29,"319,000.00","157,235.00","471,705.00",사용,37879,3,7,-7,1,14,0,0.0,0.0,0.0,0,0,3,0.0,0.0,198959744127,3
상품,신발(나이키),베이퍼플라이 FK,IM8203-400,레이싱,신발,275,IM8203-400(275),,136418935,남성,개,FA26,,2026-07-29,2026-07-29,"319,000.00","157,235.00","314,470.00",사용,37880,2,5,-5,1,10,0,0.0,0.0,0.0,0,0,2,0.0,0.0,198959735620,2
상품,신발(나이키),베이퍼플라이 FK,IM8203-400,레이싱,신발,280,IM8203-400(280),,136418935,남성,개,FA26,,2026-07-29,2026-07-29,"319,000.00","157,235.00","157,235.00",사용,37881,1,2,-2,1,5,0,0.0,0.0,0.0,0,0,1,0.0,0.0,198959726543,1
상품,신발(나이키),베이퍼플라이 FK,IM8203-400,레이싱,신발,285,IM8203-400(285),,136418935,남성,개,FA26,,2026-07-29,2026-07-29,"319,000.00","157,235.00","157,235.00",사용,37882,1,2,-2,1,4,0,0.0,0.0,0.0,0,0,1,0.0,0.0,198959746855,1
상품,신발(나이키),보메로 18 SE,IM8330-001,로드,신발,230,IM8330-001(230),,135700513,여성,개,FA26,,2026-07-07,2026-07-07,"199,000.00","98,087.00","196,174.00",사용,38597,2,4,-4,1,8,0,0.0,0.0,0.0,0,0,2,0.0,0.0,198959509283,2
상품,신발(나이키),보메로 18 SE,IM8330-001,로드,신발,235,IM8330-001(235),,135700513,여성,개,FA26,,2026-07-07,2026-07-07,"199,000.00","98,087.00","294,261.00",사용,38598,3,4,-4,1,11,0,0.0,0.0,0.0,0,0,3,0.0,0.0,198959573253,3
상품,신발(나이키),보메로 18 SE,IM8330-001,로드,신발,240,IM8330-001(240),,135700513,여성,개,FA26,,2026-07-07,2026-07-07,"199,000.00","98,087.00","392,348.00",사용,38599,4,8,-8,1,17,0,0.0,0.0,0.0,0,0,4,0.0,0.0,198959514270,4
상품,신발(나이키),보메로 18 SE,IM8330-001,로드,신발,245,IM8330-001(245),,135700513,여성,개,FA26,,2026-07-07,2026-07-07,"199,000.00","98,087.00","196,174.00",사용,38600,2,6,-6,1,11,1,9.0,3.4,0.8,0,0,2,3.4,0.8,198959375291,2
상품,신발(나이키),보메로 18 SE,IM8330-001,로드,신발,255,IM8330-001(255),,135700513,여성,개,FA26,,2026-07-07,2026-07-07,"199,000.00","98,087.00","98,087.00",사용,38602,1,3,-3,1,5,0,0.0,0.0,0.0,0,0,1,0.0,0.0,198959519770,1
상품,신발(나이키),보메로 플러스 SE,IM8331-001,로드,신발,230,IM8331-001(230),,135700500,여성,개,FA26,,2026-07-07,2026-07-07,"229,000.00","112,874.00","225,748.00",사용,38487,2,5,-5,1,9,0,0.0,0.0,0.0,0,0,2,0.0,0.0,198959515185,2
상품,신발(나이키),보메로 플러스 SE,IM8331-001,로드,신발,235,IM8331-001(235),,135700500,여성,개,FA26,,2026-07-07,2026-07-07,"229,000.00","112,874.00","338,622.00",사용,38488,3,9,-9,1,16,1,6.2,5.1,1.2,0,0,3,5.1,1.2,198959716391,3
상품,신발(나이키),보메로 플러스 SE,IM8331-001,로드,신발,240,IM8331-001(240),,135700500,여성,개,FA26,,2026-07-07,2026-07-07,"229,000.00","112,874.00","451,496.00",사용,38489,4,13,-13,1,23,1,4.3,6.8,1.6,0,0,4,6.8,1.6,198959400269,4
상품,신발(나이키),보메로 플러스 SE,IM8331-001,로드,신발,245,IM8331-001(245),,135700500,여성,개,FA26,,2026-07-07,2026-07-07,"229,000.00","112,874.00","338,622.00",사용,38490,3,9,-9,1,16,1,6.2,5.1,1.2,0,0,3,5.1,1.2,198959570252,3
상품,신발(나이키),보메로 플러스 SE,IM8331-001,로드,신발,250,IM8331-001(250),,135700500,여성,개,FA26,,2026-07-07,2026-07-07,"229,000.00","112,874.00","225,748.00",사용,38491,2,7,-7,1,11,0,0.0,0.0,0.0,0,0,2,0.0,0.0,198959606609,2
상품,신발(나이키),보메로 플러스 SE,IM8331-001,로드,신발,255,IM8331-001(255),,135700500,여성,개,FA26,,2026-07-07,2026-07-07,"229,000.00","112,874.00","112,874.00",사용,38492,1,1,-1,1,5,-1,-20.0,-1.7,-0.4,0,0,1,-1.7,-0.4,198959509184,1
상품,신발(나이키),보메로 18 ESS,IM8333-200,로드,신발,250,IM8333-200(250),,136418952,남성,개,FA26,,2026-07-29,2026-07-29,"189,000.00","93,158.00","93,158.00",사용,38249,1,2,-2,1,4,0,0.0,0.0,0.0,0,0,1,0.0,0.0,198959500891,1
상품,신발(나이키),보메로 18 ESS,IM8333-200,로드,신발,255,IM8333-200(255),,136418952,남성,개,FA26,,2026-07-29,2026-07-29,"189,000.00","93,158.00","93,158.00",사용,38250,1,3,-3,1,6,0,0.0,0.0,0.0,0,0,1,0.0,0.0,198959715509,1
상품,신발(나이키),보메로 18 ESS,IM8333-200,로드,신발,260,IM8333-200(260),,136418952,남성,개,FA26,,2026-07-29,2026-07-29,"189,000.00","93,158.00","186,316.00",사용,38251,2,6,-6,1,11,0,0.0,0.0,0.0,0,0,2,0.0,0.0,198959527812,2
상품,신발(나이키),보메로 18 ESS,IM8333-200,로드,신발,265,IM8333-200(265),,136418952,남성,개,FA26,,2026-07-29,2026-07-29,"189,000.00","93,158.00","279,474.00",사용,38252,3,7,-7,1,15,0,0.0,0.0,0.0,0,0,3,0.0,0.0,198959361232,3
상품,신발(나이키),보메로 18 ESS,IM8333-200,로드,신발,270,IM8333-200(270),,136418952,남성,개,FA26,,2026-07-29,2026-07-29,"189,000.00","93,158.00","372,632.00",사용,38253,4,9,-9,1,19,0,0.0,0.0,0.0,0,0,4,0.0,0.0,198959400597,4
상품,신발(나이키),보메로 18 ESS,IM8333-200,로드,신발,275,IM8333-200(275),,136418952,남성,개,FA26,,2026-07-29,2026-07-29,"189,000.00","93,158.00","186,316.00",사용,38254,2,6,-6,1,11,0,0.0,0.0,0.0,0,0,2,0.0,0.0,198959390751,2
상품,신발(나이키),보메로 18 ESS,IM8333-200,로드,신발,280,IM8333-200(280),,136418952,남성,개,FA26,,2026-07-29,2026-07-29,"189,000.00","93,158.00","186,316.00",사용,38255,2,4,-4,1,9,0,0.0,0.0,0.0,0,0,2,0.0,0.0,198959362710,2
상품,신발(나이키),보메로 18 ESS,IM8333-200,로드,신발,285,IM8333-200(285),,136418952,남성,개,FA26,,2026-07-29,2026-07-29,"189,000.00","93,158.00","93,158.00",사용,38256,1,1,-1,1,3,0,0.0,0.0,0.0,0,0,1,0.0,0.0,198959363922,1
상품,신발(나이키),보메로 프리미엄 ESS,IM8334-200,로드,신발,250,IM8334-200(250),,136418980,남성,개,FA26,,2026-07-30,2026-07-30,"299,000.00","147,377.00","147,377.00",사용,38007,1,5,-5,1,8,0,0.0,0.0,0.0,0,0,1,0.0,0.0,198959513891,1
상품,신발(나이키),보메로 프리미엄 ESS,IM8334-200,로드,신발,255,IM8334-200(255),,136418980,남성,개,FA26,,2026-07-30,2026-07-30,"299,000.00","147,377.00","147,377.00",사용,38008,1,6,-6,1,9,0,0.0,0.0,0.0,0,0,1,0.0,0.0,198959507074,1
상품,신발(나이키),보메로 프리미엄 ESS,IM8334-200,로드,신발,260,IM8334-200(260),,136418980,남성,개,FA26,,2026-07-30,2026-07-30,"299,000.00","147,377.00","294,754.00",사용,38009,2,11,-11,1,16,0,0.0,0.0,0.0,0,0,2,0.0,0.0,198959379305,2
상품,신발(나이키),보메로 프리미엄 ESS,IM8334-200,로드,신발,265,IM8334-200(265),,136418980,남성,개,FA26,,2026-07-30,2026-07-30,"299,000.00","147,377.00","442,131.00",사용,38010,3,14,-14,1,22,1,4.5,5.1,1.2,0,0,3,5.1,1.2,198959707603,3
상품,신발(나이키),보메로 프리미엄 ESS,IM8334-200,로드,신발,270,IM8334-200(270),,136418980,남성,개,FA26,,2026-07-30,2026-07-30,"299,000.00","147,377.00","442,131.00",사용,38011,3,16,-16,1,25,1,4.0,5.1,1.2,0,0,3,5.1,1.2,198959401402,3
상품,신발(나이키),보메로 프리미엄 ESS,IM8334-200,로드,신발,275,IM8334-200(275),,136418980,남성,개,FA26,,2026-07-30,2026-07-30,"299,000.00","147,377.00","442,131.00",사용,38012,3,15,-15,1,22,0,0.0,0.0,0.0,0,0,3,0.0,0.0,198959371514,3
상품,신발(나이키),보메로 프리미엄 ESS,IM8334-200,로드,신발,280,IM8334-200(280),,136418980,남성,개,FA26,,2026-07-30,2026-07-30,"299,000.00","147,377.00","147,377.00",사용,38013,1,6,-6,1,9,0,0.0,0.0,0.0,0,0,1,0.0,0.0,198959715646,1
상품,신발(나이키),보메로 프리미엄 ESS,IM8334-200,로드,신발,285,IM8334-200(285),,136418980,남성,개,FA26,,2026-07-30,2026-07-30,"299,000.00","147,377.00","147,377.00",사용,38014,1,3,-3,1,5,1,20.0,1.7,0.4,0,0,1,1.7,0.4,198959513099,1
상품,신발(나이키),보메로 플러스 ESS,IM8336-100,로드,신발,250,IM8336-100(250),,136418961,남성,개,FA26,,2026-07-29,2026-07-29,"219,000.00","107,945.00","107,945.00",사용,38117,1,3,-3,1,6,0,0.0,0.0,0.0,0,0,1,0.0,0.0,198959717961,1
상품,신발(나이키),보메로 플러스 ESS,IM8336-100,로드,신발,255,IM8336-100(255),,136418961,남성,개,FA26,,2026-07-29,2026-07-29,"219,000.00","107,945.00","215,890.00",사용,38118,2,3,-3,1,8,1,12.5,3.4,0.8,0,0,2,3.4,0.8,198959392878,2
상품,신발(나이키),보메로 플러스 ESS,IM8336-100,로드,신발,260,IM8336-100(260),,136418961,남성,개,FA26,,2026-07-29,2026-07-29,"219,000.00","107,945.00","323,835.00",사용,38119,3,8,-8,1,16,1,6.2,5.1,1.2,0,0,3,5.1,1.2,198959519084,3
상품,신발(나이키),보메로 플러스 ESS,IM8336-100,로드,신발,265,IM8336-100(265),,136418961,남성,개,FA26,,2026-07-29,2026-07-29,"219,000.00","107,945.00","539,725.00",사용,38120,5,9,-9,1,23,2,8.6,4.2,1.0,0,0,5,4.2,1.0,198959400139,5
상품,신발(나이키),보메로 플러스 ESS,IM8336-100,로드,신발,270,IM8336-100(270),,136418961,남성,개,FA26,,2026-07-29,2026-07-29,"219,000.00","107,945.00","539,725.00",사용,38121,5,10,-10,1,25,3,12.0,2.8,0.6,0,0,5,2.8,0.6,198959723221,5
상품,신발(나이키),보메로 플러스 ESS,IM8336-100,로드,신발,275,IM8336-100(275),,136418961,남성,개,FA26,,2026-07-29,2026-07-29,"219,000.00","107,945.00","431,780.00",사용,38122,4,9,-9,1,19,0,0.0,0.0,0.0,0,0,4,0.0,0.0,198959368774,4
상품,신발(나이키),보메로 플러스 ESS,IM8336-100,로드,신발,280,IM8336-100(280),,136418961,남성,개,FA26,,2026-07-29,2026-07-29,"219,000.00","107,945.00","215,890.00",사용,38123,2,5,-5,1,12,1,8.3,3.4,0.8,0,0,2,3.4,0.8,198959574939,2
상품,신발(나이키),보메로 플러스 ESS,IM8336-100,로드,신발,285,IM8336-100(285),,136418961,남성,개,FA26,,2026-07-29,2026-07-29,"219,000.00","107,945.00","107,945.00",사용,38124,1,3,-3,1,6,0,0.0,0.0,0.0,0,0,1,0.0,0.0,198959361669,1
상품,신발(나이키),보메로 플러스 ESS,IM8336-100,로드,신발,290,IM8336-100(290),,136418961,남성,개,FA26,,2026-07-29,2026-07-29,"219,000.00","107,945.00","107,945.00",사용,38125,1,1,-1,1,3,0,0.0,0.0,0.0,0,0,1,0.0,0.0,198959378216,1
상품,의류(나이키),스위프트 리펠 재킷 NV,IM9481-010,재킷,의류,M,IM9481-010(M),,132706120,여성,개,SP26,,2026-01-16,2026-01-16,"155,000.00","76,400.00","76,400.00",사용,28810,1,0,0,7,5,0,0.0,0.0,0.0,0,0,1,0.0,0.0,198488389301,1
상품,의류(나이키),스위프트 리펠 재킷 NV,IM9481-010,재킷,의류,S,IM9481-010(S),,132706120,여성,개,SP26,,2026-01-16,2026-01-16,"155,000.00","76,400.00","76,400.00",사용,28809,1,0,0,7,6,0,0.0,0.0,0.0,0,0,1,0.0,0.0,198488389707,1
상품,의류(나이키),스위프트 리펠 재킷 NV,IM9481-502,재킷,의류,L,IM9481-502(L),,132706119,여성,개,SP26,,2026-01-12,2026-01-12,"155,000.00","70,246.00","70,246.00",사용,28819,1,0,0,7,3,0,0.0,0.0,0.0,0,0,1,0.0,0.0,198488375618,1
상품,의류(나이키),스위프트 리펠 재킷 NV,IM9481-502,재킷,의류,S,IM9481-502(S),,132706119,여성,개,SP26,,2026-01-12,2026-01-12,"155,000.00","70,246.00","70,246.00",사용,28817,1,2,-2,7,6,0,0.0,0.0,0.0,0,0,1,0.0,0.0,198488383217,1
상품,의류(나이키),ACG 드라이핏 와일드씨 베이스레이어 숏슬리브 티,IO1461-010,반팔티셔츠,의류,L,IO1461-010(L),,133609891,여성,개,SU26,,2026-05-14,2026-05-29,"69,000.00","31,271.00","93,813.00",사용,33760,3,7,-7,3,15,0,0.0,0.0,0.0,0,0,3,0.0,0.0,198488307084,3
상품,의류(나이키),ACG 드라이핏 와일드씨 베이스레이어 숏슬리브 티,IO1461-020,반팔티셔츠,의류,M,IO1461-020(M),,133564878,여성,개,SU26,,2026-05-12,2026-05-12,"69,000.00","31,271.00","62,542.00",사용,33772,2,7,-7,3,11,0,0.0,0.0,0.0,0,0,2,0.0,0.0,198729216007,2
상품,의류(나이키),ACG 드라이핏 와일드씨 베이스레이어 숏슬리브 티,IO1461-020,반팔티셔츠,의류,S,IO1461-020(S),,133564878,여성,개,SU26,,2026-05-12,2026-05-12,"69,000.00","31,271.00","31,271.00",사용,33771,1,7,-7,3,11,0,0.0,0.0,0.0,0,0,1,0.0,0.0,198729125408,1
상품,의류(나이키),ACG 울프 그리드 하프집 탑,IO4472-010,재킷,의류,L,IO4472-010(L),,136418824,여성,개,FA26,,2026-07-29,2026-07-29,"129,000.00","58,463.00","58,463.00",사용,39075,1,4,-4,1,7,0,0.0,0.0,0.0,0,0,1,0.0,0.0,198959985292,1
상품,의류(나이키),ACG 울프 그리드 하프집 탑,IO4472-010,재킷,의류,M,IO4472-010(M),,136418824,여성,개,FA26,,2026-07-29,2026-07-29,"129,000.00","58,463.00","116,926.00",사용,39074,2,6,-6,1,11,0,0.0,0.0,0.0,0,0,2,0.0,0.0,198960001943,2
상품,의류(나이키),ACG 울프 그리드 하프집 탑,IO4472-010,재킷,의류,S,IO4472-010(S),,136418824,여성,개,FA26,,2026-07-29,2026-07-29,"129,000.00","58,463.00","116,926.00",사용,39073,2,6,-6,1,12,0,0.0,0.0,0.0,0,0,2,0.0,0.0,198959937017,2
상품,의류(나이키),ACG 울프 그리드 하프집 탑,IO4472-698,재킷,의류,L,IO4472-698(L),,136418821,여성,개,FA26,,2026-07-29,2026-07-29,"129,000.00","58,463.00","58,463.00",사용,39088,1,4,-4,1,7,0,0.0,0.0,0.0,0,0,1,0.0,0.0,198959907218,1
상품,의류(나이키),ACG 울프 그리드 하프집 탑,IO4472-698,재킷,의류,M,IO4472-698(M),,136418821,여성,개,FA26,,2026-07-29,2026-07-29,"129,000.00","58,463.00","116,926.00",사용,39087,2,6,-6,1,11,0,0.0,0.0,0.0,0,0,2,0.0,0.0,198959932708,2
상품,의류(나이키),ACG 울프 그리드 하프집 탑,IO4472-698,재킷,의류,S,IO4472-698(S),,136418821,여성,개,FA26,,2026-07-29,2026-07-29,"129,000.00","58,463.00","116,926.00",사용,39086,2,6,-6,1,12,0,0.0,0.0,0.0,0,0,2,0.0,0.0,198959866034,2
상품,신발(나이키),ACG 제가마 하이크,IO7854-701,트레일,신발,265,IO7854-701(265),,135700488,남성,개,FA26,,2026-07-07,2026-07-07,"229,000.00","112,874.00","112,874.00",사용,38778,1,1,-1,1,3,0,0.0,0.0,0.0,0,0,1,0.0,0.0,198959866386,1
상품,신발(나이키),ACG 제가마 하이크,IO7854-701,트레일,신발,270,IO7854-701(270),,135700488,남성,개,FA26,,2026-07-07,2026-07-07,"229,000.00","112,874.00","112,874.00",사용,38779,1,3,-3,1,5,0,0.0,0.0,0.0,0,0,1,0.0,0.0,198959869066,1
상품,신발(나이키),ACG 제가마 하이크,IO7854-701,트레일,신발,275,IO7854-701(275),,135700488,남성,개,FA26,,2026-07-07,2026-07-07,"229,000.00","112,874.00","112,874.00",사용,38780,1,0,0,1,3,0,0.0,0.0,0.0,0,0,1,0.0,0.0,198959873681,1
상품,용품(나이키),프로 드라이 핏 언스트럭처드 스우시 러닝 캡,IO8269-009,모자,용품,L/XL,IO8269-009(L/XL),,132641985,공용,개,SP26,,2026-01-27,2026-03-05,"55,000.00","24,926.00","24,926.00",사용,28896,1,0,0,7,10,0,0.0,0.0,0.0,0,0,1,0.0,0.0,198487848908,1
상품,용품(나이키),프로 드라이 핏 언스트럭처드 스우시 러닝 캡,IO8269-009,모자,용품,M/L,IO8269-009(M/L),,132641985,공용,개,SP26,,2026-01-27,2026-03-05,"55,000.00","24,926.00","249,260.00",사용,28895,10,12,-12,7,50,2,4.0,8.5,2.0,0,0,10,8.5,2.0,198487833027,10
상품,용품(나이키),프로 드라이 핏 언스트럭처드 스우시 러닝 캡,IO8269-009,모자,용품,S/M,IO8269-009(S/M),,132641985,공용,개,SP26,,2026-01-27,2026-03-05,"55,000.00","24,926.00","74,778.00",사용,28894,3,4,-4,7,20,0,0.0,0.0,0.0,0,0,3,0.0,0.0,198487851625,3
상품,용품(나이키),프로 드라이 핏 언스트럭처드 스우시 러닝 캡,IO8269-010,모자,용품,L/XL,IO8269-010(L/XL),,132641990,공용,개,SP26,,2026-01-27,2026-03-05,"55,000.00","24,926.00","24,926.00",사용,28904,1,0,0,7,20,0,0.0,0.0,0.0,0,1,0,0.0,0.0,198487858068,1
상품,용품(나이키),프로 드라이 핏 언스트럭처드 스우시 러닝 캡,IO8269-010,모자,용품,M/L,IO8269-010(M/L),,132641990,공용,개,SP26,,2026-01-27,2026-03-05,"55,000.00","24,926.00","49,852.00",사용,28903,2,0,0,7,60,2,3.3,1.7,0.4,0,0,2,1.7,0.4,198487837162,2
상품,의류(나이키),ACG 써마 핏 라바 로프트 재킷,IO9133-010,재킷,의류,L,IO9133-010(L),,132644518,남성,개,SP26,,2026-01-21,2026-01-21,"369,000.00","167,231.00","167,231.00",사용,29010,1,4,-4,7,32,0,0.0,0.0,0.0,0,0,1,0.0,0.0,198488841069,1
상품,의류(나이키),ACG 써마 핏 라바 로프트 재킷,IO9133-819,재킷,의류,XL,IO9133-819(XL),,132644532,남성,개,SP26,,2026-01-21,2026-01-21,"369,000.00","167,231.00","167,231.00",사용,28889,1,0,0,7,9,0,0.0,0.0,0.0,0,0,1,0.0,0.0,198488830292,1
상품,의류(나이키),ACG 써마 핏 라바 로프트 재킷,IO9135-010,재킷,의류,M,IO9135-010(M),,132644502,여성,개,SP26,,2026-01-22,2026-01-22,"369,000.00","167,231.00","167,231.00",사용,29057,1,0,0,7,5,0,0.0,0.0,0.0,0,0,1,0.0,0.0,198488823539,1
상품,신발(나이키),알파플라이 3 GLAM,IO9573-800,레이싱,신발,255,IO9573-800(255),다홍&블랙,132642938,남성,개,SP26,,2026-01-27,2026-01-27,"349,000.00","172,022.00","172,022.00",사용,27915,1,0,0,7,7,0,0.0,0.0,0.0,0,0,1,0.0,0.0,198487990270,1
상품,신발(나이키),알파플라이 3 GLAM,IO9573-800,레이싱,신발,260,IO9573-800(260),다홍&블랙,132642938,남성,개,SP26,,2026-01-27,2026-01-27,"349,000.00","172,022.00","344,044.00",사용,27916,2,0,0,7,13,0,0.0,0.0,0.0,0,0,2,0.0,0.0,198487988093,2
상품,신발(나이키),알파플라이 3 GLAM,IO9573-800,레이싱,신발,265,IO9573-800(265),다홍&블랙,132642938,남성,개,SP26,,2026-01-27,2026-01-27,"349,000.00","172,022.00","516,066.00",사용,27917,3,0,0,7,16,0,0.0,0.0,0.0,0,0,3,0.0,0.0,198487995831,3
상품,신발(나이키),알파플라이 3 GLAM,IO9573-800,레이싱,신발,270,IO9573-800(270),다홍&블랙,132642938,남성,개,SP26,,2026-01-27,2026-01-27,"349,000.00","172,022.00","172,022.00",사용,27918,1,0,0,7,17,0,0.0,0.0,0.0,0,0,1,0.0,0.0,198487999921,1
상품,신발(나이키),알파플라이 3 GLAM,IO9573-800,레이싱,신발,275,IO9573-800(275),다홍&블랙,132642938,남성,개,SP26,,2026-01-27,2026-01-27,"349,000.00","172,022.00","172,022.00",사용,27919,1,0,0,7,13,0,0.0,0.0,0.0,0,0,1,0.0,0.0,198488000701,1
상품,의류(나이키),ACG 트레일 드라이핏 하이라이즈 4인치 타이츠,IO9644-004,하의타이츠,의류,L,IO9644-004(L),,133319621,여성,개,SU26,,2026-04-07,2026-04-07,"105,000.00","47,586.00","47,586.00",사용,33871,1,0,0,4,6,0,0.0,0.0,0.0,0,0,1,0.0,0.0,198488696157,1
상품,의류(나이키),ACG 트레일 드라이핏 하이라이즈 4인치 타이츠,IO9644-010,하의타이츠,의류,L,IO9644-010(L),,133319624,여성,개,FA26,,2026-07-07,2026-07-07,"105,000.00","47,586.00","47,586.00",사용,33863,1,2,-2,1,6,0,0.0,0.0,0.0,0,0,1,0.0,0.0,198488712505,1
상품,의류(나이키),ACG 트레일 드라이핏 하이라이즈 4인치 타이츠,IO9644-010,하의타이츠,의류,M,IO9644-010(M),,133319624,여성,개,FA26,,2026-07-07,2026-07-07,"105,000.00","47,586.00","142,758.00",사용,33862,3,1,-1,1,12,0,0.0,0.0,0.0,0,0,3,0.0,0.0,198488702919,3
상품,의류(나이키),ACG 트레일 드라이핏 하이라이즈 4인치 타이츠,IO9644-010,하의타이츠,의류,S,IO9644-010(S),,133319624,여성,개,SU26,,2026-04-07,2026-04-07,"105,000.00","47,586.00","47,586.00",사용,33861,1,6,-6,4,28,0,0.0,0.0,0.0,0,0,4,0.0,0.0,198488719252,1
상품,의류(나이키),ACG 트레일 드라이핏 하이라이즈 4인치 타이츠,IO9644-010,하의타이츠,의류,S,IO9644-010(S),,133319624,여성,개,FA26,,2026-07-07,2026-07-07,"105,000.00","47,586.00","142,758.00",사용,33861,3,6,-6,1,12,0,0.0,0.0,0.0,0,0,4,0.0,0.0,198488719252,3
상품,의류(나이키),ACG 드라이 핏 하이웨이스트 7/8 타이츠,IO9646-010,하의타이츠,의류,L,IO9646-010(L),,132644385,여성,개,SP26,,2026-01-22,2026-01-22,"125,000.00","56,650.00","56,650.00",사용,29074,1,0,0,7,2,0,0.0,0.0,0.0,0,0,1,0.0,0.0,198488690544,1
상품,의류(나이키),ACG 드라이 핏 하이웨이스트 7/8 타이츠,IO9646-010,하의타이츠,의류,M,IO9646-010(M),,132644385,여성,개,SP26,,2026-01-22,2026-01-22,"125,000.00","56,650.00","113,300.00",사용,29073,2,1,-1,7,6,0,0.0,0.0,0.0,0,0,2,0.0,0.0,198488718767,2
상품,의류(나이키),ACG 드라이 핏 하이웨이스트 7/8 타이츠,IO9646-010,하의타이츠,의류,S,IO9646-010(S),,132644385,여성,개,SP26,,2026-01-22,2026-01-22,"125,000.00","56,650.00","113,300.00",사용,29072,2,0,0,7,6,0,0.0,0.0,0.0,0,0,2,0.0,0.0,198488700960,2
상품,의류(나이키),ACG 트레일 드라이핏 숏슬리브 탑,IO9651-010,반팔티셔츠,의류,L,IO9651-010(L),,135504861,여성,개,FA26,,2026-07-07,2026-07-07,"79,000.00","35,803.00","71,606.00",사용,39280,2,3,-3,1,7,0,0.0,0.0,0.0,0,0,2,0.0,0.0,198488714134,2
상품,의류(나이키),ACG 트레일 드라이핏 숏슬리브 탑,IO9651-010,반팔티셔츠,의류,M,IO9651-010(M),,135504861,여성,개,FA26,,2026-07-07,2026-07-07,"79,000.00","35,803.00","107,409.00",사용,39279,3,3,-3,1,11,2,18.1,2.5,0.6,0,0,3,2.5,0.6,198488692463,3
상품,의류(나이키),ACG 트레일 드라이핏 숏슬리브 탑,IO9651-010,반팔티셔츠,의류,S,IO9651-010(S),,135504861,여성,개,FA26,,2026-07-07,2026-07-07,"79,000.00","35,803.00","107,409.00",사용,39278,3,4,-4,1,12,0,0.0,0.0,0.0,0,0,3,0.0,0.0,198488702599,3
상품,의류(나이키),ACG 트레일 드라이핏 탱크,IO9653-382,싱글렛,의류,L,IO9653-382(L),,133564871,여성,개,SU26,,2026-05-12,2026-05-12,"75,000.00","33,990.00","33,990.00",사용,33839,1,1,-1,3,5,1,20.0,1.7,0.4,0,0,1,1.7,0.4,198729485755,1
상품,의류(나이키),ACG 트레일 드라이핏 탱크,IO9653-382,싱글렛,의류,M,IO9653-382(M),,133564871,여성,개,SU26,,2026-05-12,2026-05-12,"75,000.00","33,990.00","67,980.00",사용,33838,2,2,-2,3,8,0,0.0,0.0,0.0,0,0,2,0.0,0.0,198729476814,2
상품,의류(나이키),ACG 트레일 드라이핏 탱크,IO9653-416,싱글렛,의류,L,IO9653-416(L),,133564867,여성,개,SU26,,2026-05-12,2026-05-12,"75,000.00","33,990.00","33,990.00",사용,33831,1,2,-2,3,5,0,0.0,0.0,0.0,0,0,1,0.0,0.0,198729082060,1
상품,의류(나이키),ACG 드라이핏 미드라이즈 브리프 라인드 트레일 러닝 쇼츠,IO9658-010,반바지,의류,L,IO9658-010(L),,133319632,여성,개,SU26,,2026-04-07,2026-04-07,"95,000.00","43,054.00","43,054.00",사용,33927,1,0,0,4,8,0,0.0,0.0,0.0,0,0,1,0.0,0.0,198488715384,1
상품,의류(나이키),ACG 드라이핏 미드라이즈 브리프 라인드 트레일 러닝 쇼츠,IO9658-010,반바지,의류,M,IO9658-010(M),,133319632,여성,개,SU26,,2026-04-07,2026-04-07,"95,000.00","43,054.00","258,324.00",사용,33926,6,0,0,4,19,1,5.2,10.2,2.4,0,0,6,10.2,2.4,198488711638,6
상품,의류(나이키),ACG 드라이핏 미드라이즈 브리프 라인드 트레일 러닝 쇼츠,IO9658-010,반바지,의류,S,IO9658-010(S),,133319632,여성,개,SU26,,2026-04-07,2026-04-07,"95,000.00","43,054.00","43,054.00",사용,33925,1,0,0,4,20,0,0.0,0.0,0.0,0,0,1,0.0,0.0,198488692807,1
상품,의류(나이키),ACG 드라이핏 미드라이즈 브리프 라인드 트레일 러닝 쇼츠,IO9658-020,반바지,의류,M,IO9658-020(M),,133315351,여성,개,SU26,,2026-04-03,2026-04-03,"95,000.00","43,054.00","43,054.00",사용,33934,1,2,-2,4,12,1,8.3,1.7,0.4,0,0,1,1.7,0.4,198729484390,1
상품,의류(나이키),ACG 라바 루프 드라이핏 ADV 하프 트레일 러닝 타이츠,IO9672-010,하의타이츠,의류,L,IO9672-010(L),,132573667,남성,개,FA26,,2026-07-30,2026-07-30,"95,000.00","43,054.00","301,378.00",사용,28986,7,14,-14,1,37,0,0.0,0.0,0.0,0,0,7,0.0,0.0,198488696416,7
상품,의류(나이키),ACG 라바 루프 드라이핏 ADV 하프 트레일 러닝 타이츠,IO9672-010,하의타이츠,의류,M,IO9672-010(M),,132573667,남성,개,FA26,,2026-07-30,2026-07-30,"95,000.00","43,054.00","258,324.00",사용,28985,6,10,-10,1,30,0,0.0,0.0,0.0,0,1,5,0.0,0.0,198488692746,6
상품,의류(나이키),ACG 라바 루프 드라이핏 ADV 하프 트레일 러닝 타이츠,IO9672-010,하의타이츠,의류,S,IO9672-010(S),,132573667,남성,개,FA26,,2026-07-30,2026-07-30,"95,000.00","43,054.00","129,162.00",사용,28984,3,2,-2,1,15,0,0.0,0.0,0.0,0,0,3,0.0,0.0,198488691008,3
상품,의류(나이키),ACG 라바 루프 드라이핏 ADV 하프 트레일 러닝 타이츠,IO9672-010,하의타이츠,의류,XL,IO9672-010(XL),,132573667,남성,개,SP26,,2026-01-19,2026-01-26,"95,000.00","43,054.00","215,270.00",사용,28987,5,17,-17,7,350,0,0.0,0.0,0.0,0,0,17,0.0,0.0,198488704630,5
상품,의류(나이키),ACG 라바 루프 드라이핏 ADV 하프 트레일 러닝 타이츠,IO9672-010,하의타이츠,의류,XL,IO9672-010(XL),,132573667,남성,개,SU26,,2026-04-03,2026-04-03,"95,000.00","43,054.00","215,270.00",사용,28987,5,17,-17,4,55,0,0.0,0.0,0.0,0,0,17,0.0,0.0,198488704630,5
상품,의류(나이키),ACG 라바 루프 드라이핏 ADV 하프 트레일 러닝 타이츠,IO9672-010,하의타이츠,의류,XL,IO9672-010(XL),,132573667,남성,개,FA26,,2026-07-30,2026-07-30,"95,000.00","43,054.00","301,378.00",사용,28987,7,17,-17,1,35,3,8.5,4.0,0.9,0,0,17,9.7,2.2,198488704630,7
상품,의류(나이키),ACG 라바 루프 드라이핏 ADV 하프 트레일 러닝 타이츠,IO9672-010,하의타이츠,의류,XXL,IO9672-010(XXL),,132573667,남성,개,SU26,,2026-04-03,2026-04-03,"95,000.00","43,054.00","43,054.00",사용,28988,1,4,-4,4,12,0,0.0,0.0,0.0,0,0,3,0.0,0.0,198488700601,1
상품,의류(나이키),ACG 라바 루프 드라이핏 ADV 하프 트레일 러닝 타이츠,IO9672-010,하의타이츠,의류,XXL,IO9672-010(XXL),,132573667,남성,개,FA26,,2026-07-30,2026-07-30,"95,000.00","43,054.00","86,108.00",사용,28988,2,4,-4,1,10,1,10.0,3.4,0.8,0,0,3,5.1,1.2,198488700601,2
상품,의류(나이키),ACG 드라이 핏 ADV 루나 레이 타이츠,IO9674-010,하의타이츠,의류,L,IO9674-010(L),,132644387,남성,개,SP26,,2026-01-22,2026-01-22,"135,000.00","61,182.00","367,092.00",사용,29034,6,0,0,7,21,0,0.0,0.0,0.0,0,0,6,0.0,0.0,198488704678,6
상품,의류(나이키),ACG 드라이 핏 ADV 루나 레이 타이츠,IO9674-010,하의타이츠,의류,M,IO9674-010(M),,132644387,남성,개,SP26,,2026-01-22,2026-01-22,"135,000.00","61,182.00","122,364.00",사용,29033,2,0,0,7,11,0,0.0,0.0,0.0,0,0,2,0.0,0.0,198488710143,2
상품,의류(나이키),ACG 드라이 핏 ADV 루나 레이 타이츠,IO9674-010,하의타이츠,의류,XL,IO9674-010(XL),,132644387,남성,개,SP26,,2026-01-22,2026-01-22,"135,000.00","61,182.00","122,364.00",사용,29035,2,4,-4,7,13,2,15.3,1.7,0.4,0,0,2,1.7,0.4,198488697116,2
상품,의류(나이키),ACG 드라이 핏 ADV 루나 레이 타이츠,IO9674-010,하의타이츠,의류,XXL,IO9674-010(XXL),,132644387,남성,개,SP26,,2026-01-22,2026-01-22,"135,000.00","61,182.00","61,182.00",사용,29036,1,0,0,7,2,0,0.0,0.0,0.0,0,0,1,0.0,0.0,198488711249,1
상품,의류(나이키),ACG 세컨드 선라이즈 드라이 핏 ADV 5인치 브리프 라인드 쇼츠,IO9676-010,반바지,의류,L,IO9676-010(L),,132573664,남성,개,SU26,,2026-04-03,2026-04-03,"99,000.00","44,867.00","44,867.00",사용,28994,1,4,-4,4,18,0,0.0,0.0,0.0,0,0,4,0.0,0.0,198488693552,1
상품,의류(나이키),ACG 세컨드 선라이즈 드라이 핏 ADV 5인치 브리프 라인드 쇼츠,IO9676-010,반바지,의류,L,IO9676-010(L),,132573664,남성,개,FA26,,2026-07-22,2026-07-29,"99,000.00","45,144.18","135,432.56",사용,28994,3,4,-4,1,16,0,0.0,0.0,0.0,0,0,4,0.0,0.0,198488693552,3
상품,의류(나이키),ACG 세컨드 선라이즈 드라이 핏 ADV 5인치 브리프 라인드 쇼츠,IO9676-010,반바지,의류,M,IO9676-010(M),,132573664,남성,개,SU26,,2026-04-03,2026-04-03,"99,000.00","44,867.00","89,734.00",사용,28993,2,5,-5,4,14,0,0.0,0.0,0.0,0,0,4,0.0,0.0,198488717814,2
상품,의류(나이키),ACG 세컨드 선라이즈 드라이 핏 ADV 5인치 브리프 라인드 쇼츠,IO9676-010,반바지,의류,M,IO9676-010(M),,132573664,남성,개,FA26,,2026-07-22,2026-07-29,"99,000.00","46,134.14","92,268.28",사용,28993,2,5,-5,1,14,0,0.0,0.0,0.0,0,0,4,0.0,0.0,198488717814,2
상품,의류(나이키),ACG 세컨드 선라이즈 드라이 핏 ADV 5인치 브리프 라인드 쇼츠,IO9676-010,반바지,의류,S,IO9676-010(S),,132573664,남성,개,SP26,,2026-01-02,2026-03-05,"99,000.00","44,867.00","44,867.00",사용,28992,1,1,-1,7,54,0,0.0,0.0,0.0,0,0,3,0.0,0.0,198488697895,1
상품,의류(나이키),ACG 세컨드 선라이즈 드라이 핏 ADV 5인치 브리프 라인드 쇼츠,IO9676-010,반바지,의류,S,IO9676-010(S),,132573664,남성,개,SU26,,2026-04-03,2026-04-03,"99,000.00","44,867.00","44,867.00",사용,28992,1,1,-1,4,3,0,0.0,0.0,0.0,0,0,3,0.0,0.0,198488697895,1
상품,의류(나이키),ACG 세컨드 선라이즈 드라이 핏 ADV 5인치 브리프 라인드 쇼츠,IO9676-010,반바지,의류,S,IO9676-010(S),,132573664,남성,개,FA26,,2026-07-29,2026-07-29,"99,000.00","44,867.00","44,867.00",사용,28992,1,1,-1,1,3,0,0.0,0.0,0.0,0,0,3,0.0,0.0,198488697895,1
상품,의류(나이키),ACG 세컨드 선라이즈 드라이 핏 ADV 5인치 브리프 라인드 쇼츠,IO9676-010,반바지,의류,XL,IO9676-010(XL),,132573664,남성,개,SP26,,2026-01-02,2026-03-05,"99,000.00","44,867.00","179,468.00",사용,28995,4,3,-3,7,150,0,0.0,0.0,0.0,0,0,7,0.0,0.0,198488689982,4
상품,의류(나이키),ACG 세컨드 선라이즈 드라이 핏 ADV 5인치 브리프 라인드 쇼츠,IO9676-010,반바지,의류,XL,IO9676-010(XL),,132573664,남성,개,SU26,,2026-04-03,2026-04-03,"99,000.00","44,867.00","44,867.00",사용,28995,1,3,-3,4,13,0,0.0,0.0,0.0,0,0,7,0.0,0.0,198488689982,1
상품,의류(나이키),ACG 세컨드 선라이즈 드라이 핏 ADV 5인치 브리프 라인드 쇼츠,IO9676-010,반바지,의류,XL,IO9676-010(XL),,132573664,남성,개,FA26,,2026-07-22,2026-07-29,"99,000.00","45,606.16","91,212.33",사용,28995,2,3,-3,1,12,0,0.0,0.0,0.0,0,0,7,0.0,0.0,198488689982,2
상품,의류(나이키),ACG 드라이핏 ADV 세컨드선라이즈 5인치 브리프 라인드 쇼츠,IO9676-416,반바지,의류,XL,IO9676-416(XL),,133315601,남성,개,SU26,,2026-04-03,2026-04-03,"99,000.00","44,867.00","44,867.00",사용,33912,1,0,0,4,4,0,0.0,0.0,0.0,0,0,1,0.0,0.0,198729182661,1
상품,의류(나이키),ACG 드라이핏 ADV 세컨드선라이즈 5인치 브리프 라인드 쇼츠,IO9676-416,반바지,의류,XXL,IO9676-416(XXL),,133315601,남성,개,SU26,,2026-04-03,2026-04-03,"99,000.00","44,867.00","44,867.00",사용,33913,1,0,0,4,2,0,0.0,0.0,0.0,0,0,1,0.0,0.0,198729061836,1
상품,의류(나이키),ACG 드라이핏 ADV 솔라 체이스 숏슬리브,IO9678-010,반팔티셔츠,의류,L,IO9678-010(L),,133564865,남성,개,SU26,,2026-05-12,2026-05-12,"75,000.00","33,990.00","101,970.00",사용,33734,3,0,0,3,33,0,0.0,0.0,0.0,0,0,3,0.0,0.0,198488702452,3
상품,의류(나이키),ACG 드라이핏 ADV 솔라 체이스 숏슬리브,IO9678-010,반팔티셔츠,의류,M,IO9678-010(M),,133564865,남성,개,SU26,,2026-05-12,2026-05-12,"75,000.00","33,990.00","67,980.00",사용,33733,2,0,0,3,18,0,0.0,0.0,0.0,0,0,2,0.0,0.0,198488704418,2
상품,의류(나이키),ACG 드라이핏 ADV 솔라 체이스 숏슬리브,IO9678-010,반팔티셔츠,의류,S,IO9678-010(S),,133564865,남성,개,SU26,,2026-05-12,2026-05-12,"75,000.00","33,990.00","33,990.00",사용,33732,1,0,0,3,4,0,0.0,0.0,0.0,0,0,1,0.0,0.0,198488714172,1
상품,의류(나이키),ACG 드라이핏 ADV 솔라 체이스 숏슬리브,IO9678-010,반팔티셔츠,의류,XL,IO9678-010(XL),,133564865,남성,개,SU26,,2026-05-12,2026-06-17,"75,000.00","33,990.00","101,970.00",사용,33735,3,0,0,3,32,0,0.0,0.0,0.0,0,0,3,0.0,0.0,198488715261,3
상품,의류(나이키),ACG 드라이핏 ADV 솔라 체이스 숏슬리브,IO9678-010,반팔티셔츠,의류,XXL,IO9678-010(XXL),,133564865,남성,개,SU26,,2026-05-12,2026-05-12,"75,000.00","33,990.00","67,980.00",사용,33736,2,3,-3,3,13,0,0.0,0.0,0.0,0,0,2,0.0,0.0,198488697079,2
상품,의류(나이키),ACG 드라이핏 ADV 솔라 체이스 숏슬리브,IO9678-020,반팔티셔츠,의류,L,IO9678-020(L),,133564863,남성,개,SU26,,2026-05-12,2026-05-12,"75,000.00","33,990.00","101,970.00",사용,33747,3,8,-8,3,27,0,0.0,0.0,0.0,0,0,3,0.0,0.0,198729481597,3
상품,의류(나이키),ACG 드라이핏 ADV 솔라 체이스 숏슬리브,IO9678-020,반팔티셔츠,의류,M,IO9678-020(M),,133564863,남성,개,SU26,,2026-05-12,2026-05-12,"75,000.00","33,990.00","67,980.00",사용,33746,2,1,-1,3,14,1,7.1,3.4,0.8,0,0,2,3.4,0.8,198729463241,2
상품,의류(나이키),ACG 드라이핏 ADV 솔라 체이스 숏슬리브,IO9678-020,반팔티셔츠,의류,XL,IO9678-020(XL),,133564863,남성,개,SU26,,2026-05-12,2026-05-12,"75,000.00","33,990.00","101,970.00",사용,33748,3,7,-7,3,26,0,0.0,0.0,0.0,0,0,3,0.0,0.0,198729488671,3
상품,의류(나이키),ACG 드라이핏 ADV 솔라 체이스 숏슬리브,IO9678-020,반팔티셔츠,의류,XXL,IO9678-020(XXL),,133564863,남성,개,SU26,,2026-05-12,2026-05-12,"75,000.00","33,990.00","33,990.00",사용,33749,1,7,-7,3,10,0,0.0,0.0,0.0,0,0,1,0.0,0.0,198729466921,1
상품,의류(나이키),ACG 드라이핏 ADV 솔라 체이스 숏슬리브,IO9678-104,반팔티셔츠,의류,L,IO9678-104(L),,135504963,남성,개,FA26,,2026-07-07,2026-07-07,"79,000.00","35,803.00","143,212.00",사용,39241,4,7,-7,1,17,2,11.7,3.4,0.8,0,0,4,3.4,0.8,198959764897,4
상품,의류(나이키),ACG 드라이핏 ADV 솔라 체이스 숏슬리브,IO9678-104,반팔티셔츠,의류,M,IO9678-104(M),,135504963,남성,개,FA26,,2026-07-07,2026-07-07,"79,000.00","35,803.00","107,409.00",사용,39240,3,0,0,1,10,4,40.0,1.2,0.3,0,0,3,1.2,0.3,198959983281,3
상품,의류(나이키),ACG 드라이핏 ADV 솔라 체이스 숏슬리브,IO9678-104,반팔티셔츠,의류,XL,IO9678-104(XL),,135504963,남성,개,FA26,,2026-07-07,2026-07-07,"79,000.00","35,803.00","143,212.00",사용,39242,4,0,0,1,16,8,50.0,0.8,0.2,0,0,4,0.8,0.2,198959908642,4
상품,의류(나이키),ACG 드라이핏 ADV 솔라 체이스 숏슬리브,IO9678-104,반팔티셔츠,의류,XXL,IO9678-104(XXL),,135504963,남성,개,FA26,,2026-07-07,2026-07-07,"79,000.00","35,803.00","35,803.00",사용,39243,1,1,-1,1,7,4,57.1,0.4,0.1,0,0,1,0.4,0.1,198959877283,1
상품,의류(나이키),ACG 트레일 리펠 재킷,IO9749-010,재킷,의류,L,IO9749-010(L),,133315594,여성,개,SU26,,2026-04-03,2026-04-03,"155,000.00","70,246.00","70,246.00",사용,33648,1,5,-5,4,15,0,0.0,0.0,0.0,0,0,1,0.0,0.0,198488709024,1
상품,의류(나이키),ACG 트레일 리펠 재킷,IO9749-010,재킷,의류,M,IO9749-010(M),,133315594,여성,개,SU26,,2026-04-03,2026-04-03,"155,000.00","70,246.00","351,230.00",사용,33647,5,4,-4,4,16,0,0.0,0.0,0.0,0,0,5,0.0,0.0,198488711331,5
상품,의류(나이키),ACG 트레일 리펠 재킷,IO9749-010,재킷,의류,S,IO9749-010(S),,133315594,여성,개,SU26,,2026-04-03,2026-04-03,"155,000.00","70,246.00","140,492.00",사용,33646,2,6,-6,4,19,0,0.0,0.0,0.0,0,0,2,0.0,0.0,198488709499,2
상품,의류(나이키),ACG 트레일 리펠 재킷,IO9749-020,재킷,의류,S,IO9749-020(S),,133426997,여성,개,SU26,,2026-04-21,2026-04-21,"155,000.00","70,246.00","140,492.00",사용,33659,2,6,-6,4,11,0,0.0,0.0,0.0,0,0,2,0.0,0.0,198729481979,2
상품,의류(나이키),ACG 트레일 UV 후드 미드레이어,IO9756-010,재킷,의류,L,IO9756-010(L),,135505535,여성,개,FA26,,2026-07-07,2026-07-07,"105,000.00","47,586.00","47,586.00",사용,39101,1,3,-3,1,6,0,0.0,0.0,0.0,0,0,1,0.0,0.0,198488708874,1
상품,의류(나이키),ACG 트레일 UV 후드 미드레이어,IO9756-010,재킷,의류,M,IO9756-010(M),,135505535,여성,개,FA26,,2026-07-07,2026-07-07,"105,000.00","47,586.00","95,172.00",사용,39100,2,2,-2,1,7,1,14.2,3.4,0.8,0,0,2,3.4,0.8,198488719405,2
상품,의류(나이키),ACG 트레일 UV 후드 미드레이어,IO9756-010,재킷,의류,S,IO9756-010(S),,135505535,여성,개,FA26,,2026-07-07,2026-07-07,"105,000.00","47,586.00","95,172.00",사용,39099,2,1,-1,1,7,0,0.0,0.0,0.0,0,0,2,0.0,0.0,198488717302,2
상품,신발(나이키),보메로 18 EES,IO9915-100,로드,신발,230,IO9915-100(230),,133073423,여성,개,SP26,,2026-03-05,2026-03-05,"179,000.00","88,229.00","88,229.00",사용,28592,1,1,-1,5,4,0,0.0,0.0,0.0,0,0,1,0.0,0.0,198487994148,1
상품,신발(나이키),보메로 18 EES,IO9915-100,로드,신발,235,IO9915-100(235),,133073423,여성,개,SP26,,2026-03-05,2026-03-05,"179,000.00","88,229.00","176,458.00",사용,28593,2,0,0,5,5,0,0.0,0.0,0.0,0,0,2,0.0,0.0,198487988772,2
상품,신발(나이키),보메로 18 EES,IO9915-100,로드,신발,245,IO9915-100(245),,133073423,여성,개,SP26,,2026-03-05,2026-03-05,"179,000.00","88,229.00","88,229.00",사용,28595,1,0,0,5,6,0,0.0,0.0,0.0,0,0,1,0.0,0.0,198487993301,1
상품,신발(나이키),보메로 18 EES,IO9915-100,로드,신발,250,IO9915-100(250),,133073423,여성,개,SP26,,2026-03-05,2026-03-05,"179,000.00","88,229.00","88,229.00",사용,28596,1,0,0,5,4,0,0.0,0.0,0.0,0,0,1,0.0,0.0,198487987959,1
상품,신발(나이키),보메로 플러스 ESS,IO9916-101,로드,신발,230,IO9916-101(230),,135700497,여성,개,FA26,,2026-07-07,2026-07-07,"209,000.00","103,016.00","206,032.00",사용,38575,2,4,-4,1,9,1,11.1,3.4,0.8,0,0,2,3.4,0.8,198959512450,2
상품,신발(나이키),보메로 플러스 ESS,IO9916-101,로드,신발,235,IO9916-101(235),,135700497,여성,개,FA26,,2026-07-07,2026-07-07,"209,000.00","103,016.00","309,048.00",사용,38576,3,10,-10,1,16,0,0.0,0.0,0.0,0,0,3,0.0,0.0,198959565227,3
상품,신발(나이키),보메로 플러스 ESS,IO9916-101,로드,신발,240,IO9916-101(240),,135700497,여성,개,FA26,,2026-07-07,2026-07-07,"209,000.00","103,016.00","412,064.00",사용,38577,4,12,-12,1,23,1,4.3,6.8,1.6,0,0,4,6.8,1.6,198959382725,4
상품,신발(나이키),보메로 플러스 ESS,IO9916-101,로드,신발,245,IO9916-101(245),,135700497,여성,개,FA26,,2026-07-07,2026-07-07,"209,000.00","103,016.00","309,048.00",사용,38578,3,3,-3,1,16,3,18.7,1.7,0.4,0,0,3,1.7,0.4,198959714205,3
상품,신발(나이키),보메로 플러스 ESS,IO9916-101,로드,신발,250,IO9916-101(250),,135700497,여성,개,FA26,,2026-07-07,2026-07-07,"209,000.00","103,016.00","206,032.00",사용,38579,2,4,-4,1,11,1,9.0,3.4,0.8,0,0,2,3.4,0.8,198959526259,2
상품,신발(나이키),보메로 플러스 ESS,IO9916-101,로드,신발,255,IO9916-101(255),,135700497,여성,개,FA26,,2026-07-07,2026-07-07,"209,000.00","103,016.00","103,016.00",사용,38580,1,2,-2,1,5,1,20.0,1.7,0.4,0,0,1,1.7,0.4,198959503236,1
상품,신발(나이키),보메로 플러스,IQ0308-094,로드,신발,275,IQ0308-094(275),,,남성,개,SP26,,2026-03-05,2026-03-05,"229,000.00","112,874.00","112,874.00",사용,28307,1,0,0,5,4,0,0.0,0.0,0.0,0,0,1,0.0,0.0,198727661274,1
상품,용품(아디다스),패스트임팩트 럭스 런 하이 서포트 스포츠브라,IQ3359,브라,용품,L,IQ3359(L),,,여성,개,26FW,,2026-06-01,2026-05-29,"99,000.00","49,500.00","49,500.00",사용,36334,1,0,0,2,2,0,0.0,0.0,0.0,0,1,0,0.0,0.0,4067886001138,1
상품,용품(아디다스),패스트임팩트 럭스 런 하이 서포트 스포츠브라,IQ3359,브라,용품,M,IQ3359(M),,,여성,개,26FW,,2026-06-01,2026-05-29,"99,000.00","49,500.00","49,500.00",사용,36333,1,2,-2,2,4,0,0.0,0.0,0.0,0,0,1,0.0,0.0,4067886059900,1
상품,용품(아디다스),패스트임팩트 럭스 런 하이 서포트 스포츠브라,IQ3359,브라,용품,S,IQ3359(S),,,여성,개,26FW,,2026-06-01,2026-05-29,"99,000.00","49,500.00","49,500.00",사용,36332,1,1,-1,2,3,0,0.0,0.0,0.0,0,1,0,0.0,0.0,4067886001268,1
상품,신발(나이키),줌 X 베이퍼플라이 4 프리미엄,IQ3418-399,레이싱,신발,250,IQ3418-399(250),녹색&검정,132642935,남성,개,SP26,,2026-01-27,2026-01-27,"319,000.00","157,235.00","157,235.00",사용,27998,1,1,-1,7,3,0,0.0,0.0,0.0,0,0,1,0.0,0.0,198727660918,1
상품,신발(나이키),줌 X 베이퍼플라이 4 프리미엄,IQ3418-399,레이싱,신발,255,IQ3418-399(255),녹색&검정,132642935,남성,개,SP26,,2026-01-27,2026-01-27,"319,000.00","157,235.00","157,235.00",사용,27999,1,2,-2,7,4,0,0.0,0.0,0.0,0,0,1,0.0,0.0,198727657826,1
상품,신발(나이키),줌 X 베이퍼플라이 4 프리미엄,IQ3418-399,레이싱,신발,260,IQ3418-399(260),녹색&검정,132642935,남성,개,SP26,,2026-01-27,2026-01-27,"319,000.00","157,235.00","314,470.00",사용,28000,2,6,-6,7,9,0,0.0,0.0,0.0,0,0,2,0.0,0.0,198727661564,2
상품,신발(나이키),줌 X 베이퍼플라이 4 프리미엄,IQ3418-399,레이싱,신발,265,IQ3418-399(265),녹색&검정,132642935,남성,개,SP26,,2026-01-27,2026-01-27,"319,000.00","157,235.00","471,705.00",사용,28001,3,7,-7,7,11,0,0.0,0.0,0.0,0,0,3,0.0,0.0,198727664299,3
상품,신발(나이키),줌 X 베이퍼플라이 4 프리미엄,IQ3418-399,레이싱,신발,270,IQ3418-399(270),녹색&검정,132642935,남성,개,SP26,,2026-01-27,2026-01-27,"319,000.00","157,235.00","471,705.00",사용,28002,3,10,-10,7,14,0,0.0,0.0,0.0,0,0,3,0.0,0.0,198727665944,3
상품,신발(나이키),줌 X 베이퍼플라이 4 프리미엄,IQ3418-399,레이싱,신발,275,IQ3418-399(275),녹색&검정,132642935,남성,개,SP26,,2026-01-27,2026-01-27,"319,000.00","157,235.00","157,235.00",사용,28003,1,6,-6,7,9,0,0.0,0.0,0.0,0,0,1,0.0,0.0,198727660703,1
상품,신발(나이키),줌 X 베이퍼플라이 4 프리미엄,IQ3418-399,레이싱,신발,280,IQ3418-399(280),녹색&검정,132642935,남성,개,SP26,,2026-01-27,2026-01-27,"319,000.00","157,235.00","157,235.00",사용,28004,1,4,-4,7,6,0,0.0,0.0,0.0,0,0,1,0.0,0.0,198727669294,1
상품,신발(나이키),줌 X 베이퍼플라이 4 프리미엄,IQ3418-399,레이싱,신발,285,IQ3418-399(285),녹색&검정,132642935,남성,개,SP26,,2026-01-27,2026-01-27,"319,000.00","157,235.00","157,235.00",사용,28005,1,1,-1,7,3,0,0.0,0.0,0.0,0,0,1,0.0,0.0,198727662943,1
상품,신발(나이키),페가수스 프리미엄,IQ3435-045,로드,신발,255,IQ3435-045(255),똥파리,132642932,남성,개,SP26,,2026-01-27,2026-01-27,"269,000.00","132,590.00","132,590.00",사용,28282,1,0,0,7,2,0,0.0,0.0,0.0,0,0,1,0.0,0.0,198727670191,1
상품,의류(나이키),ACG 드라이핏 와일드씨 베이스레이어 쇼츠,IQ5128-010,하의타이츠,의류,L,IQ5128-010(L),,133564874,여성,개,SU26,,2026-05-08,2026-05-08,"75,000.00","33,990.00","67,980.00",사용,33887,2,0,0,3,8,0,0.0,0.0,0.0,0,0,4,0.0,0.0,198729475909,2
상품,의류(나이키),ACG 드라이핏 와일드씨 베이스레이어 쇼츠,IQ5128-010,하의타이츠,의류,L,IQ5128-010(L),,133564874,여성,개,FA26,,2026-07-07,2026-07-07,"75,000.00","33,990.00","67,980.00",사용,33887,2,0,0,1,6,0,0.0,0.0,0.0,0,0,4,0.0,0.0,198729475909,2
상품,의류(나이키),ACG 드라이핏 와일드씨 베이스레이어 쇼츠,IQ5128-010,하의타이츠,의류,M,IQ5128-010(M),,133564874,여성,개,SU26,,2026-05-08,2026-05-08,"75,000.00","33,990.00","169,950.00",사용,33886,5,4,-4,3,19,0,0.0,0.0,0.0,0,0,8,0.0,0.0,198729473745,5
상품,의류(나이키),ACG 드라이핏 와일드씨 베이스레이어 쇼츠,IQ5128-010,하의타이츠,의류,M,IQ5128-010(M),,133564874,여성,개,FA26,,2026-07-07,2026-07-07,"75,000.00","33,990.00","101,970.00",사용,33886,3,4,-4,1,12,0,0.0,0.0,0.0,0,0,8,0.0,0.0,198729473745,3
상품,의류(나이키),ACG 드라이핏 와일드씨 베이스레이어 쇼츠,IQ5128-010,하의타이츠,의류,S,IQ5128-010(S),,133564874,여성,개,SU26,,2026-05-08,2026-05-08,"75,000.00","33,990.00","67,980.00",사용,33885,2,9,-9,3,20,0,0.0,0.0,0.0,0,0,5,0.0,0.0,198729476173,2
상품,의류(나이키),ACG 드라이핏 와일드씨 베이스레이어 쇼츠,IQ5128-010,하의타이츠,의류,S,IQ5128-010(S),,133564874,여성,개,FA26,,2026-07-07,2026-07-09,"75,000.00","33,990.00","101,970.00",사용,33885,3,9,-9,1,12,0,0.0,0.0,0.0,0,0,5,0.0,0.0,198729476173,3
상품,의류(나이키),ACG 래디컬 에어플로우 NXT 롱슬리브,IQ5849-100,긴팔티셔츠,의류,L,IQ5849-100(L),,133710760,남성,개,FA26,,2026-06-25,2026-06-25,"165,000.00","74,778.00","149,556.00",사용,36393,2,0,0,2,95,1,1.0,3.4,0.8,0,0,2,3.4,0.8,198959047747,2
상품,의류(나이키),ACG 래디컬 에어플로우 NXT 롱슬리브,IQ5849-100,긴팔티셔츠,의류,M,IQ5849-100(M),,133710760,남성,개,FA26,,2026-06-25,2026-06-25,"165,000.00","74,778.00","149,556.00",사용,36392,2,0,0,2,60,0,0.0,0.0,0.0,0,0,2,0.0,0.0,198959015593,2
상품,의류(나이키),ACG 래디컬 에어플로우 NXT 롱슬리브,IQ5849-100,긴팔티셔츠,의류,XL,IQ5849-100(XL),,133710760,남성,개,FA26,,2026-06-25,2026-06-25,"165,000.00","74,778.00","74,778.00",사용,36394,1,0,0,2,75,0,0.0,0.0,0.0,0,0,1,0.0,0.0,198959008274,1
상품,의류(나이키),ACG 래디컬 에어플로우 NXT 롱슬리브,IQ5849-100,긴팔티셔츠,의류,XXL,IQ5849-100(XXL),,133710760,남성,개,FA26,,2026-06-25,2026-06-25,"165,000.00","74,778.00","74,778.00",사용,36395,1,0,0,2,8,0,0.0,0.0,0.0,0,0,1,0.0,0.0,198959037717,1
상품,의류(나이키),ACG 래디컬 에어플로우 NXT 롱슬리브,IQ5853-100,긴팔티셔츠,의류,L,IQ5853-100(L),,133843307,여성,개,FA26,,2026-06-25,2026-06-25,"165,000.00","74,778.00","224,334.00",사용,39138,3,1,-1,2,15,0,0.0,0.0,0.0,0,0,3,0.0,0.0,198959006508,3
상품,의류(나이키),ACG 래디컬 에어플로우 NXT 롱슬리브,IQ5853-100,긴팔티셔츠,의류,M,IQ5853-100(M),,133843307,여성,개,FA26,,2026-06-25,2026-06-25,"165,000.00","74,778.00","224,334.00",사용,39137,3,0,0,2,16,1,6.2,5.1,1.2,0,0,3,5.1,1.2,198959101364,3
상품,의류(나이키),ACG 래디컬 에어플로우 NXT 롱슬리브,IQ5853-100,긴팔티셔츠,의류,S,IQ5853-100(S),,133843307,여성,개,FA26,,2026-06-25,2026-06-25,"165,000.00","74,778.00","224,334.00",사용,39136,3,0,0,2,19,0,0.0,0.0,0.0,0,0,3,0.0,0.0,198959068629,3
상품,용품(나이키ACC),런 벨트,IQ5928-077,러닝벨트,용품,L,IQ5928-077(L),,133426967,공용,개,SU26,,2026-04-14,2026-04-14,"79,000.00","37,130.00","111,390.00",사용,34206,3,0,0,4,18,0,0.0,0.0,0.0,0,0,3,0.0,0.0,198488823195,3
상품,용품(나이키ACC),런 벨트,IQ5928-077,러닝벨트,용품,M,IQ5928-077(M),,133426967,공용,개,SU26,,2026-04-14,2026-04-14,"79,000.00","37,130.00","111,390.00",사용,34205,3,0,0,4,24,0,0.0,0.0,0.0,0,0,3,0.0,0.0,198488827254,3
상품,용품(나이키ACC),런 벨트,IQ5928-077,러닝벨트,용품,S,IQ5928-077(S),,133426967,공용,개,SU26,,2026-04-14,2026-04-14,"79,000.00","37,130.00","74,260.00",사용,34204,2,0,0,4,12,0,0.0,0.0,0.0,0,0,2,0.0,0.0,198488822761,2
상품,용품(나이키ACC),런 벨트,IQ5928-077,러닝벨트,용품,XL,IQ5928-077(XL),,133426967,공용,개,SU26,,2026-04-14,2026-04-14,"79,000.00","37,130.00","74,260.00",사용,34208,2,0,0,4,6,0,0.0,0.0,0.0,0,0,2,0.0,0.0,198488841434,2
상품,용품(나이키ACC),ACG GOAT 벨트,IQ6027-039,트레일베스트,용품,L,IQ6027-039(L),,132552606,공용,개,SU26,,2026-04-14,2026-04-14,"79,000.00","37,130.00","259,910.00",사용,30869,7,36,-36,4,18,0,0.0,0.0,0.0,0,0,7,0.0,0.0,198488842608,7
상품,용품(나이키ACC),ACG GOAT 벨트,IQ6027-039,트레일베스트,용품,M,IQ6027-039(M),,132552606,공용,개,SP26,,2026-01-09,2026-01-09,"79,000.00","37,130.00","705,470.00",사용,30868,19,35,-35,7,96,1,1.0,32.5,7.6,0,0,23,39.4,9.2,198488823898,19
상품,용품(나이키ACC),ACG GOAT 벨트,IQ6027-039,트레일베스트,용품,M,IQ6027-039(M),,132552606,공용,개,SU26,,2026-04-14,2026-04-14,"79,000.00","37,130.00","148,520.00",사용,30868,4,35,-35,4,24,1,4.1,6.8,1.6,0,0,23,39.4,9.2,198488823898,4
상품,용품(나이키ACC),ACG GOAT 벨트,IQ6027-039,트레일베스트,용품,S,IQ6027-039(S),,132552606,공용,개,SU26,,2026-04-14,2026-04-14,"79,000.00","37,130.00","74,260.00",사용,30867,2,20,-20,4,12,0,0.0,0.0,0.0,0,1,1,0.0,0.0,198488836089,2
상품,용품(나이키ACC),ACG GOAT 벨트,IQ6027-039,트레일베스트,용품,XL,IQ6027-039(XL),,132552606,공용,개,SP26,,2026-01-09,2026-02-05,"79,000.00","37,130.00","74,260.00",사용,30870,2,24,-24,7,12,0,0.0,0.0,0.0,0,0,3,0.0,0.0,198488839363,2
상품,용품(나이키ACC),ACG GOAT 벨트,IQ6027-039,트레일베스트,용품,XL,IQ6027-039(XL),,132552606,공용,개,SU26,,2026-04-14,2026-04-14,"79,000.00","37,130.00","37,130.00",사용,30870,1,24,-24,4,6,0,0.0,0.0,0.0,0,0,3,0.0,0.0,198488839363,1
상품,용품(나이키ACC),ACG GOAT 팩 베스트 5L,IQ7354-039,트레일베스트,용품,L,IQ7354-039(L),,132552628,공용,개,SP26,,2026-01-09,2026-02-05,"199,000.00","93,530.00","280,590.00",사용,30859,3,9,-9,7,90,0,0.0,0.0,0.0,0,0,3,0.0,0.0,198727555474,3
상품,용품(나이키ACC),ACG GOAT 팩 베스트 5L,IQ7354-039,트레일베스트,용품,M,IQ7354-039(M),,132552628,공용,개,SP26,,2026-01-09,2026-01-09,"199,000.00","93,530.00","1,496,480.00",사용,30858,16,21,-21,7,198,4,2.0,6.8,1.6,0,0,16,6.8,1.6,198727553357,16
상품,신발(나이키),보메로 프리미엄 ESS,IQ8102-101,로드,신발,230,IQ8102-101(230),,135700494,여성,개,FA26,,2026-07-07,2026-07-07,"299,000.00","147,377.00","147,377.00",사용,38399,1,2,-2,1,4,0,0.0,0.0,0.0,0,0,1,0.0,0.0,198959377257,1
상품,신발(나이키),보메로 프리미엄 ESS,IQ8102-101,로드,신발,235,IQ8102-101(235),,135700494,여성,개,FA26,,2026-07-07,2026-07-07,"299,000.00","147,377.00","147,377.00",사용,38400,1,2,-2,1,5,0,0.0,0.0,0.0,0,0,1,0.0,0.0,198959375963,1
상품,신발(나이키),보메로 프리미엄 ESS,IQ8102-101,로드,신발,240,IQ8102-101(240),,135700494,여성,개,FA26,,2026-07-07,2026-07-07,"299,000.00","147,377.00","294,754.00",사용,38401,2,3,-3,1,7,0,0.0,0.0,0.0,0,0,2,0.0,0.0,198959500419,2
상품,신발(나이키),보메로 프리미엄 ESS,IQ8102-101,로드,신발,245,IQ8102-101(245),,135700494,여성,개,FA26,,2026-07-07,2026-07-07,"299,000.00","147,377.00","147,377.00",사용,38402,1,4,-4,1,8,1,12.5,1.7,0.4,0,0,1,1.7,0.4,198959378933,1
상품,신발(나이키),보메로 프리미엄 ESS,IQ8102-101,로드,신발,250,IQ8102-101(250),,135700494,여성,개,FA26,,2026-07-07,2026-07-07,"299,000.00","147,377.00","147,377.00",사용,38403,1,2,-2,1,4,0,0.0,0.0,0.0,0,0,1,0.0,0.0,198959541405,1
상품,신발(나이키),페가수스 42 ESS,IR0298-100,로드,신발,230,IR0298-100(230),,135700528,여성,개,FA26,,2026-07-07,2026-07-07,"169,000.00","83,300.00","83,300.00",사용,38707,1,3,-3,1,6,0,0.0,0.0,0.0,0,0,1,0.0,0.0,198959734265,1
상품,신발(나이키),페가수스 42 ESS,IR0298-100,로드,신발,235,IR0298-100(235),,135700528,여성,개,FA26,,2026-07-07,2026-07-07,"169,000.00","83,300.00","166,600.00",사용,38708,2,5,-5,1,10,1,10.0,3.4,0.8,0,0,2,3.4,0.8,198959725843,2
상품,신발(나이키),페가수스 42 ESS,IR0298-100,로드,신발,240,IR0298-100(240),,135700528,여성,개,FA26,,2026-07-07,2026-07-07,"169,000.00","83,300.00","249,900.00",사용,38709,3,4,-4,1,12,2,16.6,2.5,0.6,0,0,3,2.5,0.6,198959746893,3
상품,신발(나이키),페가수스 42 ESS,IR0298-100,로드,신발,245,IR0298-100(245),,135700528,여성,개,FA26,,2026-07-07,2026-07-07,"169,000.00","83,300.00","249,900.00",사용,38710,3,7,-7,1,13,0,0.0,0.0,0.0,0,0,3,0.0,0.0,198959743922,3
상품,신발(나이키),페가수스 42 ESS,IR0298-100,로드,신발,250,IR0298-100(250),,135700528,여성,개,FA26,,2026-07-07,2026-07-07,"169,000.00","83,300.00","166,600.00",사용,38711,2,2,-2,1,7,0,0.0,0.0,0.0,0,0,2,0.0,0.0,198959742932,2
상품,신발(나이키),페가수스 프리미엄 ESS,IR0836-100,로드,신발,230,IR0836-100(230),,135700522,여성,개,FA26,,2026-07-07,2026-07-07,"289,000.00","142,448.00","142,448.00",사용,38443,1,2,-2,1,4,0,0.0,0.0,0.0,0,0,1,0.0,0.0,198959735460,1
상품,신발(나이키),페가수스 프리미엄 ESS,IR0836-100,로드,신발,235,IR0836-100(235),,135700522,여성,개,FA26,,2026-07-07,2026-07-07,"289,000.00","142,448.00","284,896.00",사용,38444,2,0,0,1,6,0,0.0,0.0,0.0,0,0,2,0.0,0.0,198959748118,2
상품,신발(나이키),페가수스 프리미엄 ESS,IR0836-100,로드,신발,240,IR0836-100(240),,135700522,여성,개,FA26,,2026-07-07,2026-07-07,"289,000.00","142,448.00","284,896.00",사용,38445,2,3,-3,1,7,0,0.0,0.0,0.0,0,0,2,0.0,0.0,198959747739,2
상품,신발(나이키),페가수스 프리미엄 ESS,IR0836-100,로드,신발,245,IR0836-100(245),,135700522,여성,개,FA26,,2026-07-07,2026-07-07,"289,000.00","142,448.00","284,896.00",사용,38446,2,3,-3,1,8,1,12.5,3.4,0.8,0,0,2,3.4,0.8,198959736689,2
상품,신발(나이키),페가수스 프리미엄 ESS,IR0836-100,로드,신발,250,IR0836-100(250),,135700522,여성,개,FA26,,2026-07-07,2026-07-07,"289,000.00","142,448.00","142,448.00",사용,38447,1,0,0,1,3,0,0.0,0.0,0.0,0,0,1,0.0,0.0,198959733626,1
상품,신발(나이키),페가수스 42 와이드,IR1228-102,로드,신발,250,IR1228-102(250),,133327078,남성,개,SU26,,2026-04-03,2026-04-03,"169,000.00","83,300.00","83,300.00",사용,33371,1,0,0,4,4,0,0.0,0.0,0.0,0,0,1,0.0,0.0,198730385402,1
상품,신발(나이키),페가수스 42 와이드,IR1228-102,로드,신발,270,IR1228-102(270),,133327078,남성,개,SU26,,2026-04-03,2026-04-03,"169,000.00","83,300.00","83,300.00",사용,33375,1,0,0,4,17,0,0.0,0.0,0.0,0,0,1,0.0,0.0,198730385471,1
상품,신발(나이키),페가수스 42 와이드,IR1228-102,로드,신발,275,IR1228-102(275),,133327078,남성,개,SU26,,2026-04-03,2026-04-03,"169,000.00","83,300.00","166,600.00",사용,33376,2,0,0,4,14,0,0.0,0.0,0.0,0,0,2,0.0,0.0,198730380681,2
상품,신발(나이키),알파플라이 3 OR,IR1817-100,레이싱,신발,250,IR1817-100(250),,133410111,남성,개,SU26,,2026-04-14,2026-04-14,"359,000.00","176,951.00","176,951.00",사용,32815,1,0,0,4,5,0,0.0,0.0,0.0,0,0,1,0.0,0.0,198731343708,1
상품,신발(나이키),알파플라이 3 OR,IR1817-100,레이싱,신발,260,IR1817-100(260),,133410111,남성,개,SU26,,2026-04-14,2026-04-14,"359,000.00","176,951.00","353,902.00",사용,32817,2,0,0,4,18,0,0.0,0.0,0.0,0,0,2,0.0,0.0,198731340547,2
상품,신발(나이키),알파플라이 3 OR,IR1817-100,레이싱,신발,265,IR1817-100(265),,133410111,남성,개,SU26,,2026-04-14,2026-04-14,"359,000.00","176,951.00","353,902.00",사용,32818,2,2,-2,4,23,0,0.0,0.0,0.0,0,0,2,0.0,0.0,198731351925,2
상품,신발(나이키),알파플라이 3 OR,IR1817-100,레이싱,신발,270,IR1817-100(270),,133410111,남성,개,SU26,,2026-04-14,2026-04-14,"359,000.00","176,951.00","176,951.00",사용,32819,1,8,-8,4,26,1,3.8,1.7,0.4,0,0,1,1.7,0.4,198731333624,1
상품,신발(나이키),알파플라이 3 OR,IR1817-100,레이싱,신발,275,IR1817-100(275),,133410111,남성,개,SU26,,2026-04-14,2026-04-14,"359,000.00","176,951.00","353,902.00",사용,32820,2,0,0,4,17,1,5.8,3.4,0.8,0,0,2,3.4,0.8,198731333419,2
상품,신발(나이키),알파플라이 3 OR,IR1817-100,레이싱,신발,280,IR1817-100(280),,133410111,남성,개,SU26,,2026-04-14,2026-04-14,"359,000.00","176,951.00","176,951.00",사용,32821,1,0,0,4,13,0,0.0,0.0,0.0,0,0,1,0.0,0.0,198731346297,1
상품,신발(나이키),알파플라이 3 OR,IR1817-100,레이싱,신발,285,IR1817-100(285),,133410111,남성,개,SU26,,2026-04-14,2026-04-14,"359,000.00","176,951.00","176,951.00",사용,32822,1,1,-1,4,6,0,0.0,0.0,0.0,0,0,1,0.0,0.0,198731344644,1
상품,신발(나이키),베이퍼플라이 4 SE,IR2311-600,레이싱,신발,230,IR2311-600(230),,133564886,여성,개,SU26,,2026-05-12,2026-05-12,"319,000.00","157,235.00","157,235.00",사용,32965,1,1,-1,3,4,0,0.0,0.0,0.0,0,0,1,0.0,0.0,198729749260,1
상품,신발(나이키),베이퍼플라이 4 SE,IR2311-600,레이싱,신발,235,IR2311-600(235),,133564886,여성,개,SU26,,2026-05-12,2026-05-12,"319,000.00","157,235.00","157,235.00",사용,32966,1,4,-4,3,6,0,0.0,0.0,0.0,0,0,1,0.0,0.0,198729731579,1
상품,신발(나이키),베이퍼플라이 4 SE,IR2311-600,레이싱,신발,240,IR2311-600(240),,133564886,여성,개,SU26,,2026-05-12,2026-05-12,"319,000.00","157,235.00","157,235.00",사용,32967,1,5,-5,3,7,0,0.0,0.0,0.0,0,0,1,0.0,0.0,198729772749,1
상품,신발(나이키),베이퍼플라이 4 SE,IR2311-600,레이싱,신발,245,IR2311-600(245),,133564886,여성,개,SU26,,2026-05-12,2026-05-12,"319,000.00","157,235.00","157,235.00",사용,32968,1,4,-4,3,7,0,0.0,0.0,0.0,0,0,1,0.0,0.0,198729750006,1
상품,신발(나이키),베이퍼플라이 4 SE,IR2311-600,레이싱,신발,250,IR2311-600(250),,133564886,여성,개,SU26,,2026-05-12,2026-05-12,"319,000.00","157,235.00","157,235.00",사용,32969,1,2,-2,3,4,0,0.0,0.0,0.0,0,0,1,0.0,0.0,198729716736,1
상품,신발(나이키),베이퍼플라이 4 SE,IR2311-600,레이싱,신발,255,IR2311-600(255),,133564886,여성,개,SU26,,2026-05-12,2026-05-12,"319,000.00","157,235.00","157,235.00",사용,32970,1,0,0,3,2,0,0.0,0.0,0.0,0,0,1,0.0,0.0,198729867704,1
상품,의류(나이키),에어로스위프트 드라이핏 ADV 타이츠,IU1064-010,반바지,의류,L,IU1064-010(L),,135522892,여성,개,FA26,,2026-07-07,2026-07-07,"105,000.00","47,586.00","95,172.00",사용,39438,2,1,-1,1,6,1,16.6,3.4,0.8,0,0,2,3.4,0.8,198961897392,2
상품,의류(나이키),에어로스위프트 드라이핏 ADV 타이츠,IU1064-010,반바지,의류,M,IU1064-010(M),,135522892,여성,개,FA26,,2026-07-07,2026-07-07,"105,000.00","47,586.00","142,758.00",사용,39437,3,5,-5,1,12,1,8.3,5.1,1.2,0,0,3,5.1,1.2,198961880974,3
상품,의류(나이키),에어로스위프트 드라이핏 ADV 타이츠,IU1064-010,반바지,의류,S,IU1064-010(S),,135522892,여성,개,FA26,,2026-07-07,2026-07-07,"105,000.00","47,586.00","142,758.00",사용,39436,3,5,-5,1,12,0,0.0,0.0,0.0,0,0,3,0.0,0.0,198961885184,3
상품,용품(나이키ACC),ACG UV 쿨링 슬리브 페어,IU1504-019,암슬리브,용품,L/XL,IU1504-019(L/XL),,133426962,공용,개,FA26,,,,"49,000.00",0.00,0.00,사용,34191,3,9,-9,0,0,3,0.0,1.7,0.4,0,0,6,3.4,0.8,198730058382,3
상품,용품(나이키ACC),ACG UV 쿨링 슬리브 페어,IU1504-019,암슬리브,용품,L/XL,IU1504-019(L/XL),,133426962,공용,개,SU26,,2026-04-14,2026-04-14,"49,000.00","23,030.00","69,090.00",사용,34191,3,9,-9,4,15,0,0.0,0.0,0.0,0,0,6,0.0,0.0,198730058382,3
상품,용품(나이키ACC),ACG UV 쿨링 슬리브 페어,IU1504-019,암슬리브,용품,S/M,IU1504-019(S/M),,133426962,공용,개,SU26,,2026-04-14,2026-04-14,"49,000.00","23,030.00","69,090.00",사용,34189,3,17,-17,4,30,0,0.0,0.0,0.0,0,0,9,0.0,0.0,198730059228,3
상품,용품(나이키ACC),ACG UV 쿨링 슬리브 페어,IU1504-019,암슬리브,용품,S/M,IU1504-019(S/M),,133426962,공용,개,FA26,,2026-07-20,2026-07-20,"49,000.00","23,030.00","138,180.00",사용,34189,6,17,-17,1,36,0,0.0,0.0,0.0,0,0,9,0.0,0.0,198730059228,6
상품,용품(나이키ACC),ACG UV 쿨링 슬리브 페어,IU1504-833,암슬리브,용품,L/XL,IU1504-833(L/XL),,133426957,공용,개,FA26,,,,"49,000.00",0.00,0.00,사용,34185,3,5,-5,0,0,0,0.0,0.0,0.0,0,0,5,0.0,0.0,198730058962,3
상품,용품(나이키ACC),ACG UV 쿨링 슬리브 페어,IU1504-833,암슬리브,용품,L/XL,IU1504-833(L/XL),,133426957,공용,개,SU26,,2026-04-14,2026-04-14,"49,000.00","23,030.00","46,060.00",사용,34185,2,5,-5,4,6,0,0.0,0.0,0.0,0,0,5,0.0,0.0,198730058962,2
상품,용품(나이키ACC),ACG UV 쿨링 슬리브 페어,IU1504-833,암슬리브,용품,S/M,IU1504-833(S/M),,133426957,공용,개,SU26,,2026-04-14,2026-04-14,"49,000.00","23,030.00","23,030.00",사용,34183,1,9,-9,4,12,1,8.3,1.7,0.4,0,0,4,6.8,1.6,198730058818,1
상품,용품(나이키ACC),ACG UV 쿨링 슬리브 페어,IU1504-833,암슬리브,용품,S/M,IU1504-833(S/M),,133426957,공용,개,FA26,,2026-07-20,2026-07-20,"49,000.00","23,030.00","69,090.00",사용,34183,3,9,-9,1,18,0,0.0,0.0,0.0,0,0,4,0.0,0.0,198730058818,3
상품,용품(나이키ACC),ACG UV 쿨링 랩,IU1608-019,기타,용품,1SIZE,IU1608-019(1SIZE),,133426954,공용,개,SU26,,2026-04-14,2026-04-14,"45,000.00","21,150.00","21,150.00",사용,34195,1,25,-25,4,18,0,0.0,0.0,0.0,0,0,13,0.0,0.0,198729738905,1
상품,용품(나이키ACC),ACG UV 쿨링 랩,IU1608-019,기타,용품,1SIZE,IU1608-019(1SIZE),,133426954,공용,개,FA26,,2026-07-20,2026-07-20,"45,000.00","21,150.00","253,800.00",사용,34195,12,25,-25,1,60,5,8.3,4.1,0.9,0,0,13,4.4,1.0,198729738905,12
상품,용품(나이키),UV 쿨링 슬리브 페어,IU1608-833,기타,용품,1SIZE,IU1608-833(1SIZE),,135951177,,개,FA26,,2026-07-20,2026-07-20,"45,000.00","21,150.00","253,800.00",사용,39923,12,6,-6,1,30,0,0.0,0.0,0.0,0,0,12,0.0,0.0,198729741400,12
상품,의류(나이키),ACG UV 에어리즈 버튼 재킷,IU8151-070,재킷,의류,L,IU8151-070(L),,135700483,남성,개,FA26,,2026-07-07,2026-07-07,"165,000.00","74,778.00","149,556.00",사용,38971,2,1,-1,1,6,0,0.0,0.0,0.0,0,0,2,0.0,0.0,198960126899,2
상품,의류(나이키),ACG UV 에어리즈 버튼 재킷,IU8151-070,재킷,의류,M,IU8151-070(M),,135700483,남성,개,FA26,,2026-07-07,2026-07-07,"165,000.00","74,778.00","74,778.00",사용,38970,1,2,-2,1,4,0,0.0,0.0,0.0,0,0,1,0.0,0.0,198960140734,1
상품,의류(나이키),ACG UV 에어리즈 버튼 재킷,IU8151-070,재킷,의류,XL,IU8151-070(XL),,135700483,남성,개,FA26,,2026-07-07,2026-07-07,"165,000.00","74,778.00","74,778.00",사용,38972,1,1,-1,1,5,1,20.0,1.7,0.4,0,0,1,1.7,0.4,198960146576,1
상품,의류(나이키),ACG UV 에어리즈 버튼 재킷,IU8151-070,재킷,의류,XXL,IU8151-070(XXL),,135700483,남성,개,FA26,,2026-07-07,2026-07-07,"165,000.00","74,778.00","74,778.00",사용,38973,1,0,0,1,3,1,33.3,1.7,0.4,0,0,1,1.7,0.4,198960136324,1
상품,의류(나이키),ACG 드라이핏 터프 플리스 라이트 크루,IU8163-121,긴팔티셔츠,의류,L,IU8163-121(L),,135912046,남성,개,FA26,,2026-07-07,2026-07-07,"135,000.00","61,182.00","122,364.00",사용,39114,2,6,-6,1,10,0,0.0,0.0,0.0,0,0,2,0.0,0.0,198960127803,2
상품,의류(나이키),ACG 드라이핏 터프 플리스 라이트 크루,IU8163-121,긴팔티셔츠,의류,M,IU8163-121(M),,135912046,남성,개,FA26,,2026-07-07,2026-07-07,"135,000.00","61,182.00","122,364.00",사용,39113,2,2,-2,1,6,0,0.0,0.0,0.0,0,0,2,0.0,0.0,198960137512,2
상품,의류(나이키),ACG 드라이핏 터프 플리스 라이트 크루,IU8163-121,긴팔티셔츠,의류,XL,IU8163-121(XL),,135912046,남성,개,FA26,,2026-07-07,2026-07-07,"135,000.00","61,182.00","122,364.00",사용,39115,2,6,-6,1,10,0,0.0,0.0,0.0,0,0,2,0.0,0.0,198960142141,2
상품,의류(나이키),ACG 드라이핏 터프 플리스 라이트 크루,IU8163-121,긴팔티셔츠,의류,XXL,IU8163-121(XXL),,135912046,남성,개,FA26,,2026-07-07,2026-07-07,"135,000.00","61,182.00","61,182.00",사용,39116,1,2,-2,1,4,0,0.0,0.0,0.0,0,0,1,0.0,0.0,198960149539,1
상품,의류(나이키),ACG 드라이핏 터프 플리스 라이트 크루,IU8163-819,긴팔티셔츠,의류,L,IU8163-819(L),,135912039,남성,개,FA26,,2026-07-07,2026-07-07,"135,000.00","61,182.00","122,364.00",사용,39122,2,3,-3,1,7,0,0.0,0.0,0.0,0,0,2,0.0,0.0,198960131602,2
상품,의류(나이키),ACG 드라이핏 터프 플리스 라이트 크루,IU8163-819,긴팔티셔츠,의류,M,IU8163-819(M),,135912039,남성,개,FA26,,2026-07-07,2026-07-07,"135,000.00","61,182.00","61,182.00",사용,39121,1,2,-2,1,4,0,0.0,0.0,0.0,0,0,1,0.0,0.0,198960127575,1
상품,의류(나이키),ACG 드라이핏 터프 플리스 라이트 크루,IU8163-819,긴팔티셔츠,의류,XL,IU8163-819(XL),,135912039,남성,개,FA26,,2026-07-07,2026-07-07,"135,000.00","61,182.00","122,364.00",사용,39123,2,2,-2,1,6,0,0.0,0.0,0.0,0,0,2,0.0,0.0,198960131978,2
상품,의류(나이키),ACG 드라이핏 터프 플리스 라이트 크루,IU8163-819,긴팔티셔츠,의류,XXL,IU8163-819(XXL),,135912039,남성,개,FA26,,2026-07-07,2026-07-07,"135,000.00","61,182.00","61,182.00",사용,39124,1,1,-1,1,3,0,0.0,0.0,0.0,0,0,1,0.0,0.0,198960145968,1
상품,의류(나이키),ACG 드라이핏 터프 플리스 라이트 크루,IU8169-070,긴팔티셔츠,의류,L,IU8169-070(L),,135912027,여성,개,FA26,,2026-07-07,2026-07-07,"139,000.00","62,995.00","62,995.00",사용,39162,1,4,-4,1,6,0,0.0,0.0,0.0,0,0,1,0.0,0.0,198960137130,1
상품,의류(나이키),ACG 드라이핏 터프 플리스 라이트 크루,IU8169-070,긴팔티셔츠,의류,M,IU8169-070(M),,135912027,여성,개,FA26,,2026-07-07,2026-07-07,"139,000.00","62,995.00","125,990.00",사용,39161,2,3,-3,1,7,0,0.0,0.0,0.0,0,0,2,0.0,0.0,198960135433,2
상품,의류(나이키),ACG 드라이핏 터프 플리스 라이트 크루,IU8169-070,긴팔티셔츠,의류,S,IU8169-070(S),,135912027,여성,개,FA26,,2026-07-07,2026-07-07,"139,000.00","62,995.00","125,990.00",사용,39160,2,3,-3,1,7,0,0.0,0.0,0.0,0,0,2,0.0,0.0,198960145487,2
상품,용품(나이키),ACG UV 쿨링 랩,IU9971-042,암슬리브,용품,L/XL,IU9971-042(L/XL),,135951176,,개,FA26,,,,0.00,0.00,0.00,사용,39919,3,6,-6,0,0,0,0.0,0.0,0.0,0,0,3,0.0,0.0,198731882993,3
상품,용품(나이키),ACG UV 쿨링 랩,IU9971-042,암슬리브,용품,S/M,IU9971-042(S/M),,135951176,,개,FA26,,2026-07-20,2026-07-20,"39,000.00","18,330.00","54,990.00",사용,39917,3,12,-12,1,18,0,0.0,0.0,0.0,0,0,3,0.0,0.0,198731883181,3
상품,의류(나이키),ACG 래디컬 에어플로우 숏슬리브,IV5367-100,반팔티셔츠,의류,L,IV5367-100(L),,133863992,남성,개,FA26,,2026-06-25,2026-06-25,"155,000.00","70,246.00","210,738.00",사용,39202,3,0,0,2,23,0,0.0,0.0,0.0,0,0,3,0.0,0.0,198964860348,3
상품,의류(나이키),ACG 래디컬 에어플로우 숏슬리브,IV5367-100,반팔티셔츠,의류,M,IV5367-100(M),,133863992,남성,개,FA26,,2026-06-25,2026-06-25,"155,000.00","70,246.00","70,246.00",사용,39201,1,0,0,2,14,0,0.0,0.0,0.0,0,0,1,0.0,0.0,198965141477,1
상품,의류(나이키),ACG 래디컬 에어플로우 숏슬리브,IV5367-100,반팔티셔츠,의류,XL,IV5367-100(XL),,133863992,남성,개,FA26,,2026-06-25,2026-06-25,"155,000.00","70,246.00","140,492.00",사용,39203,2,0,0,2,18,0,0.0,0.0,0.0,0,0,2,0.0,0.0,198965158918,2
상품,의류(나이키),ACG 드라이핏 래디컬 에어플로 탱크,IW0768-100,싱글렛,의류,L,IW0768-100(L),,136419193,남성,개,FA26,,2026-07-29,2026-07-29,"139,000.00","62,995.00","251,980.00",사용,39314,4,0,0,1,23,13,56.5,0.5,0.1,0,0,4,0.5,0.1,198965212245,4
상품,의류(나이키),ACG 드라이핏 래디컬 에어플로 탱크,IW0768-100,싱글렛,의류,M,IW0768-100(M),,136419193,남성,개,FA26,,2026-07-29,2026-07-29,"139,000.00","62,995.00","188,985.00",사용,39313,3,0,0,1,14,7,50.0,0.7,0.1,0,1,2,0.4,0.1,198965167682,3
상품,의류(나이키),ACG 드라이핏 래디컬 에어플로 탱크,IW0768-100,싱글렛,의류,XL,IW0768-100(XL),,136419193,남성,개,FA26,,2026-07-29,2026-07-29,"139,000.00","62,995.00","251,980.00",사용,39315,4,8,-8,1,18,1,5.5,6.8,1.6,0,0,4,6.8,1.6,198965308474,4
상품,용품(나이키),ACG 래디컬 에어플로 플라이 캡,IX1854-060,모자,용품,M/L,IX1854-060(M/L),,133863977,공용,개,FA26,,2026-06-30,2026-06-30,"59,000.00","26,739.00","53,478.00",사용,39497,2,0,0,2,40,0,0.0,0.0,0.0,0,2,0,0.0,0.0,198965224132,2
상품,용품(나이키),ACG 래디컬 에어플로 플라이 캡,IX1854-100,모자,용품,L/XL,IX1854-100(L/XL),,133863986,공용,개,FA26,,2026-06-30,2026-06-30,"59,000.00","26,739.00","160,434.00",사용,39488,6,4,-4,2,36,1,2.7,10.2,2.4,0,0,6,10.2,2.4,198965157621,6
상품,용품(나이키),ACG 래디컬 에어플로 플라이 캡,IX1854-100,모자,용품,M/L,IX1854-100(M/L),,133863986,공용,개,FA26,,2026-06-30,2026-06-30,"59,000.00","26,739.00","106,956.00",사용,39487,4,1,-1,2,60,2,3.3,3.4,0.8,0,1,3,2.5,0.6,198965273246,4
상품,용품(나이키),ACG 래디컬 에어플로 플라이 캡,IX1854-100,모자,용품,S/M,IX1854-100(S/M),,133863986,공용,개,FA26,,2026-06-30,2026-06-30,"59,000.00","26,739.00","26,739.00",사용,39486,1,0,0,2,24,2,8.3,0.8,0.2,0,1,0,0.0,0.0,198965033734,1
상품,의류(아디다스),아디제로 러닝 스플릿 쇼츠,IX8975,반바지,의류,L,IX8975(L),,133087424,남성,개,26SS,,2026-03-10,2026-03-10,"89,000.00","44,500.00","89,000.00",사용,27415,2,3,-3,5,12,0,0.0,0.0,0.0,0,0,2,0.0,0.0,4067902006277,2
상품,의류(아디다스),아디제로 러닝 스플릿 쇼츠,IX8975,반바지,의류,M,IX8975(M),,133087424,남성,개,26SS,,2026-03-10,2026-03-10,"89,000.00","44,500.00","89,000.00",사용,27414,2,0,0,5,8,0,0.0,0.0,0.0,0,0,2,0.0,0.0,4067902006314,2
상품,의류(아디다스),아디제로 러닝 스플릿 쇼츠,IX8975,반바지,의류,S,IX8975(S),,133087424,남성,개,26SS,,2026-03-10,2026-03-10,"89,000.00","44,500.00","44,500.00",사용,27413,1,0,0,5,3,0,0.0,0.0,0.0,0,0,1,0.0,0.0,4067902010069,1
상품,의류(아디다스),아디제로 러닝 스플릿 쇼츠,IX8975,반바지,의류,XL,IX8975(XL),,133087424,남성,개,26SS,,2026-03-10,2026-03-10,"89,000.00","44,500.00","89,000.00",사용,27416,2,1,-1,5,7,1,14.2,3.4,0.8,0,0,2,3.4,0.8,4067902006307,2
상품,의류(아디다스),아디제로 러닝 재킷,IX8988,재킷,의류,L,IX8988(L),,132601665,남성,개,26SS,,2026-01-08,2026-01-08,"219,000.00","109,500.00","328,500.00",사용,27055,3,3,-3,7,8,0,0.0,0.0,0.0,0,0,3,0.0,0.0,4067887534352,3
상품,의류(아디다스),아디제로 러닝 재킷,IX8988,재킷,의류,M,IX8988(M),,132601665,남성,개,26SS,,2026-01-08,2026-01-08,"219,000.00","109,500.00","219,000.00",사용,27054,2,2,-2,7,5,0,0.0,0.0,0.0,0,0,2,0.0,0.0,4067887534314,2
상품,의류(아디다스),아디제로 러닝 재킷,IX8988,재킷,의류,S,IX8988(S),,132601665,남성,개,26SS,,2026-01-08,2026-01-08,"219,000.00","109,500.00","109,500.00",사용,27053,1,0,0,7,1,0,0.0,0.0,0.0,0,0,1,0.0,0.0,,1
상품,의류(아디다스),아디제로 러닝 재킷,IX8988,재킷,의류,XL,IX8988(XL),,132601665,남성,개,26SS,,2026-01-08,2026-01-08,"219,000.00","109,500.00","109,500.00",사용,27056,1,2,-2,7,4,0,0.0,0.0,0.0,0,0,1,0.0,0.0,4067887532136,1
상품,용품(아디다스),러닝 X 아디제로 클라이마쿨 캡,JD1160,모자,용품,L,JD1160(L),,132875736,공용,개,26FW,,2026-06-01,2026-05-29,"39,000.00","19,500.00","97,500.00",사용,27522,5,3,-3,2,13,1,7.6,8.5,2.0,0,0,5,8.5,2.0,4067902599892,5
상품,용품(아디다스),러닝 X 아디제로 클라이마쿨 캡,JD1160,모자,용품,M,JD1160(M),,132875736,공용,개,26FW,,2026-06-01,2026-05-29,"39,000.00","19,500.00","292,500.00",사용,27521,15,10,-10,2,55,2,3.6,12.8,3.0,0,0,15,12.8,3.0,4067902599908,15
상품,용품(아디다스),러닝 X 아디제로 클라이마쿨 캡,JD1160,모자,용품,S,JD1160(S),,132875736,공용,개,26FW,,2026-06-01,2026-05-29,"39,000.00","19,500.00","390,000.00",사용,27520,20,23,-23,2,33,0,0.0,0.0,0.0,0,0,20,0.0,0.0,4067902599922,20
상품,의류(아디다스),아디제로 러닝 티셔츠,JF3473,반팔티셔츠,의류,L,JF3473(L),,133835637,남성,개,26FW,,2026-06-17,2026-06-17,"79,000.00","39,500.00","592,500.00",사용,35691,15,30,-30,2,60,0,0.0,0.0,0.0,0,0,15,0.0,0.0,4067887543095,15
상품,의류(아디다스),아디제로 러닝 티셔츠,JF3473,반팔티셔츠,의류,M,JF3473(M),,133835637,남성,개,26FW,,2026-06-17,2026-06-17,"79,000.00","39,500.00","197,500.00",사용,35690,5,18,-18,2,32,1,3.1,8.5,2.0,0,0,5,8.5,2.0,4067887542975,5
상품,의류(아디다스),아디제로 러닝 티셔츠,JF3473,반팔티셔츠,의류,S,JF3473(S),,133835637,남성,개,26FW,,2026-06-17,2026-06-17,"79,000.00","39,500.00","39,500.00",사용,35689,1,4,-4,2,7,0,0.0,0.0,0.0,0,0,1,0.0,0.0,,1
상품,의류(아디다스),아디제로 러닝 티셔츠,JF3473,반팔티셔츠,의류,XL,JF3473(XL),,133835637,남성,개,26FW,,2026-06-17,2026-06-17,"79,000.00","39,500.00","395,000.00",사용,35692,10,33,-33,2,58,0,0.0,0.0,0.0,0,0,10,0.0,0.0,,10
상품,의류(아디다스),아디제로 러닝 티셔츠,JF3473,반팔티셔츠,의류,XXL,JF3473(XXL),,133835637,남성,개,26FW,,2026-06-17,2026-06-17,"79,000.00","39,500.00","118,500.00",사용,35693,3,15,-15,2,23,0,0.0,0.0,0.0,0,0,3,0.0,0.0,,3
상품,신발(아디다스),아디제로 EVO SL,JH6206,로드,신발,260,JH6206(260),화이트(50-90),132221277,남성,개,26SS,,2025-12-01,2026-03-24,"209,000.00","108,680.00","217,360.00",사용,26593,2,14,-14,8,26,0,0.0,0.0,0.0,0,0,2,0.0,0.0,4067903746097,2
상품,신발(아디다스),아디제로 EVO SL,JH6206,로드,신발,270,JH6206(270),화이트(50-90),132221277,남성,개,26SS,,2025-12-01,2026-03-24,"209,000.00","108,680.00","108,680.00",사용,26595,1,33,-33,8,40,0,0.0,0.0,0.0,0,0,1,0.0,0.0,4067903746035,1
상품,신발(아디다스),아디제로 EVO SL,JH6206,로드,신발,275,JH6206(275),화이트(50-90),132221277,남성,개,26SS,,2025-12-01,2026-03-24,"209,000.00","108,680.00","108,680.00",사용,26596,1,20,-20,8,28,0,0.0,0.0,0.0,0,0,1,0.0,0.0,4067903746080,1
상품,신발(아디다스),아디제로 EVO SL,JH6206,로드,신발,285,JH6206(285),화이트(50-90),132221277,남성,개,26SS,,2025-12-01,2026-03-24,"209,000.00","108,680.00","217,360.00",사용,26598,2,9,-9,8,9,0,0.0,0.0,0.0,0,0,2,0.0,0.0,4067903746042,2
상품,신발(아디다스),아디제로 EVO SL,JH6208,로드,신발,230,JH6208(230),화이트,132432655,여성,개,26SS,,2025-12-24,2026-03-24,"209,000.00","108,680.00","217,360.00",사용,26776,2,4,-4,8,11,0,0.0,0.0,0.0,0,0,2,0.0,0.0,4067903742082,2
상품,신발(아디다스),아디제로 EVO SL,JH6208,로드,신발,235,JH6208(235),화이트,132432655,여성,개,26SS,,2025-12-24,2026-03-24,"209,000.00","108,680.00","108,680.00",사용,26777,1,6,-6,8,16,0,0.0,0.0,0.0,0,0,1,0.0,0.0,4067903742136,1
상품,신발(아디다스),아디제로 EVO SL,JH6208,로드,신발,240,JH6208(240),화이트,132432655,여성,개,26SS,,2025-12-24,2026-03-24,"209,000.00","108,680.00","434,720.00",사용,26778,4,9,-9,8,23,0,0.0,0.0,0.0,0,1,3,0.0,0.0,4067903742129,4
상품,신발(아디다스),아디제로 EVO SL,JH6208,로드,신발,250,JH6208(250),화이트,132432655,여성,개,26SS,,2025-12-24,2026-03-24,"209,000.00","108,680.00","217,360.00",사용,26780,2,4,-4,8,12,0,0.0,0.0,0.0,0,0,2,0.0,0.0,4067903742167,2
상품,의류(아디다스),아디제로 싱글렛,JN0298,싱글렛,의류,L,JN0298(L),,133087426,남성,개,26SS,,2026-03-05,2026-03-05,"89,000.00","44,500.00","178,000.00",사용,27287,4,27,-27,5,16,0,0.0,0.0,0.0,0,0,14,0.0,0.0,4067905949182,4
상품,의류(아디다스),아디제로 싱글렛,JN0298,싱글렛,의류,L,JN0298(L),,133087426,남성,개,26FW,,2026-06-01,2026-05-29,"89,000.00","44,500.00","445,000.00",사용,27287,10,27,-27,2,40,0,0.0,0.0,0.0,0,0,14,0.0,0.0,4067905949182,10
상품,의류(아디다스),아디제로 싱글렛,JN0298,싱글렛,의류,M,JN0298(M),,133087426,남성,개,26SS,,2026-03-05,2026-03-05,"89,000.00","44,500.00","133,500.00",사용,27286,3,22,-22,5,9,0,0.0,0.0,0.0,0,0,8,0.0,0.0,4067905947690,3
상품,의류(아디다스),아디제로 싱글렛,JN0298,싱글렛,의류,M,JN0298(M),,133087426,남성,개,26FW,,2026-06-01,2026-05-29,"89,000.00","44,500.00","222,500.00",사용,27286,5,22,-22,2,36,3,8.3,2.8,0.6,0,0,8,4.5,1.0,4067905947690,5
상품,의류(아디다스),아디제로 싱글렛,JN0298,싱글렛,의류,S,JN0298(S),,133087426,남성,개,26SS,,2026-03-05,2026-03-05,"89,000.00","44,500.00","44,500.00",사용,27285,1,0,0,5,2,0,0.0,0.0,0.0,0,0,1,0.0,0.0,4067905947638,1
상품,의류(아디다스),아디제로 싱글렛,JN0298,싱글렛,의류,XL,JN0298(XL),,133087426,남성,개,26SS,,2026-03-05,2026-03-05,"89,000.00","44,500.00","89,000.00",사용,27288,2,26,-26,5,16,0,0.0,0.0,0.0,0,0,7,0.0,0.0,4067905949199,2
상품,의류(아디다스),아디제로 싱글렛,JN0298,싱글렛,의류,XL,JN0298(XL),,133087426,남성,개,26FW,,2026-06-01,2026-05-29,"89,000.00","44,500.00","222,500.00",사용,27288,5,26,-26,2,27,0,0.0,0.0,0.0,0,0,7,0.0,0.0,4067905949199,5
상품,의류(아디다스),아디제로 싱글렛,JP3773,싱글렛,의류,L,JP3773(L),,132601632,남성,개,26SS,,2026-01-08,2026-01-08,"89,000.00","44,500.00","133,500.00",사용,27271,3,1,-1,7,11,0,0.0,0.0,0.0,0,0,3,0.0,0.0,4068808021760,3
상품,의류(아디다스),아디제로 싱글렛,JP3773,싱글렛,의류,M,JP3773(M),,132601632,남성,개,26SS,,2026-01-08,2026-01-08,"89,000.00","44,500.00","89,000.00",사용,27270,2,0,0,7,7,0,0.0,0.0,0.0,0,0,2,0.0,0.0,4068808021777,2
상품,의류(아디다스),아디제로 싱글렛,JP3773,싱글렛,의류,S,JP3773(S),,132601632,남성,개,26SS,,2026-01-08,2026-01-08,"89,000.00","44,500.00","44,500.00",사용,27269,1,0,0,7,2,0,0.0,0.0,0.0,0,0,1,0.0,0.0,4068808021814,1
상품,의류(아디다스),아디제로 싱글렛,JP3773,싱글렛,의류,XL,JP3773(XL),,132601632,남성,개,26SS,,2026-01-08,2026-01-08,"89,000.00","44,500.00","44,500.00",사용,27272,1,3,-3,7,7,0,0.0,0.0,0.0,0,0,1,0.0,0.0,4068808021746,1
상품,의류(아디다스),아디제로 싱글렛,JP3773,싱글렛,의류,XXL,JP3773(XXL),,132601632,남성,개,26SS,,2026-01-08,2026-01-08,"89,000.00","44,500.00","44,500.00",사용,27273,1,2,-2,7,3,0,0.0,0.0,0.0,0,0,1,0.0,0.0,4068808021722,1
상품,신발(아디다스),아디제로 아디오스 프로 4,JP6623,레이싱,신발,260,JP6623(260),볼트,132221463,남성,개,26SS,,2025-11-21,2025-11-21,"299,000.00","155,480.00","621,920.00",사용,26320,4,0,0,9,9,0,0.0,0.0,0.0,0,0,4,0.0,0.0,198321356361,4
상품,신발(아디다스),아디제로 아디오스 프로 4,JP6623,레이싱,신발,265,JP6623(265),볼트,132221463,남성,개,26SS,,2025-11-21,2025-11-21,"299,000.00","155,480.00","777,400.00",사용,26321,5,0,0,9,11,0,0.0,0.0,0.0,0,0,5,0.0,0.0,198321356385,5
상품,신발(아디다스),아디제로 아디오스 프로 4,JP6623,레이싱,신발,270,JP6623(270),볼트,132221463,남성,개,26SS,,2025-11-21,2025-11-21,"299,000.00","155,480.00","932,880.00",사용,26322,6,0,0,9,14,0,0.0,0.0,0.0,0,0,6,0.0,0.0,198321356330,6
상품,신발(아디다스),아디제로 아디오스 프로 4,JP6623,레이싱,신발,275,JP6623(275),볼트,132221463,남성,개,26SS,,2025-11-21,2025-11-21,"299,000.00","155,480.00","466,440.00",사용,26323,3,0,0,9,9,0,0.0,0.0,0.0,0,0,3,0.0,0.0,198321356354,3
상품,신발(아디다스),아디제로 아디오스 프로 4,JP6623,레이싱,신발,280,JP6623(280),볼트,132221463,남성,개,26SS,,2025-11-21,2025-11-21,"299,000.00","155,480.00","310,960.00",사용,26324,2,0,0,9,6,0,0.0,0.0,0.0,0,0,2,0.0,0.0,198321360061,2
상품,신발(아디다스),아디제로 아디오스 프로 4 베를린,JP6624,레이싱,신발,250,JP6624(250),,132964962,남성,개,26SS,,2026-03-03,2026-03-03,"299,000.00","149,500.00","149,500.00",사용,26402,1,0,0,5,2,0,0.0,0.0,0.0,0,0,1,0.0,0.0,4068812330377,1
상품,신발(아디다스),아디제로 아디오스 프로 4 베를린,JP6624,레이싱,신발,260,JP6624(260),,132964962,남성,개,26SS,,2026-03-03,2026-03-03,"299,000.00","149,500.00","299,000.00",사용,26404,2,0,0,5,9,0,0.0,0.0,0.0,0,0,2,0.0,0.0,4068812330360,2
상품,신발(아디다스),아디제로 아디오스 프로 4 베를린,JP6624,레이싱,신발,265,JP6624(265),,132964962,남성,개,26SS,,2026-03-03,2026-03-03,"299,000.00","149,500.00","149,500.00",사용,26405,1,0,0,5,9,0,0.0,0.0,0.0,0,0,1,0.0,0.0,4068812330469,1
상품,신발(아디다스),아디제로 아디오스 프로 4 베를린,JP6624,레이싱,신발,275,JP6624(275),,132964962,남성,개,26SS,,2026-03-03,2026-03-03,"299,000.00","149,500.00","448,500.00",사용,26407,3,0,0,5,11,0,0.0,0.0,0.0,0,0,3,0.0,0.0,4068812330438,3
상품,신발(아디다스),아디제로 아디오스 프로 4 베를린,JP6624,레이싱,신발,280,JP6624(280),,132964962,남성,개,26SS,,2026-03-03,2026-03-03,"299,000.00","149,500.00","149,500.00",사용,26408,1,0,0,5,7,1,14.2,1.7,0.4,0,0,1,1.7,0.4,4068812330384,1
상품,신발(아디다스),아디제로 아디오스 프로 4 베를린,JP6624,레이싱,신발,285,JP6624(285),,132964962,남성,개,26SS,,2026-03-03,2026-03-03,"299,000.00","149,500.00","149,500.00",사용,26409,1,0,0,5,2,0,0.0,0.0,0.0,0,0,1,0.0,0.0,4068812330353,1
상품,신발(아디다스),아디제로 아디오스 프로 4 베를린,JP6624,레이싱,신발,290,JP6624(290),,132964962,남성,개,26SS,,2026-03-03,2026-03-03,"299,000.00","149,500.00","149,500.00",사용,26410,1,0,0,5,2,0,0.0,0.0,0.0,0,0,1,0.0,0.0,4068812330490,1
상품,신발(아디다스),아디제로 EVO SL,JP7147,로드,신발,235,JP7147(235),블랙,132432600,여성,개,26SS,,2025-12-29,2026-03-24,"209,000.00","108,680.00","217,360.00",사용,26798,2,0,0,8,12,0,0.0,0.0,0.0,0,0,2,0.0,0.0,4067903938706,2
상품,신발(아디다스),아디제로 EVO SL,JP7147,로드,신발,240,JP7147(240),블랙,132432600,여성,개,26SS,,2025-12-29,2026-03-24,"209,000.00","108,680.00","108,680.00",사용,26799,1,0,0,8,14,1,7.1,1.7,0.4,0,0,1,1.7,0.4,4067903938713,1
상품,신발(아디다스),아디제로 아디오스 프로 4,JR1094,레이싱,신발,275,JR1094(275),,133218162,남성,개,26SS,,2026-03-24,2026-03-24,"299,000.00","155,480.00","310,960.00",사용,32791,2,0,0,5,5,0,0.0,0.0,0.0,0,0,2,0.0,0.0,4068801156209,2
상품,신발(아디다스),아디제로 아디오스 프로 4,JR1094,레이싱,신발,280,JR1094(280),,133218162,남성,개,26SS,,2026-03-24,2026-03-24,"299,000.00","155,480.00","310,960.00",사용,32792,2,0,0,5,5,0,0.0,0.0,0.0,0,0,2,0.0,0.0,4068801156193,2
상품,신발(아디다스),아디제로 아디오스 프로 4,JR1269,레이싱,신발,255,JR1269(255),,133218168,남성,개,26SS,,2026-03-24,2026-03-24,"299,000.00","155,480.00","466,440.00",사용,32745,3,0,0,5,6,0,0.0,0.0,0.0,0,0,3,0.0,0.0,4068803053094,3
상품,신발(아디다스),아디제로 아디오스 프로 4,JR1269,레이싱,신발,260,JR1269(260),,133218168,남성,개,26SS,,2026-03-24,2026-03-24,"299,000.00","155,480.00","466,440.00",사용,32746,3,1,-1,5,7,0,0.0,0.0,0.0,0,0,3,0.0,0.0,4068803050116,3
상품,신발(아디다스),아디제로 아디오스 프로 4,JR1269,레이싱,신발,270,JR1269(270),,133218168,남성,개,26SS,,2026-03-24,2026-03-24,"299,000.00","155,480.00","155,480.00",사용,32748,1,0,0,5,3,0,0.0,0.0,0.0,0,0,1,0.0,0.0,4068803053087,1
상품,신발(아디다스),아디제로 아디오스 프로 4,JR1269,레이싱,신발,280,JR1269(280),,133218168,남성,개,26SS,,2026-03-24,2026-03-24,"299,000.00","155,480.00","466,440.00",사용,32750,3,0,0,5,8,0,0.0,0.0,0.0,0,0,3,0.0,0.0,4068803053124,3
상품,신발(아디다스),아디제로 아디오스 프로 4,JR1269,레이싱,신발,285,JR1269(285),,133218168,남성,개,26SS,,2026-03-24,2026-03-24,"299,000.00","155,480.00","155,480.00",사용,32751,1,0,0,5,5,0,0.0,0.0,0.0,0,0,1,0.0,0.0,4068803053100,1
상품,신발(아디다스),아디제로 아디오스 프로 4,JR1269,레이싱,신발,290,JR1269(290),,133218168,남성,개,26SS,,2026-03-24,2026-03-24,"299,000.00","155,480.00","155,480.00",사용,32752,1,0,0,5,3,0,0.0,0.0,0.0,0,0,1,0.0,0.0,4068803050147,1
상품,신발(아디다스),아디제로 아디오스 프로 4,JR4946,레이싱,신발,250,JR4946(250),,133218169,남성,개,26SS,,2026-03-24,2026-03-24,"299,000.00","155,480.00","155,480.00",사용,32765,1,1,-1,5,3,0,0.0,0.0,0.0,0,0,1,0.0,0.0,4068808113373,1
상품,신발(아디다스),아디제로 아디오스 프로 4,JR4946,레이싱,신발,255,JR4946(255),,133218169,남성,개,26SS,,2026-03-24,2026-03-24,"299,000.00","155,480.00","310,960.00",사용,32766,2,2,-2,5,7,0,0.0,0.0,0.0,0,0,2,0.0,0.0,4068808113458,2
상품,신발(아디다스),아디제로 아디오스 프로 4,JR4946,레이싱,신발,260,JR4946(260),,133218169,남성,개,26SS,,2026-03-24,2026-03-24,"299,000.00","155,480.00","310,960.00",사용,32767,2,3,-3,5,11,0,0.0,0.0,0.0,0,0,2,0.0,0.0,4068808113359,2
상품,신발(아디다스),아디제로 아디오스 프로 4,JR4946,레이싱,신발,265,JR4946(265),,133218169,남성,개,26SS,,2026-03-24,2026-03-24,"299,000.00","155,480.00","310,960.00",사용,32768,2,5,-5,5,14,0,0.0,0.0,0.0,0,0,2,0.0,0.0,4068808113366,2
상품,신발(아디다스),아디제로 아디오스 프로 4,JR4946,레이싱,신발,270,JR4946(270),,133218169,남성,개,26SS,,2026-03-24,2026-03-24,"299,000.00","155,480.00","310,960.00",사용,32769,2,4,-4,5,15,0,0.0,0.0,0.0,0,0,2,0.0,0.0,4068808113328,2
상품,신발(아디다스),아디제로 아디오스 프로 4,JR4946,레이싱,신발,275,JR4946(275),,133218169,남성,개,26SS,,2026-03-24,2026-03-24,"299,000.00","155,480.00","310,960.00",사용,32770,2,2,-2,5,11,1,9.0,3.4,0.8,0,0,2,3.4,0.8,4068808113434,2
상품,신발(아디다스),아디제로 아디오스 프로 4,JR4946,레이싱,신발,280,JR4946(280),,133218169,남성,개,26SS,,2026-03-24,2026-03-24,"299,000.00","155,480.00","310,960.00",사용,32771,2,1,-1,5,8,0,0.0,0.0,0.0,0,0,2,0.0,0.0,4068808113281,2
상품,신발(아디다스),아디제로 아디오스 프로 4,JR4946,레이싱,신발,285,JR4946(285),,133218169,남성,개,26SS,,2026-03-24,2026-03-24,"299,000.00","155,480.00","155,480.00",사용,32772,1,1,-1,5,5,0,0.0,0.0,0.0,0,0,1,0.0,0.0,4068808113342,1
상품,신발(아디다스),아디제로 아디오스 프로 4,JR4946,레이싱,신발,290,JR4946(290),,133218169,남성,개,26SS,,2026-03-24,2026-03-24,"299,000.00","155,480.00","155,480.00",사용,32773,1,1,-1,5,3,0,0.0,0.0,0.0,0,0,1,0.0,0.0,4068808113311,1
상품,신발(아디다스),테렉스 아그라빅 TT,JR9098,트레일,신발,265,JR9098(265),,133237356,남성,개,26SS,,2026-03-26,2026-03-26,"209,000.00","104,500.00","104,500.00",사용,26993,1,4,-4,5,5,0,0.0,0.0,0.0,0,0,1,0.0,0.0,4068806354846,1
상품,신발(아디다스),테렉스 아그라빅 TT,JR9098,트레일,신발,270,JR9098(270),,133237356,남성,개,26SS,,2026-03-26,2026-03-26,"209,000.00","104,500.00","104,500.00",사용,26994,1,5,-5,5,6,0,0.0,0.0,0.0,0,0,1,0.0,0.0,4068806351173,1
상품,신발(아디다스),테렉스 아그라빅 TT,JR9098,트레일,신발,275,JR9098(275),,133237356,남성,개,26SS,,2026-03-26,2026-03-26,"209,000.00","104,500.00","104,500.00",사용,26995,1,6,-6,5,7,0,0.0,0.0,0.0,0,0,1,0.0,0.0,4068806351197,1
상품,신발(아디다스),테렉스 아그라빅 TT,JR9098,트레일,신발,280,JR9098(280),,133237356,남성,개,26SS,,2026-03-26,2026-03-26,"209,000.00","104,500.00","104,500.00",사용,26996,1,1,-1,5,4,0,0.0,0.0,0.0,0,0,1,0.0,0.0,4068806351180,1
상품,신발(아디다스),테렉스 아그라빅 TT,JR9098,트레일,신발,285,JR9098(285),,133237356,남성,개,26SS,,2026-03-26,2026-03-26,"209,000.00","104,500.00","104,500.00",사용,26997,1,2,-2,5,4,0,0.0,0.0,0.0,0,0,1,0.0,0.0,4068806351203,1
상품,신발(아디다스),테렉스 아그라빅 TT,JR9112,트레일,신발,230,JR9112(230),,133191581,여성,개,26SS,,2026-02-26,2026-02-26,"209,000.00","104,500.00","104,500.00",사용,27007,1,1,-1,6,2,0,0.0,0.0,0.0,0,0,1,0.0,0.0,4068806327963,1
상품,신발(아디다스),테렉스 아그라빅 TT,JR9112,트레일,신발,235,JR9112(235),,133191581,여성,개,26SS,,2026-02-26,2026-02-26,"209,000.00","104,500.00","104,500.00",사용,27008,1,3,-3,6,4,0,0.0,0.0,0.0,0,0,1,0.0,0.0,4068806324290,1
상품,신발(아디다스),테렉스 아그라빅 TT,JR9112,트레일,신발,240,JR9112(240),,133191581,여성,개,26SS,,2026-02-26,2026-02-26,"209,000.00","104,500.00","104,500.00",사용,27009,1,5,-5,6,6,0,0.0,0.0,0.0,0,0,1,0.0,0.0,4068806324283,1
상품,신발(아디다스),테렉스 아그라빅 TT,JR9112,트레일,신발,245,JR9112(245),,133191581,여성,개,26SS,,2026-02-26,2026-02-26,"209,000.00","104,500.00","104,500.00",사용,27010,1,3,-3,6,4,0,0.0,0.0,0.0,0,0,1,0.0,0.0,4068806324306,1
상품,신발(아디다스),테렉스 아그라빅 TT,JR9112,트레일,신발,250,JR9112(250),,133191581,여성,개,26SS,,2026-02-26,2026-02-26,"209,000.00","104,500.00","104,500.00",사용,27011,1,1,-1,6,3,0,0.0,0.0,0.0,0,0,1,0.0,0.0,4068806324320,1
상품,신발(아디다스),아디제로 보스턴 13,JS4939,로드,신발,250,JS4939(250),,132707432,남성,개,26FW,,2026-06-25,2026-06-25,"189,000.00","94,500.00","94,500.00",사용,26633,1,1,-1,2,5,0,0.0,0.0,0.0,0,0,1,0.0,0.0,4068809170788,1
상품,신발(아디다스),아디제로 보스턴 13,JS4939,로드,신발,255,JS4939(255),,132707432,남성,개,26FW,,2026-06-25,2026-06-25,"189,000.00","94,500.00","189,000.00",사용,26634,2,2,-2,2,10,0,0.0,0.0,0.0,0,0,2,0.0,0.0,4068809174434,2
상품,신발(아디다스),아디제로 보스턴 13,JS4939,로드,신발,260,JS4939(260),,132707432,남성,개,26FW,,2026-06-25,2026-06-25,"189,000.00","94,500.00","283,500.00",사용,26635,3,3,-3,2,15,0,0.0,0.0,0.0,0,0,3,0.0,0.0,4068809170764,3
상품,신발(아디다스),아디제로 보스턴 13,JS4939,로드,신발,265,JS4939(265),,132707432,남성,개,26FW,,2026-06-25,2026-06-25,"189,000.00","94,500.00","283,500.00",사용,26636,3,9,-9,2,21,0,0.0,0.0,0.0,0,0,3,0.0,0.0,4068809170795,3
상품,신발(아디다스),아디제로 보스턴 13,JS4939,로드,신발,270,JS4939(270),,132707432,남성,개,26FW,,2026-06-25,2026-06-25,"189,000.00","94,500.00","283,500.00",사용,26637,3,10,-10,2,22,1,4.5,5.1,1.2,0,0,3,5.1,1.2,4068809170757,3
상품,신발(아디다스),아디제로 보스턴 13,JS4939,로드,신발,275,JS4939(275),,132707432,남성,개,26FW,,2026-06-25,2026-06-25,"189,000.00","94,500.00","283,500.00",사용,26638,3,6,-6,2,18,1,5.5,5.1,1.2,0,0,3,5.1,1.2,4068809170740,3
상품,신발(아디다스),아디제로 보스턴 13,JS4939,로드,신발,280,JS4939(280),,132707432,남성,개,26FW,,2026-06-25,2026-06-25,"189,000.00","94,500.00","189,000.00",사용,26639,2,4,-4,2,10,0,0.0,0.0,0.0,0,0,2,0.0,0.0,4068809170672,2
상품,신발(아디다스),아디제로 보스턴 13,JS4939,로드,신발,285,JS4939(285),,132707432,남성,개,26FW,,2026-06-25,2026-06-25,"189,000.00","94,500.00","94,500.00",사용,26640,1,2,-2,2,7,0,0.0,0.0,0.0,0,0,1,0.0,0.0,4068809170696,1
상품,의류(아디다스),엑스페리어 프로 티,JV6530,반팔티셔츠,의류,L,JV6530(L),,133087379,여성,개,26SS,,2026-03-05,2026-03-05,"109,000.00","54,500.00","109,000.00",사용,27263,2,0,0,5,2,0,0.0,0.0,0.0,0,0,2,0.0,0.0,4068821267299,2
상품,의류(아디다스),엑스페리어 프로 티,JV6530,반팔티셔츠,의류,M,JV6530(M),,133087379,여성,개,26SS,,2026-03-05,2026-03-05,"109,000.00","54,500.00","109,000.00",사용,27262,2,0,0,5,4,0,0.0,0.0,0.0,0,0,2,0.0,0.0,4068821267282,2
상품,의류(아디다스),엑스페리어 프로 티,JV6530,반팔티셔츠,의류,S,JV6530(S),,133087379,여성,개,26SS,,2026-03-05,2026-03-05,"109,000.00","54,500.00","109,000.00",사용,27261,2,0,0,5,5,0,0.0,0.0,0.0,0,0,2,0.0,0.0,4068821267275,2
상품,의류(아디다스),아디365 러닝 클라이마쿨 브라,JW9081,브라,의류,L,JW9081(L),,135951549,,개,26FW,,2026-07-23,2026-07-23,"79,000.00","39,500.00","39,500.00",사용,40023,1,1,-1,1,3,0,0.0,0.0,0.0,0,0,1,0.0,0.0,4068807862906,1
상품,의류(아디다스),아디365 러닝 클라이마쿨 브라,JW9081,브라,의류,M,JW9081(M),,135951549,,개,26FW,,2026-07-23,2026-07-23,"79,000.00","39,500.00","39,500.00",사용,40022,1,2,-2,1,4,1,25.0,1.7,0.4,0,0,1,1.7,0.4,4068807866621,1
상품,의류(아디다스),아디365 러닝 클라이마쿨 브라,JW9081,브라,의류,S,JW9081(S),,135951549,,개,26FW,,2026-07-23,2026-07-23,"79,000.00","39,500.00","39,500.00",사용,40021,1,1,-1,1,3,0,0.0,0.0,0.0,0,0,1,0.0,0.0,4068807862968,1
상품,용품(아디다스),클라이마쿨 암슬리브,JY3055,암슬리브,용품,L,JY3055(L),,133799553,공용,개,26FW,,2026-06-08,2026-06-08,"35,000.00","17,500.00","17,500.00",사용,36243,1,2,-2,2,5,0,0.0,0.0,0.0,0,0,1,0.0,0.0,4068809565928,1
상품,용품(아디다스),클라이마쿨 암슬리브,JY3055,암슬리브,용품,M,JY3055(M),,133799553,공용,개,26FW,,2026-06-08,2026-06-08,"35,000.00","17,500.00","70,000.00",사용,36242,4,4,-4,2,15,0,0.0,0.0,0.0,0,0,4,0.0,0.0,4068809565942,4
상품,용품(아디다스),클라이마쿨 암슬리브,JY3055,암슬리브,용품,S,JY3055(S),,133799553,공용,개,26FW,,2026-06-08,2026-06-08,"35,000.00","17,500.00","52,500.00",사용,36241,3,4,-4,2,10,0,0.0,0.0,0.0,0,0,3,0.0,0.0,4068809565935,3
상품,용품(아디다스),엑스페리어 트레일 베스트 5L,JY7572,트레일베스트,용품,L,JY7572(L),,133835633,공용,개,26FW,,2026-06-16,2026-06-12,"169,000.00","84,500.00","422,500.00",사용,36225,5,5,-5,2,12,0,0.0,0.0,0.0,0,0,5,0.0,0.0,4068821971493,5
상품,용품(아디다스),엑스페리어 트레일 베스트 5L,JY7572,트레일베스트,용품,M,JY7572(M),,133835633,공용,개,26FW,,2026-06-16,2026-06-12,"169,000.00","84,500.00","422,500.00",사용,36224,5,5,-5,2,12,0,0.0,0.0,0.0,0,0,5,0.0,0.0,4068821971509,5
상품,용품(아디다스),엑스페리어 트레일 베스트 5L,JY7572,트레일베스트,용품,S,JY7572(S),,133835633,공용,개,26FW,,2026-06-16,2026-06-12,"169,000.00","84,500.00","84,500.00",사용,36223,1,1,-1,2,3,0,0.0,0.0,0.0,0,0,1,0.0,0.0,4068821971479,1
상품,용품(아디다스),엑스페리어 트레일 베스트 8L,JY7573,트레일베스트,용품,M,JY7573(M),,133087445,공용,개,26SS,,2026-03-10,2026-03-10,"189,000.00","94,500.00","283,500.00",사용,27564,3,3,-3,5,12,1,8.3,5.1,1.2,0,0,3,5.1,1.2,4068821942905,3
상품,용품(아디다스),엑스페리어 트레일 베스트 8L,JY7573,트레일베스트,용품,S,JY7573(S),,133087445,공용,개,26SS,,2026-03-10,2026-03-10,"189,000.00","94,500.00","283,500.00",사용,27563,3,3,-3,5,12,0,0.0,0.0,0.0,0,0,3,0.0,0.0,4068821942912,3
상품,용품(아디다스),엑스페리어 트레일 베스트 2.5L,JY7574,트레일베스트,용품,L,JY7574(L),,132706501,공용,개,26SS,,2026-01-08,2026-01-08,"149,000.00","74,500.00","74,500.00",사용,27545,1,1,-1,7,3,0,0.0,0.0,0.0,0,0,1,0.0,0.0,4068821971363,1
상품,용품(아디다스),엑스페리어 트레일 베스트 2.5L,JY7574,트레일베스트,용품,M,JY7574(M),,132706501,공용,개,26SS,,2026-01-08,2026-01-08,"149,000.00","74,500.00","298,000.00",사용,27544,4,5,-5,7,12,0,0.0,0.0,0.0,0,0,4,0.0,0.0,4068821971356,4
상품,용품(아디다스),엑스페리어 트레일 베스트 2.5L,JY7574,트레일베스트,용품,S,JY7574(S),,132706501,공용,개,26SS,,2026-01-08,2026-01-08,"149,000.00","74,500.00","223,500.00",사용,27543,3,5,-5,7,12,0,0.0,0.0,0.0,0,0,3,0.0,0.0,4068821971349,3
상품,의류(아디다스),아디제로 싱글렛,JY8624,싱글렛,의류,L,JY8624(L),,133087433,남성,개,26SS,,2026-03-10,2026-03-10,"69,000.00","34,500.00","34,500.00",사용,27303,1,10,-10,5,16,0,0.0,0.0,0.0,0,0,1,0.0,0.0,4068822588003,1
상품,의류(아디다스),아디제로 싱글렛,JY8624,싱글렛,의류,M,JY8624(M),,133087433,남성,개,26SS,,2026-03-10,2026-03-10,"69,000.00","34,500.00","69,000.00",사용,27302,2,5,-5,5,9,0,0.0,0.0,0.0,0,0,2,0.0,0.0,4068822588010,2
상품,의류(아디다스),아디제로 싱글렛,JY8624,싱글렛,의류,S,JY8624(S),,133087433,남성,개,26SS,,2026-03-10,2026-03-10,"69,000.00","34,500.00","34,500.00",사용,27301,1,1,-1,5,2,0,0.0,0.0,0.0,0,0,1,0.0,0.0,4068822588058,1
상품,의류(아디다스),아디제로 싱글렛,JY8624,싱글렛,의류,XL,JY8624(XL),,133087433,남성,개,26SS,,2026-03-10,2026-03-10,"69,000.00","34,500.00","69,000.00",사용,27304,2,10,-10,5,16,0,0.0,0.0,0.0,0,0,2,0.0,0.0,4068822588096,2
상품,용품(아디다스),러닝 에센셜 클라이마쿨 베이스볼 캡,JZ0506,모자,용품,L,JZ0506(L),,132706499,공용,개,26SS,,2026-01-19,2026-01-19,0.00,"17,500.00","52,500.00",사용,27506,3,10,-10,7,20,1,5.0,5.1,1.2,0,0,3,5.1,1.2,4068821890015,3
상품,용품(아디다스),러닝 에센셜 클라이마쿨 베이스볼 캡,JZ0506,모자,용품,M,JZ0506(M),,132706499,공용,개,26SS,,2026-01-19,2026-01-19,"35,000.00","17,500.00","52,500.00",사용,27505,3,12,-12,7,30,0,0.0,0.0,0.0,0,0,3,0.0,0.0,4068821890022,3
상품,용품(아디다스),러닝 에센셜 클라이마쿨 베이스볼 캡,JZ0506,모자,용품,S,JZ0506(S),,132706499,공용,개,26SS,,2026-01-19,2026-01-19,"35,000.00","17,500.00","70,000.00",사용,27504,4,15,-15,7,30,0,0.0,0.0,0.0,0,0,4,0.0,0.0,4068821890008,4
상품,의류(아디다스),아디365 포모션 재킷,JZ7717,재킷,의류,L,JZ7717(L),,132601748,남성,개,26SS,,2026-01-08,2026-01-08,"129,000.00","64,500.00","193,500.00",사용,27047,3,4,-4,7,10,0,0.0,0.0,0.0,0,0,3,0.0,0.0,4068822785389,3
상품,의류(아디다스),아디365 포모션 재킷,JZ7717,재킷,의류,M,JZ7717(M),,132601748,남성,개,26SS,,2026-01-08,2026-01-08,"129,000.00","64,500.00","129,000.00",사용,27046,2,1,-1,7,5,0,0.0,0.0,0.0,0,0,2,0.0,0.0,4068822785372,2
상품,의류(아디다스),아디365 포모션 재킷,JZ7717,재킷,의류,XL,JZ7717(XL),,132601748,남성,개,26SS,,2026-01-08,2026-01-08,"129,000.00","64,500.00","193,500.00",사용,27048,3,3,-3,7,9,0,0.0,0.0,0.0,0,0,3,0.0,0.0,4068822785396,3
상품,의류(아디다스),아디365 아이코닉 1/2 지퍼 탑,JZ7720,재킷,의류,L,JZ7720(L),,132601733,남성,개,26SS,,2026-01-08,2026-01-08,"79,000.00","39,500.00","39,500.00",사용,27063,1,2,-2,7,7,0,0.0,0.0,0.0,0,0,1,0.0,0.0,4068821717442,1
상품,의류(아디다스),러닝 에센셜 재킷,JZ7782,재킷,의류,L,JZ7782(L),,132601655,남성,개,26SS,,2026-01-08,2026-01-08,"89,000.00","44,500.00","89,000.00",사용,27071,2,1,-1,7,7,0,0.0,0.0,0.0,0,0,2,0.0,0.0,4068822623995,2
상품,의류(아디다스),러닝 에센셜 재킷,JZ7782,재킷,의류,M,JZ7782(M),,132601655,남성,개,26SS,,2026-01-08,2026-01-08,"89,000.00","44,500.00","44,500.00",사용,27070,1,1,-1,7,5,0,0.0,0.0,0.0,0,0,1,0.0,0.0,4068822623926,1
상품,의류(아디다스),러닝 에센셜 재킷,JZ7782,재킷,의류,XL,JZ7782(XL),,132601655,남성,개,26SS,,2026-01-08,2026-01-08,"89,000.00","44,500.00","44,500.00",사용,27072,1,2,-2,7,5,0,0.0,0.0,0.0,0,0,1,0.0,0.0,4068822623933,1
상품,의류(칼렉),360 벤트 3in1 쇼츠 5인치,K32001APS34BLK,반바지,의류,M,K32001APS34BLK(M),,123245796,남성,개,24FW,,2024-08-20,2024-08-20,"210,000.00","105,000.00","210,000.00",사용,9569,2,0,0,24,3,0,0.0,0.0,0.0,0,0,2,0.0,0.0,K32001APS34BLK00M0,2
상품,의류(칼렉),에어블레이드 레이스 싱글렛Ⅰ,K52001ATN12-BLK,싱글렛,의류,L,K52001ATN12-BLK(L),,135911573,남성,개,25SS,,2025-01-16,2025-01-16,"140,000.00","70,000.00","280,000.00",사용,16228,4,0,0,19,8,0,0.0,0.0,0.0,0,0,4,0.0,0.0,K52001ATN12BLK00L0,4
상품,의류(칼렉),에어블레이드 레이스 싱글렛Ⅰ,K52001ATN12-BLK,싱글렛,의류,XL,K52001ATN12-BLK(XL),,135911573,남성,개,25SS,,2025-01-16,2025-01-16,"140,000.00","70,000.00","140,000.00",사용,16229,2,0,0,19,8,0,0.0,0.0,0.0,0,0,2,0.0,0.0,K52001ATN12BLK0XL0,2
상품,의류(칼렉),에어블레이드 레이스 싱글렛Ⅰ,K52001ATN12-YGN,싱글렛,의류,L,K52001ATN12-YGN(L),,135911577,남성,개,25SS,,2025-01-16,2025-01-16,"140,000.00","70,000.00","210,000.00",사용,16212,3,0,0,19,6,0,0.0,0.0,0.0,0,0,3,0.0,0.0,K52001ATN12YGN00L0,3
상품,의류(칼렉),에어블레이드 레이스 싱글렛Ⅰ,K52001ATN12-YGN,싱글렛,의류,XL,K52001ATN12-YGN(XL),,135911577,남성,개,25SS,,2025-01-16,2025-01-16,"140,000.00","70,000.00","210,000.00",사용,16213,3,0,0,19,6,1,16.6,5.1,1.2,0,0,3,5.1,1.2,K52001ATN12YGN0XL0,3
상품,의류(칼렉),에어블레이드 레이스 싱글렛Ⅰ,K52001ATN12-YGN,싱글렛,의류,XXL,K52001ATN12-YGN(XXL),,135911577,남성,개,25SS,,2025-01-16,2025-01-16,"140,000.00","70,000.00","70,000.00",사용,16214,1,0,0,19,3,0,0.0,0.0,0.0,0,0,1,0.0,0.0,K52001ATN12YGN2XL0,1
상품,의류(칼렉),플라이트 레이스 싱글렛,K52001ATN24-LGR,싱글렛,의류,L,K52001ATN24-LGR(L),,135911593,남성,개,25SS,,2025-05-29,2025-05-29,"200,000.00","100,000.00","100,000.00",사용,16244,1,0,0,15,3,0,0.0,0.0,0.0,0,0,1,0.0,0.0,K52001ATN24LGR00L0,1
상품,의류(칼렉),플라이트 레이스 싱글렛,K52001ATN24-LGR,싱글렛,의류,XL,K52001ATN24-LGR(XL),,135911593,남성,개,25SS,,2025-05-29,2025-05-29,"200,000.00","100,000.00","200,000.00",사용,16245,2,0,0,15,3,0,0.0,0.0,0.0,0,0,2,0.0,0.0,K52001ATN24LGR0XL0,2
상품,의류(아디다스),아디365 소프트 터치 탱크 탑,KA0143,싱글렛,의류,M,KA0143(M),,133087403,남성,개,26SS,,2026-03-10,2026-03-10,"55,000.00","27,500.00","27,500.00",사용,27310,1,0,0,5,3,0,0.0,0.0,0.0,0,0,1,0.0,0.0,4068822240161,1
상품,의류(아디다스),아디365 소프트 터치 탱크 탑,KA0143,싱글렛,의류,S,KA0143(S),,133087403,남성,개,26SS,,2026-03-10,2026-03-10,"55,000.00","27,500.00","27,500.00",사용,27309,1,0,0,5,1,0,0.0,0.0,0.0,0,0,1,0.0,0.0,4068822240154,1
상품,의류(아디다스),아디제로 숏 레깅스,KA0149,반바지,의류,L,KA0149(L),,132875738,여성,개,26SS,,2026-02-13,2026-02-13,"89,000.00","44,500.00","44,500.00",사용,27455,1,0,0,6,2,0,0.0,0.0,0.0,0,0,1,0.0,0.0,4068821446533,1
상품,의류(아디다스),아디제로 숏 레깅스,KA0149,반바지,의류,S,KA0149(S),,132875738,여성,개,26SS,,2026-02-13,2026-02-13,"89,000.00","44,500.00","44,500.00",사용,27453,1,0,0,6,5,0,0.0,0.0,0.0,0,0,1,0.0,0.0,4068821442597,1
상품,의류(아디다스),아디제로 러닝 쇼츠 포켓 타이즈,KA2924,반바지,의류,XL,KA2924(XL),,132601483,남성,개,26SS,,2026-01-08,2026-01-08,"99,000.00","49,500.00","49,500.00",사용,27392,1,0,0,7,3,0,0.0,0.0,0.0,0,0,1,0.0,0.0,4068822653213,1
상품,의류(아디다스),아디365 러닝 에센셜 티셔츠,KB5960,반팔티셔츠,의류,L,KB5960(L),,132706512,남성,개,26SS,,2026-01-21,2026-01-21,"35,000.00","17,500.00","17,500.00",사용,27231,1,0,0,7,4,0,0.0,0.0,0.0,0,0,1,0.0,0.0,4068822587402,1
상품,의류(아디다스),아디365 러닝 에센셜 티셔츠,KB5960,반팔티셔츠,의류,M,KB5960(M),,132706512,남성,개,26SS,,2026-01-21,2026-01-21,"35,000.00","17,500.00","17,500.00",사용,27230,1,0,0,7,2,0,0.0,0.0,0.0,0,0,1,0.0,0.0,4068822591034,1
상품,의류(아디다스),아디365 러닝 에센셜 티셔츠,KB5960,반팔티셔츠,의류,XL,KB5960(XL),,132706512,남성,개,26SS,,2026-01-21,2026-01-21,"35,000.00","17,500.00","17,500.00",사용,27232,1,0,0,7,4,0,0.0,0.0,0.0,0,0,1,0.0,0.0,4068822591096,1
상품,의류(아디다스),테렉스 엑스페리어 클라이마쿨 티셔츠,KD4847,반팔티셔츠,의류,L,KD4847(L),,134097552,남성,개,26FW,,2026-07-02,2026-06-30,"79,000.00","39,500.00","79,000.00",사용,35821,2,4,-4,1,6,0,0.0,0.0,0.0,0,0,2,0.0,0.0,4068818889527,2
상품,의류(아디다스),테렉스 엑스페리어 클라이마쿨 티셔츠,KD4847,반팔티셔츠,의류,M,KD4847(M),,134097552,남성,개,26FW,,2026-07-02,2026-06-30,"79,000.00","39,500.00","79,000.00",사용,35820,2,6,-6,1,8,0,0.0,0.0,0.0,0,0,2,0.0,0.0,4068818889466,2
상품,의류(아디다스),테렉스 엑스페리어 클라이마쿨 티셔츠,KD4847,반팔티셔츠,의류,S,KD4847(S),,134097552,남성,개,26FW,,2026-07-02,2026-06-30,0.00,"39,500.00","79,000.00",사용,35819,2,2,-2,1,4,0,0.0,0.0,0.0,0,0,2,0.0,0.0,4068818889497,2
상품,의류(아디다스),테렉스 엑스페리어 클라이마쿨 티셔츠,KD4847,반팔티셔츠,의류,XL,KD4847(XL),,134097552,남성,개,26FW,,2026-07-02,2026-06-30,"79,000.00","39,500.00","39,500.00",사용,35822,1,1,-1,1,2,0,0.0,0.0,0.0,0,0,1,0.0,0.0,4068818889534,1
상품,용품(아디다스),러닝 클라이마쿨 베스트,KD6967,트레일베스트,용품,M,KD6967(M),,132706515,공용,개,26SS,,2026-01-29,2026-01-29,"99,000.00","49,500.00","148,500.00",사용,27554,3,1,-1,7,10,1,10.0,5.1,1.2,0,0,3,5.1,1.2,4068815899468,3
상품,용품(아디다스),러닝 클라이마쿨 베스트,KD6967,트레일베스트,용품,S,KD6967(S),,132706515,공용,개,26SS,,2026-01-29,2026-01-29,"99,000.00","49,500.00","99,000.00",사용,27553,2,3,-3,7,10,0,0.0,0.0,0.0,0,0,2,0.0,0.0,4068815899451,2
상품,용품(아디다스),러닝 X 아디제로 클라이마쿨 캡,KD6975,모자,용품,OSFM,KD6975(OSFM),,132706492,공용,개,26SS,,2025-11-20,2025-11-20,"39,000.00","20,280.00","121,680.00",사용,27489,6,0,0,9,25,0,0.0,0.0,0.0,0,0,16,0.0,0.0,4068821843202,6
상품,용품(아디다스),러닝 X 아디제로 클라이마쿨 캡,KD6975,모자,용품,OSFM,KD6975(OSFM),,132706492,공용,개,26FW,,2026-05-29,2026-05-29,"39,000.00","19,500.00","195,000.00",사용,27489,10,0,0,3,25,0,0.0,0.0,0.0,0,0,16,0.0,0.0,4068821843202,10
상품,용품(아디다스),러닝 X 아디제로 클라이마쿨 캡,KD6975,모자,용품,OSFW,KD6975(OSFW),,132706492,공용,개,26SS,,2025-11-20,2025-11-20,"39,000.00","20,280.00","182,520.00",사용,27488,9,4,-4,9,25,0,0.0,0.0,0.0,0,0,19,0.0,0.0,4068821843189,9
상품,용품(아디다스),러닝 X 아디제로 클라이마쿨 캡,KD6975,모자,용품,OSFW,KD6975(OSFW),,132706492,공용,개,26FW,,2026-05-29,2026-05-29,"39,000.00","19,500.00","195,000.00",사용,27488,10,4,-4,3,25,0,0.0,0.0,0.0,0,0,19,0.0,0.0,4068821843189,10
상품,의류(아디다스),아디365 러닝 클라이마쿨 쇼츠 레깅스,KD9193,하의타이츠,의류,M,KD9193(M),,133799528,여성,개,26FW,,2026-06-01,2026-05-29,"65,000.00","32,500.00","65,000.00",사용,35925,2,10,-10,2,19,0,0.0,0.0,0.0,0,0,2,0.0,0.0,4068819792956,2
상품,의류(아디다스),아디365 러닝 클라이마쿨 쇼츠 레깅스,KD9193,하의타이츠,의류,S,KD9193(S),,133799528,여성,개,26FW,,2026-06-01,2026-05-29,"65,000.00","32,500.00","65,000.00",사용,35924,2,11,-11,2,20,0,0.0,0.0,0.0,0,0,2,0.0,0.0,4068819682677,2
상품,의류(아디다스),아디365 러닝 클라이마쿨 쇼츠 레깅스,KD9193,하의타이츠,의류,XS,KD9193(XS),,133799528,여성,개,26FW,,2026-06-01,2026-05-29,"65,000.00","32,500.00","32,500.00",사용,35923,1,1,-1,2,3,0,0.0,0.0,0.0,0,0,1,0.0,0.0,4068819682851,1
상품,의류(아디다스),아디365 아이코닉 러닝 팬츠,KE6742,긴바지,의류,L,KE6742(L),,132601671,남성,개,26SS,,2026-01-08,2026-01-08,"89,000.00","44,500.00","133,500.00",사용,27375,3,5,-5,7,12,0,0.0,0.0,0.0,0,0,3,0.0,0.0,4068822575096,3
상품,의류(아디다스),아디365 아이코닉 러닝 팬츠,KE6742,긴바지,의류,M,KE6742(M),,132601671,남성,개,26SS,,2026-01-08,2026-01-08,"89,000.00","44,500.00","89,000.00",사용,27374,2,2,-2,7,7,0,0.0,0.0,0.0,0,0,2,0.0,0.0,4068822575133,2
상품,의류(아디다스),아디365 아이코닉 러닝 팬츠,KE6742,긴바지,의류,XL,KE6742(XL),,132601671,남성,개,26SS,,2026-01-08,2026-01-08,"89,000.00","44,500.00","89,000.00",사용,27376,2,1,-1,7,8,1,12.5,3.4,0.8,0,0,2,3.4,0.8,4068822575003,2
상품,의류(아디다스),아디365 아이코닉 러닝 롱슬리브,KE6831,긴팔티셔츠,의류,M,KE6831(M),,132964942,남성,개,26SS,,2026-03-03,2026-03-03,"55,000.00","27,500.00","55,000.00",사용,27150,2,0,0,5,3,0,0.0,0.0,0.0,0,0,2,0.0,0.0,4068822687041,2
상품,의류(아디다스),아디365 아이코닉 러닝 롱슬리브,KE6831,긴팔티셔츠,의류,S,KE6831(S),,132964942,남성,개,26SS,,2026-03-03,2026-03-03,"55,000.00","27,500.00","27,500.00",사용,27149,1,0,0,5,1,0,0.0,0.0,0.0,0,0,1,0.0,0.0,,1
상품,의류(아디다스),아디365 아이코닉 러닝 롱슬리브,KE6840,긴팔티셔츠,의류,M,KE6840(M),,132601688,여성,개,26SS,,2026-01-08,2026-01-08,"55,000.00","27,500.00","27,500.00",사용,27174,1,0,0,7,3,0,0.0,0.0,0.0,0,0,1,0.0,0.0,4068821686823,1
상품,의류(아디다스),아디365 아이코닉 러닝 롱슬리브,KE6840,긴팔티셔츠,의류,XS,KE6840(XS),,132601688,여성,개,26SS,,2026-01-08,2026-01-08,"55,000.00","27,500.00","55,000.00",사용,27172,2,0,0,7,6,0,0.0,0.0,0.0,0,0,2,0.0,0.0,4068821686830,2
상품,의류(아디다스),아디365 클라이마쿨 투 포켓 쇼츠,KE8210,반바지,의류,M,KE8210(M),,133218087,여성,개,26SS,,2026-03-24,2026-03-24,"79,000.00","39,500.00","39,500.00",사용,27470,1,23,-23,5,3,0,0.0,0.0,0.0,0,0,1,0.0,0.0,4068822655958,1
상품,의류(아디다스),아디365 클라이마쿨 투 포켓 쇼츠,KE8211,반바지,의류,L,KE8211(L),,133218156,남성,개,26SS,,2026-03-24,2026-03-24,"79,000.00","39,500.00","39,500.00",사용,27439,1,43,-43,5,6,0,0.0,0.0,0.0,0,0,1,0.0,0.0,4068822787130,1
상품,의류(아디다스),아디365 클라이마쿨 투 포켓 쇼츠,KE8211,반바지,의류,M,KE8211(M),,133218156,남성,개,26SS,,2026-03-24,2026-03-24,"79,000.00","39,500.00","39,500.00",사용,27438,1,31,-31,5,3,1,33.3,1.7,0.4,0,0,1,1.7,0.4,4068822785891,1
상품,의류(아디다스),아디365 클라이마쿨 투 포켓 쇼츠,KE8211,반바지,의류,XXL,KE8211(XXL),,133218156,남성,개,26SS,,2026-03-24,2026-03-24,"79,000.00","39,500.00","39,500.00",사용,27441,1,4,-4,5,1,0,0.0,0.0,0.0,0,0,1,0.0,0.0,4068822786621,1
상품,의류(아디다스),아디365 러닝 에센셜 롱슬리브 셔츠,KE8416,긴팔티셔츠,의류,M,KE8416(M),,132601686,여성,개,26SS,,2026-01-08,2026-01-08,"49,000.00","24,500.00","24,500.00",사용,27182,1,0,0,7,4,0,0.0,0.0,0.0,0,0,1,0.0,0.0,4068822575850,1
상품,의류(아디다스),아디365 러닝 에센셜 롱슬리브 탑,KE8420,긴팔티셔츠,의류,M,KE8420(M),,132875746,남성,개,26SS,,2026-02-11,2026-02-11,"49,000.00","24,500.00","24,500.00",사용,27158,1,0,0,6,3,0,0.0,0.0,0.0,0,0,1,0.0,0.0,4068821747074,1
상품,의류(아디다스),아디365 러닝 에센셜 롱슬리브 탑,KE8420,긴팔티셔츠,의류,S,KE8420(S),,132875746,남성,개,26SS,,2026-02-11,2026-02-11,"49,000.00","24,500.00","24,500.00",사용,27157,1,0,0,6,1,0,0.0,0.0,0.0,0,0,1,0.0,0.0,4068821747012,1
상품,의류(아디다스),아디365 러닝 에센셜 롱슬리브 탑,KE8424,긴팔티셔츠,의류,L,KE8424(L),,132601711,남성,개,26SS,,2026-01-09,2026-01-09,"49,000.00","24,500.00","24,500.00",사용,27167,1,0,0,7,7,0,0.0,0.0,0.0,0,0,1,0.0,0.0,4068821750333,1
상품,의류(아디다스),아디365 러닝 에센셜 롱슬리브 탑,KE8424,긴팔티셔츠,의류,M,KE8424(M),,132601711,남성,개,26SS,,2026-01-09,2026-01-09,"49,000.00","24,500.00","49,000.00",사용,27166,2,0,0,7,5,1,20.0,3.4,0.8,0,0,2,3.4,0.8,4068821750258,2
상품,의류(아디다스),아디365 러닝 에센셜 롱슬리브 탑,KE8424,긴팔티셔츠,의류,XL,KE8424(XL),,132601711,남성,개,26SS,,2026-01-09,2026-01-09,"49,000.00","24,500.00","49,000.00",사용,27168,2,0,0,7,5,1,20.0,3.4,0.8,0,0,2,3.4,0.8,4068821750296,2
상품,용품(아디다스),러닝 컴피 크루 삭스,KG9716,양말,용품,L,KG9716(L),,133799550,공용,개,26FW,,2026-06-08,2026-06-08,"23,000.00","11,500.00","34,500.00",사용,36187,3,8,-8,2,15,0,0.0,0.0,0.0,0,0,3,0.0,0.0,4067907102455,3
상품,용품(아디다스),러닝 컴피 크루 삭스,KG9716,양말,용품,M,KG9716(M),,133799550,공용,개,26FW,,2026-06-08,2026-06-08,"23,000.00","11,500.00","46,000.00",사용,36186,4,17,-17,2,30,0,0.0,0.0,0.0,0,0,4,0.0,0.0,4067907102431,4
상품,의류(아디다스),아디제로 아카이브 러닝 쇼츠,KG9749,반바지,의류,L,KG9749(L),,133799731,남성,개,26FW,,2026-06-01,2026-05-29,"79,000.00","39,500.00","39,500.00",사용,36046,1,5,-5,2,10,0,0.0,0.0,0.0,0,0,1,0.0,0.0,4068817039060,1
상품,의류(아디다스),아디제로 아카이브 러닝 쇼츠,KG9749,반바지,의류,M,KG9749(M),,133799731,남성,개,26FW,,2026-06-01,2026-05-29,"79,000.00","39,500.00","79,000.00",사용,36045,2,6,-6,2,10,1,10.0,3.4,0.8,0,1,1,1.7,0.4,4068817042787,2
상품,의류(아디다스),아디제로 아카이브 러닝 쇼츠,KG9749,반바지,의류,S,KG9749(S),,133799731,남성,개,26FW,,2026-06-01,2026-05-29,"79,000.00","39,500.00","39,500.00",사용,36044,1,2,-2,2,5,0,0.0,0.0,0.0,0,0,1,0.0,0.0,4068817039015,1
상품,의류(아디다스),아디제로 아카이브 러닝 쇼츠,KG9749,반바지,의류,XL,KG9749(XL),,133799731,남성,개,26FW,,2026-06-01,2026-05-29,"79,000.00","39,500.00","39,500.00",사용,36047,1,2,-2,2,5,0,0.0,0.0,0.0,0,0,1,0.0,0.0,4068817039091,1
상품,의류(아디다스),아디제로 아카이브 러닝 쇼츠,KH1056,반바지,의류,L,KH1056(L),,133803387,남성,개,26FW,,2026-06-01,2026-05-28,"79,000.00","39,500.00","118,500.00",사용,36034,3,10,-10,2,16,0,0.0,0.0,0.0,0,0,3,0.0,0.0,4068817021157,3
상품,의류(아디다스),아디제로 아카이브 러닝 쇼츠,KH1056,반바지,의류,M,KH1056(M),,133803387,남성,개,26FW,,2026-06-01,2026-05-28,"79,000.00","39,500.00","118,500.00",사용,36033,3,7,-7,2,16,0,0.0,0.0,0.0,0,1,2,0.0,0.0,4068817021126,3
상품,의류(아디다스),아디제로 아카이브 러닝 쇼츠,KH1056,반바지,의류,S,KH1056(S),,133803387,남성,개,26FW,,2026-06-01,2026-05-28,"79,000.00","39,500.00","79,000.00",사용,36032,2,5,-5,2,10,0,0.0,0.0,0.0,0,0,2,0.0,0.0,4068817024370,2
상품,의류(아디다스),아디제로 아카이브 러닝 쇼츠,KH1056,반바지,의류,XL,KH1056(XL),,133803387,남성,개,26FW,,2026-06-01,2026-05-28,"79,000.00","39,500.00","39,500.00",사용,36035,1,2,-2,2,7,0,0.0,0.0,0.0,0,0,1,0.0,0.0,4068817024394,1
상품,의류(아디다스),테렉스 엑스페리어 클라이마365 라이트 윈드웨이브 자켓,KH4571,재킷,의류,L,KH4571(L),,133799741,남성,개,26FW,,2026-06-12,2026-06-12,"179,000.00","89,500.00","179,000.00",사용,35475,2,2,-2,2,5,0,0.0,0.0,0.0,0,0,2,0.0,0.0,4069996459861,2
상품,의류(아디다스),테렉스 엑스페리어 클라이마365 라이트 윈드웨이브 자켓,KH4571,재킷,의류,M,KH4571(M),,133799741,남성,개,26FW,,2026-06-12,2026-06-12,"179,000.00","89,500.00","89,500.00",사용,35474,1,1,-1,2,3,0,0.0,0.0,0.0,0,0,1,0.0,0.0,4069996459922,1
상품,의류(아디다스),테렉스 엑스페리어 클라이마365 라이트 윈드웨이브 자켓,KH4571,재킷,의류,XL,KH4571(XL),,133799741,남성,개,26FW,,2026-06-12,2026-06-12,"179,000.00","89,500.00","179,000.00",사용,35476,2,2,-2,2,5,0,0.0,0.0,0.0,0,0,2,0.0,0.0,4069996459946,2
상품,의류(아디다스),테렉스 엑스페리어 클라이마365 라이트 윈드웨이브 자켓,KH4571,재킷,의류,XXL,KH4571(XXL),,133799741,남성,개,26FW,,2026-06-12,2026-06-12,"179,000.00","89,500.00","89,500.00",사용,35477,1,1,-1,2,2,0,0.0,0.0,0.0,0,0,1,0.0,0.0,,1
상품,의류(아디다스),테렉스 엑스페리어 클라이마365 라이트 윈드웨이브 자켓,KH4572,재킷,의류,L,KH4572(L),,133799739,여성,개,26FW,,2026-06-12,2026-06-12,"179,000.00","89,500.00","179,000.00",사용,35514,2,1,-1,2,4,0,0.0,0.0,0.0,0,0,2,0.0,0.0,4069996459991,2
상품,의류(아디다스),테렉스 엑스페리어 클라이마365 라이트 윈드웨이브 자켓,KH4572,재킷,의류,M,KH4572(M),,133799739,여성,개,26FW,,2026-06-12,2026-06-12,"179,000.00","89,500.00","179,000.00",사용,35513,2,2,-2,2,5,1,20.0,3.4,0.8,0,0,2,3.4,0.8,4069996466111,2
상품,의류(아디다스),테렉스 엑스페리어 클라이마365 라이트 윈드웨이브 자켓,KH4572,재킷,의류,S,KH4572(S),,133799739,여성,개,26FW,,2026-06-12,2026-06-12,"179,000.00","89,500.00","89,500.00",사용,35512,1,3,-3,2,6,1,16.6,1.7,0.4,0,0,1,1.7,0.4,4069996466104,1
상품,신발(아디다스),하이퍼부스트 RUN,KH8132,로드,신발,260,KH8132(260),,135935924,남성,개,26FW,,2026-07-23,2026-07-23,"219,000.00","109,500.00","109,500.00",사용,34866,1,2,-2,1,4,0,0.0,0.0,0.0,0,0,1,0.0,0.0,4069995520579,1
상품,신발(아디다스),하이퍼부스트 RUN,KH8132,로드,신발,265,KH8132(265),,135935924,남성,개,26FW,,2026-07-23,2026-07-23,"219,000.00","109,500.00","109,500.00",사용,34867,1,3,-3,1,5,0,0.0,0.0,0.0,0,0,1,0.0,0.0,4069995520524,1
상품,신발(아디다스),하이퍼부스트 RUN,KH8132,로드,신발,270,KH8132(270),,135935924,남성,개,26FW,,2026-07-23,2026-07-23,"219,000.00","109,500.00","109,500.00",사용,34868,1,4,-4,1,6,0,0.0,0.0,0.0,0,0,1,0.0,0.0,4069995520364,1
상품,신발(아디다스),하이퍼부스트 RUN,KH8132,로드,신발,275,KH8132(275),,135935924,남성,개,26FW,,2026-07-23,2026-07-23,"219,000.00","109,500.00","109,500.00",사용,34869,1,3,-3,1,5,0,0.0,0.0,0.0,0,0,1,0.0,0.0,4069995520357,1
상품,신발(아디다스),테렉스 아그라빅 SL,KH8796,트레일,신발,230,KH8796(230),(여)화이트,133799748,여성,개,26FW,,2026-06-01,2026-05-29,"189,000.00","94,500.00","94,500.00",사용,35296,1,1,-1,2,3,0,0.0,0.0,0.0,0,0,1,0.0,0.0,4068819619260,1
상품,신발(아디다스),테렉스 아그라빅 SL,KH8796,트레일,신발,240,KH8796(240),(여)화이트,133799748,여성,개,26FW,,2026-06-01,2026-05-29,"189,000.00","94,500.00","94,500.00",사용,35298,1,5,-5,2,8,0,0.0,0.0,0.0,0,0,1,0.0,0.0,4068819619208,1
상품,신발(아디다스),테렉스 아그라빅 SL,KH8796,트레일,신발,245,KH8796(245),(여)화이트,133799748,여성,개,26FW,,2026-06-01,2026-05-29,"189,000.00","94,500.00","94,500.00",사용,35299,1,4,-4,2,6,0,0.0,0.0,0.0,0,0,1,0.0,0.0,4068819619222,1
상품,신발(아디다스),테렉스 아그라빅 SL,KH8796,트레일,신발,250,KH8796(250),(여)화이트,133799748,여성,개,26FW,,2026-06-01,2026-05-29,"189,000.00","94,500.00","94,500.00",사용,35300,1,3,-3,2,5,0,0.0,0.0,0.0,0,0,1,0.0,0.0,4068819619215,1
상품,신발(아디다스),테렉스 아그라빅 SL,KH8800,트레일,신발,255,KH8800(255),(남)화이트,133806934,남성,개,26FW,,2026-06-01,2026-05-29,"189,000.00","94,500.00","94,500.00",사용,35364,1,5,-5,2,7,0,0.0,0.0,0.0,0,0,1,0.0,0.0,4068819619550,1
상품,신발(아디다스),테렉스 아그라빅 SL,KH8800,트레일,신발,260,KH8800(260),(남)화이트,133806934,남성,개,26FW,,2026-06-01,2026-05-29,"189,000.00","94,500.00","94,500.00",사용,35365,1,8,-8,2,12,0,0.0,0.0,0.0,0,0,1,0.0,0.0,4068819619512,1
상품,신발(아디다스),테렉스 아그라빅 SL,KH8800,트레일,신발,265,KH8800(265),(남)화이트,133806934,남성,개,26FW,,2026-06-01,2026-05-29,"189,000.00","94,500.00","94,500.00",사용,35366,1,10,-10,2,14,0,0.0,0.0,0.0,0,0,1,0.0,0.0,4068819615903,1
상품,신발(아디다스),테렉스 아그라빅 SL,KH8800,트레일,신발,270,KH8800(270),(남)화이트,133806934,남성,개,26FW,,2026-06-01,2026-05-29,"189,000.00","94,500.00","94,500.00",사용,35367,1,8,-8,2,12,0,0.0,0.0,0.0,0,0,1,0.0,0.0,4068819615880,1
상품,신발(아디다스),테렉스 아그라빅 SL,KH8800,트레일,신발,275,KH8800(275),(남)화이트,133806934,남성,개,26FW,,2026-06-01,2026-05-29,"189,000.00","94,500.00","94,500.00",사용,35368,1,6,-6,2,8,0,0.0,0.0,0.0,0,0,1,0.0,0.0,4068819619536,1
상품,신발(아디다스),테렉스 아그라빅 SL,KH8800,트레일,신발,280,KH8800(280),(남)화이트,133806934,남성,개,26FW,,2026-06-01,2026-05-29,"189,000.00","94,500.00","94,500.00",사용,35369,1,3,-3,2,5,0,0.0,0.0,0.0,0,0,1,0.0,0.0,4068819615859,1
상품,신발(아디다스),테렉스 아그라빅 SL,KH8801,트레일,신발,255,KH8801(255),(남)블랙,133710636,남성,개,26FW,,2026-05-29,2026-05-29,"189,000.00","94,500.00","94,500.00",사용,35385,1,4,-4,3,7,0,0.0,0.0,0.0,0,0,1,0.0,0.0,4068819612018,1
상품,신발(아디다스),테렉스 아그라빅 SL,KH8801,트레일,신발,260,KH8801(260),,133710636,남성,개,26FW,,2026-05-29,2026-05-29,"189,000.00","94,500.00","94,500.00",사용,35386,1,7,-7,3,12,0,0.0,0.0,0.0,0,0,1,0.0,0.0,4068819615699,1
상품,신발(아디다스),테렉스 아그라빅 SL,KH8801,트레일,신발,265,KH8801(265),,133710636,남성,개,26FW,,2026-05-29,2026-05-29,"189,000.00","94,500.00","283,500.00",사용,35387,3,6,-6,3,14,0,0.0,0.0,0.0,0,0,3,0.0,0.0,4068819612049,3
상품,신발(아디다스),테렉스 아그라빅 SL,KH8801,트레일,신발,270,KH8801(270),,133710636,남성,개,26FW,,2026-05-29,2026-05-29,"189,000.00","94,500.00","94,500.00",사용,35388,1,6,-6,3,12,0,0.0,0.0,0.0,0,0,1,0.0,0.0,4068819615767,1
상품,신발(아디다스),테렉스 아그라빅 SL,KH8801,트레일,신발,275,KH8801(275),,133710636,남성,개,26FW,,2026-05-29,2026-05-29,"189,000.00","94,500.00","94,500.00",사용,35389,1,3,-3,3,8,0,0.0,0.0,0.0,0,0,1,0.0,0.0,4068819615682,1
상품,신발(아디다스),테렉스 아그라빅 SL,KH8801,트레일,신발,280,KH8801(280),,133710636,남성,개,26FW,,2026-05-29,2026-05-29,"189,000.00","94,500.00","189,000.00",사용,35390,2,2,-2,3,5,0,0.0,0.0,0.0,0,0,2,0.0,0.0,4068819615743,2
상품,신발(아디다스),테렉스 아그라빅 SL,KH8804,트레일,신발,235,KH8804(235),,133710635,여성,개,26FW,,2026-05-29,2026-05-29,"189,000.00","94,500.00","94,500.00",사용,35318,1,3,-3,3,6,0,0.0,0.0,0.0,0,0,1,0.0,0.0,4068819607533,1
상품,신발(아디다스),테렉스 아그라빅 SL,KH8804,트레일,신발,240,KH8804(240),,133710635,여성,개,26FW,,2026-05-29,2026-05-29,"189,000.00","94,500.00","94,500.00",사용,35319,1,5,-5,3,8,0,0.0,0.0,0.0,0,0,1,0.0,0.0,4068819607571,1
상품,신발(아디다스),테렉스 아그라빅 SL,KH8804,트레일,신발,245,KH8804(245),,133710635,여성,개,26FW,,2026-05-29,2026-05-29,"189,000.00","94,500.00","189,000.00",사용,35320,2,1,-1,3,6,0,0.0,0.0,0.0,0,0,2,0.0,0.0,4068819607632,2
상품,신발(아디다스),테렉스 아그라빅 SL,KH8804,트레일,신발,250,KH8804(250),,133710635,여성,개,26FW,,2026-05-29,2026-05-29,"189,000.00","94,500.00","94,500.00",사용,35321,1,3,-3,3,5,0,0.0,0.0,0.0,0,0,1,0.0,0.0,4068819607649,1
상품,신발(아디다스),아디제로 타쿠미센 11,KH8898,레이싱,신발,255,KH8898(255),,133835639,남성,개,26FW,,2026-06-16,2026-06-12,"219,000.00","109,500.00","109,500.00",사용,34755,1,2,-2,2,4,0,0.0,0.0,0.0,0,0,1,0.0,0.0,4069987269134,1
상품,신발(아디다스),아디제로 타쿠미센 11,KH8898,레이싱,신발,260,KH8898(260),,133835639,남성,개,26FW,,2026-06-16,2026-06-12,"219,000.00","109,500.00","109,500.00",사용,34756,1,0,0,2,8,0,0.0,0.0,0.0,0,0,1,0.0,0.0,4069987269158,1
상품,신발(아디다스),아디제로 타쿠미센 11,KH8898,레이싱,신발,265,KH8898(265),,133835639,남성,개,26FW,,2026-06-16,2026-06-12,"219,000.00","109,500.00","219,000.00",사용,34757,2,1,-1,2,11,0,0.0,0.0,0.0,0,0,2,0.0,0.0,4069987269103,2
상품,신발(아디다스),아디제로 타쿠미센 11,KH8898,레이싱,신발,270,KH8898(270),,133835639,남성,개,26FW,,2026-06-16,2026-06-12,"219,000.00","109,500.00","219,000.00",사용,34758,2,6,-6,2,14,0,0.0,0.0,0.0,0,0,2,0.0,0.0,4069987269066,2
상품,신발(아디다스),아디제로 타쿠미센 11,KH8898,레이싱,신발,275,KH8898(275),,133835639,남성,개,26FW,,2026-06-16,2026-06-12,"219,000.00","109,500.00","219,000.00",사용,34759,2,1,-1,2,10,0,0.0,0.0,0.0,0,0,2,0.0,0.0,4069987269110,2
상품,신발(아디다스),아디제로 타쿠미센 11,KH8898,레이싱,신발,280,KH8898(280),,133835639,남성,개,26FW,,2026-06-16,2026-06-12,"219,000.00","109,500.00","109,500.00",사용,34760,1,0,0,2,5,0,0.0,0.0,0.0,0,0,1,0.0,0.0,4069987269059,1
상품,신발(아디다스),아디제로 타쿠미센 11,KH8898,레이싱,신발,285,KH8898(285),,133835639,남성,개,26FW,,2026-06-16,2026-06-12,"219,000.00","109,500.00","109,500.00",사용,34761,1,2,-2,2,4,0,0.0,0.0,0.0,0,0,1,0.0,0.0,4069987269080,1
상품,신발(아디다스),아디제로 타쿠미센 11,KH8901,레이싱,신발,230,KH8901(230),,133710634,여성,개,26FW,,2026-05-29,2026-05-29,"219,000.00","109,500.00","109,500.00",사용,34772,1,0,0,3,4,0,0.0,0.0,0.0,0,0,1,0.0,0.0,4069987427565,1
상품,신발(아디다스),아디제로 타쿠미센 11,KH8901,레이싱,신발,235,KH8901(235),,133710634,여성,개,26FW,,2026-05-29,2026-05-29,"219,000.00","109,500.00","109,500.00",사용,34773,1,1,-1,3,5,0,0.0,0.0,0.0,0,0,1,0.0,0.0,4069987427589,1
상품,신발(아디다스),아디제로 타쿠미센 11,KH8901,레이싱,신발,240,KH8901(240),,133710634,여성,개,26FW,,2026-05-29,2026-05-29,"219,000.00","109,500.00","219,000.00",사용,34774,2,0,0,3,8,0,0.0,0.0,0.0,0,0,2,0.0,0.0,4069987427596,2
상품,신발(아디다스),아디제로 타쿠미센 11,KH8901,레이싱,신발,250,KH8901(250),,133710634,여성,개,26FW,,2026-05-29,2026-05-29,"219,000.00","109,500.00","109,500.00",사용,34776,1,0,0,3,4,0,0.0,0.0,0.0,0,0,1,0.0,0.0,4069987427657,1
상품,신발(아디다스),아디제로 EVO SL,KI3946,로드,신발,250,KI3946(250),블랙우드,132542723,남성,개,26SS,,2026-01-08,2026-01-08,"209,000.00","104,500.00","104,500.00",사용,26570,1,0,0,7,2,0,0.0,0.0,0.0,0,0,1,0.0,0.0,4068815978248,1
상품,신발(아디다스),아디제로 EVO SL,KI3946,로드,신발,255,KI3946(255),블랙우드,132542723,남성,개,26SS,,2026-01-08,2026-01-08,"209,000.00","104,500.00","104,500.00",사용,26571,1,0,0,7,3,0,0.0,0.0,0.0,0,0,1,0.0,0.0,4068815978163,1
상품,신발(아디다스),아디제로 EVO SL,KI3946,로드,신발,265,KI3946(265),블랙우드,132542723,남성,개,26SS,,2026-01-08,2026-01-08,"209,000.00","104,500.00","313,500.00",사용,26573,3,0,0,7,9,0,0.0,0.0,0.0,0,0,3,0.0,0.0,4068815978194,3
상품,신발(아디다스),아디제로 EVO SL,KI3946,로드,신발,270,KI3946(270),블랙우드,132542723,남성,개,26SS,,2026-01-08,2026-01-08,"209,000.00","104,500.00","209,000.00",사용,26574,2,0,0,7,12,0,0.0,0.0,0.0,0,0,2,0.0,0.0,4068815978132,2
상품,신발(아디다스),아디제로 EVO SL,KI3946,로드,신발,280,KI3946(280),블랙우드,132542723,남성,개,26SS,,2026-01-08,2026-01-08,"209,000.00","104,500.00","104,500.00",사용,26576,1,0,0,7,8,0,0.0,0.0,0.0,0,0,1,0.0,0.0,4068815978187,1
상품,신발(아디다스),아디제로 EVO SL,KI3946,로드,신발,285,KI3946(285),블랙우드,132542723,남성,개,26SS,,2026-01-08,2026-01-08,"209,000.00","104,500.00","209,000.00",사용,26577,2,0,0,7,5,0,0.0,0.0,0.0,0,0,2,0.0,0.0,4068815978101,2
상품,신발(아디다스),아디제로 EVO SL EXO,KI4764,로드,신발,250,KI4764(250),,134097555,남성,개,26FW,,2026-06-25,2026-06-25,"209,000.00","104,500.00","104,500.00",사용,34974,1,2,-2,2,5,0,0.0,0.0,0.0,0,0,1,0.0,0.0,4068818294093,1
상품,신발(아디다스),아디제로 EVO SL EXO,KI4764,로드,신발,255,KI4764(255),,134097555,남성,개,26FW,,2026-06-25,2026-06-25,"209,000.00","104,500.00","209,000.00",사용,34975,2,2,-2,2,8,0,0.0,0.0,0.0,0,0,2,0.0,0.0,4068818293997,2
상품,신발(아디다스),아디제로 EVO SL EXO,KI4764,로드,신발,260,KI4764(260),,134097555,남성,개,26FW,,2026-06-25,2026-06-25,"209,000.00","104,500.00","313,500.00",사용,34976,3,5,-5,2,16,0,0.0,0.0,0.0,0,0,3,0.0,0.0,4068818294055,3
상품,신발(아디다스),아디제로 EVO SL EXO,KI4764,로드,신발,265,KI4764(265),,134097555,남성,개,26FW,,2026-06-25,2026-06-25,"209,000.00","104,500.00","209,000.00",사용,34977,2,11,-11,2,20,0,0.0,0.0,0.0,0,2,0,0.0,0.0,4068818294024,2
상품,신발(아디다스),아디제로 EVO SL EXO,KI4764,로드,신발,270,KI4764(270),,134097555,남성,개,26FW,,2026-06-25,2026-06-25,"209,000.00","104,500.00","418,000.00",사용,34978,4,9,-9,2,23,0,0.0,0.0,0.0,0,0,4,0.0,0.0,4068818294109,4
상품,신발(아디다스),아디제로 EVO SL EXO,KI4764,로드,신발,275,KI4764(275),,134097555,남성,개,26FW,,2026-06-25,2026-06-25,"209,000.00","104,500.00","313,500.00",사용,34979,3,5,-5,2,18,0,0.0,0.0,0.0,0,0,3,0.0,0.0,4068818294000,3
상품,신발(아디다스),아디제로 EVO SL EXO,KI4764,로드,신발,280,KI4764(280),,134097555,남성,개,26FW,,2026-06-25,2026-06-25,"209,000.00","104,500.00","209,000.00",사용,34980,2,3,-3,2,11,0,0.0,0.0,0.0,0,0,2,0.0,0.0,4068818294116,2
상품,신발(아디다스),아디제로 EVO SL EXO,KI4764,로드,신발,285,KI4764(285),,134097555,남성,개,26FW,,2026-06-25,2026-06-25,"209,000.00","104,500.00","104,500.00",사용,34981,1,3,-3,2,5,0,0.0,0.0,0.0,0,0,1,0.0,0.0,4068818293966,1
상품,신발(아디다스),아디제로 EVO SL EXO,KI4764,로드,신발,290,KI4764(290),,134097555,남성,개,26FW,,2026-06-25,2026-06-25,"209,000.00","104,500.00","104,500.00",사용,34982,1,0,0,2,3,0,0.0,0.0,0.0,0,0,1,0.0,0.0,4068818294086,1
상품,신발(아디다스),아디제로 EVO SL,KI4794,로드,신발,230,KI4794(230),,133799746,여성,개,26FW,,2026-06-08,2026-06-08,"209,000.00","104,500.00","313,500.00",사용,34926,3,2,-2,2,7,0,0.0,0.0,0.0,0,0,3,0.0,0.0,4069987765513,3
상품,신발(아디다스),아디제로 EVO SL,KI4794,로드,신발,235,KI4794(235),,133799746,여성,개,26FW,,2026-06-08,2026-06-08,"209,000.00","104,500.00","209,000.00",사용,34927,2,5,-5,2,12,0,0.0,0.0,0.0,0,0,2,0.0,0.0,4069987765551,2
상품,신발(아디다스),아디제로 EVO SL,KI4794,로드,신발,240,KI4794(240),,133799746,여성,개,26FW,,2026-06-08,2026-06-08,"209,000.00","104,500.00","313,500.00",사용,34928,3,5,-5,2,17,0,0.0,0.0,0.0,0,0,3,0.0,0.0,4069987765568,3
상품,신발(아디다스),아디제로 EVO SL,KI4794,로드,신발,245,KI4794(245),,133799746,여성,개,26FW,,2026-06-08,2026-06-08,"209,000.00","104,500.00","313,500.00",사용,34929,3,2,-2,2,12,1,8.3,5.1,1.2,0,0,3,5.1,1.2,4069987765490,3
상품,신발(아디다스),슈퍼노바 라이즈 3,KI9225,로드,신발,230,KI9225(230),,133799745,여성,개,26FW,,2026-06-01,2026-05-29,"159,000.00","79,500.00","79,500.00",사용,35168,1,0,0,2,2,0,0.0,0.0,0.0,0,0,1,0.0,0.0,4069987467196,1
상품,신발(아디다스),슈퍼노바 라이즈 3,KI9225,로드,신발,235,KI9225(235),,133799745,여성,개,26FW,,2026-06-01,2026-05-29,"159,000.00","79,500.00","79,500.00",사용,35169,1,1,-1,2,3,0,0.0,0.0,0.0,0,0,1,0.0,0.0,4069987467158,1
상품,신발(아디다스),슈퍼노바 라이즈 3,KI9225,로드,신발,240,KI9225(240),,133799745,여성,개,26FW,,2026-06-01,2026-05-29,"159,000.00","79,500.00","79,500.00",사용,35170,1,3,-3,2,5,0,0.0,0.0,0.0,0,0,1,0.0,0.0,4069987467172,1
상품,신발(아디다스),슈퍼노바 라이즈 3,KI9225,로드,신발,245,KI9225(245),,133799745,여성,개,26FW,,2026-06-01,2026-05-29,"159,000.00","79,500.00","79,500.00",사용,35171,1,3,-3,2,5,0,0.0,0.0,0.0,0,0,1,0.0,0.0,4069987467103,1
상품,신발(아디다스),슈퍼노바 라이즈 3,KI9225,로드,신발,250,KI9225(250),,133799745,여성,개,26FW,,2026-06-01,2026-05-29,"159,000.00","79,500.00","79,500.00",사용,35172,1,1,-1,2,3,0,0.0,0.0,0.0,0,0,1,0.0,0.0,4069987467189,1
상품,신발(아디다스),슈퍼노바 라이즈 3,KI9227,로드,신발,265,KI9227(265),,133835647,남성,개,26FW,,2026-06-22,2026-06-22,"159,000.00","79,500.00","79,500.00",사용,35197,1,1,-1,2,5,0,0.0,0.0,0.0,0,0,1,0.0,0.0,4069987307683,1
상품,신발(아디다스),슈퍼노바 라이즈 3,KI9227,로드,신발,270,KI9227(270),,133835647,남성,개,26FW,,2026-06-22,2026-06-22,"159,000.00","79,500.00","79,500.00",사용,35198,1,2,-2,2,6,0,0.0,0.0,0.0,0,0,1,0.0,0.0,4069987307669,1
상품,신발(아디다스),슈퍼노바 라이즈 3,KI9227,로드,신발,275,KI9227(275),,133835647,남성,개,26FW,,2026-06-22,2026-06-22,"159,000.00","79,500.00","79,500.00",사용,35199,1,1,-1,2,5,0,0.0,0.0,0.0,0,0,1,0.0,0.0,4069987311314,1
상품,신발(아디다스),아디제로 아디오스 프로 4 보스톤,KI9388,레이싱,신발,250,KI9388(250),,132707446,남성,개,26SS,,2026-01-30,2026-01-30,"299,000.00","149,500.00","149,500.00",사용,26213,1,1,-1,7,2,0,0.0,0.0,0.0,0,0,1,0.0,0.0,4068821060180,1
상품,신발(아디다스),아디제로 아디오스 프로 4 보스톤,KI9388,레이싱,신발,255,KI9388(255),,132707446,남성,개,26SS,,2026-01-30,2026-01-30,"299,000.00","149,500.00","149,500.00",사용,26214,1,0,0,7,5,0,0.0,0.0,0.0,0,0,1,0.0,0.0,4068821060234,1
상품,신발(아디다스),아디제로 아디오스 프로 4 보스톤,KI9388,레이싱,신발,260,KI9388(260),,132707446,남성,개,26SS,,2026-01-30,2026-01-30,"299,000.00","149,500.00","448,500.00",사용,26215,3,2,-2,7,9,0,0.0,0.0,0.0,0,0,3,0.0,0.0,4068821060319,3
상품,신발(아디다스),아디제로 아디오스 프로 4 보스톤,KI9388,레이싱,신발,265,KI9388(265),,132707446,남성,개,26SS,,2026-01-30,2026-01-30,"299,000.00","149,500.00","598,000.00",사용,26216,4,0,0,7,10,0,0.0,0.0,0.0,0,0,4,0.0,0.0,4068821060289,4
상품,신발(아디다스),아디제로 아디오스 프로 4 보스톤,KI9388,레이싱,신발,270,KI9388(270),,132707446,남성,개,26SS,,2026-01-30,2026-01-30,"299,000.00","149,500.00","598,000.00",사용,26217,4,2,-2,7,16,0,0.0,0.0,0.0,0,0,4,0.0,0.0,4068821060265,4
상품,신발(아디다스),아디제로 아디오스 프로 4 보스톤,KI9388,레이싱,신발,275,KI9388(275),,132707446,남성,개,26SS,,2026-01-30,2026-01-30,"299,000.00","149,500.00","448,500.00",사용,26218,3,1,-1,7,12,3,25.0,1.7,0.4,0,0,3,1.7,0.4,4068821060173,3
상품,신발(아디다스),아디제로 아디오스 프로 4 보스톤,KI9388,레이싱,신발,280,KI9388(280),,132707446,남성,개,26SS,,2026-01-30,2026-01-30,"299,000.00","149,500.00","299,000.00",사용,26219,2,1,-1,7,9,0,0.0,0.0,0.0,0,0,2,0.0,0.0,4068821060302,2
상품,신발(아디다스),아디제로 아디오스 프로 4 보스톤,KI9388,레이싱,신발,285,KI9388(285),,132707446,남성,개,26SS,,2026-01-30,2026-01-30,"299,000.00","149,500.00","149,500.00",사용,26220,1,0,0,7,4,0,0.0,0.0,0.0,0,0,1,0.0,0.0,4068821060272,1
상품,신발(아디다스),아디제로 아디오스 프로 4 보스톤,KI9388,레이싱,신발,290,KI9388(290),,132707446,남성,개,26SS,,2026-01-30,2026-01-30,"299,000.00","149,500.00","149,500.00",사용,26221,1,1,-1,7,3,0,0.0,0.0,0.0,0,0,1,0.0,0.0,4068821060210,1
상품,신발(아디다스),아디제로 EVO SL,KI9874,로드,신발,250,KI9874(250),,133835657,남성,개,26FW,,2026-06-16,2026-06-12,"209,000.00","104,500.00","104,500.00",사용,34908,1,0,0,2,4,0,0.0,0.0,0.0,0,0,1,0.0,0.0,4069987065491,1
상품,신발(아디다스),아디제로 EVO SL,KI9874,로드,신발,255,KI9874(255),,133835657,남성,개,26FW,,2026-06-16,2026-06-12,"209,000.00","104,500.00","104,500.00",사용,34909,1,1,-1,2,5,0,0.0,0.0,0.0,0,0,1,0.0,0.0,4069987065415,1
상품,신발(아디다스),아디제로 EVO SL,KI9874,로드,신발,260,KI9874(260),,133835657,남성,개,26FW,,2026-06-16,2026-06-12,"209,000.00","104,500.00","209,000.00",사용,34910,2,5,-5,2,9,0,0.0,0.0,0.0,0,0,2,0.0,0.0,4069987065446,2
상품,신발(아디다스),아디제로 EVO SL,KI9874,로드,신발,265,KI9874(265),,133835657,남성,개,26FW,,2026-06-16,2026-06-12,"209,000.00","104,500.00","209,000.00",사용,34911,2,7,-7,2,11,0,0.0,0.0,0.0,0,0,2,0.0,0.0,4069987065477,2
상품,신발(아디다스),아디제로 EVO SL,KI9874,로드,신발,270,KI9874(270),,133835657,남성,개,26FW,,2026-06-16,2026-06-12,"209,000.00","104,500.00","313,500.00",사용,34912,3,7,-7,2,13,0,0.0,0.0,0.0,0,0,3,0.0,0.0,4069987069178,3
상품,신발(아디다스),아디제로 EVO SL,KI9874,로드,신발,275,KI9874(275),,133835657,남성,개,26FW,,2026-06-16,2026-06-12,"209,000.00","104,500.00","104,500.00",사용,34913,1,6,-6,2,10,0,0.0,0.0,0.0,0,0,1,0.0,0.0,4069987065514,1
상품,신발(아디다스),아디제로 EVO SL,KI9874,로드,신발,280,KI9874(280),,133835657,남성,개,26FW,,2026-06-16,2026-06-12,"209,000.00","104,500.00","104,500.00",사용,34914,1,3,-3,2,7,0,0.0,0.0,0.0,0,0,1,0.0,0.0,4069987065392,1
상품,신발(아디다스),아디제로 EVO SL,KI9874,로드,신발,285,KI9874(285),,133835657,남성,개,26FW,,2026-06-16,2026-06-12,"209,000.00","104,500.00","104,500.00",사용,34915,1,1,-1,2,4,0,0.0,0.0,0.0,0,0,1,0.0,0.0,4069987069185,1
상품,신발(아디다스),아디제로 EVO SL EXO,KJ0423,로드,신발,250,KJ0423(250),,,남성,개,26FW,,2026-07-31,2026-07-31,"209,000.00","104,500.00","104,500.00",사용,35084,1,0,0,1,2,0,0.0,0.0,0.0,0,0,1,0.0,0.0,4069987515262,1
상품,신발(아디다스),아디제로 EVO SL EXO,KJ0423,로드,신발,255,KJ0423(255),,,남성,개,26FW,,2026-07-31,2026-07-31,"209,000.00","104,500.00","104,500.00",사용,35085,1,0,0,1,2,0,0.0,0.0,0.0,0,0,1,0.0,0.0,4069987515217,1
상품,신발(아디다스),아디제로 EVO SL EXO,KJ0423,로드,신발,260,KJ0423(260),,,남성,개,26FW,,2026-07-31,2026-07-31,"209,000.00","104,500.00","104,500.00",사용,35086,1,0,0,1,2,0,0.0,0.0,0.0,0,0,1,0.0,0.0,4069987518911,1
상품,신발(아디다스),아디제로 EVO SL EXO,KJ0423,로드,신발,265,KJ0423(265),,,남성,개,26FW,,2026-07-31,2026-07-31,"209,000.00","104,500.00","209,000.00",사용,35087,2,0,0,1,4,0,0.0,0.0,0.0,0,0,2,0.0,0.0,4069987515248,2
상품,신발(아디다스),아디제로 EVO SL EXO,KJ0423,로드,신발,270,KJ0423(270),,,남성,개,26FW,,2026-07-31,2026-07-31,"209,000.00","104,500.00","209,000.00",사용,35088,2,0,0,1,4,0,0.0,0.0,0.0,0,0,2,0.0,0.0,4069987518942,2
상품,신발(아디다스),아디제로 EVO SL EXO,KJ0423,로드,신발,275,KJ0423(275),,,남성,개,26FW,,2026-07-31,2026-07-31,"209,000.00","104,500.00","209,000.00",사용,35089,2,0,0,1,4,0,0.0,0.0,0.0,0,0,2,0.0,0.0,4069987515279,2
상품,신발(아디다스),아디제로 EVO SL EXO,KJ0423,로드,신발,280,KJ0423(280),,,남성,개,26FW,,2026-07-31,2026-07-31,"209,000.00","104,500.00","104,500.00",사용,35090,1,0,0,1,2,0,0.0,0.0,0.0,0,0,1,0.0,0.0,4069987515194,1
상품,신발(아디다스),아디제로 EVO SL EXO,KJ0423,로드,신발,285,KJ0423(285),,,남성,개,26FW,,2026-07-31,2026-07-31,"209,000.00","104,500.00","104,500.00",사용,35091,1,0,0,1,2,0,0.0,0.0,0.0,0,0,1,0.0,0.0,4069987515187,1
상품,신발(아디다스),아디제로 EVO SL EXO,KJ0430,로드,신발,250,KJ0430(250),,133835715,남성,개,26FW,,2026-06-22,2026-06-22,"209,000.00","104,500.00","104,500.00",사용,34996,1,1,-1,2,5,0,0.0,0.0,0.0,0,0,1,0.0,0.0,4069987526596,1
상품,신발(아디다스),아디제로 EVO SL EXO,KJ0430,로드,신발,255,KJ0430(255),,133835715,남성,개,26FW,,2026-06-22,2026-06-22,"209,000.00","104,500.00","104,500.00",사용,34997,1,2,-2,2,7,0,0.0,0.0,0.0,0,0,1,0.0,0.0,4069987526589,1
상품,신발(아디다스),아디제로 EVO SL EXO,KJ0430,로드,신발,260,KJ0430(260),,133835715,남성,개,26FW,,2026-06-22,2026-06-22,"209,000.00","104,500.00","313,500.00",사용,34998,3,3,-3,2,15,0,0.0,0.0,0.0,0,0,3,0.0,0.0,4069987526602,3
상품,신발(아디다스),아디제로 EVO SL EXO,KJ0430,로드,신발,265,KJ0430(265),,133835715,남성,개,26FW,,2026-06-22,2026-06-22,"209,000.00","104,500.00","418,000.00",사용,34999,4,2,-2,2,21,0,0.0,0.0,0.0,0,0,4,0.0,0.0,4069987522949,4
상품,신발(아디다스),아디제로 EVO SL EXO,KJ0430,로드,신발,270,KJ0430(270),,133835715,남성,개,26FW,,2026-06-22,2026-06-22,"209,000.00","104,500.00","522,500.00",사용,35000,5,6,-6,2,23,0,0.0,0.0,0.0,0,0,5,0.0,0.0,4069987522970,5
상품,신발(아디다스),아디제로 EVO SL EXO,KJ0430,로드,신발,275,KJ0430(275),,133835715,남성,개,26FW,,2026-06-22,2026-06-22,"209,000.00","104,500.00","313,500.00",사용,35001,3,3,-3,2,17,1,5.8,5.1,1.2,0,0,3,5.1,1.2,4069987522895,3
상품,신발(아디다스),아디제로 EVO SL EXO,KJ0430,로드,신발,280,KJ0430(280),,133835715,남성,개,26FW,,2026-06-22,2026-06-22,"209,000.00","104,500.00","313,500.00",사용,35002,3,1,-1,2,11,0,0.0,0.0,0.0,0,0,3,0.0,0.0,4069987522901,3
상품,신발(아디다스),아디제로 EVO SL EXO,KJ0430,로드,신발,285,KJ0430(285),,133835715,남성,개,26FW,,2026-06-22,2026-06-22,"209,000.00","104,500.00","104,500.00",사용,35003,1,1,-1,2,5,0,0.0,0.0,0.0,0,0,1,0.0,0.0,4069987522918,1
상품,신발(아디다스),아디제로 EVO SL EXO,KJ0430,로드,신발,290,KJ0430(290),,133835715,남성,개,26FW,,2026-06-22,2026-06-22,"209,000.00","104,500.00","104,500.00",사용,35004,1,0,0,2,3,0,0.0,0.0,0.0,0,0,1,0.0,0.0,4069987522932,1
상품,신발(아디다스),아디제로 EVO SL EXO,KJ0440,로드,신발,230,KJ0440(230),,133835670,여성,개,26FW,,2026-06-22,2026-06-22,"209,000.00","104,500.00","104,500.00",사용,34948,1,4,-4,2,7,0,0.0,0.0,0.0,0,0,1,0.0,0.0,4069987709807,1
상품,신발(아디다스),아디제로 EVO SL EXO,KJ0440,로드,신발,235,KJ0440(235),,133835670,여성,개,26FW,,2026-06-22,2026-06-22,"209,000.00","104,500.00","209,000.00",사용,34949,2,2,-2,2,8,1,12.5,3.4,0.8,0,0,2,3.4,0.8,4069987709791,2
상품,신발(아디다스),아디제로 EVO SL EXO,KJ0440,로드,신발,240,KJ0440(240),,133835670,여성,개,26FW,,2026-06-22,2026-06-22,"209,000.00","104,500.00","313,500.00",사용,34950,3,4,-4,2,11,0,0.0,0.0,0.0,0,0,3,0.0,0.0,4069987709760,3
상품,신발(아디다스),아디제로 EVO SL EXO,KJ0440,로드,신발,245,KJ0440(245),,133835670,여성,개,26FW,,2026-06-22,2026-06-22,"209,000.00","104,500.00","313,500.00",사용,34951,3,3,-3,2,10,0,0.0,0.0,0.0,0,0,3,0.0,0.0,4069987709777,3
상품,신발(아디다스),아디제로 EVO SL EXO,KJ0440,로드,신발,250,KJ0440(250),,133835670,여성,개,26FW,,2026-06-22,2026-06-22,"209,000.00","104,500.00","104,500.00",사용,34952,1,4,-4,2,8,0,0.0,0.0,0.0,0,0,1,0.0,0.0,4069987709227,1
상품,신발(아디다스),하이퍼부스트 엣지,KK0289,로드,신발,235,KK0289(235),,133431991,공용,개,26SS,,2026-04-22,2026-04-22,"249,000.00","129,480.00","129,480.00",사용,34374,1,1,-1,4,3,0,0.0,0.0,0.0,0,0,1,0.0,0.0,4068817598895,1
상품,신발(아디다스),하이퍼부스트 엣지,KK0289,로드,신발,240,KK0289(240),,133431991,공용,개,26SS,,2026-04-22,2026-04-22,"249,000.00","129,480.00","129,480.00",사용,34375,1,3,-3,4,6,0,0.0,0.0,0.0,0,0,1,0.0,0.0,4068817602592,1
상품,신발(아디다스),하이퍼부스트 엣지,KK0289,로드,신발,270,KK0289(270),,133431991,공용,개,26SS,,2026-04-22,2026-04-22,"249,000.00","129,480.00","129,480.00",사용,34381,1,0,0,4,9,0,0.0,0.0,0.0,0,0,1,0.0,0.0,4068817602547,1
상품,의류(아디다스),아디365 클라이마쿨 하이퍼부스트 러닝 티셔츠,KQ8649,반팔티셔츠,의류,L,KQ8649(L),,135922072,남성,개,26FW,,2026-07-20,2026-07-20,"69,000.00","34,500.00","69,000.00",사용,35756,2,4,-4,1,8,1,12.5,3.4,0.8,0,2,0,0.0,0.0,4069996743663,2
상품,의류(아디다스),아디365 클라이마쿨 하이퍼부스트 러닝 티셔츠,KQ8649,반팔티셔츠,의류,M,KQ8649(M),,135922072,남성,개,26FW,,2026-07-20,2026-07-20,"69,000.00","34,500.00","34,500.00",사용,35755,1,0,0,1,4,0,0.0,0.0,0.0,0,0,1,0.0,0.0,4069996743571,1
상품,의류(아디다스),아디365 클라이마쿨 하이퍼부스트 러닝 티셔츠,KQ8649,반팔티셔츠,의류,XXL,KQ8649(XXL),,135922072,남성,개,26FW,,2026-07-20,2026-07-20,"69,000.00","34,500.00","34,500.00",사용,35758,1,2,-2,1,2,0,0.0,0.0,0.0,0,0,1,0.0,0.0,4069996743670,1
상품,의류(아디다스),테렉스 클라이마쿨 5패널 그래픽 캡,KR6408,모자,의류,M,KR6408(M),,133689178,공용,개,26FW,,2026-05-21,2026-05-21,"29,000.00","14,500.00","29,000.00",사용,36084,2,8,-8,3,20,1,5.0,3.4,0.8,0,0,2,3.4,0.8,4067907090998,2
상품,의류(아디다스),테렉스 클라이마쿨 5패널 그래픽 캡,KR6408,모자,의류,S,KR6408(S),,133689178,공용,개,26FW,,2026-05-21,2026-05-21,"29,000.00","14,500.00","29,000.00",사용,36083,2,3,-3,3,10,0,0.0,0.0,0.0,0,0,2,0.0,0.0,4067907091001,2
상품,용품(아디다스),러닝 클라이마쿨 헤드 밴드,KR8955,모자,용품,M,KR8955(M),,133835632,공용,개,26FW,,2026-06-22,2026-06-22,"25,000.00","12,500.00","62,500.00",사용,36132,5,5,-5,2,25,2,8.0,4.2,1.0,0,0,5,4.2,1.0,,5
상품,용품(아디다스),러닝 클라이마쿨 헤드 밴드,KR8955,모자,용품,S,KR8955(S),,133835632,공용,개,26FW,,2026-06-22,2026-06-22,"25,000.00","12,500.00","62,500.00",사용,36131,5,10,-10,2,25,1,4.0,8.5,2.0,0,0,5,8.5,2.0,,5
상품,용품(아디다스),러닝 X 아디제로 클라이마쿨 캡,KR9003,모자,용품,OSFM,KR9003(OSFM),,133710632,공용,개,26FW,,2026-05-29,2026-05-29,"39,000.00","19,500.00","39,000.00",사용,36092,2,1,-1,3,15,0,0.0,0.0,0.0,0,0,2,0.0,0.0,4067907129278,2
상품,용품(아디다스),러닝 X 아디제로 클라이마쿨 캡,KR9003,모자,용품,OSFW,KR9003(OSFW),,133710632,공용,개,26FW,,2026-05-29,2026-05-29,"39,000.00","19,500.00","58,500.00",사용,36093,3,1,-1,3,15,0,0.0,0.0,0.0,0,0,3,0.0,0.0,4067907129285,3
상품,의류(아디다스),아디365 러닝 클라이마쿨 아이코닉 티셔츠,KS3244,반팔티셔츠,의류,L,KS3244(L),,,남성,개,26FW,,2026-06-01,2026-05-29,"49,000.00","24,500.00","24,500.00",사용,35860,1,4,-4,2,8,0,0.0,0.0,0.0,0,0,1,0.0,0.0,4067907117695,1
상품,의류(아디다스),아디365 러닝 클라이마쿨 아이코닉 티셔츠,KS3244,반팔티셔츠,의류,M,KS3244(M),,,남성,개,26FW,,2026-06-01,2026-05-29,"49,000.00","24,500.00","24,500.00",사용,35859,1,6,-6,2,4,0,0.0,0.0,0.0,0,0,1,0.0,0.0,4067907117640,1
상품,의류(아디다스),아디365 러닝 클라이마쿨 아이코닉 티셔츠,KS3248,반팔티셔츠,의류,L,KS3248(L),,133799735,남성,개,26FW,,2026-06-01,2026-05-29,"49,000.00","24,500.00","24,500.00",사용,35847,1,3,-3,2,8,0,0.0,0.0,0.0,0,0,1,0.0,0.0,4067907098482,1
상품,의류(아디다스),아디365 러닝 클라이마쿨 아이코닉 티셔츠,KS3248,반팔티셔츠,의류,M,KS3248(M),,133799735,남성,개,26FW,,2026-06-01,2026-05-29,"49,000.00","24,500.00","24,500.00",사용,35846,1,4,-4,2,4,0,0.0,0.0,0.0,0,0,1,0.0,0.0,4067907098345,1
상품,의류(아디다스),아디365 러닝 클라이마쿨 아이코닉 티셔츠,KS3248,반팔티셔츠,의류,XL,KS3248(XL),,133799735,남성,개,26FW,,2026-06-01,2026-05-29,"49,000.00","24,500.00","24,500.00",사용,35848,1,0,0,2,6,0,0.0,0.0,0.0,0,0,1,0.0,0.0,4067907098369,1
상품,의류(아디다스),아디365 클라이마쿨 4포켓 2IN1 쇼츠,KS6098,반바지,의류,L,KS6098(L),,135951554,남성,개,26FW,,2026-07-23,2026-07-23,"79,000.00","39,500.00","79,000.00",사용,35998,2,4,-4,1,8,0,0.0,0.0,0.0,0,0,2,0.0,0.0,4068804667580,2
상품,의류(아디다스),아디365 클라이마쿨 4포켓 2IN1 쇼츠,KS6098,반바지,의류,M,KS6098(M),,135951554,남성,개,26FW,,2026-07-23,2026-07-23,"79,000.00","39,500.00","39,500.00",사용,35997,1,3,-3,1,5,0,0.0,0.0,0.0,0,0,1,0.0,0.0,4068804667597,1
상품,의류(아디다스),아디365 클라이마쿨 4포켓 2IN1 쇼츠,KS6098,반바지,의류,S,KS6098(S),,135951554,남성,개,26FW,,2026-07-23,2026-07-23,"79,000.00","39,500.00","39,500.00",사용,35996,1,0,0,1,2,0,0.0,0.0,0.0,0,0,1,0.0,0.0,4068804667672,1
상품,의류(아디다스),아디365 클라이마쿨 4포켓 2IN1 쇼츠,KS6098,반바지,의류,XL,KS6098(XL),,135951554,남성,개,26FW,,2026-07-23,2026-07-23,"79,000.00","39,500.00","39,500.00",사용,35999,1,2,-2,1,5,1,20.0,1.7,0.4,0,0,1,1.7,0.4,4068804667658,1
상품,의류(아디다스),아디제로 아카이브 러닝 쇼츠,KT4854,반바지,의류,M,KT4854(M),,133799597,여성,개,26FW,,2026-06-01,2026-05-28,"79,000.00","39,500.00","39,500.00",사용,36057,1,2,-2,2,7,3,42.8,0.5,0.1,0,0,1,0.5,0.1,4068817016740,1
상품,의류(아디다스),아디제로 아카이브 러닝 쇼츠,KT4854,반바지,의류,S,KT4854(S),,133799597,여성,개,26FW,,2026-06-01,2026-05-28,"79,000.00","39,500.00","79,000.00",사용,36056,2,3,-3,2,8,0,0.0,0.0,0.0,0,0,2,0.0,0.0,4068817023588,2
상품,의류(아디다스),아디제로 아카이브 러닝 쇼츠,KT4854,반바지,의류,XS,KT4854(XS),,133799597,여성,개,26FW,,2026-06-01,2026-05-28,"79,000.00","39,500.00","39,500.00",사용,36055,1,2,-2,2,4,0,0.0,0.0,0.0,0,1,0,0.0,0.0,4068817020594,1
상품,용품(아디다스),러닝 라이트 크루 삭스,KV2938,양말,용품,L,KV2938(L),,135951542,공용,개,26FW,,2026-07-23,2026-07-23,"19,000.00","9,500.00","47,500.00",사용,36153,5,5,-5,1,15,0,0.0,0.0,0.0,0,0,5,0.0,0.0,4067907117817,5
상품,용품(아디다스),러닝 라이트 크루 삭스,KV2938,양말,용품,M,KV2938(M),,135951542,공용,개,26FW,,2026-07-23,2026-07-23,"19,000.00","9,500.00","142,500.00",사용,36152,15,40,-40,1,70,1,1.4,25.7,6.0,0,0,15,25.7,6.0,4067907117824,15
상품,용품(아디다스),러닝 라이트 크루 삭스,KV2938,양말,용품,S,KV2938(S),,135951542,공용,개,26FW,,2026-07-23,2026-07-23,"19,000.00","9,500.00","95,000.00",사용,36151,10,15,-15,1,35,0,0.0,0.0,0.0,0,0,10,0.0,0.0,4067907117831,10
상품,의류(아디다스),테렉스 멀티 라이트 쇼츠,KX0764,반바지,의류,L,KX0764(L),,,남성,개,26FW,,2026-07-31,2026-07-31,"79,000.00","39,500.00","79,000.00",사용,35974,2,5,-5,1,8,0,0.0,0.0,0.0,0,0,2,0.0,0.0,4069995381866,2
상품,의류(아디다스),테렉스 멀티 라이트 쇼츠,KX0764,반바지,의류,M,KX0764(M),,,남성,개,26FW,,2026-07-31,2026-07-31,"79,000.00","39,500.00","79,000.00",사용,35973,2,2,-2,1,5,0,0.0,0.0,0.0,0,0,2,0.0,0.0,4069995381873,2
상품,의류(아디다스),테렉스 멀티 라이트 쇼츠,KX0764,반바지,의류,S,KX0764(S),,,남성,개,26FW,,2026-07-31,2026-07-31,"79,000.00","39,500.00","39,500.00",사용,35972,1,1,-1,1,2,0,0.0,0.0,0.0,0,0,1,0.0,0.0,4069995385499,1
상품,의류(아디다스),테렉스 멀티 라이트 쇼츠,KX0764,반바지,의류,XL,KX0764(XL),,,남성,개,26FW,,2026-07-31,2026-07-31,"79,000.00","39,500.00","39,500.00",사용,35975,1,3,-3,1,5,0,0.0,0.0,0.0,0,0,1,0.0,0.0,4069995385482,1
상품,의류(아디다스),테렉스 멀티 클라이마쿨 로고 테크 티셔츠,KX0767,반팔티셔츠,의류,L,KX0767(L),,,남성,개,26FW,,2026-07-31,2026-07-31,"39,000.00","19,500.00","39,000.00",사용,35704,2,5,-5,1,8,0,0.0,0.0,0.0,0,0,2,0.0,0.0,4069995519122,2
상품,의류(아디다스),테렉스 멀티 클라이마쿨 로고 테크 티셔츠,KX0767,반팔티셔츠,의류,M,KX0767(M),,,남성,개,26FW,,2026-07-31,2026-07-31,"39,000.00","19,500.00","39,000.00",사용,35703,2,1,-1,1,4,0,0.0,0.0,0.0,0,0,2,0.0,0.0,4069995519085,2
상품,의류(아디다스),테렉스 멀티 클라이마쿨 로고 테크 티셔츠,KX0767,반팔티셔츠,의류,XL,KX0767(XL),,,남성,개,26FW,,2026-07-31,2026-07-31,"39,000.00","19,500.00","39,000.00",사용,35705,2,3,-3,1,6,0,0.0,0.0,0.0,0,1,1,0.0,0.0,4069995519139,2
상품,의류(아디다스),테렉스 멀티 클라이마쿨 로고 테크 티셔츠,KX0767,반팔티셔츠,의류,XXL,KX0767(XXL),,,남성,개,26FW,,2026-07-31,2026-07-31,"39,000.00","19,500.00","39,000.00",사용,35706,2,0,0,1,2,0,0.0,0.0,0.0,0,0,2,0.0,0.0,4069995522030,2
상품,용품(아디다스),태렉스 엑스페리어 클라이마쿨 캡,KY7803,모자,용품,M,KY7803(M),,,공용,개,26FW,,2026-07-31,2026-07-31,"39,000.00","19,500.00","58,500.00",사용,36100,3,14,-14,1,20,0,0.0,0.0,0.0,0,0,3,0.0,0.0,4067907110252,3
상품,용품(아디다스),태렉스 엑스페리어 클라이마쿨 캡,KY7803,모자,용품,S,KY7803(S),,,공용,개,26FW,,2026-07-31,2026-07-31,"39,000.00","19,500.00","58,500.00",사용,36099,3,4,-4,1,10,0,0.0,0.0,0.0,0,0,3,0.0,0.0,4067907113864,3
상품,용품(아디다스),테렉스 엑스페리어 클라이마쿨 트레일 크루 삭스,KY7814,양말,용품,M,KY7814(M),,,공용,개,26FW,,2026-07-31,2026-07-31,"19,000.00","9,500.00","28,500.00",사용,36245,3,9,-9,1,15,0,0.0,0.0,0.0,0,0,3,0.0,0.0,4067907098697,3
상품,용품(아디다스),테렉스 엑스페리어 클라이마쿨 트레일 크루 삭스,KY7814,양말,용품,S,KY7814(S),,,공용,개,26FW,,2026-07-31,2026-07-31,"19,000.00","9,500.00","28,500.00",사용,36244,3,9,-9,1,15,0,0.0,0.0,0.0,0,0,3,0.0,0.0,4067907098666,3
상품,의류(아디다스),아디제로 아스파이어 러닝 유나이트핏 티셔츠,KZ0027,반팔티셔츠,의류,L,KZ0027(L),,135922088,남성,개,26FW,,2026-07-20,2026-07-20,"89,000.00","44,500.00","222,500.00",사용,35769,5,15,-15,1,30,1,3.3,8.5,2.0,0,0,5,8.5,2.0,4067907048104,5
상품,의류(아디다스),아디제로 아스파이어 러닝 유나이트핏 티셔츠,KZ0027,반팔티셔츠,의류,M,KZ0027(M),,135922088,남성,개,26FW,,2026-07-20,2026-07-20,"89,000.00","44,500.00","89,000.00",사용,35768,2,10,-10,1,18,0,0.0,0.0,0.0,0,0,2,0.0,0.0,4067907044496,2
상품,의류(아디다스),아디제로 아스파이어 러닝 유나이트핏 티셔츠,KZ0027,반팔티셔츠,의류,S,KZ0027(S),,135922088,남성,개,26FW,,2026-07-20,2026-07-20,"89,000.00","44,500.00","44,500.00",사용,35767,1,5,-5,1,8,0,0.0,0.0,0.0,0,0,1,0.0,0.0,4067907048159,1
상품,의류(아디다스),아디제로 아스파이어 러닝 유나이트핏 티셔츠,KZ0027,반팔티셔츠,의류,XL,KZ0027(XL),,135922088,남성,개,26FW,,2026-07-20,2026-07-20,"89,000.00","44,500.00","133,500.00",사용,35770,3,15,-15,1,25,0,0.0,0.0,0.0,0,0,3,0.0,0.0,4067907048135,3
상품,의류(아디다스),아디제로 아스파이어 러닝 유나이트핏 티셔츠,KZ0027,반팔티셔츠,의류,XXL,KZ0027(XXL),,135922088,남성,개,26FW,,2026-07-20,2026-07-20,"89,000.00","44,500.00","89,000.00",사용,35771,2,4,-4,1,8,0,0.0,0.0,0.0,0,0,2,0.0,0.0,4067907048142,2
상품,의류(아디다스),아디제로 아스파이어 러닝 유나이트핏 티셔츠,KZ0028,반팔티셔츠,의류,L,KZ0028(L),,133799737,남성,개,26FW,,2026-06-01,2026-05-29,"89,000.00","44,500.00","133,500.00",사용,35782,3,18,-18,2,24,0,0.0,0.0,0.0,0,0,3,0.0,0.0,4067907048197,3
상품,의류(아디다스),아디제로 아스파이어 러닝 유나이트핏 티셔츠,KZ0028,반팔티셔츠,의류,M,KZ0028(M),,133799737,남성,개,26FW,,2026-06-01,2026-05-29,"89,000.00","44,500.00","44,500.00",사용,35781,1,10,-10,2,14,0,0.0,0.0,0.0,0,0,1,0.0,0.0,4067907048173,1
상품,의류(아디다스),아디제로 아스파이어 러닝 유나이트핏 티셔츠,KZ0028,반팔티셔츠,의류,S,KZ0028(S),,133799737,남성,개,26FW,,2026-06-01,2026-05-29,"89,000.00","44,500.00","44,500.00",사용,35780,1,1,-1,2,4,0,0.0,0.0,0.0,0,0,1,0.0,0.0,4067907048258,1
상품,의류(아디다스),아디제로 아스파이어 러닝 유나이트핏 티셔츠,KZ0028,반팔티셔츠,의류,XL,KZ0028(XL),,133799737,남성,개,26FW,,2026-06-01,2026-05-29,"89,000.00","44,500.00","89,000.00",사용,35783,2,14,-14,2,20,0,0.0,0.0,0.0,0,0,2,0.0,0.0,4067907048234,2
상품,의류(아디다스),아디제로 아스파이어 러닝 유나이트핏 티셔츠,KZ0028,반팔티셔츠,의류,XXL,KZ0028(XXL),,133799737,남성,개,26FW,,2026-06-01,2026-05-29,"89,000.00","44,500.00","89,000.00",사용,35784,2,5,-5,2,10,1,10.0,3.4,0.8,0,0,2,3.4,0.8,4067907048210,2
상품,신발(아디다스),테렉스 아그라빅 SL,KZ9653,트레일,신발,230,KZ9653(230),(공용)녹즙,133799749,남성,개,26FW,,2026-06-01,2026-05-29,"189,000.00","94,500.00","94,500.00",사용,35338,1,3,-3,2,5,0,0.0,0.0,0.0,0,0,1,0.0,0.0,4069999376479,1
상품,신발(아디다스),테렉스 아그라빅 SL,KZ9653,트레일,신발,235,KZ9653(235),(공용)녹즙,133799749,남성,개,26FW,,2026-06-01,2026-05-29,"189,000.00","94,500.00","94,500.00",사용,35339,1,4,-4,2,6,0,0.0,0.0,0.0,0,0,1,0.0,0.0,4069999376462,1
상품,신발(아디다스),테렉스 아그라빅 SL,KZ9653,트레일,신발,240,KZ9653(240),(공용)녹즙,133799749,남성,개,26FW,,2026-06-01,2026-05-29,"189,000.00","94,500.00","94,500.00",사용,35340,1,5,-5,2,7,0,0.0,0.0,0.0,0,0,1,0.0,0.0,4068805121395,1
상품,신발(아디다스),테렉스 아그라빅 SL,KZ9653,트레일,신발,245,KZ9653(245),(공용)녹즙,133799749,남성,개,26FW,,2026-06-01,2026-05-29,"189,000.00","94,500.00","94,500.00",사용,35341,1,3,-3,2,5,0,0.0,0.0,0.0,0,0,1,0.0,0.0,4068805121432,1
상품,신발(아디다스),테렉스 아그라빅 SL,KZ9653,트레일,신발,250,KZ9653(250),(공용)녹즙,133799749,남성,개,26FW,,2026-06-01,2026-05-29,"189,000.00","94,500.00","94,500.00",사용,35342,1,2,-2,2,4,0,0.0,0.0,0.0,0,0,1,0.0,0.0,4068805125058,1
상품,신발(아디다스),테렉스 아그라빅 SL,KZ9653,트레일,신발,255,KZ9653(255),(공용)녹즙,133799749,남성,개,26FW,,2026-06-01,2026-05-29,"189,000.00","94,500.00","94,500.00",사용,35343,1,4,-4,2,6,0,0.0,0.0,0.0,0,0,1,0.0,0.0,4068805121340,1
상품,신발(아디다스),테렉스 아그라빅 SL,KZ9653,트레일,신발,260,KZ9653(260),(공용)녹즙,133799749,남성,개,26FW,,2026-06-01,2026-05-29,"189,000.00","94,500.00","189,000.00",사용,35344,2,7,-7,2,11,0,0.0,0.0,0.0,0,0,2,0.0,0.0,4068805121326,2
상품,신발(아디다스),테렉스 아그라빅 SL,KZ9653,트레일,신발,265,KZ9653(265),(공용)녹즙,133799749,남성,개,26FW,,2026-06-01,2026-05-29,"189,000.00","94,500.00","94,500.00",사용,35345,1,8,-8,2,12,0,0.0,0.0,0.0,0,0,1,0.0,0.0,4068805121302,1
상품,신발(아디다스),테렉스 아그라빅 SL,KZ9653,트레일,신발,270,KZ9653(270),(공용)녹즙,133799749,남성,개,26FW,,2026-06-01,2026-05-29,"189,000.00","94,500.00","94,500.00",사용,35346,1,7,-7,2,11,0,0.0,0.0,0.0,0,0,1,0.0,0.0,4068805121319,1
상품,신발(아디다스),테렉스 아그라빅 SL,KZ9653,트레일,신발,275,KZ9653(275),(공용)녹즙,133799749,남성,개,26FW,,2026-06-01,2026-05-29,"189,000.00","94,500.00","94,500.00",사용,35347,1,4,-4,2,6,0,0.0,0.0,0.0,0,0,1,0.0,0.0,4068805121418,1
상품,신발(아디다스),테렉스 아그라빅 SL,KZ9653,트레일,신발,280,KZ9653(280),(공용)녹즙,133799749,남성,개,26FW,,2026-06-01,2026-05-29,"189,000.00","94,500.00","94,500.00",사용,35348,1,3,-3,2,5,0,0.0,0.0,0.0,0,0,1,0.0,0.0,4068805121357,1
상품,신발(아디다스),테렉스 아그라빅 SL,KZ9653,트레일,신발,285,KZ9653(285),(공용)녹즙,133799749,남성,개,26FW,,2026-06-01,2026-05-29,"189,000.00","94,500.00","94,500.00",사용,35349,1,0,0,2,2,0,0.0,0.0,0.0,0,0,1,0.0,0.0,4068805121401,1
상품,신발(살로몬),릴렉스 모크 6.0,L47111500,슬라이드,신발,270,L47111500(270),올블랙,133227578,남성,개,26SS,,2026-03-23,2026-03-23,"98,000.00","49,000.00","49,000.00",사용,31538,1,0,0,5,9,0,0.0,0.0,0.0,0,0,1,0.0,0.0,195751218108,1
상품,신발(살로몬),S/LAB 울트라,L47480100,트레일,신발,270,L47480100(270),,123473198,남성,개,24FW,,2024-08-12,2024-08-12,"340,000.00","170,000.00","170,000.00",사용,5135,1,0,0,24,4,0,0.0,0.0,0.0,0,0,1,0.0,0.0,195751471060,1
상품,신발(살로몬),S/LAB 울트라,L47480100,트레일,신발,280,L47480100(280),,123473198,남성,개,24FW,,2024-08-12,2024-08-12,"340,000.00","170,000.00","170,000.00",사용,5137,1,0,0,24,1,0,0.0,0.0,0.0,0,0,1,0.0,0.0,195751471046,1
상품,신발(살로몬),S/LAB 제네시스,L47722600,트레일,신발,265,L47722600(265),(남) 아이보리,128842854,남성,개,25FW,,2025-08-20,2025-08-20,"278,000.00","139,000.00","139,000.00",사용,15191,1,1,-1,12,2,0,0.0,0.0,0.0,0,0,1,0.0,0.0,195751917902,1
상품,용품(살로몬),릴랙스 슬라이드 6.0,L47740900,트레일,용품,230,L47740900(230),,129101745,여성,개,26SS,,2026-03-23,2026-03-23,"88,000.00","44,000.00","44,000.00",사용,15215,1,0,0,5,3,0,0.0,0.0,0.0,0,0,1,0.0,0.0,195751885058,1
상품,용품(살로몬),릴랙스 슬라이드 6.0,L47740900,트레일,용품,235,L47740900(235),,129101745,여성,개,26SS,,2026-03-23,2026-03-23,"88,000.00","44,000.00","44,000.00",사용,15216,1,0,0,5,3,0,0.0,0.0,0.0,0,0,1,0.0,0.0,195751885072,1
상품,용품(살로몬),릴랙스 슬라이드 6.0,L47740900,트레일,용품,240,L47740900(240),,129101745,여성,개,26SS,,2026-03-23,2026-03-23,"88,000.00","44,000.00","88,000.00",사용,15217,2,0,0,5,6,0,0.0,0.0,0.0,0,0,2,0.0,0.0,195751885003,2
상품,용품(살로몬),릴랙스 슬라이드 6.0,L47740900,트레일,용품,250,L47740900(250),,129101745,여성,개,26SS,,2026-03-23,2026-03-23,"88,000.00","44,000.00","44,000.00",사용,15219,1,0,0,5,3,1,33.3,1.7,0.4,0,0,1,1.7,0.4,195751884983,1
상품,신발(살로몬),제네시스,L47762800,트레일,신발,275,L47762800(275),블랙옐로,124346653,남성,개,25SS,,2025-01-10,2025-01-10,"248,000.00","124,000.00","124,000.00",사용,15318,1,0,0,19,6,0,0.0,0.0,0.0,0,0,1,0.0,0.0,195751929981,1
상품,신발(살로몬),울트라 글라이드 3 프로토,L47805400,트레일,신발,230,L47805400(230),,129574552,여성,개,25SS,,2025-04-17,2025-04-17,"215,000.00","107,500.00","107,500.00",사용,14937,1,0,0,16,4,0,0.0,0.0,0.0,0,0,1,0.0,0.0,195751923606,1
상품,신발(살로몬),울트라 글라이드 3 프로토,L47805400,트레일,신발,235,L47805400(235),,129574552,여성,개,25SS,,2025-04-17,2025-04-17,"215,000.00","107,500.00","107,500.00",사용,14938,1,0,0,16,6,0,0.0,0.0,0.0,0,0,1,0.0,0.0,195751923613,1
상품,신발(살로몬),울트라 글라이드 3 프로토,L47805400,트레일,신발,250,L47805400(250),,129574552,여성,개,25SS,,2025-04-17,2025-04-17,"215,000.00","107,500.00","107,500.00",사용,14941,1,0,0,16,4,0,0.0,0.0,0.0,0,0,1,0.0,0.0,195751923552,1
상품,신발(살로몬),울트라 글라이드 3 프로토,L47807300,트레일,신발,250,L47807300(250),,129574553,남성,개,25SS,,2025-04-17,2025-04-17,"215,000.00","107,500.00","107,500.00",사용,14983,1,0,0,16,4,0,0.0,0.0,0.0,0,0,1,0.0,0.0,195751923439,1
상품,신발(살로몬),울트라 글라이드 3 프로토,L47807300,트레일,신발,260,L47807300(260),,129574553,남성,개,25SS,,2025-04-17,2025-04-17,"215,000.00","107,500.00","107,500.00",사용,14985,1,0,0,16,6,0,0.0,0.0,0.0,0,0,1,0.0,0.0,195751923408,1
상품,신발(살로몬),솔앰피비안,L47814800,슬라이드,신발,250,L47814800(250),,133410105,남성,개,26SS,,2026-04-14,2026-04-14,"190,000.00","95,000.00","95,000.00",사용,31597,1,0,0,4,3,0,0.0,0.0,0.0,0,0,1,0.0,0.0,195751968133,1
상품,신발(살로몬),솔앰피비안,L47814800,슬라이드,신발,255,L47814800(255),,133410105,남성,개,26SS,,2026-04-14,2026-04-14,"190,000.00","95,000.00","95,000.00",사용,31598,1,0,0,4,6,0,0.0,0.0,0.0,0,0,1,0.0,0.0,195751968195,1
상품,신발(살로몬),솔앰피비안,L47814800,슬라이드,신발,260,L47814800(260),,133410105,남성,개,26SS,,2026-04-14,2026-04-14,"190,000.00","95,000.00","190,000.00",사용,31599,2,0,0,4,12,0,0.0,0.0,0.0,0,0,2,0.0,0.0,195751968119,2
상품,신발(살로몬),솔앰피비안,L47814800,슬라이드,신발,265,L47814800(265),,133410105,남성,개,26SS,,2026-04-14,2026-04-14,"190,000.00","95,000.00","95,000.00",사용,31600,1,0,0,4,12,0,0.0,0.0,0.0,0,0,1,0.0,0.0,195751968188,1
상품,신발(살로몬),솔앰피비안,L47814800,슬라이드,신발,270,L47814800(270),,133410105,남성,개,26SS,,2026-04-14,2026-04-14,"190,000.00","95,000.00","190,000.00",사용,31601,2,0,0,4,12,1,8.3,3.4,0.8,0,0,2,3.4,0.8,195751950213,2
상품,신발(살로몬),솔앰피비안,L47814800,슬라이드,신발,275,L47814800(275),,133410105,남성,개,26SS,,2026-04-14,2026-04-14,"190,000.00","95,000.00","95,000.00",사용,31602,1,0,0,4,12,0,0.0,0.0,0.0,0,0,1,0.0,0.0,195751968171,1
상품,신발(살로몬),솔앰피비안,L47814800,슬라이드,신발,280,L47814800(280),,133410105,남성,개,26SS,,2026-04-14,2026-04-14,"190,000.00","95,000.00","95,000.00",사용,31603,1,0,0,4,3,0,0.0,0.0,0.0,0,0,1,0.0,0.0,195751968225,1
상품,신발(살로몬),S/LAB 제네시스 LTD 코트니 V2,L47829400,트레일,신발,260,L47829400(260),(남)LTD콜라보,131179683,남성,개,25FW,,2025-07-11,2025-07-11,"325,000.00","162,500.00","162,500.00",사용,22650,1,0,0,13,2,0,0.0,0.0,0.0,0,0,1,0.0,0.0,198720107199,1
상품,신발(살로몬),S/LAB 제네시스 LTD 코트니 V2,L47829400,트레일,신발,265,L47829400(265),(남)LTD콜라보,131179683,남성,개,25FW,,2025-07-11,2025-07-11,"325,000.00","162,500.00","162,500.00",사용,22651,1,0,0,13,3,0,0.0,0.0,0.0,0,0,1,0.0,0.0,198720107182,1
상품,신발(살로몬),S/LAB 제네시스 LTD 코트니 V2,L47829400,트레일,신발,270,L47829400(270),(남)LTD콜라보,131179683,남성,개,25FW,,2025-07-11,2025-07-11,"325,000.00","162,500.00","162,500.00",사용,22652,1,0,0,13,3,0,0.0,0.0,0.0,0,0,1,0.0,0.0,198720107366,1
상품,신발(살로몬),S/LAB 제네시스 LTD 코트니 V2,L47829400,트레일,신발,275,L47829400(275),(남)LTD콜라보,131179683,남성,개,25FW,,2025-07-11,2025-07-11,"325,000.00","162,500.00","162,500.00",사용,22653,1,0,0,13,3,0,0.0,0.0,0.0,0,0,1,0.0,0.0,198720107328,1
상품,신발(살로몬),울트라 글라이드 3,L47874300,트레일,신발,270,L47874300(270),(남)옐로우,131619115,남성,개,25FW,,2025-08-20,2025-08-20,"210,000.00","105,000.00","105,000.00",사용,22736,1,0,0,12,4,0,0.0,0.0,0.0,0,0,1,0.0,0.0,198720080676,1
상품,신발(살로몬),펄사,L47887800,트레일,신발,265,L47887800(265),블랙/라임,131670417,남성,개,25FW,,2025-09-11,2025-09-11,"210,000.00","105,000.00","105,000.00",사용,22756,1,0,0,11,2,0,0.0,0.0,0.0,0,0,1,0.0,0.0,198720088061,1
상품,신발(살로몬),제네시스,L49137700,트레일,신발,250,L49137700(250),,132706519,남성,개,26SS,,2026-01-20,2026-01-20,"248,000.00","124,000.00","124,000.00",사용,31513,1,0,0,7,3,0,0.0,0.0,0.0,0,0,1,0.0,0.0,198720194328,1
상품,신발(살로몬),제네시스,L49137700,트레일,신발,255,L49137700(255),,132706519,남성,개,26SS,,2026-01-20,2026-01-20,"248,000.00","124,000.00","124,000.00",사용,31514,1,0,0,7,3,0,0.0,0.0,0.0,0,0,1,0.0,0.0,198720194335,1
상품,신발(살로몬),제네시스,L49137700,트레일,신발,260,L49137700(260),,132706519,남성,개,26SS,,2026-01-20,2026-01-20,"248,000.00","124,000.00","124,000.00",사용,31515,1,0,0,7,6,0,0.0,0.0,0.0,0,0,1,0.0,0.0,198720194373,1
상품,신발(살로몬),제네시스,L49137700,트레일,신발,270,L49137700(270),,132706519,남성,개,26SS,,2026-01-20,2026-01-20,"248,000.00","124,000.00","124,000.00",사용,31517,1,1,-1,7,9,0,0.0,0.0,0.0,0,0,1,0.0,0.0,198720194298,1
상품,신발(살로몬),제네시스,L49137700,트레일,신발,275,L49137700(275),,132706519,남성,개,26SS,,2026-01-20,2026-01-20,"248,000.00","124,000.00","124,000.00",사용,31518,1,2,-2,7,9,0,0.0,0.0,0.0,0,0,1,0.0,0.0,198720194281,1
상품,신발(살로몬),제네시스,L49137700,트레일,신발,280,L49137700(280),,132706519,남성,개,26SS,,2026-01-20,2026-01-20,"248,000.00","124,000.00","124,000.00",사용,31519,1,1,-1,7,6,0,0.0,0.0,0.0,0,0,1,0.0,0.0,198720194274,1
상품,신발(살로몬),제네시스,L49137700,트레일,신발,285,L49137700(285),,132706519,남성,개,26SS,,2026-01-20,2026-01-20,"248,000.00","124,000.00","124,000.00",사용,31520,1,0,0,7,3,0,0.0,0.0,0.0,0,0,1,0.0,0.0,198720194267,1
상품,신발(살로몬),울트라 글라이드 4,L49141200,트레일,신발,255,L49141200(255),,132803678,남성,개,26SS,,2026-02-13,2026-02-12,"230,000.00","115,000.00","115,000.00",사용,31493,1,0,0,6,3,0,0.0,0.0,0.0,0,0,1,0.0,0.0,198720295551,1
상품,신발(살로몬),울트라 글라이드 4,L49141200,트레일,신발,260,L49141200(260),,132803678,남성,개,26SS,,2026-02-13,2026-02-12,"230,000.00","115,000.00","115,000.00",사용,31494,1,0,0,6,4,0,0.0,0.0,0.0,0,0,1,0.0,0.0,198720295575,1
상품,신발(살로몬),울트라 글라이드 4,L49141200,트레일,신발,265,L49141200(265),,132803678,남성,개,26SS,,2026-02-13,2026-02-12,"230,000.00","115,000.00","230,000.00",사용,31495,2,1,-1,6,5,0,0.0,0.0,0.0,0,0,2,0.0,0.0,198720295605,2
상품,신발(살로몬),울트라 글라이드 4,L49141200,트레일,신발,270,L49141200(270),,132803678,남성,개,26SS,,2026-02-13,2026-02-12,"230,000.00","115,000.00","230,000.00",사용,31496,2,1,-1,6,6,0,0.0,0.0,0.0,0,0,2,0.0,0.0,198720295506,2
상품,신발(살로몬),울트라 글라이드 4,L49141200,트레일,신발,275,L49141200(275),,132803678,남성,개,26SS,,2026-02-13,2026-02-12,"230,000.00","115,000.00","115,000.00",사용,31497,1,1,-1,6,6,0,0.0,0.0,0.0,0,0,1,0.0,0.0,198720295520,1
상품,신발(살로몬),에어로 글라이드 4 그래블,L49174800,트레일,신발,250,L49174800(250),,133410107,남성,개,26SS,,2026-04-14,2026-04-14,"280,000.00","140,000.00","140,000.00",사용,31429,1,0,0,4,3,0,0.0,0.0,0.0,0,0,1,0.0,0.0,198720316157,1
상품,신발(살로몬),에어로 글라이드 4 그래블,L49174800,트레일,신발,255,L49174800(255),,133410107,남성,개,26SS,,2026-04-14,2026-04-14,"280,000.00","140,000.00","140,000.00",사용,31430,1,1,-1,4,3,0,0.0,0.0,0.0,0,0,1,0.0,0.0,198720316102,1
상품,신발(살로몬),에어로 글라이드 4 그래블,L49174800,트레일,신발,260,L49174800(260),,133410107,남성,개,26SS,,2026-04-14,2026-04-14,"280,000.00","140,000.00","140,000.00",사용,31431,1,3,-3,4,6,0,0.0,0.0,0.0,0,0,1,0.0,0.0,198720316126,1
상품,신발(살로몬),에어로 글라이드 4 그래블,L49174800,트레일,신발,265,L49174800(265),,133410107,남성,개,26SS,,2026-04-14,2026-04-14,"280,000.00","140,000.00","140,000.00",사용,31432,1,2,-2,4,6,0,0.0,0.0,0.0,0,0,1,0.0,0.0,198720316096,1
상품,신발(살로몬),에어로 글라이드 4 그래블,L49174800,트레일,신발,270,L49174800(270),,133410107,남성,개,26SS,,2026-04-14,2026-04-14,"280,000.00","140,000.00","140,000.00",사용,31433,1,6,-6,4,9,0,0.0,0.0,0.0,0,0,1,0.0,0.0,198720316072,1
상품,신발(살로몬),에어로 글라이드 4 그래블,L49174800,트레일,신발,275,L49174800(275),,133410107,남성,개,26SS,,2026-04-14,2026-04-14,"280,000.00","140,000.00","140,000.00",사용,31434,1,4,-4,4,9,0,0.0,0.0,0.0,0,0,1,0.0,0.0,198720316089,1
상품,신발(살로몬),에어로 글라이드 4 그래블,L49174800,트레일,신발,280,L49174800(280),,133410107,남성,개,26SS,,2026-04-14,2026-04-14,"280,000.00","140,000.00","140,000.00",사용,31435,1,3,-3,4,6,0,0.0,0.0,0.0,0,0,1,0.0,0.0,198720316171,1
상품,신발(살로몬),에어로 글라이드 4 그래블,L49174800,트레일,신발,285,L49174800(285),,133410107,남성,개,26SS,,2026-04-14,2026-04-14,"280,000.00","140,000.00","140,000.00",사용,31436,1,0,0,4,3,0,0.0,0.0,0.0,0,0,1,0.0,0.0,198720316195,1
상품,신발(살로몬),에어로 글라이드 4 그래블,L49174900,트레일,신발,255,L49174900(255),,132803679,남성,개,26SS,,2026-02-13,2026-02-12,"280,000.00","140,000.00","140,000.00",사용,31451,1,0,0,6,3,0,0.0,0.0,0.0,0,0,1,0.0,0.0,198720316270,1
상품,신발(살로몬),에어로 글라이드 4 그래블,L49174900,트레일,신발,260,L49174900(260),,132803679,남성,개,26SS,,2026-02-13,2026-02-12,"280,000.00","140,000.00","140,000.00",사용,31452,1,4,-4,6,6,0,0.0,0.0,0.0,0,0,1,0.0,0.0,198720316249,1
상품,신발(살로몬),에어로 글라이드 4 그래블,L49174900,트레일,신발,285,L49174900(285),,132803679,남성,개,26SS,,2026-02-13,2026-02-12,"280,000.00","140,000.00","140,000.00",사용,31457,1,0,0,6,3,1,33.3,1.7,0.4,0,0,1,1.7,0.4,198720316331,1
상품,신발(살로몬),에어로 글라이드 4 그래블,L49175400,트레일,신발,230,L49175400(230),,133410106,여성,개,26SS,,2026-04-14,2026-04-14,"280,000.00","140,000.00","140,000.00",사용,31467,1,0,0,4,3,1,33.3,1.7,0.4,0,0,1,1.7,0.4,195751972055,1
상품,신발(살로몬),에어로 글라이드 4 그래블,L49175400,트레일,신발,235,L49175400(235),,133410106,여성,개,26SS,,2026-04-14,2026-04-14,"280,000.00","140,000.00","140,000.00",사용,31468,1,0,0,4,3,0,0.0,0.0,0.0,0,1,0,0.0,0.0,195751972048,1
상품,신발(살로몬),에어로 글라이드 4 그래블,L49175400,트레일,신발,240,L49175400(240),,133410106,여성,개,26SS,,2026-04-14,2026-04-14,"280,000.00","140,000.00","140,000.00",사용,31469,1,2,-2,4,6,1,16.6,1.7,0.4,0,0,1,1.7,0.4,195751972079,1
상품,신발(살로몬),에어로 글라이드 4 그래블,L49175400,트레일,신발,250,L49175400(250),,133410106,여성,개,26SS,,2026-04-14,2026-04-14,"280,000.00","140,000.00","140,000.00",사용,31471,1,0,0,4,3,0,0.0,0.0,0.0,0,0,1,0.0,0.0,195751971966,1
상품,용품(뉴발란스),팀 슈즈 백,LAB13504_BK,가방,용품,1SIZE,LAB13504_BK(1SIZE),,,공용,개,24FW,,2024-09-19,2024-09-19,"19,900.00","10,945.00","394,020.00",사용,7858,36,0,0,23,50,0,0.0,0.0,0.0,0,0,36,0.0,0.0,NBGCEBG5011999900,36
상품,용품(뉴발란스),팀 필드 백팩,LAB23074_BK,가방,용품,1SIZE,LAB23074_BK(1SIZE),,123231204,공용,개,24FW,,2024-09-19,2024-09-19,"129,000.00","70,950.00","283,800.00",사용,7857,4,0,0,23,25,0,0.0,0.0,0.0,0,0,4,0.0,0.0,NBGCEBG5051999900,4
상품,용품(뉴발란스),5 패널 런 햇,LAH00353-Black,모자,용품,1SIZE,LAH00353-Black(1SIZE),,131422603,공용,개,25FW,2026-05-20,2025-08-11,2025-08-11,"49,900.00","27,445.00","54,890.00",사용,22943,2,0,0,12,10,0,0.0,0.0,0.0,0,0,2,0.0,0.0,NBGDFB6P011999900,2
상품,용품(뉴발란스),5 패널 런 햇,LAH00353-Light Gray,모자,용품,1SIZE,LAH00353-Light Gray(1SIZE),,131669487,공용,개,25FW,,2025-09-12,2025-09-12,"49,900.00","27,445.00","54,890.00",사용,22951,2,0,0,11,10,0,0.0,0.0,0.0,0,1,1,0.0,0.0,NBGDFB6P011699900,2
상품,용품(뉴발란스),퍼포먼스 바이저,LAH21105_BK,모자,용품,1SIZE,LAH21105_BK(1SIZE),,123234081,공용,개,24FW,,2024-09-19,2024-09-19,"39,900.00","21,945.00","87,780.00",사용,7847,4,0,0,23,30,0,0.0,0.0,0.0,0,0,4,0.0,0.0,NBGDEBG5011999900,4
상품,용품(뉴발란스),5 패널 퍼포먼스 캡,LAH91003_BK,모자,용품,1SIZE,LAH91003_BK(1SIZE),,123231203,공용,개,24FW,,2024-09-19,2024-09-19,"49,900.00","27,445.00","137,225.00",사용,7852,5,5,-5,23,30,0,0.0,0.0,0.0,0,0,5,0.0,0.0,NBGDEBG5021999900,5
상품,용품(살로몬),ADV 스킨 12 세트,LC1759600,트레일베스트,용품,S,LC1759600(S),,129101736,공용,개,24FW,,2024-10-15,2024-10-15,"230,000.00","115,000.00","115,000.00",사용,11763,1,0,0,22,3,0,0.0,0.0,0.0,0,0,1,0.0,0.0,193128853488,1
상품,의류(살로몬),센스 2in1 쇼츠,LC2048200,반바지,의류,XL,LC2048200(XL),,128842852,남성,개,25SS,,2025-02-21,2025-03-14,"115,000.00","57,500.00","57,500.00",사용,15062,1,0,0,18,4,0,0.0,0.0,0.0,0,0,1,0.0,0.0,195751165334,1
상품,용품(살로몬),S/LAB 벨트,LC2091500,트레일베스트,용품,M,LC2091500(M),,131453777,공용,개,25FW,,2025-08-20,2025-08-20,"80,000.00","40,000.00","40,000.00",사용,17446,1,0,0,12,5,0,0.0,0.0,0.0,0,0,1,0.0,0.0,195751379854,1
상품,용품(살로몬),S/LAB 펄사 3 세트,LC2091700,트레일베스트,용품,L,LC2091700(L),,131619119,공용,개,25FW,,2025-08-20,2025-08-20,"250,000.00","115,000.00","115,000.00",사용,7541,1,0,0,12,6,0,0.0,0.0,0.0,0,1,0,0.0,0.0,195751379649,1
상품,용품(살로몬),S/LAB 펄사 3 세트,LC2091700,트레일베스트,용품,M,LC2091700(M),,131619119,공용,개,25FW,,2025-08-20,2025-08-20,"250,000.00","115,000.00","460,000.00",사용,7540,4,0,0,12,13,0,0.0,0.0,0.0,0,0,4,0.0,0.0,195751379632,4
상품,용품(살로몬),S/LAB 펄사 3 세트,LC2091700,트레일베스트,용품,S,LC2091700(S),,131619119,공용,개,25FW,,2025-08-20,2025-08-20,"250,000.00","115,000.00","230,000.00",사용,7539,2,0,0,12,8,0,0.0,0.0,0.0,0,1,1,0.0,0.0,195751379656,2
상품,의류(살로몬),보나티 트레일 자켓,LC2175000,재킷,의류,XXL,LC2175000(XXL),,123473146,남성,개,24FW,,2024-08-12,2024-08-12,"330,000.00","165,000.00","165,000.00",사용,7432,1,0,0,24,1,0,0.0,0.0,0.0,0,0,1,0.0,0.0,195751510721,1
상품,용품(살로몬),ADV 스킨 12 세트,LC2176300,트레일베스트,용품,S,LC2176300(S),,123231197,공용,개,24FW,,2024-08-12,2024-08-12,"230,000.00","115,000.00","115,000.00",사용,7595,1,0,0,24,3,0,0.0,0.0,0.0,0,0,1,0.0,0.0,195751568197,1
상품,용품(살로몬),ADV 스킨 12 세트,LC2176400,트레일베스트,용품,XS,LC2176400(XS),,123231198,공용,개,24FW,,2024-08-12,2024-08-12,"230,000.00","115,000.00","115,000.00",사용,7602,1,0,0,24,1,0,0.0,0.0,0.0,0,0,1,0.0,0.0,195751569590,1
상품,용품(살로몬),엑티브 스킨 12 세트,LC2177400,트레일베스트,용품,M,LC2177400(M),,131670416,공용,개,25FW,,2025-09-11,2025-09-11,"200,000.00","95,000.00","285,000.00",사용,7652,3,0,0,11,10,0,0.0,0.0,0.0,0,0,3,0.0,0.0,195751570343,3
상품,용품(살로몬),엑티브 스킨 12 세트,LC2177400,트레일베스트,용품,S,LC2177400(S),,131670416,공용,개,25FW,,2025-09-11,2025-09-11,"200,000.00","95,000.00","190,000.00",사용,7651,2,0,0,11,6,0,0.0,0.0,0.0,0,0,2,0.0,0.0,195751570367,2
상품,용품(살로몬),엑티브 스킨 12 세트,LC2177400,트레일베스트,용품,XS,LC2177400(XS),,131670416,공용,개,25FW,,2025-09-11,2025-09-11,"200,000.00","95,000.00","95,000.00",사용,7650,1,0,0,11,2,0,0.0,0.0,0.0,0,0,1,0.0,0.0,195751570374,1
상품,용품(살로몬),펄사 벨트,LC2179800,트레일베스트,용품,M,LC2179800(M),,131156044,공용,개,25SS,,2025-02-21,2025-02-21,"50,000.00","25,000.00","25,000.00",사용,17441,1,0,0,18,7,0,0.0,0.0,0.0,0,0,1,0.0,0.0,195751568395,1
상품,용품(살로몬),S/LAB 벨트,LC2461400,트레일베스트,용품,L,LC2461400(L),,128842855,남성,개,25SS,,2025-02-21,2025-02-21,"80,000.00","40,000.00","40,000.00",사용,15205,1,0,0,18,6,0,0.0,0.0,0.0,0,0,1,0.0,0.0,195751853729,1
상품,용품(살로몬),S/LAB 벨트,LC2461400,트레일베스트,용품,M,LC2461400(M),,128842855,남성,개,25SS,,2025-02-21,2025-02-21,"80,000.00","40,000.00","40,000.00",사용,15204,1,0,0,18,13,0,0.0,0.0,0.0,0,0,1,0.0,0.0,195751853736,1
상품,용품(살로몬),S/LAB 펄사 3 세트,LC2461500,트레일베스트,용품,L,LC2461500(L),,129574556,남성,개,25SS,,2025-03-14,2025-03-14,"250,000.00","115,000.00","115,000.00",사용,15174,1,0,0,17,6,0,0.0,0.0,0.0,0,0,1,0.0,0.0,195751853293,1
상품,용품(살로몬),S/LAB 펄사 3 세트,LC2461500,트레일베스트,용품,M,LC2461500(M),,129574556,남성,개,25SS,,2025-03-14,2025-03-14,"250,000.00","115,000.00","115,000.00",사용,15173,1,2,-2,17,13,0,0.0,0.0,0.0,0,0,1,0.0,0.0,195751853286,1
상품,용품(살로몬),S/LAB 펄사 3 세트,LC2461500,트레일베스트,용품,XS,LC2461500(XS),,129574556,남성,개,25SS,,2025-03-14,2025-03-14,"250,000.00","115,000.00","115,000.00",사용,15171,1,0,0,17,3,0,0.0,0.0,0.0,0,0,1,0.0,0.0,195751853262,1
상품,용품(살로몬),ADV 스킨 12 세트,LC2464400,트레일베스트,용품,M,LC2464400(M),,128842863,남성,개,25SS,,2025-02-21,2025-02-21,"230,000.00","115,000.00","115,000.00",사용,15387,1,0,0,18,13,0,0.0,0.0,0.0,0,0,1,0.0,0.0,195751853156,1
상품,용품(살로몬),ADV 스킨 12 세트,LC2464400,트레일베스트,용품,XS,LC2464400(XS),,128842863,남성,개,25SS,,2025-02-21,2025-02-21,"230,000.00","115,000.00","115,000.00",사용,15385,1,0,0,18,3,0,0.0,0.0,0.0,0,0,1,0.0,0.0,195751853187,1
상품,용품(살로몬),ADV 스킨 5 세트,LC2464900,트레일베스트,용품,S,LC2464900(S),,128842858,남성,개,25FW,,2025-08-20,2025-08-20,"220,000.00","100,000.00","100,000.00",사용,15356,1,0,0,12,6,0,0.0,0.0,0.0,0,0,1,0.0,0.0,195751852357,1
상품,용품(살로몬),ADV 스킨 5 세트,LC2465100,트레일베스트,용품,L,LC2465100(L),,128842859,남성,개,25SS,,2025-02-21,2025-02-21,"220,000.00","100,000.00","100,000.00",사용,15368,1,1,-1,18,6,0,0.0,0.0,0.0,0,0,1,0.0,0.0,195751853798,1
상품,용품(살로몬),ADV 스킨 5 세트,LC2465100,트레일베스트,용품,M,LC2465100(M),,128842859,남성,개,25SS,,2025-02-21,2025-02-21,"220,000.00","100,000.00","100,000.00",사용,15367,1,1,-1,18,13,0,0.0,0.0,0.0,0,0,1,0.0,0.0,195751853781,1
상품,용품(살로몬),ADV 스킨 5 세트,LC2465100,트레일베스트,용품,S,LC2465100(S),,128842859,남성,개,25SS,,2025-02-21,2025-02-21,"220,000.00","100,000.00","200,000.00",사용,15366,2,0,0,18,8,0,0.0,0.0,0.0,0,0,2,0.0,0.0,195751853804,2
상품,용품(살로몬),ADV 스킨 5 세트 레이스 플래그,LC2483800,트레일베스트,용품,L,LC2483800(L),,131670419,공용,개,25FW,,2025-09-11,2025-09-11,"220,000.00","100,000.00","100,000.00",사용,22800,1,0,0,11,6,1,16.6,1.7,0.4,0,0,1,1.7,0.4,195751854382,1
상품,용품(살로몬),ADV 스킨 5 세트 레이스 플래그,LC2483800,트레일베스트,용품,M,LC2483800(M),,131670419,공용,개,25FW,,2025-09-11,2025-09-11,"220,000.00","100,000.00","500,000.00",사용,22799,5,0,0,11,13,0,0.0,0.0,0.0,0,0,5,0.0,0.0,195751854405,5
상품,용품(살로몬),ADV 스킨 5 세트 레이스 플래그,LC2483800,트레일베스트,용품,S,LC2483800(S),,131670419,공용,개,25FW,,2025-09-11,2025-09-11,"220,000.00","100,000.00","300,000.00",사용,22798,3,0,0,11,8,0,0.0,0.0,0.0,0,0,3,0.0,0.0,195751854399,3
상품,용품(살로몬),ADV 스킨 12 세트 그래디언트,LC2683800,트레일베스트,용품,M,LC2683800(M),,131670418,공용,개,25FW,,2025-09-11,2025-09-11,"250,000.00","115,000.00","345,000.00",사용,22789,3,0,0,11,13,0,0.0,0.0,0.0,0,0,3,0.0,0.0,195751956581,3
상품,용품(살로몬),ADV 스킨 12 세트 그래디언트,LC2683800,트레일베스트,용품,S,LC2683800(S),,131670418,공용,개,25FW,,2025-09-11,2025-09-11,"250,000.00","115,000.00","230,000.00",사용,22788,2,0,0,11,8,0,0.0,0.0,0.0,0,0,2,0.0,0.0,195751956567,2
상품,의류(살로몬),S/LAB 스피드 스플릿 7인치 숏츠,LC2692300,반바지,의류,XL,LC2692300(XL),,129101742,남성,개,25SS,,2025-03-14,2025-03-14,"160,000.00","75,000.00","75,000.00",사용,15133,1,0,0,17,2,0,0.0,0.0,0.0,0,0,1,0.0,0.0,195751960502,1
상품,용품(살로몬),센스 프로 6 세트 코트니 에디션,LC2710300,트레일베스트,용품,M,LC2710300(M),,131440091,공용,개,25FW,,2025-07-11,2025-07-11,"260,000.00","130,000.00","1,040,000.00",사용,22769,8,0,0,13,13,0,0.0,0.0,0.0,0,0,8,0.0,0.0,198720053106,8
상품,용품(살로몬),센스 프로 6 세트 코트니 에디션,LC2710300,트레일베스트,용품,S,LC2710300(S),,131440091,공용,개,25FW,,2025-07-11,2025-07-11,"260,000.00","130,000.00","390,000.00",사용,22768,3,0,0,13,8,0,0.0,0.0,0.0,0,0,3,0.0,0.0,198720053137,3
상품,용품(살로몬),펄스 벨트,LC2711100,트레일베스트,용품,L,LC2711100(L),,131670399,공용,개,25FW,,2025-09-11,2025-09-11,"50,000.00","25,000.00","25,000.00",사용,22810,1,0,0,11,3,0,0.0,0.0,0.0,0,0,1,0.0,0.0,198720053328,1
상품,용품(살로몬),펄스 벨트,LC2711100,트레일베스트,용품,M,LC2711100(M),,131670399,공용,개,25FW,,2025-09-11,2025-09-11,"50,000.00","25,000.00","25,000.00",사용,22809,1,0,0,11,5,0,0.0,0.0,0.0,0,0,1,0.0,0.0,198720053212,1
상품,용품(살로몬),펄스 벨트,LC2711100,트레일베스트,용품,XL,LC2711100(XL),,131670399,공용,개,25FW,,2025-09-11,2025-09-11,"50,000.00","25,000.00","25,000.00",사용,22811,1,0,0,11,2,0,0.0,0.0,0.0,0,0,1,0.0,0.0,198720053205,1
상품,용품(살로몬),어드밴스드 스킨 5 SET,LC2854500,트레일베스트,용품,M,LC2854500(M),,132803673,공용,개,26SS,,2026-02-13,2026-02-12,"220,000.00","110,000.00","330,000.00",사용,31653,3,0,0,6,23,0,0.0,0.0,0.0,0,0,3,0.0,0.0,198720244221,3
상품,용품(살로몬),어드밴스드 스킨 5 SET,LC2854500,트레일베스트,용품,S,LC2854500(S),,132803673,공용,개,26SS,,2026-02-13,2026-02-12,"220,000.00","110,000.00","110,000.00",사용,31652,1,0,0,6,10,0,0.0,0.0,0.0,0,0,1,0.0,0.0,198720244214,1
상품,용품(살로몬),그래블 스킨 4,LC2854600,트레일베스트,용품,L,LC2854600(L),,132803672,공용,개,26SS,,2026-02-13,2026-02-12,"150,000.00","75,000.00","75,000.00",사용,31664,1,0,0,6,13,0,0.0,0.0,0.0,0,0,1,0.0,0.0,198720243385,1
상품,용품(살로몬),그래블 스킨 4,LC2854900,트레일베스트,용품,M,LC2854900(M),,132803671,공용,개,26SS,,2026-02-13,2026-02-12,"150,000.00","75,000.00","75,000.00",사용,31673,1,0,0,6,14,1,7.1,1.7,0.4,0,1,0,0.0,0.0,198720244597,1
상품,용품(살로몬),S/LAB 센스 6 SET,LC2855200,트레일베스트,용품,M,LC2855200(M),,132803675,공용,개,26SS,,2026-02-13,2026-02-12,"280,000.00","140,000.00","280,000.00",사용,31633,2,1,-1,6,27,3,11.1,1.1,0.2,0,0,2,1.1,0.2,198720244283,2
상품,용품(살로몬),S/LAB 센스 6 SET,LC2855200,트레일베스트,용품,S,LC2855200(S),,132803675,공용,개,26SS,,2026-02-13,2026-02-12,"280,000.00","140,000.00","140,000.00",사용,31632,1,2,-2,6,12,0,0.0,0.0,0.0,0,0,1,0.0,0.0,198720244313,1
상품,용품(살로몬),S/LAB 센스 6 SET,LC2855300,트레일베스트,용품,M,LC2855300(M),,132803674,공용,개,26SS,,2026-02-13,2026-02-12,"280,000.00","140,000.00","140,000.00",사용,31643,1,0,0,6,4,0,0.0,0.0,0.0,0,0,1,0.0,0.0,198720244375,1
상품,용품(살로몬),S/LAB 센스 6 SET,LC2855300,트레일베스트,용품,S,LC2855300(S),,132803674,공용,개,26SS,,2026-02-13,2026-02-12,"280,000.00","140,000.00","140,000.00",사용,31642,1,0,0,6,2,0,0.0,0.0,0.0,0,0,1,0.0,0.0,198720244412,1
상품,용품(살로몬),S/LAB 센스 6 SET,LC2855300,트레일베스트,용품,XS,LC2855300(XS),,132803674,공용,개,26SS,,2026-02-13,2026-02-12,"280,000.00","140,000.00","140,000.00",사용,31641,1,0,0,6,1,0,0.0,0.0,0.0,0,0,1,0.0,0.0,198720244399,1
상품,용품(살로몬),S/LAB 울트라 12,LC2863400,트레일베스트,용품,L,LC2863400(L),,132803676,공용,개,26SS,,2026-02-13,2026-02-12,"320,000.00","160,000.00","160,000.00",사용,31624,1,0,0,6,5,0,0.0,0.0,0.0,0,0,1,0.0,0.0,198720244771,1
상품,용품(살로몬),그래블 컨셉 스킨 2,LC2871300,트레일베스트,용품,M,LC2871300(M),,132803525,공용,개,26SS,,2026-02-13,2026-02-12,"270,000.00","135,000.00","135,000.00",사용,31683,1,1,-1,6,4,0,0.0,0.0,0.0,0,0,1,0.0,0.0,198720243507,1
상품,용품(살로몬),반다나 그래블 GFX U,LC2907400,기타,용품,1SIZE,LC2907400(1SIZE),,132803507,공용,개,26SS,,2026-02-13,2026-02-12,"60,000.00","30,000.00","90,000.00",사용,31688,3,1,-1,6,10,0,0.0,0.0,0.0,0,2,1,0.0,0.0,198720367005,3
상품,용품(살로몬),반다나 그래블 GFX U,LC2907500,기타,용품,1SIZE,LC2907500(1SIZE),,132803506,공용,개,26SS,,2026-02-13,2026-02-12,"60,000.00","30,000.00","60,000.00",사용,31697,2,4,-4,6,10,0,0.0,0.0,0.0,0,0,2,0.0,0.0,198720367029,2
상품,용품(모스포츠),모 3D 리커버리 슬라이드,MO 3D RECOVERY SLIDE,리커버리 슬라이드,용품,240,MO 3D RECOVERY SLIDE(240),올블랙,123234093,공용,개,24FW,2024-10-30,2024-09-27,2024-09-27,"179,000.00","89,500.00","89,500.00",사용,9426,1,0,0,23,1,0,0.0,0.0,0.0,0,0,1,0.0,0.0,M12U01001BK240,1
상품,의류(뉴발란스),RC 울트라 라이트 스플릿 쇼츠 3인치,MS51283_BK,반바지,의류,M,MS51283_BK(M),,130701418,남성,개,25SS,,2025-03-05,2025-03-05,"99,900.00","54,945.00","54,945.00",사용,13958,1,0,0,17,10,0,0.0,0.0,0.0,0,0,1,0.0,0.0,NBNVF265011908000,1
상품,의류(뉴발란스),애슬레틱스 티셔츠,MT41253_MEW,반팔티셔츠,의류,M,MT41253_MEW(M),,130701414,남성,개,25SS,,2025-03-05,2025-03-05,"49,900.00","27,445.00","27,445.00",사용,13894,1,4,-4,17,10,0,0.0,0.0,0.0,0,0,1,0.0,0.0,NBNEF264134009500,1
상품,의류(뉴발란스),애슬레틱스 티셔츠,MT41253_MEW,반팔티셔츠,의류,XL,MT41253_MEW(XL),,130701414,남성,개,25SS,,2025-03-05,2025-03-05,"49,900.00","27,445.00","27,445.00",사용,13896,1,0,0,17,5,0,0.0,0.0,0.0,0,0,1,0.0,0.0,NBNEF264134010500,1
상품,의류(뉴발란스),레이스 데이 울트라 라이트 싱글렛,MT51205-BK,싱글렛,의류,L,MT51205-BK(L),,,남성,개,25FW,,2025-07-11,2025-07-11,"99,900.00","54,945.00","109,890.00",사용,22875,2,4,-4,13,9,0,0.0,0.0,0.0,0,0,2,0.0,0.0,NBNGF368011910000,2
상품,의류(뉴발란스),레이스 데이 울트라 라이트 싱글렛,MT51205-BK,싱글렛,의류,S,MT51205-BK(S),,,남성,개,25FW,,2025-07-11,2025-07-11,"99,900.00","54,945.00","54,945.00",사용,22873,1,0,0,13,2,0,0.0,0.0,0.0,0,0,1,0.0,0.0,NBNGF368011909000,1
상품,의류(뉴발란스),레이스 데이 울트라 라이트 싱글렛,MT51205-BK,싱글렛,의류,XL,MT51205-BK(XL),,,남성,개,25FW,,2025-07-11,2025-07-11,"99,900.00","54,945.00","109,890.00",사용,22876,2,0,0,13,4,0,0.0,0.0,0.0,0,0,2,0.0,0.0,NBNGF368011910500,2
상품,의류(뉴발란스),레이스 데이 울트라 라이트 싱글렛,MT51205-GAS,싱글렛,의류,L,MT51205-GAS(L),,,남성,개,25FW,,2025-07-11,2025-07-11,"99,900.00","54,945.00","54,945.00",사용,22891,1,3,-3,13,6,0,0.0,0.0,0.0,0,0,1,0.0,0.0,NBNGF36801BU10000,1
상품,의류(뉴발란스),레이스 데이 울트라 라이트 싱글렛,MT51205-GAS,싱글렛,의류,M,MT51205-GAS(M),,,남성,개,25FW,,2025-07-11,2025-07-11,"99,900.00","54,945.00","54,945.00",사용,22890,1,0,0,13,3,0,0.0,0.0,0.0,0,0,1,0.0,0.0,NBNGF36801BU09500,1
상품,의류(뉴발란스),레이스 데이 울트라 라이트 싱글렛,MT51205-GAS,싱글렛,의류,S,MT51205-GAS(S),,,남성,개,25FW,,2025-07-11,2025-07-11,"99,900.00","54,945.00","54,945.00",사용,22889,1,0,0,13,2,0,0.0,0.0,0.0,0,0,1,0.0,0.0,NBNGF36801BU09000,1
상품,의류(뉴발란스),레이스 데이 울트라 라이트 싱글렛,MT51205-URR,싱글렛,의류,M,MT51205-URR(M),,131709960,남성,개,25FW,,2025-07-11,2025-07-11,"99,900.00","54,945.00","54,945.00",사용,22882,1,0,0,13,3,0,0.0,0.0,0.0,0,0,1,0.0,0.0,NBNGF368011709500,1
상품,의류(뉴발란스),레이스데이 울트라 라이트 티셔츠,MT51208_HMO,반팔티셔츠,의류,M,MT51208_HMO(M),,130701413,남성,개,25SS,,2025-03-05,2025-03-05,"99,900.00","54,945.00","54,945.00",사용,13878,1,6,-6,17,10,0,0.0,0.0,0.0,0,0,1,0.0,0.0,NBNEF265038009500,1
상품,의류(뉴발란스),레이스데이 울트라 라이트 티셔츠,MT51208_HMO,반팔티셔츠,의류,XL,MT51208_HMO(XL),,130701413,남성,개,25SS,,2025-03-05,2025-03-05,"99,900.00","54,945.00","109,890.00",사용,13880,2,5,-5,17,10,1,10.0,3.4,0.8,0,0,2,3.4,0.8,NBNEF265038010500,2
상품,용품(노말),레이스 캡,N1ARC03-003,모자,용품,1SIZE,N1ARC03-003(1SIZE),,123234275,공용,개,25SS,,2025-05-29,2025-06-13,"65,000.00","36,000.00","72,000.00",사용,9260,2,0,0,15,10,0,0.0,0.0,0.0,0,0,2,0.0,0.0,251N1ARC03-003017S/T,2
상품,용품(노말),레이스 삭스,N1ARS02-001,양말,용품,L,N1ARS02-001(L),,131179698,공용,개,25FW,,2025-09-03,2025-09-03,"35,000.00","21,000.00","63,000.00",사용,17192,3,16,-16,11,15,0,0.0,0.0,0.0,0,0,3,0.0,0.0,252N1ARS02-001018L,3
상품,용품(노말),레이스 삭스,N1ARS02-001,양말,용품,M,N1ARS02-001(M),,131179698,공용,개,25FW,,2025-09-03,2025-09-03,"35,000.00","21,000.00","63,000.00",사용,17191,3,1,-1,11,15,0,0.0,0.0,0.0,0,0,3,0.0,0.0,252N1ARS02-001018M,3
상품,용품(노말),레이스 삭스,N1ARS02-002,양말,용품,L,N1ARS02-002(L),,131179691,공용,개,25FW,,2025-09-03,2025-09-03,"35,000.00","21,000.00","63,000.00",사용,17202,3,17,-17,11,15,0,0.0,0.0,0.0,0,0,3,0.0,0.0,252N1ARS02-002020L,3
상품,용품(노말),레이스 삭스,N1ARS02-002,양말,용품,M,N1ARS02-002(M),,131179691,공용,개,25FW,,2025-09-03,2025-09-03,"35,000.00","21,000.00","63,000.00",사용,17201,3,13,-13,11,15,0,0.0,0.0,0.0,0,0,3,0.0,0.0,252N1ARS02-002020M,3
상품,용품(노말),레이스 베스트,N1ARV02-002,트레일베스트,용품,M,N1ARV02-002(M),,123234272,공용,개,24FW,,2024-10-22,2024-10-22,"198,000.00","118,800.00","118,800.00",사용,9246,1,0,0,22,8,0,0.0,0.0,0.0,0,0,1,0.0,0.0,242N1ARV02-002001M,1
상품,의류(노말),레이스 쇼츠,N1CMRS2-002,반바지,의류,XL,N1CMRS2-002(XL),,131179695,남성,개,25SS,,2025-04-30,2025-04-30,"158,000.00","94,800.00","94,800.00",사용,8989,1,0,0,16,2,0,0.0,0.0,0.0,0,0,1,0.0,0.0,251N1CMRS2-002019XL,1
상품,의류(노말),레이스 티셔츠,N1CMTS2-007,반팔티셔츠,의류,M,N1CMTS2-007(M),,128970160,남성,개,25SS,,2025-03-14,2025-03-14,"98,000.00","58,800.00","58,800.00",사용,17169,1,0,0,17,6,0,0.0,0.0,0.0,0,0,1,0.0,0.0,251N1CMTS2-007021M,1
상품,의류(노말),보라 윈드 자켓,N1CMWJ1-002,재킷,의류,M,N1CMWJ1-002(M),,131962406,남성,개,25FW,,2025-10-17,2025-10-17,"238,000.00","142,800.00","142,800.00",사용,24007,1,1,-1,10,4,0,0.0,0.0,0.0,0,0,1,0.0,0.0,252N1CMWJ1-002017M,1
상품,의류(노말),보라 윈드 자켓,N1CMWJ1-002,재킷,의류,S,N1CMWJ1-002(S),,131962406,남성,개,25FW,,2025-10-17,2025-10-17,"238,000.00","142,800.00","142,800.00",사용,24006,1,1,-1,10,3,0,0.0,0.0,0.0,0,0,1,0.0,0.0,252N1CMWJ1-002017S,1
상품,의류(노말),보라 윈드 자켓,N1CMWJ1-002,재킷,의류,XL,N1CMWJ1-002(XL),,131962406,남성,개,25FW,,2025-10-17,2025-10-17,"238,000.00","142,800.00","142,800.00",사용,24009,1,2,-2,10,3,0,0.0,0.0,0.0,0,0,1,0.0,0.0,252N1CMWJ1-002017XL,1
상품,의류(노말),레이스 쇼츠,N1CWRS2-002,반바지,의류,L,N1CWRS2-002(L),,131145250,여성,개,25SS,,2025-04-30,2025-04-30,"158,000.00","94,800.00","94,800.00",사용,9100,1,0,0,16,1,0,0.0,0.0,0.0,0,0,1,0.0,0.0,251N1CWRS2-002019L,1
상품,의류(노말),레이스 쇼츠,N1CWRS2-002,반바지,의류,M,N1CWRS2-002(M),,131145250,여성,개,25SS,,2025-04-30,2025-04-30,"158,000.00","94,800.00","94,800.00",사용,9099,1,0,0,16,3,0,0.0,0.0,0.0,0,0,1,0.0,0.0,251N1CWRS2-002019M,1
상품,의류(노말),레이스 쇼츠,N1CWRS2-002,반바지,의류,XS,N1CWRS2-002(XS),,131145250,여성,개,25SS,,2025-04-30,2025-04-30,"158,000.00","94,800.00","94,800.00",사용,9097,1,0,0,16,2,0,0.0,0.0,0.0,0,0,1,0.0,0.0,251N1CWRS2-002019XS,1
상품,의류(노말),레이스 탱크,N1CWRT2-004,싱글렛,의류,S,N1CWRT2-004(S),,128970161,여성,개,25SS,,2025-02-27,2025-02-27,"85,000.00","51,000.00","51,000.00",사용,17176,1,1,-1,18,4,0,0.0,0.0,0.0,0,0,1,0.0,0.0,251N1CWRT2-004001S,1
상품,의류(노말),레이스 탱크,N1CWRT2-004,싱글렛,의류,XS,N1CWRT2-004(XS),,128970161,여성,개,25SS,,2025-02-27,2025-02-27,"85,000.00","51,000.00","51,000.00",사용,17175,1,0,0,18,3,0,0.0,0.0,0.0,0,0,1,0.0,0.0,251N1CWRT2-004001XS,1
상품,의류(노말),레이스 탱크,N1CWRT2-006,싱글렛,의류,XS,N1CWRT2-006(XS),,131179697,여성,개,25SS,,2025-04-30,2025-04-30,"85,000.00","51,000.00","102,000.00",사용,17183,2,0,0,16,3,0,0.0,0.0,0.0,0,0,2,0.0,0.0,,2
상품,신발(노말),제락 01,N1ZKGM1-002,트레일,신발,230,N1ZKGM1-002(230),,123234263,남성,개,24FW,,2024-08-26,2024-08-26,"268,000.00","147,400.00","147,400.00",사용,8556,1,0,0,24,2,0,0.0,0.0,0.0,0,0,1,0.0,0.0,241N1ZKGM1-0020055,1
상품,신발(노말),제락 01,N1ZKGM1-002,트레일,신발,235,N1ZKGM1-002(235),,123234263,남성,개,24FW,,2024-08-26,2024-08-26,"268,000.00","147,400.00","147,400.00",사용,8557,1,2,-2,24,3,0,0.0,0.0,0.0,0,0,1,0.0,0.0,241N1ZKGM1-0020055.5,1
상품,신발(노말),제락 01,N1ZKGM1-002,트레일,신발,260,N1ZKGM1-002(260),,123234263,남성,개,24FW,,2024-08-26,2024-08-26,"268,000.00","147,400.00","147,400.00",사용,8562,1,0,0,24,5,0,0.0,0.0,0.0,0,0,1,0.0,0.0,241N1ZKGM1-0020058,1
상품,신발(노말),제락 01,N1ZKGM1-002,트레일,신발,285,N1ZKGM1-002(285),,123234263,남성,개,24FW,,2024-08-26,2024-08-26,"268,000.00","147,400.00","147,400.00",사용,8567,1,0,0,24,1,0,0.0,0.0,0.0,0,0,1,0.0,0.0,241N1ZKGM1-00200510.5,1
상품,신발(노말),제락 01,N1ZKGM1-002,트레일,신발,290,N1ZKGM1-002(290),,123234263,남성,개,24FW,,2024-08-26,2024-08-26,"268,000.00","147,400.00","147,400.00",사용,8568,1,0,0,24,1,0,0.0,0.0,0.0,0,0,1,0.0,0.0,241N1ZKGM1-00200511,1
상품,신발(노말),제락 01,N1ZKGM1-003,트레일,신발,230,N1ZKGM1-003(230),,123234286,남성,개,24FW,,2024-08-26,2024-08-26,"268,000.00","147,400.00","147,400.00",사용,8577,1,1,-1,24,2,0,0.0,0.0,0.0,0,0,1,0.0,0.0,,1
상품,신발(노말),제락 01,N1ZKGM1-003,트레일,신발,270,N1ZKGM1-003(270),,123234286,남성,개,24FW,,2024-08-26,2024-08-26,"268,000.00","147,400.00","147,400.00",사용,8585,1,0,0,24,5,0,0.0,0.0,0.0,0,0,1,0.0,0.0,241N1ZKGM1-0030089,1
상품,신발(노말),제락 01,N1ZKGM1-003,트레일,신발,275,N1ZKGM1-003(275),,123234286,남성,개,24FW,,2024-08-26,2024-08-26,"268,000.00","147,400.00","147,400.00",사용,8586,1,0,0,24,3,0,0.0,0.0,0.0,0,0,1,0.0,0.0,241N1ZKGM1-0030089.5,1
상품,신발(노말),제락 01,N1ZKGM1-003,트레일,신발,285,N1ZKGM1-003(285),,123234286,남성,개,24FW,,2024-08-26,2024-08-26,"268,000.00","147,400.00","147,400.00",사용,8588,1,0,0,24,1,0,0.0,0.0,0.0,0,0,1,0.0,0.0,241N1ZKGM1-00300810.5,1
상품,신발(노말),제락 01,N1ZKGM1-003,트레일,신발,290,N1ZKGM1-003(290),,123234286,남성,개,24FW,,2024-08-26,2024-08-26,"268,000.00","147,400.00","147,400.00",사용,8589,1,0,0,24,1,0,0.0,0.0,0.0,0,0,1,0.0,0.0,241N1ZKGM1-00300811,1
상품,신발(노말),제락 01,N1ZKGM1-005,트레일,신발,240,N1ZKGM1-005(240),,123234266,남성,개,24FW,,2024-08-26,2024-08-26,"268,000.00","147,400.00","147,400.00",사용,8621,1,1,-1,24,2,0,0.0,0.0,0.0,0,0,1,0.0,0.0,241N1ZKGM1-0050166,1
상품,신발(노말),제락 01,N1ZKGM1-005,트레일,신발,250,N1ZKGM1-005(250),,123234266,남성,개,24FW,,2024-08-26,2024-08-26,"268,000.00","147,400.00","147,400.00",사용,8623,1,0,0,24,2,0,0.0,0.0,0.0,0,0,2,0.0,0.0,241N1ZKGM1-0050167,1
상품,신발(노말),제락 01,N1ZKGM1-005,트레일,신발,250,N1ZKGM1-005(250),,123234266,남성,개,25SS,,2025-02-04,2025-02-04,"268,000.00","147,400.00","147,400.00",사용,8623,1,0,0,18,1,0,0.0,0.0,0.0,0,0,2,0.0,0.0,241N1ZKGM1-0050167,1
상품,신발(노말),제락 01,N1ZKGM1-005,트레일,신발,255,N1ZKGM1-005(255),,123234266,남성,개,25SS,,2025-02-04,2025-02-04,"268,000.00","147,400.00","147,400.00",사용,8624,1,2,-2,18,3,0,0.0,0.0,0.0,0,0,1,0.0,0.0,241N1ZKGM1-0050167.5,1
상품,신발(노말),제락 01,N1ZKGM1-005,트레일,신발,270,N1ZKGM1-005(270),,123234266,남성,개,25SS,,2025-02-04,2025-02-04,"268,000.00","147,400.00","147,400.00",사용,8627,1,3,-3,18,7,0,0.0,0.0,0.0,0,0,1,0.0,0.0,241N1ZKGM1-0050169,1
상품,신발(노말),제락 01,N1ZKGM1-005,트레일,신발,275,N1ZKGM1-005(275),,123234266,남성,개,25SS,,2025-02-04,2025-02-04,"268,000.00","147,400.00","147,400.00",사용,8628,1,0,0,18,4,0,0.0,0.0,0.0,0,0,1,0.0,0.0,241N1ZKGM1-0050169.5,1
상품,신발(노말),제락 01,N1ZKGM1-005,트레일,신발,280,N1ZKGM1-005(280),,123234266,남성,개,25SS,,2025-02-04,2025-02-04,"268,000.00","147,400.00","147,400.00",사용,8629,1,0,0,18,3,0,0.0,0.0,0.0,0,0,1,0.0,0.0,241N1ZKGM1-00501610,1
상품,신발(노말),제락 01,N1ZKGM1-005,트레일,신발,285,N1ZKGM1-005(285),,123234266,남성,개,25SS,,2025-02-04,2025-02-04,"268,000.00","147,400.00","147,400.00",사용,8630,1,0,0,18,1,0,0.0,0.0,0.0,0,0,1,0.0,0.0,241N1ZKGM1-00501610.5,1
상품,신발(노말),제락 02,N1ZKGM2-001,트레일,신발,250,N1ZKGM2-001(250),(남)블랙,131436091,남성,개,25FW,,2025-07-28,2025-07-28,"328,000.00","180,400.00","180,400.00",사용,23880,1,0,0,13,3,0,0.0,0.0,0.0,0,0,1,0.0,0.0,252N1ZKGM2-0010017,1
상품,신발(노말),제락 02,N1ZKGM2-001,트레일,신발,255,N1ZKGM2-001(255),(남)블랙,131436091,남성,개,25FW,,2025-07-28,2025-07-28,"328,000.00","180,400.00","180,400.00",사용,23881,1,0,0,13,4,0,0.0,0.0,0.0,0,0,1,0.0,0.0,252N1ZKGM2-0010017.5,1
상품,용품(노말),메리노 삭스,N2AMS01-001,양말,용품,M,N2AMS01-001(M),,123243030,공용,개,24FW,,2024-10-22,2024-10-22,"40,000.00","24,000.00","24,000.00",사용,9218,1,0,0,22,12,0,0.0,0.0,0.0,0,0,1,0.0,0.0,242N2AMS01-001001M,1
상품,용품(노말),메리노 삭스,N2AMS02-002,양말,용품,L,N2AMS02-002(L),,131179692,공용,개,25FW,,2025-09-03,2025-09-03,"40,000.00","24,000.00","72,000.00",사용,17212,3,18,-18,11,15,0,0.0,0.0,0.0,0,0,3,0.0,0.0,252N2AMS02-002018L,3
상품,용품(노말),메리노 삭스,N2AMS02-002,양말,용품,M,N2AMS02-002(M),,131179692,공용,개,25FW,,2025-09-03,2025-09-03,"40,000.00","24,000.00","72,000.00",사용,17211,3,9,-9,11,15,0,0.0,0.0,0.0,0,0,3,0.0,0.0,252N2AMS02-002018M,3
상품,용품(노말),메리노 삭스,N2AMS02-003,양말,용품,L,N2AMS02-003(L),,131179693,공용,개,25FW,,2025-09-03,2025-09-03,"40,000.00","24,000.00","24,000.00",사용,17222,1,15,-15,11,15,0,0.0,0.0,0.0,0,0,1,0.0,0.0,252N2AMS02-003017L,1
상품,용품(노말),메리노 삭스,N2AMS02-003,양말,용품,M,N2AMS02-003(M),,131179693,공용,개,25FW,,2025-09-03,2025-09-03,"40,000.00","24,000.00","72,000.00",사용,17221,3,7,-7,11,15,0,0.0,0.0,0.0,0,0,3,0.0,0.0,252N2AMS02-003017M,3
상품,의류(노말),트레일 롱 슬리브,N2CMAF1-001,긴팔티셔츠,의류,XL,N2CMAF1-001(XL),,131179687,남성,개,25SS,,2025-05-29,2025-06-13,"188,000.00","112,800.00","112,800.00",사용,8933,1,0,0,15,2,0,0.0,0.0,0.0,0,0,1,0.0,0.0,251N2CMAF1-001019XL,1
상품,의류(노말),액티브 타이츠,N2CMAT1-002,하의타이츠,의류,L,N2CMAT1-002(L),,131179688,남성,개,25SS,,2025-05-29,2025-06-13,"178,000.00","106,800.00","106,800.00",사용,8956,1,1,-1,15,3,0,0.0,0.0,0.0,0,0,1,0.0,0.0,251N2CMAT1-002019L,1
상품,의류(노말),액티브 타이츠,N2CMAT1-002,하의타이츠,의류,M,N2CMAT1-002(M),,131179688,남성,개,25SS,,2025-05-29,2025-06-13,"178,000.00","106,800.00","106,800.00",사용,8955,1,0,0,15,1,0,0.0,0.0,0.0,0,0,1,0.0,0.0,251N2CMAT1-002019M,1
상품,의류(노말),액티브 타이츠,N2CMAT1-002,하의타이츠,의류,S,N2CMAT1-002(S),,131179688,남성,개,25SS,,2025-05-29,2025-06-13,"178,000.00","106,800.00","106,800.00",사용,8954,1,0,0,15,1,0,0.0,0.0,0.0,0,0,1,0.0,0.0,251N2CMAT1-002019S,1
상품,의류(노말),트레일 크롭 탑,N2CWTB1-002,브라,의류,M,N2CWTB1-002(M),,131179801,여성,개,25SS,,2025-04-30,2025-04-30,"158,000.00","94,800.00","94,800.00",사용,9163,1,1,-1,16,3,0,0.0,0.0,0.0,0,0,1,0.0,0.0,251N2CWTB1-002019M,1
상품,신발(노말),토미르 02,N2ZTR02-005,트레일,신발,280,N2ZTR02-005(280),올블랙,123234268,남성,개,24FW,,2024-08-26,2024-08-26,"298,000.00","125,400.00","125,400.00",사용,8818,1,0,0,24,3,0,0.0,0.0,0.0,0,0,1,0.0,0.0,241N2ZTR02-00500110,1
상품,신발(노말),토미르 02,N2ZTR02-006,트레일,신발,250,N2ZTR02-006(250),화이트,123234329,남성,개,24FW,,2024-08-26,2024-08-26,"298,000.00","125,400.00","125,400.00",사용,8833,1,0,0,24,2,0,0.0,0.0,0.0,0,0,1,0.0,0.0,241N2ZTR02-0060027,1
상품,신발(노말),토미르 02,N2ZTR02-007,트레일,신발,255,N2ZTR02-007(255),그린,123234269,남성,개,24FW,,2024-08-26,2024-08-26,"298,000.00","125,400.00","125,400.00",사용,8855,1,0,0,24,2,0,0.0,0.0,0.0,0,0,1,0.0,0.0,241N2ZTR02-0070177.5,1
상품,신발(노말),토미르 02,N2ZTR02-007,트레일,신발,265,N2ZTR02-007(265),그린,123234269,남성,개,24FW,,2024-08-26,2024-08-26,"298,000.00","125,400.00","125,400.00",사용,8857,1,0,0,24,4,0,0.0,0.0,0.0,0,0,1,0.0,0.0,241N2ZTR02-0070178.5,1
상품,신발(노말),토미르 02,N2ZTR02-007,트레일,신발,275,N2ZTR02-007(275),그린,123234269,남성,개,24FW,,2024-08-26,2024-08-26,"298,000.00","125,400.00","125,400.00",사용,8859,1,0,0,24,3,0,0.0,0.0,0.0,0,0,1,0.0,0.0,241N2ZTR02-0070179.5,1
상품,신발(노말),토미르 02,N2ZTR02-010,트레일,신발,245,N2ZTR02-010(245),오렌지,123243028,남성,개,24FW,,2024-09-10,2024-09-10,"298,000.00","125,400.00","125,400.00",사용,8874,1,0,0,23,2,0,0.0,0.0,0.0,0,0,1,0.0,0.0,242N2ZTR02-0100046.5,1
상품,신발(노말),토미르 02,N2ZTR02-010,트레일,신발,255,N2ZTR02-010(255),오렌지,123243028,남성,개,24FW,,2024-09-10,2024-09-10,"298,000.00","125,400.00","125,400.00",사용,8876,1,0,0,23,2,0,0.0,0.0,0.0,0,0,1,0.0,0.0,242N2ZTR02-0100047.5,1
상품,신발(노말),토미르 02,N2ZTR02-010,트레일,신발,265,N2ZTR02-010(265),오렌지,123243028,남성,개,24FW,,2024-09-10,2024-09-10,"298,000.00","125,400.00","125,400.00",사용,8878,1,0,0,23,4,0,0.0,0.0,0.0,0,0,1,0.0,0.0,242N2ZTR02-0100048.5,1
상품,신발(노말),토미르 02,N2ZTR02-010,트레일,신발,270,N2ZTR02-010(270),오렌지,123243028,남성,개,24FW,,2024-09-10,2024-09-10,"298,000.00","125,400.00","125,400.00",사용,8879,1,0,0,23,4,0,0.0,0.0,0.0,0,0,1,0.0,0.0,242N2ZTR02-0100049,1
상품,신발(노말),토미르 02,N2ZTR02-010,트레일,신발,280,N2ZTR02-010(280),오렌지,123243028,남성,개,24FW,,2024-09-10,2024-09-10,"298,000.00","125,400.00","125,400.00",사용,8881,1,0,0,23,3,0,0.0,0.0,0.0,0,0,1,0.0,0.0,242N2ZTR02-01000410,1
상품,신발(노말),토미르 02,N2ZTR02-010,트레일,신발,285,N2ZTR02-010(285),오렌지,123243028,남성,개,24FW,,2024-09-10,2024-09-10,"298,000.00","125,400.00","125,400.00",사용,8882,1,0,0,23,1,0,0.0,0.0,0.0,0,0,1,0.0,0.0,242N2ZTR02-01000410.5,1
상품,신발(노말),토미르 02,N2ZTR25-001,트레일,신발,255,N2ZTR25-001(255),올블랙V2,131436093,남성,개,25FW,,2025-07-28,2025-07-28,"298,000.00","163,900.00","163,900.00",사용,23944,1,0,0,13,4,0,0.0,0.0,0.0,0,0,1,0.0,0.0,252N2ZTR25-0010017.5,1
상품,신발(노말),토미르 02,N2ZTR25-002,트레일,신발,255,N2ZTR25-002(255),베이지v2,131436095,남성,개,25FW,,2025-07-28,2025-07-28,"298,000.00","163,900.00","163,900.00",사용,23965,1,0,0,13,4,0,0.0,0.0,0.0,0,0,1,0.0,0.0,252N2ZTR25-0020187.5,1
상품,신발(노말),토미르 02,N2ZTR25-002,트레일,신발,260,N2ZTR25-002(260),베이지v2,131436095,남성,개,25FW,,2025-07-28,2025-07-28,"298,000.00","163,900.00","163,900.00",사용,23966,1,0,0,13,4,0,0.0,0.0,0.0,0,0,1,0.0,0.0,252N2ZTR25-0020188,1
상품,신발(노말),토미르 02,N2ZTR25-002,트레일,신발,270,N2ZTR25-002(270),베이지v2,131436095,남성,개,25FW,,2025-07-28,2025-07-28,"298,000.00","163,900.00","163,900.00",사용,23968,1,0,0,13,4,0,0.0,0.0,0.0,0,0,1,0.0,0.0,252N2ZTR25-0020189,1
상품,신발(노말),토미르 02,N2ZTR25-002,트레일,신발,275,N2ZTR25-002(275),베이지v2,131436095,남성,개,25FW,,2025-07-28,2025-07-28,"298,000.00","163,900.00","163,900.00",사용,23969,1,0,0,13,3,0,0.0,0.0,0.0,0,0,1,0.0,0.0,252N2ZTR25-0020189.5,1
상품,신발(노말),토미르 02,N2ZTR25-002,트레일,신발,280,N2ZTR25-002(280),베이지v2,131436095,남성,개,25FW,,2025-07-28,2025-07-28,"298,000.00","163,900.00","163,900.00",사용,23970,1,0,0,13,3,1,33.3,1.7,0.4,0,0,1,1.7,0.4,252N2ZTR25-00201810,1
상품,신발(노말),토미르 02 GTX,N2ZTRG1-001,트레일,신발,255,N2ZTRG1-001(255),GTX블루,131436092,남성,개,25FW,,2025-07-28,2025-07-28,"338,000.00","185,900.00","185,900.00",사용,23902,1,3,-3,13,5,0,0.0,0.0,0.0,0,0,1,0.0,0.0,252N2ZTRG1-0010237.5,1
상품,신발(노말),토미르 02 GTX,N2ZTRG1-001,트레일,신발,260,N2ZTRG1-001(260),GTX블루,131436092,남성,개,25FW,,2025-07-28,2025-07-28,"338,000.00","185,900.00","185,900.00",사용,23903,1,0,0,13,5,0,0.0,0.0,0.0,0,0,1,0.0,0.0,252N2ZTRG1-0010238,1
상품,신발(노말),토미르 02 GTX,N2ZTRG1-001,트레일,신발,265,N2ZTRG1-001(265),GTX블루,131436092,남성,개,25FW,,2025-07-28,2025-07-28,"338,000.00","185,900.00","185,900.00",사용,23904,1,0,0,13,7,0,0.0,0.0,0.0,0,0,1,0.0,0.0,252N2ZTRG1-0010238.5,1
상품,신발(노말),토미르 02 GTX,N2ZTRG1-001,트레일,신발,285,N2ZTRG1-001(285),GTX블루,131436092,남성,개,25FW,,2025-07-28,2025-07-28,"338,000.00","185,900.00","185,900.00",사용,23908,1,0,0,13,2,0,0.0,0.0,0.0,0,0,1,0.0,0.0,252N2ZTRG1-00102310.5,1
상품,신발(노말),토미르 02 GTX,N2ZTRG1-002,트레일,신발,250,N2ZTRG1-002(250),GTX베이지,131436116,남성,개,25FW,,2025-07-28,2025-07-28,"338,000.00","185,900.00","185,900.00",사용,23922,1,1,-1,13,2,0,0.0,0.0,0.0,0,0,1,0.0,0.0,252N2ZTRG1-0020267,1
상품,신발(노말),토미르 02 GTX,N2ZTRG1-002,트레일,신발,255,N2ZTRG1-002(255),GTX베이지,131436116,남성,개,25FW,,2025-07-28,2025-07-28,"338,000.00","185,900.00","185,900.00",사용,23923,1,0,0,13,4,0,0.0,0.0,0.0,0,0,1,0.0,0.0,252N2ZTRG1-0020267.5,1
상품,신발(노말),토미르 02 GTX,N2ZTRG1-002,트레일,신발,260,N2ZTRG1-002(260),GTX베이지,131436116,남성,개,25FW,,2025-07-28,2025-07-28,"338,000.00","185,900.00","185,900.00",사용,23924,1,1,-1,13,4,0,0.0,0.0,0.0,0,0,1,0.0,0.0,252N2ZTRG1-0020268,1
상품,신발(노말),토미르 02 GTX,N2ZTRG1-002,트레일,신발,265,N2ZTRG1-002(265),GTX베이지,131436116,남성,개,25FW,,2025-07-28,2025-07-28,"338,000.00","185,900.00","185,900.00",사용,23925,1,2,-2,13,5,0,0.0,0.0,0.0,0,0,1,0.0,0.0,252N2ZTRG1-0020268.5,1
상품,신발(노말),토미르 02 GTX,N2ZTRG1-002,트레일,신발,275,N2ZTRG1-002(275),GTX베이지,131436116,남성,개,25FW,,2025-07-28,2025-07-28,"338,000.00","185,900.00","185,900.00",사용,23927,1,2,-2,13,4,0,0.0,0.0,0.0,0,0,1,0.0,0.0,252N2ZTRG1-0020269.5,1
상품,신발(노말),토미르 02 GTX,N2ZTRG1-002,트레일,신발,280,N2ZTRG1-002(280),GTX베이지,131436116,남성,개,25FW,,2025-07-28,2025-07-28,"338,000.00","185,900.00","185,900.00",사용,23928,1,1,-1,13,3,0,0.0,0.0,0.0,0,0,1,0.0,0.0,252N2ZTRG1-00202610,1
상품,의류(뉴발란스),에슬레틱 러닝 나시티(스탠다드핏),NBNGE4P01219,반팔티셔츠,의류,M,NBNGE4P01219(M),,130373499,여성,개,24FW,,2024-08-13,2024-08-13,"49,900.00","27,445.00","54,890.00",사용,7910,2,0,0,24,5,0,0.0,0.0,0.0,0,0,2,0.0,0.0,NBNGE4P01219090,2
상품,의류(뉴발란스),에슬레틱 러닝 나시티(스탠다드핏),NBNGE4P01219,반팔티셔츠,의류,S,NBNGE4P01219(S),,130373499,여성,개,24FW,,2024-08-13,2024-08-13,"49,900.00","27,445.00","27,445.00",사용,7909,1,0,0,24,5,0,0.0,0.0,0.0,0,0,1,0.0,0.0,NBNGE4P01219085,1
상품,의류(뉴발란스),에슬레틱 러닝 나시티(스탠다드핏),NBNGE4P01280,반팔티셔츠,의류,S,NBNGE4P01280(S),,130373502,여성,개,24FW,,2024-08-13,2024-08-13,"49,900.00","27,445.00","27,445.00",사용,7917,1,0,0,24,5,0,0.0,0.0,0.0,0,0,1,0.0,0.0,NBNGE4P0128008500,1
상품,의류(뉴발란스),RC 3부 숏 팬츠 (스탠다드핏),NBNVE4P02219,반바지,의류,M,NBNVE4P02219(M),,,여성,개,24FW,,2024-08-13,2024-08-13,"79,900.00","43,945.00","43,945.00",사용,7934,1,0,0,24,4,0,0.0,0.0,0.0,0,0,1,0.0,0.0,NBNVE4P0221907500,1
상품,의류(뉴발란스),RC 3부 숏 팬츠 (스탠다드핏),NBNVE4P02280,반바지,의류,S,NBNVE4P02280(S),,130373518,여성,개,24FW,,2024-08-13,2024-08-13,"79,900.00","43,945.00","43,945.00",사용,7941,1,0,0,24,6,0,0.0,0.0,0.0,0,0,1,0.0,0.0,NBNVE4P0228007000,1
상품,신발(뉴발란스),프레쉬폼x 모어 V5,NBPFEB708W,로드,신발,245,NBPFEB708W(245),화이트,123539094,여성,개,24FW,,2024-08-15,2024-08-15,"209,000.00","114,950.00","114,950.00",사용,4785,1,0,0,24,6,0,0.0,0.0,0.0,0,0,1,0.0,0.0,NBPFEF708W10245,1
상품,신발(뉴발란스),프레쉬폼x 860 V14,NBPFEB717J,로드,신발,260,NBPFEB717J(260),그린,123231431,남성,개,24FW,,2024-09-06,2024-09-06,"179,000.00","98,450.00","98,450.00",사용,4662,1,0,0,23,12,0,0.0,0.0,0.0,0,0,1,0.0,0.0,NBPFEB717J9260,1
상품,신발(뉴발란스),프레쉬폼x 1080 V14,NBPFFB102I,로드,신발,255,NBPFFB102I(255),아이보리,124389394,남성,개,25SS,,2025-01-15,2025-01-15,"199,000.00","109,450.00","109,450.00",사용,13661,1,0,0,19,6,0,0.0,0.0,0.0,0,0,1,0.0,0.0,,1
상품,용품(뉴발란스),리커버리 슬라이드,NBPFFB116B,리커버리 슬라이드,용품,270,NBPFFB116B(270),,127492253,공용,개,25SS,,2025-02-07,2025-02-07,"69,000.00","37,950.00","75,900.00",사용,13772,2,0,0,18,6,0,0.0,0.0,0.0,0,0,2,0.0,0.0,NBPFFB116B19270,2
상품,용품(뉴발란스),리커버리 슬라이드,NBPFFB116B,리커버리 슬라이드,용품,280,NBPFFB116B(280),,127492253,공용,개,25SS,,2025-02-07,2025-02-07,"69,000.00","37,950.00","37,950.00",사용,13773,1,0,0,18,6,0,0.0,0.0,0.0,0,0,1,0.0,0.0,NBPFFB116B19280,1
상품,용품(뉴발란스),리커버리 슬라이드,NBPFFB116I,리커버리 슬라이드,용품,240,NBPFFB116I(240),,127494069,공용,개,25SS,,2025-02-07,2025-02-07,"69,000.00","37,950.00","75,900.00",사용,13759,2,0,0,18,6,0,0.0,0.0,0.0,0,0,2,0.0,0.0,NBPFFB116I39240,2
상품,용품(뉴발란스),리커버리 슬라이드,NBPFFB116I,리커버리 슬라이드,용품,250,NBPFFB116I(250),,127494069,공용,개,25SS,,2025-02-07,2025-02-07,"69,000.00","37,950.00","75,900.00",사용,13760,2,0,0,18,12,0,0.0,0.0,0.0,0,0,2,0.0,0.0,NBPFFB116I39250,2
상품,용품(뉴발란스),리커버리 슬라이드,NBPFFB116I,리커버리 슬라이드,용품,270,NBPFFB116I(270),,127494069,공용,개,25SS,,2025-02-07,2025-02-07,"69,000.00","37,950.00","37,950.00",사용,13762,1,0,0,18,6,0,0.0,0.0,0.0,0,0,1,0.0,0.0,NBPFFB116I39270,1
상품,용품(뉴발란스),리커버리 슬라이드,NBPFFB116I,리커버리 슬라이드,용품,280,NBPFFB116I(280),,127494069,공용,개,25SS,,2025-02-07,2025-02-07,"69,000.00","37,950.00","37,950.00",사용,13763,1,0,0,18,6,0,0.0,0.0,0.0,0,0,1,0.0,0.0,NBPFFB116I39280,1
상품,신발(뉴발란스),퓨어셀 SC 엘리트 V4,NBPFFB145I,레이싱,신발,255,NBPFFB145I(255),선라이즈,124311606,남성,개,25SS,,2025-01-06,2025-01-06,"319,000.00","175,450.00","175,450.00",사용,13262,1,0,0,19,6,0,0.0,0.0,0.0,0,0,1,0.0,0.0,NBPFFB145I39255,1
상품,신발(뉴발란스),퓨어셀 SC 엘리트 V4,NBPFFB145I,레이싱,신발,260,NBPFFB145I(260),선라이즈,124311606,남성,개,25SS,,2025-01-06,2025-01-06,"319,000.00","175,450.00","175,450.00",사용,13263,1,0,0,19,12,0,0.0,0.0,0.0,0,0,1,0.0,0.0,NBPFFB145I39260,1
상품,신발(뉴발란스),퓨어셀 SC 엘리트 V4,NBPFFB145I,레이싱,신발,265,NBPFFB145I(265),선라이즈,124311606,남성,개,25SS,,2025-01-06,2025-01-06,"319,000.00","175,450.00","175,450.00",사용,13264,1,0,0,19,12,0,0.0,0.0,0.0,0,0,1,0.0,0.0,NBPFFB145I39265,1
상품,신발(뉴발란스),퓨어셀 SC 엘리트 V4,NBPFFB146I,레이싱,신발,240,NBPFFB146I(240),선라이즈여성,124311605,여성,개,25SS,,2025-01-06,2025-01-06,"319,000.00","175,450.00","175,450.00",사용,13238,1,0,0,19,6,0,0.0,0.0,0.0,0,0,1,0.0,0.0,NBPFFB146I39240,1
상품,신발(뉴발란스),퓨어셀 SC 엘리트 V4,NBPFFB146I,레이싱,신발,250,NBPFFB146I(250),선라이즈여성,124311605,여성,개,25SS,,2025-01-06,2025-01-06,"319,000.00","175,450.00","350,900.00",사용,13240,2,0,0,19,6,0,0.0,0.0,0.0,0,0,2,0.0,0.0,NBPFFB146I39250,2
상품,신발(뉴발란스),퓨어셀 SD100 V5,NBPFFB163W,트랙&필드,신발,235,NBPFFB163W(235),,127492957,남성,개,25SS,,2025-02-07,2025-02-07,"109,000.00","59,950.00","59,950.00",사용,13845,1,2,-2,18,3,0,0.0,0.0,0.0,0,0,1,0.0,0.0,NBPFFS163W10235,1
상품,신발(뉴발란스),퓨어셀 SD100 V5,NBPFFB163W,트랙&필드,신발,240,NBPFFB163W(240),,127492957,남성,개,25SS,,2025-02-07,2025-02-07,"109,000.00","59,950.00","59,950.00",사용,13846,1,2,-2,18,3,0,0.0,0.0,0.0,0,0,1,0.0,0.0,NBPFFS163W10240,1
상품,신발(뉴발란스),퓨어셀 SD100 V5,NBPFFB163W,트랙&필드,신발,245,NBPFFB163W(245),,127492957,남성,개,25SS,,2025-02-07,2025-02-07,"109,000.00","59,950.00","59,950.00",사용,13847,1,2,-2,18,3,0,0.0,0.0,0.0,0,0,1,0.0,0.0,NBPFFS163W10245,1
상품,신발(뉴발란스),퓨어셀 SD100 V5,NBPFFB163W,트랙&필드,신발,250,NBPFFB163W(250),,127492957,남성,개,25SS,,2025-02-07,2025-02-07,"109,000.00","59,950.00","59,950.00",사용,13848,1,2,-2,18,3,0,0.0,0.0,0.0,0,0,1,0.0,0.0,NBPFFS163W10250,1
상품,신발(뉴발란스),퓨어셀 SD100 V5,NBPFFB163W,트랙&필드,신발,255,NBPFFB163W(255),,127492957,남성,개,25SS,,2025-02-07,2025-02-07,"109,000.00","59,950.00","59,950.00",사용,13849,1,1,-1,18,3,0,0.0,0.0,0.0,0,0,1,0.0,0.0,NBPFFS163W10255,1
상품,신발(뉴발란스),퓨어셀 SD100 V5,NBPFFB163W,트랙&필드,신발,260,NBPFFB163W(260),,127492957,남성,개,25SS,,2025-02-07,2025-02-07,"109,000.00","59,950.00","59,950.00",사용,13850,1,2,-2,18,3,0,0.0,0.0,0.0,0,0,1,0.0,0.0,NBPFFS163W10260,1
상품,신발(뉴발란스),퓨어셀 SD100 V5,NBPFFB163W,트랙&필드,신발,265,NBPFFB163W(265),,127492957,남성,개,25SS,,2025-02-07,2025-02-07,"109,000.00","59,950.00","59,950.00",사용,13851,1,2,-2,18,3,0,0.0,0.0,0.0,0,0,1,0.0,0.0,NBPFFS163W10265,1
상품,신발(뉴발란스),퓨어셀 SD100 V5,NBPFFB163W,트랙&필드,신발,270,NBPFFB163W(270),,127492957,남성,개,25SS,,2025-02-07,2025-02-07,"109,000.00","59,950.00","59,950.00",사용,13852,1,1,-1,18,3,0,0.0,0.0,0.0,0,0,1,0.0,0.0,NBPFFS163W10270,1
상품,신발(뉴발란스),퓨어셀 SD100 V5,NBPFFB163W,트랙&필드,신발,275,NBPFFB163W(275),,127492957,남성,개,25SS,,2025-02-07,2025-02-07,"109,000.00","59,950.00","59,950.00",사용,13853,1,2,-2,18,3,0,0.0,0.0,0.0,0,0,1,0.0,0.0,NBPFFS163W10275,1
상품,신발(뉴발란스),퓨어셀 SD100 V5,NBPFFB163W,트랙&필드,신발,280,NBPFFB163W(280),,127492957,남성,개,25SS,,2025-02-07,2025-02-07,"109,000.00","59,950.00","59,950.00",사용,13854,1,2,-2,18,3,0,0.0,0.0,0.0,0,0,1,0.0,0.0,NBPFFS163W10280,1
상품,신발(뉴발란스),프레쉬폼x 모어 V6 (2E),NBPFFB707B,로드,신발,270,NBPFFB707B(270),뭐뭐뭐어,131422177,남성,개,25FW,,2025-08-06,2025-08-06,"209,000.00","114,950.00","114,950.00",사용,22073,1,0,0,12,12,0,0.0,0.0,0.0,0,0,1,0.0,0.0,NBPFFB707B19270,1
상품,신발(뉴발란스),프레쉬폼x 모어 V6 (2E),NBPFFB707G,로드,신발,275,NBPFFB707G(275),뭐뭐뭐어,131376572,남성,개,25FW,,2025-08-06,2025-08-06,"209,000.00","114,950.00","114,950.00",사용,22095,1,0,0,12,12,0,0.0,0.0,0.0,0,0,1,0.0,0.0,NBPFFB707G15275,1
상품,신발(뉴발란스),퓨어셀 SC 엘리트 V5 (D),NBPFFB751T,레이싱,신발,250,NBPFFB751T(250),엘리트5(화이트),131599726,남성,개,25FW,,2025-09-02,2025-09-02,"319,000.00","175,450.00","350,900.00",사용,21859,2,0,0,11,6,0,0.0,0.0,0.0,0,0,2,0.0,0.0,NBPFFB751T39250,2
상품,신발(뉴발란스),퓨어셀 SC 엘리트 V5 (D),NBPFFB751T,레이싱,신발,255,NBPFFB751T(255),엘리트5(화이트),131599726,남성,개,25FW,,2025-09-02,2025-09-02,"319,000.00","175,450.00","350,900.00",사용,21860,2,0,0,11,6,0,0.0,0.0,0.0,0,0,2,0.0,0.0,NBPFFB751T39255,2
상품,신발(뉴발란스),퓨어셀 SC 엘리트 V5 (D),NBPFFB751T,레이싱,신발,260,NBPFFB751T(260),엘리트5(화이트),131599726,남성,개,25FW,,2025-09-02,2025-09-02,"319,000.00","175,450.00","175,450.00",사용,21861,1,0,0,11,12,0,0.0,0.0,0.0,0,0,1,0.0,0.0,NBPFFB751T39260,1
상품,신발(뉴발란스),퓨어셀 SC 엘리트 V5 (D),NBPFFB751T,레이싱,신발,265,NBPFFB751T(265),엘리트5(화이트),131599726,남성,개,25FW,,2025-09-02,2025-09-02,"319,000.00","175,450.00","701,800.00",사용,21862,4,0,0,11,18,0,0.0,0.0,0.0,0,0,4,0.0,0.0,NBPFFB751T39265,4
상품,신발(뉴발란스),퓨어셀 SC 엘리트 V5 (D),NBPFFB751T,레이싱,신발,270,NBPFFB751T(270),엘리트5(화이트),131599726,남성,개,25FW,,2025-09-02,2025-09-02,"319,000.00","175,450.00","526,350.00",사용,21863,3,0,0,11,18,0,0.0,0.0,0.0,0,0,3,0.0,0.0,NBPFFB751T39270,3
상품,신발(뉴발란스),퓨어셀 SC 엘리트 V5 (D),NBPFFB751T,레이싱,신발,275,NBPFFB751T(275),엘리트5(화이트),131599726,남성,개,25FW,,2025-09-02,2025-09-02,"319,000.00","175,450.00","350,900.00",사용,21864,2,0,0,11,12,0,0.0,0.0,0.0,0,0,2,0.0,0.0,NBPFFB751T39275,2
상품,신발(뉴발란스),퓨어셀 SC 엘리트 V5 (D),NBPFFB751T,레이싱,신발,280,NBPFFB751T(280),엘리트5(화이트),131599726,남성,개,25FW,,2025-09-02,2025-09-02,"319,000.00","175,450.00","350,900.00",사용,21865,2,0,0,11,6,0,0.0,0.0,0.0,0,0,2,0.0,0.0,NBPFFB751T39280,2
상품,신발(뉴발란스),퓨어셀 SC 엘리트 V5 (D),NBPFFB751T,레이싱,신발,290,NBPFFB751T(290),엘리트5(화이트),131599726,남성,개,25FW,,2025-09-02,2025-09-02,"319,000.00","175,450.00","350,900.00",사용,21867,2,0,0,11,6,0,0.0,0.0,0.0,0,0,2,0.0,0.0,NBPFFB751T39290,2
상품,신발(뉴발란스),퓨어셀 SC 엘리트 V5,NBPFFB752R,레이싱,신발,230,NBPFFB752R(230),(여)엘리트5,131376602,여성,개,25FW,,2025-08-06,2025-08-06,"319,000.00","175,450.00","175,450.00",사용,21876,1,0,0,12,6,0,0.0,0.0,0.0,0,0,1,0.0,0.0,NBPFFF752R20230,1
상품,신발(뉴발란스),퓨어셀 레벨 V5 (D),NBPFFB758F,로드,신발,230,NBPFFB758F(230),,131058899,여성,개,25FW,,2025-07-03,2025-07-03,"189,000.00","103,950.00","207,900.00",사용,22296,2,0,0,13,6,0,0.0,0.0,0.0,0,0,2,0.0,0.0,NBPFFB758F85230,2
상품,신발(뉴발란스),퓨어셀 레벨 V5 (D),NBPFFB758I,로드,신발,230,NBPFFB758I(230),,131383209,여성,개,25FW,,2025-08-01,2025-08-01,"189,000.00","103,950.00","103,950.00",사용,22317,1,0,0,12,6,0,0.0,0.0,0.0,0,0,1,0.0,0.0,NBPFFB758I39230,1
상품,신발(뉴발란스),퓨어셀 레벨 V5 (D),NBPFFB758O,로드,신발,240,NBPFFB758O(240),,131058898,여성,개,25FW,,2025-07-03,2025-07-03,"189,000.00","103,950.00","103,950.00",사용,22256,1,0,0,13,6,0,0.0,0.0,0.0,0,0,1,0.0,0.0,NBPFFB758O20240,1
상품,신발(뉴발란스),레벨 V5 (D),NBPFGB165T,레이싱,신발,235,NBPFGB165T(235),,133116558,여성,개,26SS,,2026-03-11,2026-02-26,"189,000.00","103,950.00","103,950.00",사용,31111,1,6,-6,5,12,0,0.0,0.0,0.0,0,0,1,0.0,0.0,198689522965,1
상품,신발(뉴발란스),레벨 V5 (D),NBPFGB165T,레이싱,신발,240,NBPFGB165T(240),,133116558,여성,개,26SS,,2026-03-11,2026-02-26,"189,000.00","103,950.00","103,950.00",사용,31112,1,6,-6,5,12,1,8.3,1.7,0.4,0,0,1,1.7,0.4,198689523238,1
상품,신발(뉴발란스),레벨 V5 (D),NBPFGB165T,레이싱,신발,245,NBPFGB165T(245),,133116558,여성,개,26SS,,2026-03-11,2026-02-26,"189,000.00","103,950.00","103,950.00",사용,31113,1,7,-7,5,12,0,0.0,0.0,0.0,0,0,1,0.0,0.0,198689523405,1
상품,신발(뉴발란스),SC 레벨,NBPFGB720I,레이싱,신발,255,NBPFGB720I(255),,,남성,개,26FW,,2026-08-07,2026-08-07,0.00,"142,450.00","142,450.00",사용,40439,1,4,-4,0,6,0,0.0,0.0,0.0,0,0,1,0.0,0.0,,1
상품,신발(뉴발란스),SC 레벨,NBPFGB720I,레이싱,신발,260,NBPFGB720I(260),,,남성,개,26FW,,2026-08-07,2026-08-07,0.00,"142,450.00","142,450.00",사용,40440,1,4,-4,0,6,0,0.0,0.0,0.0,0,0,1,0.0,0.0,,1
상품,신발(뉴발란스),SC 레벨,NBPFGB720I,레이싱,신발,265,NBPFGB720I(265),,,남성,개,26FW,,2026-08-07,2026-08-07,0.00,"142,450.00","142,450.00",사용,40441,1,10,-10,0,12,0,0.0,0.0,0.0,0,0,1,0.0,0.0,,1
상품,신발(뉴발란스),SC 레벨,NBPFGB720I,레이싱,신발,270,NBPFGB720I(270),,,남성,개,26FW,,2026-08-07,2026-08-07,0.00,"142,450.00","142,450.00",사용,40442,1,10,-10,0,12,0,0.0,0.0,0.0,0,0,1,0.0,0.0,,1
상품,신발(뉴발란스),SC 레벨,NBPFGB720I,레이싱,신발,275,NBPFGB720I(275),,,남성,개,26FW,,2026-08-07,2026-08-07,0.00,"142,450.00","142,450.00",사용,40443,1,10,-10,0,12,0,0.0,0.0,0.0,0,0,1,0.0,0.0,,1
상품,신발(뉴발란스),SC 레벨,NBPFGB720I,레이싱,신발,280,NBPFGB720I(280),,,남성,개,26FW,,2026-08-07,2026-08-07,0.00,"142,450.00","142,450.00",사용,40444,1,4,-4,0,6,0,0.0,0.0,0.0,0,0,1,0.0,0.0,,1
상품,신발(뉴발란스),SC 레벨,NBPFGB720J,레이싱,신발,255,NBPFGB720J(255),,,남성,개,26FW,,2026-08-07,2026-08-07,0.00,"142,450.00","142,450.00",사용,40461,1,4,-4,0,6,0,0.0,0.0,0.0,0,0,1,0.0,0.0,,1
상품,신발(뉴발란스),SC 레벨,NBPFGB720J,레이싱,신발,260,NBPFGB720J(260),,,남성,개,26FW,,2026-08-07,2026-08-07,0.00,"142,450.00","142,450.00",사용,40462,1,4,-4,0,6,0,0.0,0.0,0.0,0,0,1,0.0,0.0,,1
상품,신발(뉴발란스),SC 레벨,NBPFGB720J,레이싱,신발,265,NBPFGB720J(265),,,남성,개,26FW,,2026-08-07,2026-08-07,0.00,"142,450.00","142,450.00",사용,40463,1,4,-4,0,6,0,0.0,0.0,0.0,0,0,1,0.0,0.0,,1
상품,신발(뉴발란스),SC 레벨,NBPFGB720J,레이싱,신발,270,NBPFGB720J(270),,,남성,개,26FW,,2026-08-07,2026-08-07,0.00,"142,450.00","142,450.00",사용,40464,1,4,-4,0,6,0,0.0,0.0,0.0,0,0,1,0.0,0.0,,1
상품,신발(뉴발란스),SC 레벨,NBPFGB720J,레이싱,신발,275,NBPFGB720J(275),,,남성,개,26FW,,2026-08-07,2026-08-07,0.00,"142,450.00","142,450.00",사용,40465,1,4,-4,0,6,0,0.0,0.0,0.0,0,0,1,0.0,0.0,,1
상품,신발(뉴발란스),SC 레벨,NBPFGB720J,레이싱,신발,280,NBPFGB720J(280),,,남성,개,26FW,,2026-08-07,2026-08-07,0.00,"142,450.00","142,450.00",사용,40466,1,4,-4,0,6,0,0.0,0.0,0.0,0,0,1,0.0,0.0,,1
상품,신발(뉴발란스),SC 레벨,NBPFGB721I,로드,신발,230,NBPFGB721I(230),,,여성,개,26FW,,2026-08-07,2026-08-07,0.00,"142,450.00","142,450.00",사용,40478,1,4,-4,0,6,0,0.0,0.0,0.0,0,0,1,0.0,0.0,,1
상품,신발(뉴발란스),SC 레벨,NBPFGB721I,로드,신발,235,NBPFGB721I(235),,,여성,개,26FW,,2026-08-07,2026-08-07,0.00,"142,450.00","142,450.00",사용,40479,1,4,-4,0,6,0,0.0,0.0,0.0,0,0,1,0.0,0.0,,1
상품,신발(뉴발란스),SC 레벨,NBPFGB721I,로드,신발,240,NBPFGB721I(240),,,여성,개,26FW,,2026-08-07,2026-08-07,0.00,"142,450.00","142,450.00",사용,40480,1,4,-4,0,6,0,0.0,0.0,0.0,0,0,1,0.0,0.0,,1
상품,신발(뉴발란스),SC 레벨,NBPFGB721I,로드,신발,245,NBPFGB721I(245),,,여성,개,26FW,,2026-08-07,2026-08-07,0.00,"142,450.00","142,450.00",사용,40481,1,4,-4,0,6,0,0.0,0.0,0.0,0,0,1,0.0,0.0,,1
상품,신발(뉴발란스),SC 레벨,NBPFGB721I,로드,신발,250,NBPFGB721I(250),,,여성,개,26FW,,2026-08-07,2026-08-07,0.00,"142,450.00","142,450.00",사용,40482,1,4,-4,0,6,0,0.0,0.0,0.0,0,0,1,0.0,0.0,,1
상품,신발(뉴발란스),레벨 V5,NBPFGB723B,로드,신발,230,NBPFGB723B(230),,,여성,개,26FW,,2026-07-03,2026-07-03,"189,000.00","103,950.00","207,900.00",사용,39895,2,2,-2,1,6,0,0.0,0.0,0.0,0,0,2,0.0,0.0,NBPFGB723B19230,2
상품,신발(뉴발란스),레벨 V5,NBPFGB723B,로드,신발,235,NBPFGB723B(235),,,여성,개,26FW,,2026-07-03,2026-07-03,"189,000.00","103,950.00","207,900.00",사용,39896,2,2,-2,1,6,0,0.0,0.0,0.0,0,0,2,0.0,0.0,NBPFGB723B19235,2
상품,신발(뉴발란스),레벨 V5,NBPFGB723B,로드,신발,240,NBPFGB723B(240),,,여성,개,26FW,,2026-07-03,2026-07-03,"189,000.00","103,950.00","207,900.00",사용,39897,2,2,-2,1,6,0,0.0,0.0,0.0,0,0,2,0.0,0.0,NBPFGB723B19240,2
상품,신발(뉴발란스),레벨 V5,NBPFGB723B,로드,신발,245,NBPFGB723B(245),,,여성,개,26FW,,2026-07-03,2026-07-03,"189,000.00","103,950.00","207,900.00",사용,39898,2,2,-2,1,6,0,0.0,0.0,0.0,0,0,2,0.0,0.0,NBPFGB723B19245,2
상품,신발(뉴발란스),레벨 V5,NBPFGB723B,로드,신발,250,NBPFGB723B(250),,,여성,개,26FW,,2026-07-03,2026-07-03,"189,000.00","103,950.00","207,900.00",사용,39899,2,2,-2,1,6,0,0.0,0.0,0.0,0,0,2,0.0,0.0,NBPFGB723B19250,2
상품,신발(뉴발란스),엘립스 V1 (2E),NBPFGB730K,로드,신발,255,NBPFGB730K(255),,,,개,26FW,,2026-07-23,2026-07-23,0.00,"114,950.00","114,950.00",사용,40060,1,5,-5,1,6,0,0.0,0.0,0.0,0,0,1,0.0,0.0,,1
상품,신발(뉴발란스),엘립스 V1 (2E),NBPFGB730K,로드,신발,260,NBPFGB730K(260),,,,개,26FW,,2026-07-23,2026-07-23,0.00,"114,950.00","114,950.00",사용,40061,1,5,-5,1,6,0,0.0,0.0,0.0,0,0,1,0.0,0.0,,1
상품,신발(뉴발란스),엘립스 V1 (2E),NBPFGB730K,로드,신발,265,NBPFGB730K(265),,,,개,26FW,,2026-07-23,2026-07-23,0.00,"114,950.00","229,900.00",사용,40062,2,10,-10,1,12,0,0.0,0.0,0.0,0,0,2,0.0,0.0,,2
상품,신발(뉴발란스),엘립스 V1 (2E),NBPFGB730K,로드,신발,270,NBPFGB730K(270),,,,개,26FW,,2026-07-23,2026-07-23,0.00,"114,950.00","229,900.00",사용,40063,2,10,-10,1,12,0,0.0,0.0,0.0,0,0,2,0.0,0.0,,2
상품,신발(뉴발란스),엘립스 V1 (2E),NBPFGB730K,로드,신발,275,NBPFGB730K(275),,,,개,26FW,,2026-07-23,2026-07-23,0.00,"114,950.00","229,900.00",사용,40064,2,10,-10,1,12,0,0.0,0.0,0.0,0,0,2,0.0,0.0,,2
상품,신발(뉴발란스),엘립스 V1 (2E),NBPFGB730K,로드,신발,280,NBPFGB730K(280),,,,개,26FW,,2026-07-23,2026-07-23,0.00,"114,950.00","114,950.00",사용,40065,1,5,-5,1,6,0,0.0,0.0,0.0,0,0,1,0.0,0.0,,1
상품,신발(뉴발란스),엘립스 V1 (2E),NBPFGB730K,로드,신발,285,NBPFGB730K(285),,,,개,26FW,,2026-07-23,2026-07-23,0.00,"114,950.00","114,950.00",사용,40066,1,5,-5,1,6,0,0.0,0.0,0.0,0,0,1,0.0,0.0,,1
상품,신발(뉴발란스),1080 V15 (D),NBPFGS104L,로드,신발,245,NBPFGS104L(245),OG컬러,132561499,여성,개,26SS,,2026-01-14,2026-01-14,"209,000.00","114,950.00","114,950.00",사용,31029,1,0,0,7,6,0,0.0,0.0,0.0,0,0,1,0.0,0.0,NBPFGB104L16245,1
상품,신발(뉴발란스),엘립스 V1 (2E),NBPFGS112J,로드,신발,250,NBPFGS112J(250),,133160846,남성,개,26SS,,2026-03-17,2026-03-17,"189,000.00","103,950.00","103,950.00",사용,31135,1,2,-2,5,6,0,0.0,0.0,0.0,0,0,1,0.0,0.0,198688582151,1
상품,신발(뉴발란스),엘립스 V1 (2E),NBPFGS112J,로드,신발,255,NBPFGS112J(255),,133160846,남성,개,26SS,,2026-03-17,2026-03-17,"189,000.00","103,950.00","207,900.00",사용,31136,2,0,0,5,6,0,0.0,0.0,0.0,0,0,2,0.0,0.0,198688582267,2
상품,신발(뉴발란스),엘립스 V1 (2E),NBPFGS112J,로드,신발,260,NBPFGS112J(260),,133160846,남성,개,26SS,,2026-03-17,2026-03-17,"189,000.00","103,950.00","207,900.00",사용,31137,2,2,-2,5,6,0,0.0,0.0,0.0,0,0,2,0.0,0.0,198688582366,2
상품,신발(뉴발란스),엘립스 V1 (2E),NBPFGS112J,로드,신발,265,NBPFGS112J(265),,133160846,남성,개,26SS,,2026-03-17,2026-03-17,"189,000.00","103,950.00","207,900.00",사용,31138,2,7,-7,5,12,0,0.0,0.0,0.0,0,1,1,0.0,0.0,198688582441,2
상품,신발(뉴발란스),엘립스 V1 (2E),NBPFGS112J,로드,신발,270,NBPFGS112J(270),,133160846,남성,개,26SS,,2026-03-17,2026-03-17,"189,000.00","103,950.00","207,900.00",사용,31139,2,6,-6,5,12,0,0.0,0.0,0.0,0,0,2,0.0,0.0,198688582533,2
상품,신발(뉴발란스),엘립스 V1 (2E),NBPFGS112J,로드,신발,275,NBPFGS112J(275),,133160846,남성,개,26SS,,2026-03-17,2026-03-17,"189,000.00","103,950.00","207,900.00",사용,31140,2,7,-7,5,12,0,0.0,0.0,0.0,0,0,2,0.0,0.0,198688582632,2
상품,신발(뉴발란스),엘립스 V1 (2E),NBPFGS112T,로드,신발,250,NBPFGS112T(250),,133217739,남성,개,26SS,,2026-03-18,2026-03-18,"189,000.00","103,950.00","103,950.00",사용,31156,1,4,-4,5,12,0,0.0,0.0,0.0,0,1,0,0.0,0.0,NBPFGB112T19250,1
상품,신발(뉴발란스),엘립스 V1 (2E),NBPFGS112T,로드,신발,255,NBPFGS112T(255),,133217739,남성,개,26SS,,2026-03-18,2026-03-18,"189,000.00","103,950.00","103,950.00",사용,31157,1,4,-4,5,12,0,0.0,0.0,0.0,0,0,1,0.0,0.0,NBPFGB112T19255,1
상품,신발(뉴발란스),엘립스 V1 (2E),NBPFGS112T,로드,신발,260,NBPFGS112T(260),,133217739,남성,개,26SS,,2026-03-18,2026-03-18,"189,000.00","103,950.00","415,800.00",사용,31158,4,6,-6,5,18,1,5.5,6.8,1.6,0,0,4,6.8,1.6,NBPFGB112T19260,4
상품,신발(뉴발란스),엘립스 V1 (2E),NBPFGS112T,로드,신발,265,NBPFGS112T(265),,133217739,남성,개,26SS,,2026-03-18,2026-03-18,"189,000.00","103,950.00","207,900.00",사용,31159,2,4,-4,5,18,1,5.5,3.4,0.8,0,0,2,3.4,0.8,NBPFGB112T19265,2
상품,신발(뉴발란스),엘립스 V1 (2E),NBPFGS112T,로드,신발,270,NBPFGS112T(270),,133217739,남성,개,26SS,,2026-03-18,2026-03-18,"189,000.00","103,950.00","311,850.00",사용,31160,3,6,-6,5,18,0,0.0,0.0,0.0,0,0,3,0.0,0.0,NBPFGB112T19270,3
상품,신발(뉴발란스),엘립스 V1 (2E),NBPFGS112T,로드,신발,275,NBPFGS112T(275),,133217739,남성,개,26SS,,2026-03-18,2026-03-18,"189,000.00","103,950.00","311,850.00",사용,31161,3,4,-4,5,18,0,0.0,0.0,0.0,0,0,3,0.0,0.0,NBPFGB112T19275,3
상품,신발(뉴발란스),엘립스 V1 (2E),NBPFGS112T,로드,신발,280,NBPFGS112T(280),,133217739,남성,개,26SS,,2026-03-18,2026-03-18,"189,000.00","103,950.00","103,950.00",사용,31162,1,5,-5,5,12,1,8.3,1.7,0.4,0,0,1,1.7,0.4,NBPFGB112T19280,1
상품,신발(뉴발란스),엘립스 V1 (2E),NBPFGS112T,로드,신발,285,NBPFGS112T(285),,133217739,남성,개,26SS,,2026-03-18,2026-03-18,"189,000.00","103,950.00","207,900.00",사용,31163,2,0,0,5,6,1,16.6,3.4,0.8,0,0,2,3.4,0.8,NBPFGB112T19285,2
상품,신발(뉴발란스),엘립스 V1 (2E),NBPFGS112T,로드,신발,290,NBPFGS112T(290),,133217739,남성,개,26SS,,2026-03-18,2026-03-18,"189,000.00","103,950.00","103,950.00",사용,31164,1,3,-3,5,6,0,0.0,0.0,0.0,0,1,0,0.0,0.0,NBPFGB112T19290,1
상품,신발(뉴발란스),엘립스 V1 (D),NBPFGS113T,로드,신발,230,NBPFGS113T(230),,133217732,여성,개,26SS,,2026-03-18,2026-03-18,"189,000.00","103,950.00","207,900.00",사용,31173,2,7,-7,5,12,1,8.3,3.4,0.8,0,0,2,3.4,0.8,NBPFGB113T19230,2
상품,신발(뉴발란스),엘립스 V1 (D),NBPFGS113T,로드,신발,235,NBPFGS113T(235),,133217732,여성,개,26SS,,2026-03-18,2026-03-18,"189,000.00","103,950.00","311,850.00",사용,31174,3,6,-6,5,12,2,16.6,2.5,0.6,0,0,3,2.5,0.6,NBPFGB113T19235,3
상품,신발(뉴발란스),엘립스 V1 (D),NBPFGS113T,로드,신발,240,NBPFGS113T(240),,133217732,여성,개,26SS,,2026-03-18,2026-03-18,"189,000.00","103,950.00","207,900.00",사용,31175,2,10,-10,5,18,0,0.0,0.0,0.0,0,0,2,0.0,0.0,NBPFGB113T19240,2
상품,신발(뉴발란스),엘립스 V1 (D),NBPFGS113T,로드,신발,245,NBPFGS113T(245),,133217732,여성,개,26SS,,2026-03-18,2026-03-18,"189,000.00","103,950.00","103,950.00",사용,31176,1,5,-5,5,12,0,0.0,0.0,0.0,0,0,1,0.0,0.0,NBPFGB113T19245,1
상품,신발(뉴발란스),엘립스 V1 (D),NBPFGS113T,로드,신발,250,NBPFGS113T(250),,133217732,여성,개,26SS,,2026-03-18,2026-03-18,"189,000.00","103,950.00","103,950.00",사용,31177,1,3,-3,5,6,0,0.0,0.0,0.0,0,0,1,0.0,0.0,NBPFGB113T19250,1
상품,신발(뉴발란스),엘립스 V1 (D),NBPFGS113Y,로드,신발,240,NBPFGS113Y(240),,133217634,여성,개,26SS,,2026-03-18,2026-03-18,"189,000.00","103,950.00","103,950.00",사용,31238,1,2,-2,5,6,0,0.0,0.0,0.0,0,0,1,0.0,0.0,NBPFGB113Y19240,1
상품,신발(뉴발란스),레벨 V5 (2E),NBPFGS163E,레이싱,신발,250,NBPFGS163E(250),,132563102,남성,개,26SS,,2026-01-14,2026-01-14,"189,000.00","103,950.00","207,900.00",사용,31072,2,0,0,7,6,0,0.0,0.0,0.0,0,0,2,0.0,0.0,NBPFGB163E49250,2
상품,신발(뉴발란스),레벨 V5 (2E),NBPFGS163E,레이싱,신발,255,NBPFGS163E(255),,132563102,남성,개,26SS,,2026-01-14,2026-01-14,"189,000.00","103,950.00","103,950.00",사용,31073,1,0,0,7,6,0,0.0,0.0,0.0,0,0,1,0.0,0.0,NBPFGB163E49255,1
상품,신발(뉴발란스),레벨 V5 (2E),NBPFGS163E,레이싱,신발,260,NBPFGS163E(260),,132563102,남성,개,26SS,,2026-01-14,2026-01-14,"189,000.00","103,950.00","207,900.00",사용,31074,2,1,-1,7,12,0,0.0,0.0,0.0,0,0,2,0.0,0.0,NBPFGB163E49260,2
상품,신발(뉴발란스),레벨 V5 (2E),NBPFGS163E,레이싱,신발,265,NBPFGS163E(265),,132563102,남성,개,26SS,,2026-01-14,2026-01-14,"189,000.00","103,950.00","207,900.00",사용,31075,2,2,-2,7,18,1,5.5,3.4,0.8,0,0,2,3.4,0.8,NBPFGB163E49265,2
상품,신발(뉴발란스),레벨 V5 (2E),NBPFGS163E,레이싱,신발,270,NBPFGS163E(270),,132563102,남성,개,26SS,,2026-01-14,2026-01-14,"189,000.00","103,950.00","103,950.00",사용,31076,1,1,-1,7,18,0,0.0,0.0,0.0,0,0,1,0.0,0.0,NBPFGB163E49270,1
상품,신발(뉴발란스),레벨 V5 (2E),NBPFGS163E,레이싱,신발,275,NBPFGS163E(275),,132563102,남성,개,26SS,,2026-01-14,2026-01-14,"189,000.00","103,950.00","103,950.00",사용,31077,1,1,-1,7,12,0,0.0,0.0,0.0,0,0,1,0.0,0.0,NBPFGB163E49275,1
상품,신발(뉴발란스),레벨 V5 (2E),NBPFGS163E,레이싱,신발,285,NBPFGS163E(285),,132563102,남성,개,26SS,,2026-01-14,2026-01-14,"189,000.00","103,950.00","207,900.00",사용,31079,2,0,0,7,6,0,0.0,0.0,0.0,0,0,2,0.0,0.0,NBPFGB163E49285,2
상품,신발(뉴발란스),레벨 V5 (2E),NBPFGS163J,레이싱,신발,250,NBPFGS163J(250),,132563101,남성,개,26SS,,2026-01-14,2026-01-14,"189,000.00","103,950.00","207,900.00",사용,31093,2,2,-2,7,6,0,0.0,0.0,0.0,0,0,2,0.0,0.0,NBPFGB163J45250,2
상품,신발(뉴발란스),레벨 V5 (2E),NBPFGS163J,레이싱,신발,255,NBPFGS163J(255),,132563101,남성,개,26SS,,2026-01-14,2026-01-14,"189,000.00","103,950.00","207,900.00",사용,31094,2,3,-3,7,6,0,0.0,0.0,0.0,0,0,2,0.0,0.0,NBPFGB163J45255,2
상품,신발(뉴발란스),레벨 V5 (2E),NBPFGS163J,레이싱,신발,260,NBPFGS163J(260),,132563101,남성,개,26SS,,2026-01-14,2026-01-14,"189,000.00","103,950.00","207,900.00",사용,31095,2,1,-1,7,3,0,0.0,0.0,0.0,0,0,2,0.0,0.0,NBPFGB163J45260,2
상품,신발(뉴발란스),레벨 V5 (2E),NBPFGS163J,레이싱,신발,265,NBPFGS163J(265),,132563101,남성,개,26SS,,2026-01-14,2026-01-14,"189,000.00","103,950.00","103,950.00",사용,31096,1,2,-2,7,6,0,0.0,0.0,0.0,0,0,1,0.0,0.0,NBPFGB163J45265,1
상품,신발(뉴발란스),레벨 V5 (2E),NBPFGS163J,레이싱,신발,270,NBPFGS163J(270),,132563101,남성,개,26SS,,2026-01-14,2026-01-14,"189,000.00","103,950.00","103,950.00",사용,31097,1,1,-1,7,6,0,0.0,0.0,0.0,0,0,1,0.0,0.0,NBPFGB163J45270,1
상품,신발(뉴발란스),레벨 V5 (2E),NBPFGS163J,레이싱,신발,275,NBPFGS163J(275),,132563101,남성,개,26SS,,2026-01-14,2026-01-14,"189,000.00","103,950.00","207,900.00",사용,31098,2,3,-3,7,6,0,0.0,0.0,0.0,0,0,2,0.0,0.0,NBPFGB163J45275,2
상품,신발(뉴발란스),레벨 V5 (2E),NBPFGS163J,레이싱,신발,280,NBPFGS163J(280),,132563101,남성,개,26SS,,2026-01-14,2026-01-14,"189,000.00","103,950.00","207,900.00",사용,31099,2,2,-2,7,6,0,0.0,0.0,0.0,0,0,2,0.0,0.0,NBPFGB163J45280,2
상품,의류(노말),레이스 티셔츠 02,NC2TS1M-001,반팔티셔츠,의류,M,NC2TS1M-001(M),,133528919,남성,개,26SS,,2026-05-07,2026-05-07,"128,000.00","76,800.00","76,800.00",사용,32669,1,0,0,3,2,0,0.0,0.0,0.0,0,0,1,0.0,0.0,261NC2TS1M-001001M,1
상품,의류(노말),레이스 티셔츠 02,NC2TS1M-001,반팔티셔츠,의류,S,NC2TS1M-001(S),,133528919,남성,개,26SS,,2026-05-07,2026-05-07,"128,000.00","76,800.00","76,800.00",사용,32668,1,0,0,3,1,0,0.0,0.0,0.0,0,0,1,0.0,0.0,261NC2TS1M-001001S,1
상품,의류(노말),레이스 티셔츠 02,NC2TS1M-003,반팔티셔츠,의류,L,NC2TS1M-003(L),,133528873,남성,개,26SS,,2026-05-07,2026-05-07,"128,000.00","76,800.00","76,800.00",사용,34541,1,0,0,3,2,0,0.0,0.0,0.0,0,0,1,0.0,0.0,261NC2TS1M-003025L,1
상품,의류(노말),레이스 티셔츠 02,NC2TS1M-003,반팔티셔츠,의류,S,NC2TS1M-003(S),,133528873,남성,개,26SS,,2026-05-07,2026-05-07,"128,000.00","76,800.00","76,800.00",사용,34539,1,0,0,3,1,0,0.0,0.0,0.0,0,0,1,0.0,0.0,261NC2TS1M-003025S,1
상품,의류(노말),레이스 티셔츠 02,NC2TS1M-003,반팔티셔츠,의류,XL,NC2TS1M-003(XL),,133528873,남성,개,26SS,,2026-05-07,2026-05-07,"128,000.00","76,800.00","76,800.00",사용,34542,1,0,0,3,1,0,0.0,0.0,0.0,0,0,1,0.0,0.0,261NC2TS1M-003025XL,1
상품,의류(노말),레이스 티셔츠 02,NC2TS1W-001,반팔티셔츠,의류,S,NC2TS1W-001(S),,133528752,여성,개,26SS,,2026-05-07,2026-05-07,"128,000.00","76,800.00","76,800.00",사용,32694,1,1,-1,3,2,0,0.0,0.0,0.0,0,0,1,0.0,0.0,261NC2TS1W-001001S,1
상품,의류(노말),레이스 티셔츠 02,NC2TS1W-001,반팔티셔츠,의류,XS,NC2TS1W-001(XS),,133528752,여성,개,26SS,,2026-05-07,2026-05-07,"128,000.00","76,800.00","76,800.00",사용,32693,1,0,0,3,2,0,0.0,0.0,0.0,0,0,1,0.0,0.0,261NC2TS1W-001001XS,1
상품,의류(노말),레이스 티셔츠 02,NC2TS1W-004,반팔티셔츠,의류,M,NC2TS1W-004(M),,133528344,여성,개,26SS,,2026-05-07,2026-05-07,"128,000.00","76,800.00","76,800.00",사용,32708,1,0,0,3,1,0,0.0,0.0,0.0,0,0,1,0.0,0.0,261NC2TS1W-004002M,1
상품,의류(노말),레이스 티셔츠 02,NC2TS1W-004,반팔티셔츠,의류,S,NC2TS1W-004(S),,133528344,여성,개,26SS,,2026-05-07,2026-05-07,"128,000.00","76,800.00","76,800.00",사용,32707,1,1,-1,3,2,0,0.0,0.0,0.0,0,0,1,0.0,0.0,261NC2TS1W-004002S,1
상품,의류(노말),레이스 티셔츠 02,NC2TS1W-004,반팔티셔츠,의류,XS,NC2TS1W-004(XS),,133528344,여성,개,26SS,,2026-05-07,2026-05-07,"128,000.00","76,800.00","76,800.00",사용,32706,1,1,-1,3,2,0,0.0,0.0,0.0,0,0,1,0.0,0.0,261NC2TS1W-004002XS,1
상품,의류(노말),레이스 쇼츠 02,NC4SH1M-003,반바지,의류,L,NC4SH1M-003(L),,133528264,남성,개,26SS,,2026-05-07,2026-05-07,"198,000.00","118,800.00","118,800.00",사용,32722,1,0,0,3,2,0,0.0,0.0,0.0,0,0,1,0.0,0.0,261NC4SH1M-003001L,1
상품,의류(노말),레이스 쇼츠 02,NC4SH1M-003,반바지,의류,M,NC4SH1M-003(M),,133528264,남성,개,26SS,,2026-05-07,2026-05-07,"198,000.00","118,800.00","118,800.00",사용,32721,1,0,0,3,2,0,0.0,0.0,0.0,0,0,1,0.0,0.0,261NC4SH1M-003001M,1
상품,의류(노말),레이스 쇼츠 02,NC4SH1W-001,반바지,의류,M,NC4SH1W-001(M),,133527963,여성,개,26SS,,2026-05-07,2026-05-07,"198,000.00","118,800.00","118,800.00",사용,32729,1,0,0,3,1,0,0.0,0.0,0.0,0,0,1,0.0,0.0,261NC4SH1W-001001M,1
상품,의류(노말),레이스 쇼츠 02,NC4SH1W-001,반바지,의류,S,NC4SH1W-001(S),,133527963,여성,개,26SS,,2026-05-07,2026-05-07,"198,000.00","118,800.00","118,800.00",사용,32728,1,1,-1,3,2,0,0.0,0.0,0.0,0,0,1,0.0,0.0,261NC4SH1W-001001S,1
상품,의류(노말),레이스 쇼츠 02,NC4SH1W-001,반바지,의류,XS,NC4SH1W-001(XS),,133527963,여성,개,26SS,,2026-05-07,2026-05-07,"198,000.00","118,800.00","118,800.00",사용,32727,1,0,0,3,2,1,50.0,1.7,0.4,0,0,1,1.7,0.4,261NC4SH1W-001001XS,1
상품,의류(세이스카이),스트라이프 컴뱃 티셔츠,NMRSS31C008,반팔티셔츠,의류,XL,NMRSS31C008(XL),,128954760,남성,개,25SS,,2025-03-12,2025-03-12,"130,000.00","78,000.00","78,000.00",사용,17731,1,1,-1,17,4,0,0.0,0.0,0.0,0,0,1,0.0,0.0,5713645142299,1
상품,신발(노말),카디,NS4CD1M-001,트레일,신발,270,NS4CD1M-001(270),,133192080,남성,개,26SS,,2026-03-19,2026-03-19,"234,000.00","143,000.00","286,000.00",사용,32617,2,0,0,5,5,0,0.0,0.0,0.0,0,0,2,0.0,0.0,261NS4CD1M-0010019,2
상품,신발(노말),카디,NS4CD1M-001,트레일,신발,275,NS4CD1M-001(275),,133192080,남성,개,26SS,,2026-03-19,2026-03-19,"234,000.00","143,000.00","143,000.00",사용,32618,1,0,0,5,5,0,0.0,0.0,0.0,0,0,1,0.0,0.0,261NS4CD1M-0010019.5,1
상품,신발(노말),카디,NS4CD1M-001,트레일,신발,280,NS4CD1M-001(280),,133192080,남성,개,26SS,,2026-03-19,2026-03-19,"234,000.00","143,000.00","143,000.00",사용,32619,1,0,0,5,3,0,0.0,0.0,0.0,0,0,1,0.0,0.0,261NS4CD1M-00100110,1
상품,신발(노말),카디,NS4CD1M-001,트레일,신발,285,NS4CD1M-001(285),,133192080,남성,개,26SS,,2026-03-19,2026-03-19,"234,000.00","143,000.00","143,000.00",사용,32620,1,0,0,5,1,0,0.0,0.0,0.0,0,0,1,0.0,0.0,261NS4CD1M-00100110.5,1
상품,신발(노말),카디,NS4CD1W-002,트레일,신발,230,NS4CD1W-002(230),,133191955,"남,여",개,26SS,,2026-03-19,2026-03-19,"234,000.00","143,000.00","143,000.00",사용,32651,1,0,0,5,1,0,0.0,0.0,0.0,0,0,1,0.0,0.0,261NS4CD1W-0020025,1
상품,신발(노말),카디,NS4CD1W-002,트레일,신발,235,NS4CD1W-002(235),,133191955,"남,여",개,26SS,,2026-03-19,2026-03-19,"234,000.00","143,000.00","143,000.00",사용,32652,1,0,0,5,1,0,0.0,0.0,0.0,0,0,1,0.0,0.0,261NS4CD1W-0020025.5,1
상품,신발(노말),카디,NS4CD1W-002,트레일,신발,240,NS4CD1W-002(240),,133191955,"남,여",개,26SS,,2026-03-19,2026-03-19,"234,000.00","143,000.00","143,000.00",사용,32653,1,0,0,5,1,0,0.0,0.0,0.0,0,0,1,0.0,0.0,261NS4CD1W-0020026,1
상품,용품(증정품),온러닝 폴딩방석(비매품),ON-PD01,기타,용품,1SIZE,ON-PD01(1SIZE),,,,개,25SS,2025-02-14,2025-02-14,2025-02-14,0.00,"9,295.00","1,394,250.00",사용,17232,150,0,0,18,150,0,0.0,0.0,0.0,0,0,150,0.0,0.0,,150
상품,용품(컴프레스포트),프로 마라톤 삭스 V2.0,PRO MARATHON SOCKS V2.0-WHITE.BLACK,양말,용품,T2,PRO MARATHON SOCKS V2.0-WHITE.BLACK(T2),,131709870,공용,개,25SS,,2025-03-17,2025-03-17,"33,000.00","21,450.00","128,700.00",사용,18210,6,0,0,17,30,0,0.0,0.0,0.0,0,0,6,0.0,0.0,7630102562552,6
상품,의류(블랙다이아몬드),디플로이 3L 쉘 MENS,QAMAP745057-Black,재킷,의류,L,QAMAP745057-Black(L),,133194786,남성,개,26SS,,2026-03-18,2026-03-18,"580,000.00","299,750.00","299,750.00",사용,32452,1,1,-1,5,3,0,0.0,0.0,0.0,0,0,1,0.0,0.0,QAMAP7450570002LRG,1
상품,의류(블랙다이아몬드),디플로이 3L 쉘 MENS,QAMAP745057-Black,재킷,의류,M,QAMAP745057-Black(M),,133194786,남성,개,26SS,,2026-03-18,2026-03-18,"580,000.00","299,750.00","299,750.00",사용,32451,1,1,-1,5,3,0,0.0,0.0,0.0,0,0,1,0.0,0.0,QAMAP7450570002MED,1
상품,의류(블랙다이아몬드),디플로이 3L 쉘 MENS,QAMAP745057-Black,재킷,의류,S,QAMAP745057-Black(S),,133194786,남성,개,26SS,,2026-03-18,2026-03-18,"580,000.00","299,750.00","299,750.00",사용,32450,1,1,-1,5,2,0,0.0,0.0,0.0,0,0,1,0.0,0.0,QAMAP7450570002SML,1
상품,의류(블랙다이아몬드),디플로이 3L 쉘 MENS,QAMAP745057-Black,재킷,의류,XL,QAMAP745057-Black(XL),,133194786,남성,개,26SS,,2026-03-18,2026-03-18,"580,000.00","299,750.00","299,750.00",사용,32453,1,1,-1,5,2,0,0.0,0.0,0.0,0,0,1,0.0,0.0,QAMAP7450570002XLG,1
상품,용품(기타),레이스먼트 상품권 (5만원),RM-GC05,기타,용품,1SIZE,RM-GC05(1SIZE),,,공용,개,25FW,,2025-12-17,2025-12-17,"50,000.00",554.00,"6,648.00",사용,27710,12,0,0,8,700,0,0.0,0.0,0.0,0,0,12,0.0,0.0,,12
상품,용품(기타),레이스먼트 상품권 (10만원),RM-GC10,기타,용품,1SIZE,RM-GC10(1SIZE),,,공용,개,25FW,,2025-12-17,2025-12-17,"100,000.00",554.00,"7,756.00",사용,27719,14,0,0,8,250,0,0.0,0.0,0.0,0,0,14,0.0,0.0,,14
상품,의류(기타),레이스먼트 1주년 기념 러닝티셔츠(비매품),RM-T001-BK,반팔티셔츠,의류,L,RM-T001-BK(L),,,남성,개,25FW,,2025-08-28,2025-08-28,0.00,"26,620.00","1,916,640.00",사용,24424,72,0,0,12,120,0,0.0,0.0,0.0,0,0,72,0.0,0.0,,72
상품,의류(기타),레이스먼트 1주년 기념 러닝티셔츠(비매품),RM-T001-BK,반팔티셔츠,의류,M,RM-T001-BK(M),,,남성,개,25FW,,2025-08-28,2025-08-28,0.00,"26,620.00","559,020.00",사용,24423,21,0,0,12,60,0,0.0,0.0,0.0,0,0,21,0.0,0.0,,21
상품,의류(기타),레이스먼트 1주년 기념 러닝티셔츠(비매품),RM-T001-BK,반팔티셔츠,의류,XL,RM-T001-BK(XL),,,남성,개,25FW,,2025-08-28,2025-08-28,0.00,"26,620.00","26,620.00",사용,24425,1,0,0,12,20,0,0.0,0.0,0.0,0,0,1,0.0,0.0,,1
상품,용품(증정품),레이스먼트 폴딩방석(비매품),RN-PD01,기타,용품,1SIZE,RN-PD01(1SIZE),,,,개,25SS,2025-02-14,2025-02-14,2025-02-14,0.00,"9,295.00","1,394,250.00",사용,17239,150,0,0,18,150,0,0.0,0.0,0.0,0,0,150,0.0,0.0,,150
상품,신발(써코니),허리케인 26,S101098-1024,로드,신발,250,S101098-1024(250),,136418770,남성,개,26FW,,2026-07-27,2026-07-27,"209,000.00","114,950.00","114,950.00",사용,37712,1,1,-1,1,3,0,0.0,0.0,0.0,0,0,1,0.0,0.0,195021979098,1
상품,신발(써코니),허리케인 26,S101098-1024,로드,신발,255,S101098-1024(255),,136418770,남성,개,26FW,,2026-07-27,2026-07-27,"209,000.00","114,950.00","114,950.00",사용,37713,1,2,-2,1,4,0,0.0,0.0,0.0,0,0,1,0.0,0.0,195021979104,1
상품,신발(써코니),허리케인 26,S101098-1024,로드,신발,260,S101098-1024(260),,136418770,남성,개,26FW,,2026-07-27,2026-07-27,"209,000.00","114,950.00","114,950.00",사용,37714,1,3,-3,1,6,2,33.3,0.8,0.2,0,0,1,0.8,0.2,195021979111,1
상품,신발(써코니),허리케인 26,S101098-1024,로드,신발,265,S101098-1024(265),,136418770,남성,개,26FW,,2026-07-27,2026-07-27,"209,000.00","114,950.00","229,900.00",사용,37715,2,4,-4,1,7,0,0.0,0.0,0.0,0,0,2,0.0,0.0,195021979128,2
상품,신발(써코니),허리케인 26,S101098-1024,로드,신발,270,S101098-1024(270),,136418770,남성,개,26FW,,2026-07-27,2026-07-27,"209,000.00","114,950.00","229,900.00",사용,37716,2,4,-4,1,7,0,0.0,0.0,0.0,0,0,2,0.0,0.0,195021979135,2
상품,신발(써코니),허리케인 26,S101098-1024,로드,신발,280,S101098-1024(280),,136418770,남성,개,26FW,,2026-07-27,2026-07-27,"209,000.00","114,950.00","114,950.00",사용,37718,1,1,-1,1,4,1,25.0,1.7,0.4,0,0,1,1.7,0.4,195021979159,1
상품,신발(써코니),허리케인 26,S101098-1024,로드,신발,285,S101098-1024(285),,136418770,남성,개,26FW,,2026-07-27,2026-07-27,"209,000.00","114,950.00","114,950.00",사용,37719,1,2,-2,1,3,0,0.0,0.0,0.0,0,0,1,0.0,0.0,195021979166,1
상품,신발(써코니),허리케인 26,S101106-1008,로드,신발,230,S101106-1008(230),,136418767,여성,개,26FW,,2026-07-27,2026-07-27,"209,000.00","114,950.00","114,950.00",사용,37730,1,1,-1,1,3,0,0.0,0.0,0.0,0,0,1,0.0,0.0,195021958727,1
상품,신발(써코니),허리케인 26,S101106-1008,로드,신발,235,S101106-1008(235),,136418767,여성,개,26FW,,2026-07-27,2026-07-27,"209,000.00","114,950.00","114,950.00",사용,37731,1,3,-3,1,5,0,0.0,0.0,0.0,0,0,1,0.0,0.0,195021958727,1
상품,신발(써코니),허리케인 26,S101106-1008,로드,신발,240,S101106-1008(240),,136418767,여성,개,26FW,,2026-07-27,2026-07-27,"209,000.00","114,950.00","229,900.00",사용,37732,2,3,-3,1,7,0,0.0,0.0,0.0,0,0,2,0.0,0.0,195021958734,2
상품,신발(써코니),허리케인 26,S101106-1008,로드,신발,250,S101106-1008(250),,136418767,여성,개,26FW,,2026-07-27,2026-07-27,"209,000.00","114,950.00","114,950.00",사용,37734,1,2,-2,1,4,0,0.0,0.0,0.0,0,0,1,0.0,0.0,195021958758,1
상품,신발(써코니),엔돌핀 프로 5,S101308-1006,레이싱,신발,230,S101308-1006(230),,133863779,여성,개,26FW,,2026-06-23,2026-06-23,"299,000.00","164,450.00","164,450.00",사용,37554,1,1,-1,2,3,0,0.0,0.0,0.0,0,0,1,0.0,0.0,195021961123,1
상품,신발(써코니),엔돌핀 프로 5,S101308-1006,레이싱,신발,235,S101308-1006(235),,133863779,여성,개,26FW,,2026-06-23,2026-06-23,"299,000.00","164,450.00","164,450.00",사용,37555,1,2,-2,2,5,0,0.0,0.0,0.0,0,0,1,0.0,0.0,195021961130,1
상품,신발(써코니),엔돌핀 프로 5,S101308-1006,레이싱,신발,245,S101308-1006(245),,133863779,여성,개,26FW,,2026-06-23,2026-06-23,"299,000.00","164,450.00","328,900.00",사용,37557,2,4,-4,2,8,0,0.0,0.0,0.0,0,0,2,0.0,0.0,195021961154,2
상품,신발(써코니),엔돌핀 아주라,S101329-1041,로드,신발,250,S101329-1041(250),,133863883,남성,개,26FW,,2026-06-23,2026-06-23,"189,000.00","103,950.00","103,950.00",사용,37668,1,3,-3,2,5,0,0.0,0.0,0.0,0,0,1,0.0,0.0,195021981497,1
상품,신발(써코니),엔돌핀 아주라,S101329-1041,로드,신발,265,S101329-1041(265),,133863883,남성,개,26FW,,2026-06-23,2026-06-23,"189,000.00","103,950.00","103,950.00",사용,37671,1,3,-3,2,10,0,0.0,0.0,0.0,0,0,1,0.0,0.0,195021981527,1
상품,신발(써코니),엔돌핀 아주라,S101329-1041,로드,신발,270,S101329-1041(270),,133863883,남성,개,26FW,,2026-06-23,2026-06-23,"189,000.00","103,950.00","103,950.00",사용,37672,1,3,-3,2,11,2,18.1,0.8,0.2,0,0,1,0.8,0.2,195021981534,1
상품,신발(써코니),엔돌핀 아주라,S101329-1041,로드,신발,275,S101329-1041(275),,133863883,남성,개,26FW,,2026-06-23,2026-06-23,"189,000.00","103,950.00","103,950.00",사용,37673,1,4,-4,2,10,0,0.0,0.0,0.0,0,0,1,0.0,0.0,195021981541,1
상품,신발(써코니),엔돌핀 아주라,S101329-1041,로드,신발,280,S101329-1041(280),,133863883,남성,개,26FW,,2026-06-23,2026-06-23,"189,000.00","103,950.00","103,950.00",사용,37674,1,2,-2,2,7,1,14.2,1.7,0.4,0,0,1,1.7,0.4,195021981558,1
상품,신발(써코니),엔돌핀 아주라,S101348-1032,로드,신발,230,S101348-1032(230),,133863877,여성,개,26FW,,2026-06-23,2026-06-23,"189,000.00","103,950.00","103,950.00",사용,37686,1,1,-1,2,3,0,0.0,0.0,0.0,0,0,1,0.0,0.0,195021962922,1
상품,신발(써코니),엔돌핀 아주라,S101348-1032,로드,신발,235,S101348-1032(235),,133863877,여성,개,26FW,,2026-06-23,2026-06-23,"189,000.00","103,950.00","103,950.00",사용,37687,1,1,-1,2,5,2,40.0,0.8,0.2,0,0,1,0.8,0.2,195021962939,1
상품,신발(써코니),엔돌핀 아주라,S101348-1032,로드,신발,240,S101348-1032(240),,133863877,여성,개,26FW,,2026-06-23,2026-06-23,"189,000.00","103,950.00","103,950.00",사용,37688,1,1,-1,2,8,2,25.0,0.8,0.2,0,0,1,0.8,0.2,195021962946,1
상품,신발(써코니),엔돌핀 아주라,S101348-1032,로드,신발,245,S101348-1032(245),,133863877,여성,개,26FW,,2026-06-23,2026-06-23,"189,000.00","103,950.00","103,950.00",사용,37689,1,1,-1,2,8,1,12.5,1.7,0.4,0,0,1,1.7,0.4,195021962953,1
상품,신발(써코니),엔돌핀 아주라,S101348-1032,로드,신발,250,S101348-1032(250),,133863877,여성,개,26FW,,2026-06-23,2026-06-23,"189,000.00","103,950.00","103,950.00",사용,37690,1,1,-1,2,6,1,16.6,1.7,0.4,0,1,0,0.0,0.0,195021962960,1
상품,신발(써코니),엔돌핀 프로 5,S101360-1010,레이싱,신발,250,S101360-1010(250),,133863868,남성,개,26FW,,2026-06-23,2026-06-23,"299,000.00","164,450.00","164,450.00",사용,37536,1,1,-1,2,5,2,40.0,0.8,0.2,0,0,1,0.8,0.2,195021982999,1
상품,신발(써코니),엔돌핀 프로 5,S101360-1010,레이싱,신발,255,S101360-1010(255),,133863868,남성,개,26FW,,2026-06-23,2026-06-23,"299,000.00","164,450.00","328,900.00",사용,37537,2,2,-2,2,5,0,0.0,0.0,0.0,0,0,2,0.0,0.0,195021983002,2
상품,신발(써코니),엔돌핀 프로 5,S101360-1010,레이싱,신발,270,S101360-1010(270),,133863868,남성,개,26FW,,2026-06-23,2026-06-23,"299,000.00","164,450.00","328,900.00",사용,37540,2,9,-9,2,13,0,0.0,0.0,0.0,0,0,2,0.0,0.0,195021983033,2
상품,신발(써코니),엔돌핀 프로 5,S101360-1010,레이싱,신발,275,S101360-1010(275),,133863868,남성,개,26FW,,2026-06-23,2026-06-23,"299,000.00","164,450.00","493,350.00",사용,37541,3,4,-4,2,10,0,0.0,0.0,0.0,0,0,3,0.0,0.0,195021983040,3
상품,신발(써코니),엔돌핀 프로 5,S101360-1010,레이싱,신발,280,S101360-1010(280),,133863868,남성,개,26FW,,2026-06-23,2026-06-23,"299,000.00","164,450.00","328,900.00",사용,37542,2,4,-4,2,8,0,0.0,0.0,0.0,0,0,2,0.0,0.0,195021983057,2
상품,신발(써코니),엔돌핀 프로 5,S101360-1010,레이싱,신발,285,S101360-1010(285),,133863868,남성,개,26FW,,2026-06-23,2026-06-23,"299,000.00","164,450.00","164,450.00",사용,37543,1,2,-2,2,4,0,0.0,0.0,0.0,0,0,1,0.0,0.0,195021983064,1
상품,신발(써코니),엔돌핀 스피드 5,S101368-1002,로드,신발,250,S101368-1002(250),,133863927,남성,개,26FW,,2026-06-23,2026-06-23,"219,000.00","120,450.00","120,450.00",사용,37580,1,5,-5,2,7,0,0.0,0.0,0.0,0,0,1,0.0,0.0,195021983446,1
상품,신발(써코니),엔돌핀 스피드 5,S101368-1002,로드,신발,260,S101368-1002(260),,133863927,남성,개,26FW,,2026-06-23,2026-06-23,"219,000.00","120,450.00","120,450.00",사용,37582,1,7,-7,2,9,0,0.0,0.0,0.0,0,0,1,0.0,0.0,195021983460,1
상품,신발(써코니),엔돌핀 스피드 5,S101368-1002,로드,신발,265,S101368-1002(265),,133863927,남성,개,26FW,,2026-06-23,2026-06-23,"219,000.00","120,450.00","361,350.00",사용,37583,3,7,-7,2,13,0,0.0,0.0,0.0,0,0,3,0.0,0.0,195021983477,3
상품,신발(써코니),엔돌핀 스피드 5,S101368-1002,로드,신발,270,S101368-1002(270),,133863927,남성,개,26FW,,2026-06-23,2026-06-23,"219,000.00","120,450.00","240,900.00",사용,37584,2,8,-8,2,14,0,0.0,0.0,0.0,0,0,2,0.0,0.0,195021983484,2
상품,신발(써코니),엔돌핀 스피드 5,S101368-1002,로드,신발,275,S101368-1002(275),,133863927,남성,개,26FW,,2026-06-23,2026-06-23,"219,000.00","120,450.00","361,350.00",사용,37585,3,7,-7,2,13,0,0.0,0.0,0.0,0,0,3,0.0,0.0,195021983491,3
상품,신발(써코니),엔돌핀 스피드 5,S101368-1002,로드,신발,280,S101368-1002(280),,133863927,남성,개,26FW,,2026-06-23,2026-06-23,"219,000.00","120,450.00","240,900.00",사용,37586,2,6,-6,2,10,0,0.0,0.0,0.0,0,0,2,0.0,0.0,195021983507,2
상품,신발(써코니),엔돌핀 스피드 5,S101368-1003,로드,신발,255,S101368-1003(255),,133863893,남성,개,26FW,,2026-06-10,2026-06-10,"219,000.00","120,450.00","120,450.00",사용,37603,1,5,-5,2,7,0,0.0,0.0,0.0,0,0,1,0.0,0.0,195021983606,1
상품,신발(써코니),엔돌핀 스피드 5,S101368-1003,로드,신발,260,S101368-1003(260),,133863893,남성,개,26FW,,2026-06-10,2026-06-10,"219,000.00","120,450.00","240,900.00",사용,37604,2,5,-5,2,9,1,11.1,3.4,0.8,0,0,2,3.4,0.8,195021983613,2
상품,신발(써코니),엔돌핀 스피드 5,S101368-1003,로드,신발,265,S101368-1003(265),,133863893,남성,개,26FW,,2026-06-10,2026-06-10,"219,000.00","120,450.00","120,450.00",사용,37605,1,6,-6,2,13,0,0.0,0.0,0.0,0,0,1,0.0,0.0,195021983620,1
상품,신발(써코니),엔돌핀 스피드 5,S101368-1003,로드,신발,270,S101368-1003(270),,133863893,남성,개,26FW,,2026-06-10,2026-06-10,"219,000.00","120,450.00","361,350.00",사용,37606,3,8,-8,2,14,0,0.0,0.0,0.0,0,0,3,0.0,0.0,195021983637,3
상품,신발(써코니),엔돌핀 스피드 5,S101368-1003,로드,신발,275,S101368-1003(275),,133863893,남성,개,26FW,,2026-06-10,2026-06-10,"219,000.00","120,450.00","361,350.00",사용,37607,3,7,-7,2,13,0,0.0,0.0,0.0,0,0,3,0.0,0.0,195021983644,3
상품,신발(써코니),엔돌핀 스피드 5,S101368-1003,로드,신발,280,S101368-1003(280),,133863893,남성,개,26FW,,2026-06-10,2026-06-10,"219,000.00","120,450.00","120,450.00",사용,37608,1,6,-6,2,10,0,0.0,0.0,0.0,0,0,1,0.0,0.0,195021983651,1
상품,신발(써코니),엔돌핀 스피드 5,S101368-1003,로드,신발,285,S101368-1003(285),,133863893,남성,개,26FW,,2026-06-10,2026-06-10,"219,000.00","120,450.00","120,450.00",사용,37609,1,5,-5,2,7,0,0.0,0.0,0.0,0,0,1,0.0,0.0,195021983668,1
상품,신발(써코니),엔돌핀 스피드 5,S101391-1004,로드,신발,230,S101391-1004(230),,133863914,여성,개,26FW,,2026-06-23,2026-06-23,"219,000.00","120,450.00","120,450.00",사용,37620,1,1,-1,2,3,0,0.0,0.0,0.0,0,0,1,0.0,0.0,195021964278,1
상품,신발(써코니),엔돌핀 스피드 5,S101391-1004,로드,신발,235,S101391-1004(235),,133863914,여성,개,26FW,,2026-06-23,2026-06-23,"219,000.00","120,450.00","120,450.00",사용,37621,1,4,-4,2,6,0,0.0,0.0,0.0,0,0,1,0.0,0.0,195021964285,1
상품,신발(써코니),엔돌핀 스피드 5,S101391-1004,로드,신발,240,S101391-1004(240),,133863914,여성,개,26FW,,2026-06-23,2026-06-23,"219,000.00","120,450.00","120,450.00",사용,37622,1,10,-10,2,12,0,0.0,0.0,0.0,0,0,1,0.0,0.0,195021964292,1
상품,신발(써코니),엔돌핀 스피드 5,S101391-1004,로드,신발,245,S101391-1004(245),,133863914,여성,개,26FW,,2026-06-23,2026-06-23,"219,000.00","120,450.00","120,450.00",사용,37623,1,8,-8,2,11,0,0.0,0.0,0.0,0,0,1,0.0,0.0,195021964308,1
상품,신발(써코니),엔돌핀 스피드 5,S101391-1004,로드,신발,250,S101391-1004(250),,133863914,여성,개,26FW,,2026-06-23,2026-06-23,"219,000.00","120,450.00","120,450.00",사용,37624,1,6,-6,2,8,0,0.0,0.0,0.0,0,0,1,0.0,0.0,195021964315,1
상품,신발(써코니),엔돌핀 스피드 5,S101391-1042,로드,신발,230,S101391-1042(230),,133863887,여성,개,26FW,,2026-06-10,2026-06-10,"219,000.00","120,450.00","120,450.00",사용,37642,1,1,-1,2,3,0,0.0,0.0,0.0,0,0,1,0.0,0.0,195021965022,1
상품,신발(써코니),엔돌핀 스피드 5,S101391-1042,로드,신발,235,S101391-1042(235),,133863887,여성,개,26FW,,2026-06-10,2026-06-10,"219,000.00","120,450.00","240,900.00",사용,37643,2,3,-3,2,6,0,0.0,0.0,0.0,0,0,2,0.0,0.0,195021965039,2
상품,신발(써코니),엔돌핀 스피드 5,S101391-1042,로드,신발,240,S101391-1042(240),,133863887,여성,개,26FW,,2026-06-10,2026-06-10,"219,000.00","120,450.00","361,350.00",사용,37644,3,6,-6,2,12,0,0.0,0.0,0.0,0,0,3,0.0,0.0,195021965046,3
상품,신발(써코니),엔돌핀 스피드 5,S101391-1042,로드,신발,245,S101391-1042(245),,133863887,여성,개,26FW,,2026-06-10,2026-06-10,"219,000.00","120,450.00","361,350.00",사용,37645,3,5,-5,2,11,0,0.0,0.0,0.0,0,0,3,0.0,0.0,195021965053,3
상품,신발(써코니),엔돌핀 스피드 5,S101391-1042,로드,신발,250,S101391-1042(250),,133863887,여성,개,26FW,,2026-06-10,2026-06-10,"219,000.00","120,450.00","240,900.00",사용,37646,2,4,-4,2,8,0,0.0,0.0,0.0,0,0,2,0.0,0.0,195021965060,2
상품,신발(써코니),엔돌핀 프로 4,S10939-97,레이싱,신발,230,S10939-97(230),,131182993,여성,개,25FW,,2025-07-15,2025-07-15,"269,000.00","147,950.00","295,900.00",사용,22601,2,2,-2,13,6,0,0.0,0.0,0.0,0,0,2,0.0,0.0,195021139676,2
상품,신발(써코니),엔돌핀 프로 4,S10939-97,레이싱,신발,235,S10939-97(235),,131182993,여성,개,25FW,,2025-07-15,2025-07-15,"269,000.00","147,950.00","147,950.00",사용,22602,1,0,0,13,6,0,0.0,0.0,0.0,0,0,1,0.0,0.0,195021139683,1
상품,신발(써코니),엔돌핀 스피드 5,S11007-172,로드,신발,235,S11007-172(235),,132707359,여성,개,26SS,,2025-12-26,2025-12-31,"219,000.00","120,450.00","240,900.00",사용,30524,2,3,-3,8,6,0,0.0,0.0,0.0,0,0,2,0.0,0.0,195021608547,2
상품,신발(써코니),엔돌핀 스피드 5,S11007-172,로드,신발,240,S11007-172(240),,132707359,여성,개,26SS,,2025-12-26,2025-12-31,"219,000.00","120,450.00","120,450.00",사용,30525,1,0,0,8,4,0,0.0,0.0,0.0,0,0,1,0.0,0.0,195021608554,1
상품,신발(써코니),엔돌핀 스피드 5,S11007-172,로드,신발,245,S11007-172(245),,132707359,여성,개,26SS,,2025-12-26,2025-12-31,"219,000.00","120,450.00","240,900.00",사용,30526,2,0,0,8,3,0,0.0,0.0,0.0,0,0,2,0.0,0.0,195021608561,2
상품,신발(써코니),트라이엄프 23 와이드,S11024-232,로드,신발,230,S11024-232(230),,132707162,여성,개,26SS,,2025-12-26,2025-12-31,"199,000.00","109,450.00","109,450.00",사용,30649,1,2,-2,8,5,0,0.0,0.0,0.0,0,0,1,0.0,0.0,195021192527,1
상품,신발(써코니),트라이엄프 23 와이드,S11024-232,로드,신발,235,S11024-232(235),,132707162,여성,개,26SS,,2025-12-26,2025-12-31,"199,000.00","109,450.00","218,900.00",사용,30650,2,2,-2,8,6,0,0.0,0.0,0.0,0,0,2,0.0,0.0,195021192534,2
상품,신발(써코니),트라이엄프 23 와이드,S11024-232,로드,신발,240,S11024-232(240),,132707162,여성,개,26SS,,2025-12-26,2025-12-31,"199,000.00","109,450.00","109,450.00",사용,30651,1,0,0,8,5,1,20.0,1.7,0.4,0,0,1,1.7,0.4,195021192541,1
상품,신발(써코니),트라이엄프 23 와이드,S11024-232,로드,신발,245,S11024-232(245),,132707162,여성,개,26SS,,2025-12-26,2025-12-31,"199,000.00","109,450.00","109,450.00",사용,30652,1,0,0,8,2,0,0.0,0.0,0.0,0,0,1,0.0,0.0,195021192558,1
상품,신발(써코니),라이드 19,S11055-131,로드,신발,225,S11055-131(225),,132707374,여성,개,26SS,,2026-01-20,2026-01-20,"179,000.00","98,450.00","196,900.00",사용,30627,2,3,-3,7,6,0,0.0,0.0,0.0,0,0,2,0.0,0.0,195021615729,2
상품,신발(써코니),라이드 19,S11055-131,로드,신발,230,S11055-131(230),,132707374,여성,개,26SS,,2026-01-20,2026-01-20,"179,000.00","98,450.00","196,900.00",사용,30628,2,7,-7,7,10,0,0.0,0.0,0.0,0,0,2,0.0,0.0,195021615736,2
상품,신발(써코니),라이드 19,S11055-131,로드,신발,235,S11055-131(235),,132707374,여성,개,26SS,,2026-01-20,2026-01-20,"179,000.00","98,450.00","196,900.00",사용,30629,2,11,-11,7,15,0,0.0,0.0,0.0,0,0,2,0.0,0.0,195021615743,2
상품,신발(써코니),라이드 19,S11055-131,로드,신발,240,S11055-131(240),,132707374,여성,개,26SS,,2026-01-20,2026-01-20,"179,000.00","98,450.00","196,900.00",사용,30630,2,6,-6,7,12,0,0.0,0.0,0.0,0,0,2,0.0,0.0,195021615750,2
상품,신발(써코니),라이드 19,S11055-131,로드,신발,245,S11055-131(245),,132707374,여성,개,26SS,,2026-01-20,2026-01-20,"179,000.00","98,450.00","98,450.00",사용,30631,1,1,-1,7,5,0,0.0,0.0,0.0,0,0,1,0.0,0.0,195021615767,1
상품,신발(써코니),라이드 19,S11055-131,로드,신발,250,S11055-131(250),,132707374,여성,개,26SS,,2026-01-20,2026-01-20,"179,000.00","98,450.00","98,450.00",사용,30632,1,0,0,7,2,0,0.0,0.0,0.0,0,0,1,0.0,0.0,195021615774,1
상품,신발(써코니),가이드 19,S11058-121,로드,신발,230,S11058-121(230),,133217930,여성,개,26SS,,2026-03-06,2026-03-06,"179,000.00","98,450.00","98,450.00",사용,30733,1,2,-2,5,5,0,0.0,0.0,0.0,0,0,1,0.0,0.0,195021618881,1
상품,신발(써코니),가이드 19,S11058-121,로드,신발,235,S11058-121(235),,133217930,여성,개,26SS,,2026-03-06,2026-03-06,"179,000.00","98,450.00","98,450.00",사용,30734,1,5,-5,5,9,0,0.0,0.0,0.0,0,0,1,0.0,0.0,195021618898,1
상품,신발(써코니),가이드 19,S11058-121,로드,신발,240,S11058-121(240),,133217930,여성,개,26SS,,2026-03-06,2026-03-06,"179,000.00","98,450.00","98,450.00",사용,30735,1,2,-2,5,7,1,14.2,1.7,0.4,0,0,1,1.7,0.4,195021618904,1
상품,신발(써코니),가이드 19,S11058-121,로드,신발,245,S11058-121(245),,133217930,여성,개,26SS,,2026-03-06,2026-03-06,"179,000.00","98,450.00","196,900.00",사용,30736,2,0,0,5,5,0,0.0,0.0,0.0,0,0,2,0.0,0.0,195021618911,2
상품,신발(써코니),엔돌핀 프로 5,S11064-151,레이싱,신발,230,S11064-151(230),,132707385,여성,개,26SS,,2026-01-30,2026-01-30,"299,000.00","164,450.00","493,350.00",사용,30460,3,1,-1,7,5,0,0.0,0.0,0.0,0,0,3,0.0,0.0,195021622932,3
상품,신발(써코니),엔돌핀 프로 5,S11064-151,레이싱,신발,235,S11064-151(235),,132707385,여성,개,26SS,,2026-01-30,2026-01-30,"299,000.00","164,450.00","493,350.00",사용,30461,3,1,-1,7,6,0,0.0,0.0,0.0,0,0,3,0.0,0.0,195021622949,3
상품,신발(써코니),엔돌핀 프로 5,S11064-151,레이싱,신발,240,S11064-151(240),,132707385,여성,개,26SS,,2026-01-30,2026-01-30,"299,000.00","164,450.00","164,450.00",사용,30462,1,0,0,7,4,2,50.0,0.8,0.2,0,0,1,0.8,0.2,195021622956,1
상품,신발(써코니),엔돌핀 아주라,S11070-124,로드,신발,230,S11070-124(230),,132707407,여성,개,26SS,,2026-01-30,2026-01-30,"189,000.00","103,950.00","103,950.00",사용,30607,1,0,0,7,5,0,0.0,0.0,0.0,0,0,1,0.0,0.0,195021625186,1
상품,신발(써코니),엔돌핀 아주라,S11070-124,로드,신발,235,S11070-124(235),,132707407,여성,개,26SS,,2026-01-30,2026-01-30,"189,000.00","103,950.00","103,950.00",사용,30608,1,0,0,7,6,1,16.6,1.7,0.4,0,0,1,1.7,0.4,195021625193,1
상품,신발(써코니),옴니 23 ST 와이드,S11073-104,로드,신발,230,S11073-104(230),,132707367,여성,개,26SS,,2025-12-31,2025-12-31,"209,000.00","109,450.00","109,450.00",사용,30670,1,4,-4,8,5,0,0.0,0.0,0.0,0,0,1,0.0,0.0,195021627432,1
상품,신발(써코니),옴니 23 ST 와이드,S11073-104,로드,신발,235,S11073-104(235),,132707367,여성,개,26SS,,2025-12-31,2025-12-31,"209,000.00","109,450.00","218,900.00",사용,30671,2,4,-4,8,6,0,0.0,0.0,0.0,0,0,2,0.0,0.0,195021627449,2
상품,신발(써코니),옴니 23 ST 와이드,S11073-104,로드,신발,240,S11073-104(240),,132707367,여성,개,26SS,,2025-12-31,2025-12-31,"209,000.00","109,450.00","109,450.00",사용,30672,1,2,-2,8,5,0,0.0,0.0,0.0,0,0,1,0.0,0.0,195021627456,1
상품,신발(써코니),허리케인 24,S20933-140,로드,신발,250,S20933-140(250),,130807513,남성,개,25SS,,2025-02-24,2025-02-24,"189,000.00","100,170.00","200,340.00",사용,16147,2,0,0,18,6,0,0.0,0.0,0.0,0,0,2,0.0,0.0,195020784129,2
상품,신발(써코니),엔돌핀 스피드 4,S20940-11,로드,신발,285,S20940-11(285),올화이트,124358669,남성,개,25SS,,2025-01-15,2025-01-15,"209,000.00","110,770.00","110,770.00",사용,15986,1,0,0,19,6,0,0.0,0.0,0.0,0,0,1,0.0,0.0,195020951392,1
상품,신발(써코니),엔돌핀 스피드 4,S20940-30,로드,신발,260,S20940-30(260),오렌지,124358667,남성,개,25SS,,2025-01-15,2025-01-15,"209,000.00","110,770.00","110,770.00",사용,15939,1,0,0,19,12,0,0.0,0.0,0.0,0,0,1,0.0,0.0,195020822159,1
상품,신발(써코니),엔돌핀 트레이너,S20996-130,로드,신발,285,S20996-130(285),화이트옐로,129310340,남성,개,25SS,,2025-04-01,2025-04-01,"219,000.00","116,070.00","116,070.00",사용,16091,1,2,-2,16,6,0,0.0,0.0,0.0,0,0,1,0.0,0.0,195020792599,1
상품,신발(써코니),가이드 18,S20998-210,로드,신발,255,S20998-210(255),(남)그레이블루,131102361,남성,개,25FW,,2025-07-03,2025-07-03,"159,000.00","87,450.00","87,450.00",사용,22480,1,0,0,13,6,0,0.0,0.0,0.0,0,0,1,0.0,0.0,195021158295,1
상품,신발(써코니),가이드 18,S20998-210,로드,신발,280,S20998-210(280),(남)그레이블루,131102361,남성,개,25FW,,2025-07-03,2025-07-03,"159,000.00","87,450.00","87,450.00",사용,22485,1,0,0,13,6,0,0.0,0.0,0.0,0,0,1,0.0,0.0,195021158349,1
상품,신발(써코니),트라이엄프 23,S21023-172,로드,신발,250,S21023-172(250),,132707203,남성,개,26SS,,2025-12-26,2025-12-31,"199,000.00","109,450.00","109,450.00",사용,30569,1,1,-1,8,3,0,0.0,0.0,0.0,0,0,1,0.0,0.0,195021631743,1
상품,신발(써코니),트라이엄프 23,S21023-172,로드,신발,255,S21023-172(255),,132707203,남성,개,26SS,,2025-12-26,2025-12-31,"199,000.00","109,450.00","109,450.00",사용,30570,1,1,-1,8,4,0,0.0,0.0,0.0,0,0,1,0.0,0.0,195021631750,1
상품,신발(써코니),트라이엄프 23,S21023-172,로드,신발,260,S21023-172(260),,132707203,남성,개,26SS,,2025-12-26,2025-12-31,"199,000.00","109,450.00","218,900.00",사용,30571,2,4,-4,8,9,0,0.0,0.0,0.0,0,0,2,0.0,0.0,195021631767,2
상품,신발(써코니),트라이엄프 23,S21023-172,로드,신발,265,S21023-172(265),,132707203,남성,개,26SS,,2025-12-26,2025-12-31,"199,000.00","109,450.00","109,450.00",사용,30572,1,7,-7,8,11,0,0.0,0.0,0.0,0,0,1,0.0,0.0,195021631774,1
상품,신발(써코니),트라이엄프 23,S21023-172,로드,신발,270,S21023-172(270),,132707203,남성,개,26SS,,2025-12-26,2025-12-31,"199,000.00","109,450.00","218,900.00",사용,30573,2,9,-9,8,14,0,0.0,0.0,0.0,0,0,2,0.0,0.0,195021631781,2
상품,신발(써코니),트라이엄프 23,S21023-172,로드,신발,275,S21023-172(275),,132707203,남성,개,26SS,,2025-12-26,2025-12-31,"199,000.00","109,450.00","218,900.00",사용,30574,2,5,-5,8,9,0,0.0,0.0,0.0,0,0,2,0.0,0.0,195021631798,2
상품,신발(써코니),트라이엄프 23,S21023-172,로드,신발,280,S21023-172(280),,132707203,남성,개,26SS,,2025-12-26,2025-12-31,"199,000.00","109,450.00","218,900.00",사용,30575,2,3,-3,8,6,0,0.0,0.0,0.0,0,0,2,0.0,0.0,195021631804,2
상품,신발(써코니),라이드 19,S21055-172,로드,신발,260,S21055-172(260),,132707380,남성,개,26SS,,2025-12-26,2025-12-31,"179,000.00","98,450.00","98,450.00",사용,30697,1,9,-9,8,12,0,0.0,0.0,0.0,0,0,1,0.0,0.0,195021636533,1
상품,신발(써코니),라이드 19,S21055-172,로드,신발,265,S21055-172(265),,132707380,남성,개,26SS,,2025-12-26,2025-12-31,"179,000.00","98,450.00","98,450.00",사용,30698,1,13,-13,8,16,0,0.0,0.0,0.0,0,0,1,0.0,0.0,195021636540,1
상품,신발(써코니),라이드 19,S21055-172,로드,신발,270,S21055-172(270),,132707380,남성,개,26SS,,2025-12-26,2025-12-31,"179,000.00","98,450.00","98,450.00",사용,30699,1,16,-16,8,19,0,0.0,0.0,0.0,0,0,1,0.0,0.0,195021636557,1
상품,신발(써코니),라이드 19,S21055-172,로드,신발,275,S21055-172(275),,132707380,남성,개,26SS,,2025-12-26,2025-12-31,"179,000.00","98,450.00","98,450.00",사용,30700,1,10,-10,8,13,0,0.0,0.0,0.0,0,0,1,0.0,0.0,195021636564,1
상품,신발(써코니),엔돌핀 프로 5,S21064-151,레이싱,신발,260,S21064-151(260),,132707398,남성,개,26SS,,2026-01-30,2026-04-22,"299,000.00","164,450.00","164,450.00",사용,30445,1,2,-2,7,18,0,0.0,0.0,0.0,0,0,1,0.0,0.0,195021642626,1
상품,신발(써코니),엔돌핀 프로 5,S21064-151,레이싱,신발,265,S21064-151(265),,132707398,남성,개,26SS,,2026-01-30,2026-04-22,"299,000.00","164,450.00","493,350.00",사용,30446,3,0,0,7,14,0,0.0,0.0,0.0,0,0,3,0.0,0.0,195021642633,3
상품,신발(써코니),엔돌핀 프로 5,S21064-151,레이싱,신발,270,S21064-151(270),,132707398,남성,개,26SS,,2026-01-30,2026-04-22,"299,000.00","164,450.00","164,450.00",사용,30447,1,0,0,7,28,1,3.5,1.7,0.4,0,0,1,1.7,0.4,195021642640,1
상품,신발(써코니),엔돌핀 프로 5,S21064-151,레이싱,신발,275,S21064-151(275),,132707398,남성,개,26SS,,2026-01-30,2026-04-22,"299,000.00","164,450.00","328,900.00",사용,30448,2,2,-2,7,18,0,0.0,0.0,0.0,0,0,2,0.0,0.0,195021642657,2
상품,신발(써코니),엔돌핀 프로 5,S21064-151,레이싱,신발,280,S21064-151(280),,132707398,남성,개,26SS,,2026-01-30,2026-04-22,"299,000.00","164,450.00","164,450.00",사용,30449,1,0,0,7,10,0,0.0,0.0,0.0,0,0,1,0.0,0.0,195021642664,1
상품,신발(써코니),엔돌핀 아주라,S21070-172,로드,신발,270,S21070-172(270),,132707409,남성,개,26SS,,2026-01-30,2026-01-30,"189,000.00","103,950.00","103,950.00",사용,30552,1,1,-1,7,19,2,10.5,0.8,0.2,0,0,1,0.8,0.2,195021645498,1
상품,신발(써코니),엔돌핀 아주라,S21070-172,로드,신발,275,S21070-172(275),,132707409,남성,개,26SS,,2026-01-30,2026-01-30,"189,000.00","103,950.00","103,950.00",사용,30553,1,0,0,7,13,0,0.0,0.0,0.0,0,0,1,0.0,0.0,195021645504,1
상품,신발(써코니),옴니 23 ST,S21073-103,로드,신발,250,S21073-103(250),,132707778,남성,개,26SS,,2026-01-30,2026-01-30,"199,000.00","109,450.00","109,450.00",사용,30590,1,1,-1,7,3,0,0.0,0.0,0.0,0,0,1,0.0,0.0,195021647256,1
상품,신발(써코니),옴니 23 ST,S21073-103,로드,신발,255,S21073-103(255),,132707778,남성,개,26SS,,2026-01-30,2026-01-30,"199,000.00","109,450.00","109,450.00",사용,30591,1,2,-2,7,4,0,0.0,0.0,0.0,0,0,1,0.0,0.0,195021647263,1
상품,신발(써코니),옴니 23 ST,S21073-103,로드,신발,260,S21073-103(260),,132707778,"남,여",개,26SS,,2026-01-30,2026-01-30,"199,000.00","109,450.00","109,450.00",사용,30592,1,5,-5,7,9,0,0.0,0.0,0.0,0,0,1,0.0,0.0,195021647270,1
상품,신발(써코니),옴니 23 ST,S21073-103,로드,신발,265,S21073-103(265),,132707778,"남,여",개,26SS,,2026-01-30,2026-01-30,"199,000.00","109,450.00","328,350.00",사용,30593,3,7,-7,7,11,0,0.0,0.0,0.0,0,0,3,0.0,0.0,195021647287,3
상품,신발(써코니),옴니 23 ST,S21073-103,로드,신발,270,S21073-103(270),,132707778,"남,여",개,26SS,,2026-01-30,2026-01-30,"199,000.00","109,450.00","328,350.00",사용,30594,3,9,-9,7,14,0,0.0,0.0,0.0,0,0,3,0.0,0.0,195021647294,3
상품,신발(써코니),옴니 23 ST,S21073-103,로드,신발,275,S21073-103(275),,132707778,"남,여",개,26SS,,2026-01-30,2026-01-30,"199,000.00","109,450.00","328,350.00",사용,30595,3,5,-5,7,9,0,0.0,0.0,0.0,0,0,3,0.0,0.0,195021647300,3
상품,신발(써코니),옴니 23 ST,S21073-103,로드,신발,280,S21073-103(280),,132707778,"남,여",개,26SS,,2026-01-30,2026-01-30,"199,000.00","109,450.00","109,450.00",사용,30596,1,3,-3,7,6,0,0.0,0.0,0.0,0,0,1,0.0,0.0,195021647317,1
상품,신발(써코니),엔돌핀 엘리트 2,S30994-130,레이싱,신발,265,S30994-130(265),써코니(프로토),128610204,남성,개,25SS,,2025-02-24,2025-02-24,"339,000.00","179,670.00","179,670.00",사용,16045,1,0,0,18,12,0,0.0,0.0,0.0,0,0,1,0.0,0.0,195020799277,1
상품,용품(쏘어),런 캡 2.0,SA28MW-BLK,모자,용품,1SIZE,SA28MW-BLK(1SIZE),,133091811,공용,개,26SS,,2026-03-09,2026-03-09,"89,000.00","48,950.00","97,900.00",사용,32063,2,0,0,5,20,1,5.0,3.4,0.8,0,0,2,3.4,0.8,5061103402400,2
상품,용품(쏘어),런 캡 2.0,SA28MW-PIN,모자,용품,1SIZE,SA28MW-PIN(1SIZE),,133088587,공용,개,26SS,,2026-03-09,2026-03-09,"89,000.00","48,950.00","342,650.00",사용,32055,7,0,0,5,20,0,0.0,0.0,0.0,0,0,7,0.0,0.0,5061103402431,7
상품,용품(라이다),페이스,SKU021,선글라스,용품,1SIZE,SKU021(1SIZE),,,공용,개,25SS,,2025-02-19,2025-02-19,"127,000.00","57,150.00","57,150.00",사용,17254,1,0,0,18,15,0,0.0,0.0,0.0,0,0,1,0.0,0.0,,1
상품,용품(라이다),조그,SKU072,선글라스,용품,1SIZE,SKU072(1SIZE),,,공용,개,25SS,,2025-02-19,2025-02-19,"118,000.00","53,100.00","53,100.00",사용,10177,1,0,0,18,10,0,0.0,0.0,0.0,0,0,1,0.0,0.0,RIDAR-SKU072,1
상품,의류(쏘어),런 쇼츠,SS5M-BLK,반바지,의류,S,SS5M-BLK(S),,133088584,남성,개,26SS,,2026-03-09,2026-03-09,"199,000.00","109,450.00","109,450.00",사용,32049,1,0,0,5,3,0,0.0,0.0,0.0,0,0,1,0.0,0.0,5061103405647,1
상품,의류(쏘어),테크 티,ST2M-BLK,반팔티셔츠,의류,S,ST2M-BLK(S),,133088576,공용,개,26SS,,2026-03-09,2026-03-09,"159,000.00","87,450.00","87,450.00",사용,32028,1,0,0,5,2,0,0.0,0.0,0.0,0,0,1,0.0,0.0,5061103406828,1
상품,의류(쏘어),테크 티,ST2M-BLK,반팔티셔츠,의류,XL,ST2M-BLK(XL),,133088576,공용,개,26SS,,2026-03-09,2026-03-09,"159,000.00","87,450.00","87,450.00",사용,32031,1,0,0,5,2,0,0.0,0.0,0.0,0,0,1,0.0,0.0,5061103406859,1
상품,의류(쏘어),레이스 베스트,SV7M-BLK-WHI,싱글렛,의류,L,SV7M-BLK-WHI(L),,133088554,공용,개,26SS,,2026-03-09,2026-03-09,"189,000.00","103,950.00","207,900.00",사용,32009,2,0,0,5,6,0,0.0,0.0,0.0,0,0,2,0.0,0.0,5061103409997,2
상품,의류(쏘어),레이스 베스트,SV7M-BLK-WHI,싱글렛,의류,M,SV7M-BLK-WHI(M),,133088554,공용,개,26SS,,2026-03-09,2026-03-09,"189,000.00","103,950.00","103,950.00",사용,32008,1,0,0,5,6,1,16.6,1.7,0.4,0,0,1,1.7,0.4,5061103409980,1
상품,의류(쏘어),레이스 베스트,SV7M-BLU,싱글렛,의류,L,SV7M-BLU(L),,133088551,공용,개,26SS,,2026-03-09,2026-03-09,"189,000.00","103,950.00","103,950.00",사용,32001,1,0,0,5,3,0,0.0,0.0,0.0,0,0,1,0.0,0.0,5061110450050,1
상품,의류(쏘어),레이스 베스트,SV7M-BLU,싱글렛,의류,M,SV7M-BLU(M),,133088551,공용,개,26SS,,2026-03-09,2026-03-09,"189,000.00","103,950.00","103,950.00",사용,32000,1,0,0,5,3,0,0.0,0.0,0.0,0,0,1,0.0,0.0,5061110450043,1
상품,의류(쏘어),레이스 베스트,SV7M-BLU,싱글렛,의류,S,SV7M-BLU(S),,133088551,공용,개,26SS,,2026-03-09,2026-03-09,"189,000.00","103,950.00","103,950.00",사용,31999,1,0,0,5,2,0,0.0,0.0,0.0,0,0,1,0.0,0.0,5061110450036,1
상품,의류(쏘어),레이스 베스트,SV7M-BLU,싱글렛,의류,XL,SV7M-BLU(XL),,133088551,공용,개,26SS,,2026-03-09,2026-03-09,"189,000.00","103,950.00","103,950.00",사용,32002,1,0,0,5,2,0,0.0,0.0,0.0,0,0,1,0.0,0.0,5061110450067,1
상품,의류(쏘어),레이스 베스트,SV7M-BLU-GRE,싱글렛,의류,L,SV7M-BLU-GRE(L),,133088032,공용,개,26SS,,2026-03-09,2026-03-09,"189,000.00","103,950.00","103,950.00",사용,31993,1,0,0,5,3,0,0.0,0.0,0.0,0,0,1,0.0,0.0,5061110450111,1
상품,의류(쏘어),레이스 베스트,SV7M-BLU-GRE,싱글렛,의류,S,SV7M-BLU-GRE(S),,133088032,공용,개,26SS,,2026-03-09,2026-03-09,"189,000.00","103,950.00","103,950.00",사용,31991,1,0,0,5,2,0,0.0,0.0,0.0,0,0,1,0.0,0.0,5061110450098,1
상품,의류(쏘어),레이스 베스트,SV7M-NAV,싱글렛,의류,L,SV7M-NAV(L),,133088030,공용,개,26SS,,2026-03-09,2026-03-09,"189,000.00","103,950.00","103,950.00",사용,31985,1,0,0,5,3,0,0.0,0.0,0.0,0,0,1,0.0,0.0,5061110450234,1
상품,의류(쏘어),레이스 베스트,SV7M-NAV,싱글렛,의류,M,SV7M-NAV(M),,133088030,공용,개,26SS,,2026-03-09,2026-03-09,"189,000.00","103,950.00","103,950.00",사용,31984,1,0,0,5,3,0,0.0,0.0,0.0,0,0,1,0.0,0.0,5061110450227,1
상품,의류(쏘어),레이스 베스트,SV7M-NAV,싱글렛,의류,S,SV7M-NAV(S),,133088030,공용,개,26SS,,2026-03-09,2026-03-09,"189,000.00","103,950.00","103,950.00",사용,31983,1,0,0,5,2,0,0.0,0.0,0.0,0,0,1,0.0,0.0,5061110450210,1
상품,용품(나이키),에브리데이 플러스 쿠션드,SX6888-010,양말,용품,XL,SX6888-010(XL),,123231085,공용,개,SU24,,2024-05-16,2024-05-16,"29,000.00","11,828.66","23,657.33",사용,2431,2,0,0,27,6,0,0.0,0.0,0.0,0,0,2,0.0,0.0,888408257987,2
상품,용품(나이키),에브리데이 플러스 쿠션드,SX6888-100,양말,용품,L,SX6888-100(L),,123231136,공용,개,SU24,,2024-04-11,2024-04-15,"29,000.00","13,143.00","13,143.00",사용,2438,1,0,0,28,24,0,0.0,0.0,0.0,0,0,1,0.0,0.0,888408258069,1
상품,용품(나이키),에브리데이 플러스 쿠션드,SX6888-100,양말,용품,XL,SX6888-100(XL),,123231136,공용,개,SU24,,2024-04-11,2024-04-15,"29,000.00","13,143.00","26,286.00",사용,2439,2,0,0,28,6,0,0.0,0.0,0.0,0,0,2,0.0,0.0,888408258076,2
상품,용품(나이키),에브리데이 플러스 쿠션드,SX6888-900,양말,용품,XL,SX6888-900(XL),,123231086,공용,개,SU24,,2024-04-18,2024-04-18,"29,000.00","13,143.00","26,286.00",사용,2447,2,0,0,28,6,0,0.0,0.0,0.0,0,0,2,0.0,0.0,196976532437,2
상품,용품(나이키),멀티플라이어,SX7554-010,양말,용품,M,SX7554-010(M),,123231429,공용,개,SU24,,2024-06-12,2024-06-12,"29,000.00","13,143.00","13,143.00",사용,2453,1,9,-9,26,30,0,0.0,0.0,0.0,0,0,1,0.0,0.0,194275662824,1
상품,용품(나이키),멀티플라이어,SX7554-010,양말,용품,XL,SX7554-010(XL),,123231429,공용,개,SU24,,2024-06-12,2024-06-12,"29,000.00","13,143.00","26,286.00",사용,2455,2,4,-4,26,6,0,0.0,0.0,0.0,0,0,2,0.0,0.0,194275662848,2
상품,용품(씨엘르),SKL비니 Speedway-Whitaker,U-2-BN-0373-BK008,모자,용품,1SIZE,U-2-BN-0373-BK008(1SIZE),,,공용,개,26FW,,2026-07-31,2026-07-31,"120,000.00","60,000.00","180,000.00",사용,40386,3,4,-4,1,10,0,0.0,0.0,0.0,0,0,3,0.0,0.0,,3
상품,용품(씨엘르),SKL비니 Speedway-Cake,U-2-BN-0373-BR013,모자,용품,1SIZE,U-2-BN-0373-BR013(1SIZE),,,공용,개,26FW,,2026-07-31,2026-07-31,"120,000.00","60,000.00","120,000.00",사용,40396,2,1,-1,1,5,0,0.0,0.0,0.0,0,0,2,0.0,0.0,,2
상품,용품(씨엘르),GO캡 Classic-Athletics-Quarry,U-2-CA-0056-BL029,모자,용품,M/L,U-2-CA-0056-BL029(M/L),,,공용,개,26FW,,2026-07-31,2026-07-31,"66,000.00","33,000.00","198,000.00",사용,40309,6,8,-8,1,20,0,0.0,0.0,0.0,0,0,6,0.0,0.0,056465017404,6
상품,용품(씨엘르),GO캡 Classic-Athletics-Quarry,U-2-CA-0056-BL029,모자,용품,S/M,U-2-CA-0056-BL029(S/M),,,공용,개,26FW,,2026-07-31,2026-07-31,"66,000.00","33,000.00","99,000.00",사용,40308,3,4,-4,1,10,0,0.0,0.0,0.0,0,0,3,0.0,0.0,056465017398,3
상품,용품(씨엘르),GO캡 Classic-Athletics-Spruce,U-2-CA-0056-GN029,모자,용품,M/L,U-2-CA-0056-GN029(M/L),,,공용,개,26FW,,2026-07-31,2026-07-31,"66,000.00","33,000.00","99,000.00",사용,40329,3,6,-6,1,12,0,0.0,0.0,0.0,0,0,3,0.0,0.0,,3
상품,용품(씨엘르),GO캡 Classic-Athletics-Spruce,U-2-CA-0056-GN029,모자,용품,S/M,U-2-CA-0056-GN029(S/M),,,공용,개,26FW,,2026-07-31,2026-07-31,"66,000.00","33,000.00","66,000.00",사용,40328,2,4,-4,1,8,0,0.0,0.0,0.0,0,0,2,0.0,0.0,,2
상품,용품(씨엘르),GO캡 Classic-Athletics-Gekko,U-2-CA-0056-YE006,모자,용품,M/L,U-2-CA-0056-YE006(M/L),,,공용,개,26FW,,2026-07-31,2026-07-31,"66,000.00","33,000.00","99,000.00",사용,40319,3,4,-4,1,10,0,0.0,0.0,0.0,0,0,3,0.0,0.0,056465017367,3
상품,용품(씨엘르),GO캡 Classic-Athletics-Gekko,U-2-CA-0056-YE006,모자,용품,S/M,U-2-CA-0056-YE006(S/M),,,공용,개,26FW,,2026-07-31,2026-07-31,"66,000.00","33,000.00","33,000.00",사용,40318,1,3,-3,1,5,0,0.0,0.0,0.0,0,0,1,0.0,0.0,056465017350,1
상품,용품(씨엘르),GO캡 Long Brim Denim LE,U-2-CA-0118-BL001-ML,모자,용품,M/L,U-2-CA-0118-BL001-ML(M/L),,129417682,공용,개,25SS,,2025-03-13,2025-03-13,"114,000.00","57,000.00","285,000.00",사용,17555,5,0,0,17,10,0,0.0,0.0,0.0,0,0,5,0.0,0.0,709904328165,5
상품,용품(씨엘르),GO캡 Long Brim Milkensuga LE,U-2-CA-0119-GN005-ML,모자,용품,M/L,U-2-CA-0119-GN005-ML(M/L),,129417687,공용,개,25SS,,2025-03-13,2025-03-13,"102,000.00","51,000.00","204,000.00",사용,17563,4,0,0,17,10,0,0.0,0.0,0.0,0,0,4,0.0,0.0,709904328158,4
상품,용품(씨엘르),FST캡 SC-Classic-AthleticsSL-LightMoss,U-2-CA-0263-GN030,모자,용품,S/M,U-2-CA-0263-GN030(S/M),,,공용,개,26FW,,2026-07-31,2026-07-31,"72,000.00","36,000.00","108,000.00",사용,40298,3,4,-4,1,10,1,10.0,5.1,1.2,0,0,3,5.1,1.2,056465016780,3
상품,용품(씨엘르),FST캡 SC-Classic-AthleticsSL-RoseDawn,U-2-CA-0263-PK007,모자,용품,S/M,U-2-CA-0263-PK007(S/M),,,공용,개,26FW,,2026-07-31,2026-07-31,"72,000.00","36,000.00","108,000.00",사용,40288,3,4,-4,1,10,1,10.0,5.1,1.2,0,0,3,5.1,1.2,,3
상품,용품(씨엘르),FST캡 Ethereal-Icon-CircleC-Shadowcast,U-2-CA-0283-BK001,모자,용품,S/M,U-2-CA-0283-BK001(S/M),,,공용,개,26FW,,2026-07-31,2026-07-31,"126,000.00","63,000.00","630,000.00",사용,40228,10,10,-10,1,30,0,0.0,0.0,0.0,0,0,10,0.0,0.0,056465003667,10
상품,용품(씨엘르),FST캡 Ethereal-Icon-CircleC-Toad,U-2-CA-0283-GN018,모자,용품,S/M,U-2-CA-0283-GN018(S/M),,,공용,개,26FW,,2026-07-31,2026-07-31,"126,000.00","63,000.00","315,000.00",사용,40238,5,5,-5,1,15,0,0.0,0.0,0.0,0,0,5,0.0,0.0,056465003674,5
상품,용품(씨엘르),GO캡 SC-Comp-WWM26 뉴욕,U-2-CA-0322-BL043,모자,용품,M/L,U-2-CA-0322-BL043(M/L),,,공용,개,26FW,,2026-07-31,2026-07-31,"84,000.00","42,000.00","420,000.00",사용,40339,10,20,-20,1,40,0,0.0,0.0,0.0,0,0,10,0.0,0.0,,10
상품,용품(씨엘르),GO캡 SC-Comp-WWM26 샤모니,U-2-CA-0322-BL044,모자,용품,M/L,U-2-CA-0322-BL044(M/L),,,공용,개,26FW,,2026-07-31,2026-07-31,"84,000.00","42,000.00","126,000.00",사용,40349,3,4,-4,1,10,0,0.0,0.0,0.0,0,0,3,0.0,0.0,,3
상품,용품(씨엘르),GO캡 SC-Comp-WWM26 베를린,U-2-CA-0322-GN029,모자,용품,M/L,U-2-CA-0322-GN029(M/L),,,공용,개,26FW,,2026-07-31,2026-07-31,"84,000.00","42,000.00","420,000.00",사용,40359,10,10,-10,1,30,0,0.0,0.0,0.0,0,0,10,0.0,0.0,,10
상품,용품(씨엘르),GO캡 SC-Comp-WWM26 시카고,U-2-CA-0322-GN030,모자,용품,M/L,U-2-CA-0322-GN030(M/L),,,공용,개,26FW,,2026-07-31,2026-07-31,"84,000.00","42,000.00","420,000.00",사용,40369,10,20,-20,1,40,1,2.5,17.1,4.0,0,0,10,17.1,4.0,,10
상품,용품(씨엘르),GO캡 SC-Comp-WWM26 시드니,U-2-CA-0322-OR008,모자,용품,M/L,U-2-CA-0322-OR008(M/L),,,공용,개,26FW,,2026-07-31,2026-07-31,"84,000.00","42,000.00","126,000.00",사용,40379,3,4,-4,1,10,0,0.0,0.0,0.0,0,0,3,0.0,0.0,056465018302,3
상품,용품(씨엘르),TRL캡 SC-Comp-Throttle-DeepSpace,U-2-CA-0360-BL004,모자,용품,M/L,U-2-CA-0360-BL004(M/L),,,공용,개,26FW,,2026-07-31,2026-07-31,"90,000.00","45,000.00","135,000.00",사용,40249,3,4,-4,1,10,0,0.0,0.0,0.0,0,0,3,0.0,0.0,,3
상품,용품(씨엘르),TRL캡 SC-Comp-Throttle-Spruce,U-2-CA-0360-GN029,모자,용품,M/L,U-2-CA-0360-GN029(M/L),,,공용,개,26FW,,2026-07-31,2026-07-31,"90,000.00","45,000.00","135,000.00",사용,40259,3,4,-4,1,10,0,0.0,0.0,0.0,0,0,3,0.0,0.0,,3
상품,용품(씨엘르),GO캡 MRPH-EQ-RaceDay-RainyDay,U-2-CA-0361-BE005,모자,용품,M/L,U-2-CA-0361-BE005(M/L),,,공용,개,26FW,,2026-07-31,2026-07-31,"114,000.00","57,000.00","171,000.00",사용,40269,3,4,-4,1,10,0,0.0,0.0,0.0,0,0,3,0.0,0.0,,3
상품,용품(씨엘르),GO캡 MRPH-EQ-RaceDay-DeepSpace,U-2-CA-0361-BL004,모자,용품,M/L,U-2-CA-0361-BL004(M/L),,,공용,개,26FW,,2026-07-31,2026-07-31,"114,000.00","57,000.00","171,000.00",사용,40279,3,4,-4,1,10,0,0.0,0.0,0.0,0,0,3,0.0,0.0,,3
상품,용품(카멜백),울트라 벨트 17oz,ULTRA BELT TEAL,트레일베스트,용품,M/L,ULTRA BELT TEAL(M/L),,135911571,공용,개,25SS,,2025-04-16,2025-04-16,"87,000.00","60,900.00","243,600.00",사용,19349,4,0,0,16,10,1,10.0,6.8,1.6,0,0,4,6.8,1.6,886798051888,4
상품,용품(밴딧러닝),엠브로이더 라이트 런 삭스 2 PACK,UPLRP001FL24CU,양말,용품,M/L,UPLRP001FL24CU(M/L),,123945883,공용,개,24FW,,2024-10-21,2024-10-21,"49,000.00","26,405.00","52,810.00",사용,11885,2,0,0,22,15,0,0.0,0.0,0.0,0,0,2,0.0,0.0,810169343876,2
상품,용품(밴딧러닝),엠브로이더 라이트 런 삭스 2 PACK,UPLRP001FL24CU,양말,용품,XS/S,UPLRP001FL24CU(XS/S),,123945883,공용,개,24FW,,2024-10-21,2024-10-21,"49,000.00","26,405.00","26,405.00",사용,11886,1,0,0,22,10,0,0.0,0.0,0.0,0,0,1,0.0,0.0,810169343869,1
상품,용품(밴딧러닝),라이트 런 삭스 2 PACK,UPLRP001FL24GR,양말,용품,XS/S,UPLRP001FL24GR(XS/S),,123945893,공용,개,24FW,,2024-10-21,2024-10-21,"49,000.00","26,405.00","26,405.00",사용,11972,1,0,0,22,10,0,0.0,0.0,0.0,0,0,1,0.0,0.0,810169343807,1
상품,용품(밴딧러닝),엠브로이더 라이트 런 삭스 2 PACK,UPLRP001FL24TD,양말,용품,M/L,UPLRP001FL24TD(M/L),,123945884,공용,개,24FW,,2024-10-21,2024-10-21,"49,000.00","26,405.00","52,810.00",사용,11895,2,0,0,22,15,0,0.0,0.0,0.0,0,0,2,0.0,0.0,810169343852,2
상품,용품(밴딧러닝),엠브로이더 라이트 런 삭스 2 PACK,UPLRP001FL24TD,양말,용품,XS/S,UPLRP001FL24TD(XS/S),,123945884,공용,개,24FW,,2024-10-21,2024-10-21,"49,000.00","26,405.00","105,620.00",사용,11896,4,0,0,22,10,0,0.0,0.0,0.0,0,0,4,0.0,0.0,810169343845,4
상품,용품(얼티밋포텐셜),러닝에너지젤,UT-01,서플리먼트,용품,1SIZE,UT-01(1SIZE),,132903036,공용,개,26SS,,2026-03-03,2026-03-03,"18,000.00","8,000.00","136,000.00",사용,31978,17,16,-16,5,100,0,0.0,0.0,0.0,0,2,15,0.0,0.0,8809359457822,17
상품,용품(얼티밋포텐셜),러닝에너지프리,UT-02,서플리먼트,용품,1SIZE,UT-02(1SIZE),,132903031,공용,개,26SS,,2026-03-03,2026-03-03,"18,000.00","8,000.00","32,000.00",사용,31979,4,9,-9,5,100,5,5.0,1.3,0.3,0,0,4,1.3,0.3,8809359457846,4
상품,용품(얼티밋포텐셜),얼티밋하이드로 50,UT-03,서플리먼트,용품,1SIZE,UT-03(1SIZE),,132903030,공용,개,26SS,,2026-03-03,2026-03-03,"22,000.00","9,500.00","152,000.00",사용,31980,16,3,-3,5,50,0,0.0,0.0,0.0,0,0,16,0.0,0.0,8809965481372,16
상품,용품(삼경엠앤에스),비타민웰 액티브 500ml (사과향),VT-01,서플리먼트,용품,1SIZE,VT-01(1SIZE),,,공용,개,25SS,,2025-02-21,2025-02-21,"2,900.00","1,540.00","15,400.00",사용,17452,10,0,0,18,24,0,0.0,0.0,0.0,0,0,10,0.0,0.0,7340222800440,10
상품,용품(삼경엠앤에스),비타민웰 케어 500ml (레드자몽향),VT-02,서플리먼트,용품,1SIZE,VT-02(1SIZE),,,공용,개,25SS,,2025-02-21,2025-02-21,"2,900.00","1,540.00","20,020.00",사용,17453,13,0,0,18,24,0,0.0,0.0,0.0,0,0,13,0.0,0.0,7340222800419,13
상품,용품(삼경엠앤에스),비타민웰 리로드 500ml (레몬라임향),VT-03,서플리먼트,용품,1SIZE,VT-03(1SIZE),,,공용,개,25SS,,2025-02-21,2025-02-21,"2,900.00","1,540.00","12,320.00",사용,17454,8,0,0,18,24,0,0.0,0.0,0.0,0,0,8,0.0,0.0,7340222800433,8
상품,용품(삼경엠앤에스),오트사이드 귀리음료 오리지널 200ml,VT-04,서플리먼트,용품,1SIZE,VT-04(1SIZE),,,공용,개,25SS,,2025-02-21,2025-02-21,"1,500.00",902.00,"17,138.00",사용,17455,19,0,0,18,24,0,0.0,0.0,0.0,0,0,19,0.0,0.0,8997240600287,19
상품,용품(삼경엠앤에스),오트사이드 귀리음료 초콜릿맛 200ml,VT-05,서플리먼트,용품,1SIZE,VT-05(1SIZE),,,공용,개,25SS,,2025-02-21,2025-02-21,"1,500.00",902.00,"18,040.00",사용,17456,20,0,0,18,24,0,0.0,0.0,0.0,0,0,20,0.0,0.0,8997240600294,20
상품,용품(삼경엠앤에스),오트사이드 귀리음료 커피 200ml,VT-06,서플리먼트,용품,1SIZE,VT-06(1SIZE),,,공용,개,25SS,,2025-02-21,2025-02-21,"1,900.00","1,144.00","27,456.00",사용,17457,24,0,0,18,24,0,0.0,0.0,0.0,0,0,24,0.0,0.0,8997240600737,24
상품,의류(뉴발란스),RC 브라,WB51052_BK,브라,의류,L,WB51052_BK(L),,130701419,여성,개,25SS,,2025-03-05,2025-03-05,"99,900.00","54,945.00","54,945.00",사용,13975,1,2,-2,17,5,0,0.0,0.0,0.0,0,0,1,0.0,0.0,NBN9F265021909500,1
상품,의류(뉴발란스),RC 브라,WB51052_BK,브라,의류,M,WB51052_BK(M),,130701419,여성,개,25SS,,2025-03-05,2025-03-05,"99,900.00","54,945.00","54,945.00",사용,13974,1,5,-5,17,10,0,0.0,0.0,0.0,0,0,1,0.0,0.0,NBN9F265021909500,1
상품,의류(뉴발란스),RC 브라,WB51052_BK,브라,의류,S,WB51052_BK(S),,130701419,여성,개,25SS,,2025-03-05,2025-03-05,"99,900.00","54,945.00","54,945.00",사용,13973,1,6,-6,17,10,0,0.0,0.0,0.0,0,0,1,0.0,0.0,NBN9F265021908500,1
상품,용품(CEP),코어 런 울트라라이트 미드컷 삭스 V4,WP7C0L,양말,용품,2,WP7C0L(2),,133843149,여성,개,26SS,,2026-06-02,2026-06-02,"49,000.00","29,400.00","294,000.00",사용,36349,10,17,-17,2,40,3,7.5,5.7,1.3,0,0,10,5.7,1.3,4068903470456,10
상품,용품(CEP),코어 런 울트라라이트 미드컷 삭스 V4,WP7C0L,양말,용품,3,WP7C0L(3),,133843149,여성,개,26SS,,2026-06-02,2026-06-02,"49,000.00","29,400.00","558,600.00",사용,36350,19,7,-7,2,60,11,18.3,2.9,0.6,0,1,18,2.8,0.6,4068903470463,19
상품,용품(CEP),코어 런 미드컷 삭스 V5,WP7C0R,양말,용품,2,WP7C0R(2),화이트,131601550,여성,개,26SS,,2026-03-09,2026-03-09,"45,000.00","27,000.00","621,000.00",사용,24415,23,15,-15,5,100,6,6.0,6.5,1.5,0,0,23,6.5,1.5,4068903468088,23
상품,용품(CEP),코어 런 미드컷 삭스 V5,WP7C0R,양말,용품,3,WP7C0R(3),화이트,131601550,여성,개,26SS,,2026-06-02,2026-06-02,"45,000.00","27,000.00","1,350,000.00",사용,24416,50,24,-24,2,150,18,12.0,4.7,1.1,0,0,50,4.7,1.1,4068903468095,50
상품,용품(CEP),코어 런 미드컷 삭스 V5,WP7C4R,양말,용품,4,WP7C4R(4),핑크,131601549,여성,개,25FW,,2025-08-20,2025-08-20,"45,000.00","29,250.00","58,500.00",사용,24401,2,0,0,12,10,0,0.0,0.0,0.0,0,0,2,0.0,0.0,4068903468163,2
상품,용품(CEP),코어 런 미드컷 삭스 V5,WP7C5R,양말,용품,2,WP7C5R(2),블랙/라임,131601547,여성,개,25FW,,2025-08-20,2025-09-16,"45,000.00","27,397.05","246,573.52",사용,24367,9,8,-8,12,85,7,8.2,2.2,0.5,0,0,9,2.2,0.5,4068903468170,9
상품,용품(CEP),코어 런 미드컷 삭스 V5,WP7C5R,양말,용품,3,WP7C5R(3),블랙/라임,131601547,여성,개,25FW,,2025-08-20,2025-09-16,"45,000.00","27,500.00","27,500.00",사용,24368,1,0,0,12,90,0,0.0,0.0,0.0,0,0,1,0.0,0.0,4068903468187,1
상품,용품(CEP),코어 런 미드컷 삭스 V5,WP7C5R,양말,용품,4,WP7C5R(4),블랙/라임,131601547,여성,개,25FW,,2025-08-20,2025-08-20,"45,000.00","29,250.00","29,250.00",사용,24369,1,0,0,12,10,0,0.0,0.0,0.0,0,0,1,0.0,0.0,4068903468194,1
상품,용품(CEP),코어 런 미드컷 삭스 V5,WP7CIR,양말,용품,2,WP7CIR(2),아이스/블루,131601548,여성,개,25FW,,2025-08-20,2025-08-20,"45,000.00","29,250.00","29,250.00",사용,24383,1,0,0,12,10,0,0.0,0.0,0.0,0,0,1,0.0,0.0,4068903468262,1
상품,용품(CEP),코어 런 울트라라이트 미드컷 삭스 V4,WP8C0L,양말,용품,3,WP8C0L(3),,132964934,남성,개,25FW,,2025-06-27,2025-09-16,"49,000.00","30,012.50","30,012.50",사용,21598,1,0,0,14,80,1,1.2,1.7,0.4,0,0,21,36.0,8.4,4068903470845,1
상품,용품(CEP),코어 런 울트라라이트 미드컷 삭스 V4,WP8C0L,양말,용품,3,WP8C0L(3),,132964934,남성,개,26SS,,2026-06-02,2026-06-02,"49,000.00","29,400.00","588,000.00",사용,21598,20,0,0,2,60,0,0.0,0.0,0.0,0,0,21,0.0,0.0,4068903470845,20
상품,용품(CEP),코어 런 울트라라이트 미드컷 삭스 V4,WP8C0L,양말,용품,4,WP8C0L(4),,132964934,남성,개,26SS,,2026-06-02,2026-06-02,"49,000.00","29,400.00","852,600.00",사용,21599,29,0,0,2,90,12,13.3,4.1,0.9,0,1,28,4.0,0.9,4068903470852,29
상품,용품(CEP),코어 런 미드컷 삭스 V5,WP8C0R,양말,용품,3,WP8C0R(3),화이트,131601546,남성,개,26SS,,2026-03-09,2026-03-09,"45,000.00","27,000.00","837,000.00",사용,24352,31,0,0,5,160,1,0.6,53.1,12.4,0,0,31,53.1,12.4,4068903469108,31
상품,용품(CEP),코어 런 미드컷 삭스 V5,WP8C0R,양말,용품,4,WP8C0R(4),화이트,131601546,남성,개,26SS,,2026-03-09,2026-03-09,"45,000.00","27,000.00","1,620,000.00",사용,24353,60,59,-59,5,240,16,6.6,6.4,1.5,0,0,60,6.4,1.5,4068903469115,60
상품,용품(CEP),코어 런 미드컷 삭스 V5,WP8C2R,양말,용품,3,WP8C2R(3),,133843146,남성,개,26SS,,2026-06-02,2026-06-02,"45,000.00","27,000.00","54,000.00",사용,36384,2,0,0,2,12,0,0.0,0.0,0.0,0,0,2,0.0,0.0,4068903560638,2
상품,용품(CEP),코어 런 미드컷 삭스 V5,WP8C2R,양말,용품,4,WP8C2R(4),,133843146,남성,개,26SS,,2026-06-02,2026-06-02,"45,000.00","27,000.00","135,000.00",사용,36385,5,0,0,2,18,4,22.2,2.1,0.5,0,0,5,2.1,0.5,4068903560645,5
상품,용품(CEP),코어 런 미드컷 삭스 V5,WP8C4R,양말,용품,4,WP8C4R(4),,131601545,남성,개,25FW,,2025-08-20,2025-08-20,"45,000.00","29,250.00","87,750.00",사용,24337,3,0,0,12,15,0,0.0,0.0,0.0,0,0,3,0.0,0.0,4068903511029,3
상품,용품(CEP),코어 런 미드컷 삭스 V5,WP8C5R,양말,용품,3,WP8C5R(3),블랙,131601554,남성,개,26SS,,2026-03-09,2026-03-09,"45,000.00","27,000.00","270,000.00",사용,24288,10,1,-1,5,40,0,0.0,0.0,0.0,0,0,10,0.0,0.0,4068903469160,10
상품,용품(CEP),코어 런 미드컷 삭스 V5,WP8C5R,양말,용품,4,WP8C5R(4),블랙,131601554,남성,개,26SS,,2026-03-09,2026-03-09,"45,000.00","27,000.00","405,000.00",사용,24289,15,1,-1,5,60,0,0.0,0.0,0.0,0,0,15,0.0,0.0,4068903469177,15
상품,용품(CEP),코어 런 미드컷 삭스 V5,WP8CIR,양말,용품,3,WP8CIR(3),아이스/블루,131601544,남성,개,25FW,,2025-08-20,2025-08-20,"45,000.00","29,250.00","29,250.00",사용,24320,1,0,0,12,15,0,0.0,0.0,0.0,0,0,1,0.0,0.0,4068903469252,1
상품,용품(CEP),코어 런 미드컷 삭스 V5,WP8CLR,양말,용품,3,WP8CLR(3),블랙/라임,131601543,남성,개,26SS,,2026-06-02,2026-06-02,"45,000.00","27,000.00","135,000.00",사용,24304,5,7,-7,2,20,1,5.0,8.5,2.0,0,0,5,8.5,2.0,4068903469283,5
상품,용품(CEP),코어 런 미드컷 삭스 V5,WP8CLR,양말,용품,4,WP8CLR(4),블랙/라임,131601543,남성,개,26SS,,2026-06-02,2026-06-02,"45,000.00","27,000.00","270,000.00",사용,24305,10,10,-10,2,30,1,3.3,17.1,4.0,0,0,10,17.1,4.0,4068903469290,10
상품,용품(CEP),코어 런 울트라라이트 미드컷 삭스 V4,WP8CVL,양말,용품,3,WP8CVL(3),,133063558,남성,개,26SS,,2026-03-09,2026-03-09,"49,000.00","29,400.00","323,400.00",사용,21553,11,0,0,5,40,0,0.0,0.0,0.0,0,0,11,0.0,0.0,4068903470906,11
상품,용품(CEP),코어 런 울트라라이트 미드컷 삭스 V4,WP8CVL,양말,용품,4,WP8CVL(4),,133063558,남성,개,26SS,,2026-03-09,2026-03-09,"49,000.00","29,400.00","588,000.00",사용,21554,20,0,0,5,60,2,3.3,17.1,4.0,0,1,19,16.2,3.8,4068903470913,20
상품,용품(CEP),코어 런 울트라라이트 미드컷 삭스 V4,WP8CVL,양말,용품,5,WP8CVL(5),,133063558,남성,개,25FW,,2025-06-27,2025-06-27,"49,000.00","31,850.00","127,400.00",사용,21555,4,0,0,14,5,0,0.0,0.0,0.0,0,0,4,0.0,0.0,4068903470920,4
상품,의류(뉴발란스),RC 울트라 라이트 쇼츠,WS51288_BK,반바지,의류,L,WS51288_BK(L),,130701417,여성,개,25SS,,2025-03-05,2025-03-05,"99,900.00","54,945.00","54,945.00",사용,13951,1,3,-3,17,5,0,0.0,0.0,0.0,0,0,1,0.0,0.0,NBNVF265021908000,1
상품,의류(뉴발란스),RC 울트라 라이트 쇼츠,WS51288_BK,반바지,의류,M,WS51288_BK(M),,130701417,여성,개,25SS,,2025-03-05,2025-03-05,"99,900.00","54,945.00","54,945.00",사용,13950,1,4,-4,17,10,0,0.0,0.0,0.0,0,0,1,0.0,0.0,NBNVF265021907500,1
상품,의류(뉴발란스),RC 울트라 라이트 스플릿 쇼츠 3인치,WS51288-BK,반바지,의류,L,WS51288-BK(L),,,여성,개,25FW,,2025-07-11,2025-07-11,"99,900.00","54,945.00","54,945.00",사용,22931,1,0,0,13,1,0,0.0,0.0,0.0,0,0,1,0.0,0.0,NBNVF368221908000,1
상품,의류(뉴발란스),RC 울트라 라이트 스플릿 쇼츠 3인치,WS51288-BK,반바지,의류,S,WS51288-BK(S),,,여성,개,25FW,,2025-07-11,2025-07-11,"99,900.00","54,945.00","54,945.00",사용,22929,1,1,-1,13,4,0,0.0,0.0,0.0,0,0,1,0.0,0.0,NBNVF368221907000,1
상품,의류(뉴발란스),레이스 데이 싱글렛,WT41290-BK,싱글렛,의류,S,WT41290-BK(S),,,여성,개,25FW,,2025-07-11,2025-07-11,"69,900.00","38,445.00","38,445.00",사용,22897,1,0,0,13,2,0,0.0,0.0,0.0,0,0,1,0.0,0.0,NBNGF368021908500,1
상품,의류(뉴발란스),디파인 피티드 티셔츠,WT51126_WT,반팔티셔츠,의류,M,WT51126_WT(M),,130701412,여성,개,25SS,,2025-03-05,2025-03-05,"59,900.00","32,945.00","32,945.00",사용,13870,1,3,-3,17,10,0,0.0,0.0,0.0,0,0,1,0.0,0.0,NBNEF2V3621009000,1
상품,의류(뉴발란스),디파인 피티드 티셔츠,WT51126_WT,반팔티셔츠,의류,S,WT51126_WT(S),,130701412,여성,개,25SS,,2025-03-05,2025-03-05,"59,900.00","32,945.00","131,780.00",사용,13869,4,13,-13,17,20,0,0.0,0.0,0.0,0,0,4,0.0,0.0,NBNEF2V3621008500,4
상품,의류(뉴발란스),레이스 데이 티셔츠,WT51224-URR,반팔티셔츠,의류,M,WT51224-URR(M),,,여성,개,25FW,,2025-07-11,2025-07-11,"69,900.00","38,445.00","38,445.00",사용,22858,1,0,0,13,2,0,0.0,0.0,0.0,0,0,1,0.0,0.0,NBNEF368026109000,1
상품,의류(뉴발란스),레이스 데이 티셔츠,WT51224-URR,반팔티셔츠,의류,S,WT51224-URR(S),,,여성,개,25FW,,2025-07-11,2025-07-11,"69,900.00","38,445.00","38,445.00",사용,22857,1,0,0,13,2,0,0.0,0.0,0.0,0,0,1,0.0,0.0,NBNEF368026108500,1
상품,용품(요헤미티),요헤미티-워터 (레몬),YH-04,서플리먼트,용품,1SIZE,YH-04(1SIZE),,132618333,,개,25FW,,2025-08-13,2025-08-13,"9,900.00","4,500.00","36,000.00",사용,24177,8,0,0,12,50,0,0.0,0.0,0.0,0,0,8,0.0,0.0,8809137862381,8
상품,용품(요헤미티),요헤미티-워터 (피치),YH-05,서플리먼트,용품,1SIZE,YH-05(1SIZE),,132618316,,개,25FW,,2025-08-13,2025-08-13,"9,900.00","4,500.00","9,000.00",사용,24178,2,0,0,12,50,2,4.0,1.7,0.4,0,0,2,1.7,0.4,8809137862374,2
상품,신발(요넥스),요넥스 샌드 남성,YNX-01,레이싱,신발,265,YNX-01(265),,,남성,개,SU25,,2025-04-30,2025-04-30,"185,000.00","115,620.00","231,240.00",사용,19592,2,0,0,16,2,0,0.0,0.0,0.0,0,0,2,0.0,0.0,4550675148379,2
상품,신발(요넥스),요넥스 샌드 남성,YNX-01,레이싱,신발,270,YNX-01(270),,,남성,개,SU25,,2025-04-30,2025-04-30,"185,000.00","115,620.00","231,240.00",사용,19593,2,0,0,16,2,0,0.0,0.0,0.0,0,0,2,0.0,0.0,4550675148386,2
상품,신발(요넥스),요넥스 샌드 남성,YNX-01,레이싱,신발,275,YNX-01(275),,,남성,개,SU25,,2025-04-30,2025-04-30,"185,000.00","115,620.00","231,240.00",사용,19594,2,0,0,16,2,0,0.0,0.0,0.0,0,0,2,0.0,0.0,4550675148393,2
상품,신발(요넥스),요넥스 샌드 남성,YNX-01,레이싱,신발,280,YNX-01(280),,,남성,개,SU25,,2025-04-30,2025-04-30,"185,000.00","115,620.00","231,240.00",사용,19595,2,0,0,16,2,0,0.0,0.0,0.0,0,0,2,0.0,0.0,4550675148409,2
상품,신발(요넥스),요넥스 샌드 여성,YNX-02,레이싱,신발,235,YNX-02(235),,,여성,개,SU25,,2025-04-30,2025-04-30,"185,000.00","115,620.00","115,620.00",사용,19607,1,0,0,16,1,0,0.0,0.0,0.0,0,0,1,0.0,0.0,4550675148782,1
상품,신발(요넥스),요넥스 샌드 여성,YNX-02,레이싱,신발,240,YNX-02(240),,,여성,개,SU25,,2025-04-30,2025-04-30,"185,000.00","115,620.00","115,620.00",사용,19608,1,0,0,16,1,0,0.0,0.0,0.0,0,0,1,0.0,0.0,4550675148799,1
상품,신발(요넥스),요넥스 샌드 여성,YNX-02,레이싱,신발,245,YNX-02(245),,,여성,개,SU25,,2025-04-30,2025-04-30,"185,000.00","115,620.00","115,620.00",사용,19609,1,0,0,16,1,0,0.0,0.0,0.0,0,0,1,0.0,0.0,4550675148805,1
상품,신발(요넥스),요넥스 샌드 여성,YNX-02,레이싱,신발,250,YNX-02(250),,,여성,개,SU25,,2025-04-30,2025-04-30,"185,000.00","115,620.00","115,620.00",사용,19610,1,0,0,16,1,0,0.0,0.0,0.0,0,0,1,0.0,0.0,4550675148812,1
상품,신발(요넥스),요넥스 블랙 남성,YNX-03,레이싱,신발,265,YNX-03(265),,,남성,개,SU25,,2025-07-11,2025-07-11,"186,364.00","115,620.00","231,240.00",사용,19634,2,0,0,13,2,0,0.0,0.0,0.0,0,0,2,0.0,0.0,,2
상품,신발(요넥스),요넥스 블랙 남성,YNX-03,레이싱,신발,270,YNX-03(270),,,남성,개,SU25,,2025-07-11,2025-07-11,"186,364.00","115,620.00","231,240.00",사용,19635,2,0,0,13,2,0,0.0,0.0,0.0,0,0,2,0.0,0.0,,2
상품,신발(요넥스),요넥스 블랙 남성,YNX-03,레이싱,신발,275,YNX-03(275),,,남성,개,SU25,,2025-07-11,2025-07-11,"186,364.00","115,620.00","231,240.00",사용,19636,2,0,0,13,2,0,0.0,0.0,0.0,0,0,2,0.0,0.0,,2
상품,신발(요넥스),요넥스 블랙 남성,YNX-03,레이싱,신발,280,YNX-03(280),,,남성,개,SU25,,2025-07-11,2025-07-11,"186,364.00","115,620.00","231,240.00",사용,19637,2,0,0,13,2,0,0.0,0.0,0.0,0,0,2,0.0,0.0,,2
상품,신발(요넥스),요넥스 블랙 여성,YNX-04,레이싱,신발,235,YNX-04(235),,,여성,개,SU25,,2025-07-11,2025-07-11,"186,364.00","115,620.00","115,620.00",사용,19649,1,0,0,13,1,0,0.0,0.0,0.0,0,0,1,0.0,0.0,,1
상품,신발(요넥스),요넥스 블랙 여성,YNX-04,레이싱,신발,240,YNX-04(240),,,여성,개,SU25,,2025-07-11,2025-07-11,"186,364.00","115,620.00","115,620.00",사용,19650,1,0,0,13,1,0,0.0,0.0,0.0,0,0,1,0.0,0.0,,1
상품,신발(요넥스),요넥스 블랙 여성,YNX-04,레이싱,신발,245,YNX-04(245),,,여성,개,SU25,,2025-07-11,2025-07-11,"186,364.00","115,620.00","115,620.00",사용,19651,1,0,0,13,1,0,0.0,0.0,0.0,0,0,1,0.0,0.0,,1
상품,신발(요넥스),요넥스 블랙 여성,YNX-04,레이싱,신발,250,YNX-04(250),,,여성,개,SU25,,2025-07-11,2025-07-11,"186,364.00","115,620.00","115,620.00",사용,19652,1,0,0,13,1,0,0.0,0.0,0.0,0,0,1,0.0,0.0,,1
